Timestamp,Load_North,column,lower_fence,upper_fence,Load_Central,Load_South,Load_National
2023-04-30 01:00:00,7943.0,Load_North,8115.537499999997,24991.437500000007,,,
2023-04-30 01:30:00,7816.3,Load_North,8115.537499999997,24991.437500000007,,,
2023-04-30 02:00:00,7801.8,Load_North,8115.537499999997,24991.437500000007,,,
2023-04-30 02:30:00,8112.3,Load_North,8115.537499999997,24991.437500000007,,,
2023-04-30 03:00:00,7924.9,Load_North,8115.537499999997,24991.437500000007,,,
2023-04-30 03:30:00,7774.4,Load_North,8115.537499999997,24991.437500000007,,,
2023-04-30 04:00:00,7703.0,Load_North,8115.537499999997,24991.437500000007,,,
2023-04-30 04:30:00,7806.4,Load_North,8115.537499999997,24991.437500000007,,,
2023-04-30 05:00:00,7789.1,Load_North,8115.537499999997,24991.437500000007,,,
2023-05-01 01:30:00,8094.4,Load_North,8115.537499999997,24991.437500000007,,,
2023-05-01 02:00:00,8011.4,Load_North,8115.537499999997,24991.437500000007,,,
2023-05-01 04:30:00,8073.6,Load_North,8115.537499999997,24991.437500000007,,,
2024-02-08 01:00:00,8066.9,Load_North,8115.537499999997,24991.437500000007,,,
2024-02-08 01:30:00,7973.6,Load_North,8115.537499999997,24991.437500000007,,,
2024-02-08 02:00:00,7884.5,Load_North,8115.537499999997,24991.437500000007,,,
2024-02-08 02:30:00,7866.2,Load_North,8115.537499999997,24991.437500000007,,,
2024-02-08 03:00:00,7753.6,Load_North,8115.537499999997,24991.437500000007,,,
2024-02-08 03:30:00,7801.2,Load_North,8115.537499999997,24991.437500000007,,,
2024-02-08 04:00:00,7893.2,Load_North,8115.537499999997,24991.437500000007,,,
2024-02-09 00:00:00,7844.2,Load_North,8115.537499999997,24991.437500000007,,,
2024-02-09 00:30:00,7700.2,Load_North,8115.537499999997,24991.437500000007,,,
2024-02-09 01:00:00,7907.7,Load_North,8115.537499999997,24991.437500000007,,,
2024-02-09 01:30:00,7263.2,Load_North,8115.537499999997,24991.437500000007,,,
2024-02-09 02:00:00,7088.0,Load_North,8115.537499999997,24991.437500000007,,,
2024-02-09 02:30:00,7065.2,Load_North,8115.537499999997,24991.437500000007,,,
2024-02-09 03:00:00,6974.9,Load_North,8115.537499999997,24991.437500000007,,,
2024-02-09 03:30:00,7048.6,Load_North,8115.537499999997,24991.437500000007,,,
2024-02-09 04:00:00,7076.1,Load_North,8115.537499999997,24991.437500000007,,,
2024-02-09 04:30:00,7227.2,Load_North,8115.537499999997,24991.437500000007,,,
2024-02-09 05:00:00,7310.2,Load_North,8115.537499999997,24991.437500000007,,,
2024-02-09 05:30:00,7621.7,Load_North,8115.537499999997,24991.437500000007,,,
2024-02-09 06:00:00,7970.6,Load_North,8115.537499999997,24991.437500000007,,,
2024-02-10 01:30:00,7947.7,Load_North,8115.537499999997,24991.437500000007,,,
2024-02-10 02:00:00,7561.3,Load_North,8115.537499999997,24991.437500000007,,,
2024-02-10 02:30:00,7180.9,Load_North,8115.537499999997,24991.437500000007,,,
2024-02-10 03:00:00,7182.0,Load_North,8115.537499999997,24991.437500000007,,,
2024-02-10 03:30:00,7161.8,Load_North,8115.537499999997,24991.437500000007,,,
2024-02-10 04:00:00,6919.1,Load_North,8115.537499999997,24991.437500000007,,,
2024-02-10 04:30:00,6629.7,Load_North,8115.537499999997,24991.437500000007,,,
2024-02-10 05:00:00,6611.5,Load_North,8115.537499999997,24991.437500000007,,,
2024-02-10 05:30:00,6690.0,Load_North,8115.537499999997,24991.437500000007,,,
2024-02-10 06:00:00,6999.7,Load_North,8115.537499999997,24991.437500000007,,,
2024-02-10 10:30:00,7953.4,Load_North,8115.537499999997,24991.437500000007,,,
2024-02-10 11:00:00,7703.5,Load_North,8115.537499999997,24991.437500000007,,,
2024-02-10 13:00:00,7836.2,Load_North,8115.537499999997,24991.437500000007,,,
2024-02-10 13:30:00,7610.4,Load_North,8115.537499999997,24991.437500000007,,,
2024-02-10 14:00:00,7563.5,Load_North,8115.537499999997,24991.437500000007,,,
2024-02-10 14:30:00,7649.1,Load_North,8115.537499999997,24991.437500000007,,,
2024-02-10 15:00:00,8048.1,Load_North,8115.537499999997,24991.437500000007,,,
2024-02-10 23:30:00,8035.6,Load_North,8115.537499999997,24991.437500000007,,,
2024-02-11 00:00:00,7462.7,Load_North,8115.537499999997,24991.437500000007,,,
2024-02-11 00:30:00,7137.7,Load_North,8115.537499999997,24991.437500000007,,,
2024-02-11 01:00:00,6698.0,Load_North,8115.537499999997,24991.437500000007,,,
2024-02-11 01:30:00,6587.3,Load_North,8115.537499999997,24991.437500000007,,,
2024-02-11 02:00:00,6620.0,Load_North,8115.537499999997,24991.437500000007,,,
2024-02-11 02:30:00,6535.4,Load_North,8115.537499999997,24991.437500000007,,,
2024-02-11 03:00:00,6488.8,Load_North,8115.537499999997,24991.437500000007,,,
2024-02-11 03:30:00,6497.6,Load_North,8115.537499999997,24991.437500000007,,,
2024-02-11 04:00:00,6452.4,Load_North,8115.537499999997,24991.437500000007,,,
2024-02-11 04:30:00,6534.7,Load_North,8115.537499999997,24991.437500000007,,,
2024-02-11 05:00:00,6752.9,Load_North,8115.537499999997,24991.437500000007,,,
2024-02-11 05:30:00,6613.6,Load_North,8115.537499999997,24991.437500000007,,,
2024-02-11 06:00:00,7073.5,Load_North,8115.537499999997,24991.437500000007,,,
2024-02-11 12:30:00,8058.9,Load_North,8115.537499999997,24991.437500000007,,,
2024-02-11 13:00:00,7799.0,Load_North,8115.537499999997,24991.437500000007,,,
2024-02-11 13:30:00,7832.7,Load_North,8115.537499999997,24991.437500000007,,,
2024-02-11 14:00:00,7804.6,Load_North,8115.537499999997,24991.437500000007,,,
2024-02-11 14:30:00,7876.9,Load_North,8115.537499999997,24991.437500000007,,,
2024-02-11 15:00:00,8041.9,Load_North,8115.537499999997,24991.437500000007,,,
2024-02-11 23:30:00,7860.4,Load_North,8115.537499999997,24991.437500000007,,,
2024-02-12 00:00:00,7114.4,Load_North,8115.537499999997,24991.437500000007,,,
2024-02-12 00:30:00,6686.2,Load_North,8115.537499999997,24991.437500000007,,,
2024-02-12 01:00:00,6462.3,Load_North,8115.537499999997,24991.437500000007,,,
2024-02-12 01:30:00,6371.0,Load_North,8115.537499999997,24991.437500000007,,,
2024-02-12 02:00:00,6302.7,Load_North,8115.537499999997,24991.437500000007,,,
2024-02-12 02:30:00,6359.0,Load_North,8115.537499999997,24991.437500000007,,,
2024-02-12 03:00:00,6317.2,Load_North,8115.537499999997,24991.437500000007,,,
2024-02-12 03:30:00,6341.6,Load_North,8115.537499999997,24991.437500000007,,,
2024-02-12 04:00:00,6334.7,Load_North,8115.537499999997,24991.437500000007,,,
2024-02-12 04:30:00,6390.9,Load_North,8115.537499999997,24991.437500000007,,,
2024-02-12 05:00:00,6516.3,Load_North,8115.537499999997,24991.437500000007,,,
2024-02-12 05:30:00,7445.8,Load_North,8115.537499999997,24991.437500000007,,,
2024-02-12 06:00:00,7580.8,Load_North,8115.537499999997,24991.437500000007,,,
2024-02-12 11:00:00,7600.4,Load_North,8115.537499999997,24991.437500000007,,,
2024-02-12 11:30:00,7423.7,Load_North,8115.537499999997,24991.437500000007,,,
2024-02-12 12:00:00,7774.9,Load_North,8115.537499999997,24991.437500000007,,,
2024-02-12 12:30:00,7736.8,Load_North,8115.537499999997,24991.437500000007,,,
2024-02-12 13:00:00,7695.4,Load_North,8115.537499999997,24991.437500000007,,,
2024-02-12 13:30:00,7553.6,Load_North,8115.537499999997,24991.437500000007,,,
2024-02-12 14:00:00,7602.4,Load_North,8115.537499999997,24991.437500000007,,,
2024-02-12 14:30:00,7628.1,Load_North,8115.537499999997,24991.437500000007,,,
2024-02-12 23:00:00,7946.0,Load_North,8115.537499999997,24991.437500000007,,,
2024-02-12 23:30:00,7504.1,Load_North,8115.537499999997,24991.437500000007,,,
2024-02-13 00:00:00,7242.4,Load_North,8115.537499999997,24991.437500000007,,,
2024-02-13 00:30:00,6856.5,Load_North,8115.537499999997,24991.437500000007,,,
2024-02-13 01:00:00,6695.1,Load_North,8115.537499999997,24991.437500000007,,,
2024-02-13 01:30:00,6560.5,Load_North,8115.537499999997,24991.437500000007,,,
2024-02-13 02:00:00,6483.1,Load_North,8115.537499999997,24991.437500000007,,,
2024-02-13 02:30:00,6432.1,Load_North,8115.537499999997,24991.437500000007,,,
2024-02-13 03:00:00,6548.3,Load_North,8115.537499999997,24991.437500000007,,,
2024-02-13 03:30:00,6414.1,Load_North,8115.537499999997,24991.437500000007,,,
2024-02-13 04:00:00,6529.0,Load_North,8115.537499999997,24991.437500000007,,,
2024-02-13 04:30:00,6544.9,Load_North,8115.537499999997,24991.437500000007,,,
2024-02-13 05:00:00,6796.0,Load_North,8115.537499999997,24991.437500000007,,,
2024-02-13 05:30:00,7126.5,Load_North,8115.537499999997,24991.437500000007,,,
2024-02-13 06:00:00,7526.2,Load_North,8115.537499999997,24991.437500000007,,,
2024-02-14 00:00:00,7632.0,Load_North,8115.537499999997,24991.437500000007,,,
2024-02-14 00:30:00,7503.5,Load_North,8115.537499999997,24991.437500000007,,,
2024-02-14 01:00:00,7255.9,Load_North,8115.537499999997,24991.437500000007,,,
2024-02-14 01:30:00,7206.2,Load_North,8115.537499999997,24991.437500000007,,,
2024-02-14 02:00:00,7144.4,Load_North,8115.537499999997,24991.437500000007,,,
2024-02-14 02:30:00,7128.8,Load_North,8115.537499999997,24991.437500000007,,,
2024-02-14 03:00:00,7126.2,Load_North,8115.537499999997,24991.437500000007,,,
2024-02-14 03:30:00,7287.3,Load_North,8115.537499999997,24991.437500000007,,,
2024-02-14 04:00:00,7295.0,Load_North,8115.537499999997,24991.437500000007,,,
2024-02-14 04:30:00,7431.6,Load_North,8115.537499999997,24991.437500000007,,,
2024-02-14 05:00:00,7614.6,Load_North,8115.537499999997,24991.437500000007,,,
2024-02-14 05:30:00,7872.7,Load_North,8115.537499999997,24991.437500000007,,,
2024-02-15 00:00:00,8087.9,Load_North,8115.537499999997,24991.437500000007,,,
2024-02-15 00:30:00,8099.8,Load_North,8115.537499999997,24991.437500000007,,,
2024-02-15 01:30:00,7863.1,Load_North,8115.537499999997,24991.437500000007,,,
2024-02-15 02:00:00,7787.5,Load_North,8115.537499999997,24991.437500000007,,,
2024-02-15 02:30:00,7865.2,Load_North,8115.537499999997,24991.437500000007,,,
2024-02-15 03:00:00,7854.9,Load_North,8115.537499999997,24991.437500000007,,,
2024-02-15 03:30:00,7948.6,Load_North,8115.537499999997,24991.437500000007,,,
2024-02-15 04:00:00,7976.1,Load_North,8115.537499999997,24991.437500000007,,,
2024-06-19 13:00:00,25235.9,Load_North,8115.537499999997,24991.437500000007,,,
2024-06-19 13:30:00,25378.5,Load_North,8115.537499999997,24991.437500000007,,,
2024-06-19 14:00:00,25319.8,Load_North,8115.537499999997,24991.437500000007,,,
2024-06-19 14:30:00,25030.0,Load_North,8115.537499999997,24991.437500000007,,,
2024-08-09 13:00:00,25248.4,Load_North,8115.537499999997,24991.437500000007,,,
2024-08-09 13:30:00,25689.3,Load_North,8115.537499999997,24991.437500000007,,,
2024-08-09 14:00:00,25576.5,Load_North,8115.537499999997,24991.437500000007,,,
2024-08-09 14:30:00,25094.0,Load_North,8115.537499999997,24991.437500000007,,,
2024-08-09 22:00:00,25186.9,Load_North,8115.537499999997,24991.437500000007,,,
2024-08-09 22:30:00,25273.4,Load_North,8115.537499999997,24991.437500000007,,,
2024-08-09 23:00:00,25044.2,Load_North,8115.537499999997,24991.437500000007,,,
2024-08-10 13:00:00,25247.2,Load_North,8115.537499999997,24991.437500000007,,,
2024-08-10 13:30:00,25753.0,Load_North,8115.537499999997,24991.437500000007,,,
2024-08-10 14:00:00,25796.4,Load_North,8115.537499999997,24991.437500000007,,,
2024-08-10 14:30:00,25307.9,Load_North,8115.537499999997,24991.437500000007,,,
2024-08-10 21:30:00,25266.8,Load_North,8115.537499999997,24991.437500000007,,,
2024-08-10 22:00:00,26239.7,Load_North,8115.537499999997,24991.437500000007,,,
2024-08-10 22:30:00,26118.4,Load_North,8115.537499999997,24991.437500000007,,,
2024-09-07 20:30:00,7346.1,Load_North,8115.537499999997,24991.437500000007,,,
2024-09-07 21:00:00,7115.7,Load_North,8115.537499999997,24991.437500000007,,,
2024-09-07 21:30:00,7418.5,Load_North,8115.537499999997,24991.437500000007,,,
2024-09-07 22:00:00,7100.5,Load_North,8115.537499999997,24991.437500000007,,,
2024-09-07 22:30:00,7194.7,Load_North,8115.537499999997,24991.437500000007,,,
2024-09-07 23:00:00,7355.4,Load_North,8115.537499999997,24991.437500000007,,,
2024-09-07 23:30:00,6810.9,Load_North,8115.537499999997,24991.437500000007,,,
2024-09-08 00:00:00,7067.8,Load_North,8115.537499999997,24991.437500000007,,,
2024-09-08 00:30:00,6910.0,Load_North,8115.537499999997,24991.437500000007,,,
2024-09-08 01:00:00,6871.6,Load_North,8115.537499999997,24991.437500000007,,,
2024-09-08 01:30:00,6892.1,Load_North,8115.537499999997,24991.437500000007,,,
2024-09-08 02:00:00,7009.8,Load_North,8115.537499999997,24991.437500000007,,,
2024-09-08 02:30:00,7032.6,Load_North,8115.537499999997,24991.437500000007,,,
2024-09-08 03:00:00,7023.5,Load_North,8115.537499999997,24991.437500000007,,,
2024-09-08 03:30:00,7001.0,Load_North,8115.537499999997,24991.437500000007,,,
2024-09-08 04:00:00,7027.6,Load_North,8115.537499999997,24991.437500000007,,,
2024-09-08 04:30:00,7082.7,Load_North,8115.537499999997,24991.437500000007,,,
2024-09-08 05:00:00,7102.7,Load_North,8115.537499999997,24991.437500000007,,,
2024-09-08 05:30:00,7286.0,Load_North,8115.537499999997,24991.437500000007,,,
2024-09-08 06:00:00,7387.6,Load_North,8115.537499999997,24991.437500000007,,,
2024-09-08 06:30:00,7689.3,Load_North,8115.537499999997,24991.437500000007,,,
2024-09-08 07:00:00,7906.0,Load_North,8115.537499999997,24991.437500000007,,,
2025-01-25 16:30:00,0.0,Load_North,8115.537499999997,24991.437500000007,,,
2025-01-27 01:30:00,8008.084,Load_North,8115.537499999997,24991.437500000007,,,
2025-01-27 02:00:00,7954.694,Load_North,8115.537499999997,24991.437500000007,,,
2025-01-27 02:30:00,7579.283,Load_North,8115.537499999997,24991.437500000007,,,
2025-01-27 03:00:00,7567.331,Load_North,8115.537499999997,24991.437500000007,,,
2025-01-27 03:30:00,7511.559,Load_North,8115.537499999997,24991.437500000007,,,
2025-01-27 04:00:00,7528.894,Load_North,8115.537499999997,24991.437500000007,,,
2025-01-27 04:30:00,7626.646,Load_North,8115.537499999997,24991.437500000007,,,
2025-01-27 05:00:00,7780.979,Load_North,8115.537499999997,24991.437500000007,,,
2025-01-28 00:30:00,7788.045,Load_North,8115.537499999997,24991.437500000007,,,
2025-01-28 01:00:00,7561.927,Load_North,8115.537499999997,24991.437500000007,,,
2025-01-28 01:30:00,7266.012,Load_North,8115.537499999997,24991.437500000007,,,
2025-01-28 02:00:00,7106.056,Load_North,8115.537499999997,24991.437500000007,,,
2025-01-28 02:30:00,7024.325,Load_North,8115.537499999997,24991.437500000007,,,
2025-01-28 03:00:00,6981.778,Load_North,8115.537499999997,24991.437500000007,,,
2025-01-28 03:30:00,6968.873,Load_North,8115.537499999997,24991.437500000007,,,
2025-01-28 04:00:00,6965.131,Load_North,8115.537499999997,24991.437500000007,,,
2025-01-28 04:30:00,7022.036,Load_North,8115.537499999997,24991.437500000007,,,
2025-01-28 05:00:00,7217.573,Load_North,8115.537499999997,24991.437500000007,,,
2025-01-28 05:30:00,7580.474,Load_North,8115.537499999997,24991.437500000007,,,
2025-01-28 06:00:00,7860.289,Load_North,8115.537499999997,24991.437500000007,,,
2025-01-29 02:00:00,7721.24,Load_North,8115.537499999997,24991.437500000007,,,
2025-01-29 02:30:00,6732.633,Load_North,8115.537499999997,24991.437500000007,,,
2025-01-29 03:00:00,6800.966,Load_North,8115.537499999997,24991.437500000007,,,
2025-01-29 03:30:00,6655.184,Load_North,8115.537499999997,24991.437500000007,,,
2025-01-29 04:00:00,6652.354,Load_North,8115.537499999997,24991.437500000007,,,
2025-01-29 04:30:00,6592.874,Load_North,8115.537499999997,24991.437500000007,,,
2025-01-29 05:00:00,6651.914,Load_North,8115.537499999997,24991.437500000007,,,
2025-01-29 05:30:00,6827.818,Load_North,8115.537499999997,24991.437500000007,,,
2025-01-29 06:00:00,7320.295,Load_North,8115.537499999997,24991.437500000007,,,
2025-01-29 10:30:00,8025.271,Load_North,8115.537499999997,24991.437500000007,,,
2025-01-29 11:00:00,7495.546,Load_North,8115.537499999997,24991.437500000007,,,
2025-01-29 11:30:00,8108.92,Load_North,8115.537499999997,24991.437500000007,,,
2025-01-29 12:30:00,8084.665,Load_North,8115.537499999997,24991.437500000007,,,
2025-01-29 13:00:00,7936.867,Load_North,8115.537499999997,24991.437500000007,,,
2025-01-29 13:30:00,7586.307,Load_North,8115.537499999997,24991.437500000007,,,
2025-01-29 14:00:00,7629.292,Load_North,8115.537499999997,24991.437500000007,,,
2025-01-29 14:30:00,7647.725,Load_North,8115.537499999997,24991.437500000007,,,
2025-01-29 15:00:00,7515.233,Load_North,8115.537499999997,24991.437500000007,,,
2025-01-29 15:30:00,7767.769,Load_North,8115.537499999997,24991.437500000007,,,
2025-01-29 23:30:00,7736.474,Load_North,8115.537499999997,24991.437500000007,,,
2025-01-30 00:00:00,7190.339,Load_North,8115.537499999997,24991.437500000007,,,
2025-01-30 00:30:00,6903.322,Load_North,8115.537499999997,24991.437500000007,,,
2025-01-30 01:00:00,6693.867,Load_North,8115.537499999997,24991.437500000007,,,
2025-01-30 01:30:00,6517.134,Load_North,8115.537499999997,24991.437500000007,,,
2025-01-30 02:00:00,6433.449,Load_North,8115.537499999997,24991.437500000007,,,
2025-01-30 02:30:00,6390.753,Load_North,8115.537499999997,24991.437500000007,,,
2025-01-30 03:00:00,6550.278,Load_North,8115.537499999997,24991.437500000007,,,
2025-01-30 03:30:00,6573.054,Load_North,8115.537499999997,24991.437500000007,,,
2025-01-30 04:00:00,6616.335,Load_North,8115.537499999997,24991.437500000007,,,
2025-01-30 04:30:00,6638.537,Load_North,8115.537499999997,24991.437500000007,,,
2025-01-30 05:00:00,6750.289,Load_North,8115.537499999997,24991.437500000007,,,
2025-01-30 05:30:00,7081.144,Load_North,8115.537499999997,24991.437500000007,,,
2025-01-30 06:00:00,7588.301,Load_North,8115.537499999997,24991.437500000007,,,
2025-01-30 12:00:00,8046.05,Load_North,8115.537499999997,24991.437500000007,,,
2025-01-30 12:30:00,7816.136,Load_North,8115.537499999997,24991.437500000007,,,
2025-01-30 13:00:00,7820.703,Load_North,8115.537499999997,24991.437500000007,,,
2025-01-30 13:30:00,7712.262,Load_North,8115.537499999997,24991.437500000007,,,
2025-01-30 14:00:00,7624.933,Load_North,8115.537499999997,24991.437500000007,,,
2025-01-30 14:30:00,7740.896,Load_North,8115.537499999997,24991.437500000007,,,
2025-01-30 15:00:00,8032.502,Load_North,8115.537499999997,24991.437500000007,,,
2025-01-30 23:30:00,7885.527,Load_North,8115.537499999997,24991.437500000007,,,
2025-01-31 00:00:00,7504.256,Load_North,8115.537499999997,24991.437500000007,,,
2025-01-31 00:30:00,7206.434,Load_North,8115.537499999997,24991.437500000007,,,
2025-01-31 01:00:00,6988.849,Load_North,8115.537499999997,24991.437500000007,,,
2025-01-31 01:30:00,6941.346,Load_North,8115.537499999997,24991.437500000007,,,
2025-01-31 02:00:00,6738.645,Load_North,8115.537499999997,24991.437500000007,,,
2025-01-31 02:30:00,6654.85,Load_North,8115.537499999997,24991.437500000007,,,
2025-01-31 03:00:00,6731.894,Load_North,8115.537499999997,24991.437500000007,,,
2025-01-31 03:30:00,6776.065,Load_North,8115.537499999997,24991.437500000007,,,
2025-01-31 04:00:00,6644.557,Load_North,8115.537499999997,24991.437500000007,,,
2025-01-31 04:30:00,6787.158,Load_North,8115.537499999997,24991.437500000007,,,
2025-01-31 05:00:00,7029.093,Load_North,8115.537499999997,24991.437500000007,,,
2025-01-31 05:30:00,7336.909,Load_North,8115.537499999997,24991.437500000007,,,
2025-01-31 06:00:00,7930.471,Load_North,8115.537499999997,24991.437500000007,,,
2025-01-31 23:30:00,7760.08,Load_North,8115.537499999997,24991.437500000007,,,
2025-02-01 00:00:00,7429.714,Load_North,8115.537499999997,24991.437500000007,,,
2025-02-01 00:30:00,7165.781,Load_North,8115.537499999997,24991.437500000007,,,
2025-02-01 01:00:00,6933.979,Load_North,8115.537499999997,24991.437500000007,,,
2025-02-01 01:30:00,6895.263,Load_North,8115.537499999997,24991.437500000007,,,
2025-02-01 02:00:00,6853.893,Load_North,8115.537499999997,24991.437500000007,,,
2025-02-01 02:30:00,6810.949,Load_North,8115.537499999997,24991.437500000007,,,
2025-02-01 03:00:00,6730.26,Load_North,8115.537499999997,24991.437500000007,,,
2025-02-01 03:30:00,6727.478,Load_North,8115.537499999997,24991.437500000007,,,
2025-02-01 04:00:00,6627.327,Load_North,8115.537499999997,24991.437500000007,,,
2025-02-01 04:30:00,7055.179,Load_North,8115.537499999997,24991.437500000007,,,
2025-02-01 05:00:00,7352.919,Load_North,8115.537499999997,24991.437500000007,,,
2025-02-01 05:30:00,7626.129,Load_North,8115.537499999997,24991.437500000007,,,
2025-02-01 06:00:00,8021.011,Load_North,8115.537499999997,24991.437500000007,,,
2025-02-02 00:00:00,8093.128,Load_North,8115.537499999997,24991.437500000007,,,
2025-02-02 00:30:00,8017.67,Load_North,8115.537499999997,24991.437500000007,,,
2025-02-02 01:00:00,7746.262,Load_North,8115.537499999997,24991.437500000007,,,
2025-02-02 01:30:00,7649.43,Load_North,8115.537499999997,24991.437500000007,,,
2025-02-02 02:00:00,7584.207,Load_North,8115.537499999997,24991.437500000007,,,
2025-02-02 02:30:00,7565.133,Load_North,8115.537499999997,24991.437500000007,,,
2025-02-02 03:00:00,7567.23,Load_North,8115.537499999997,24991.437500000007,,,
2025-02-02 03:30:00,7557.83,Load_North,8115.537499999997,24991.437500000007,,,
2025-02-02 04:00:00,7399.247,Load_North,8115.537499999997,24991.437500000007,,,
2025-02-02 04:30:00,7545.451,Load_North,8115.537499999997,24991.437500000007,,,
2025-02-02 05:00:00,7901.431,Load_North,8115.537499999997,24991.437500000007,,,
2025-02-03 00:30:00,8082.6,Load_North,8115.537499999997,24991.437500000007,,,
2025-02-03 01:00:00,8023.123,Load_North,8115.537499999997,24991.437500000007,,,
2025-02-03 01:30:00,8028.042,Load_North,8115.537499999997,24991.437500000007,,,
2025-02-03 02:00:00,7982.503,Load_North,8115.537499999997,24991.437500000007,,,
2025-02-03 02:30:00,7844.705,Load_North,8115.537499999997,24991.437500000007,,,
2025-02-03 03:00:00,7954.448,Load_North,8115.537499999997,24991.437500000007,,,
2025-02-03 03:30:00,8011.516,Load_North,8115.537499999997,24991.437500000007,,,
2025-02-03 04:00:00,7848.913,Load_North,8115.537499999997,24991.437500000007,,,
2025-02-03 04:30:00,8056.364,Load_North,8115.537499999997,24991.437500000007,,,
2025-06-02 12:30:00,25047.35,Load_North,8115.537499999997,24991.437500000007,,,
2025-06-02 13:30:00,25244.551,Load_North,8115.537499999997,24991.437500000007,,,
2025-06-02 14:00:00,25524.642,Load_North,8115.537499999997,24991.437500000007,,,
2025-06-02 14:30:00,25665.85,Load_North,8115.537499999997,24991.437500000007,,,
2025-06-02 15:00:00,25406.23,Load_North,8115.537499999997,24991.437500000007,,,
2025-06-02 15:30:00,25003.59,Load_North,8115.537499999997,24991.437500000007,,,
2025-06-02 21:00:00,25125.08,Load_North,8115.537499999997,24991.437500000007,,,
2025-06-02 21:30:00,25598.6,Load_North,8115.537499999997,24991.437500000007,,,
2025-06-02 22:00:00,25957.749,Load_North,8115.537499999997,24991.437500000007,,,
2025-06-02 22:30:00,25625.749,Load_North,8115.537499999997,24991.437500000007,,,
2025-06-02 23:00:00,25299.327,Load_North,8115.537499999997,24991.437500000007,,,
2025-06-03 20:00:00,0.0,Load_North,8115.537499999997,24991.437500000007,,,
2025-07-08 21:30:00,25271.43,Load_North,8115.537499999997,24991.437500000007,,,
2025-07-08 22:00:00,25701.589,Load_North,8115.537499999997,24991.437500000007,,,
2025-07-08 22:30:00,25539.919,Load_North,8115.537499999997,24991.437500000007,,,
2025-07-08 23:00:00,25577.677,Load_North,8115.537499999997,24991.437500000007,,,
2025-07-09 12:30:00,25345.051,Load_North,8115.537499999997,24991.437500000007,,,
2025-07-09 13:00:00,26279.331,Load_North,8115.537499999997,24991.437500000007,,,
2025-07-09 13:30:00,26948.464,Load_North,8115.537499999997,24991.437500000007,,,
2025-07-09 14:00:00,26858.676,Load_North,8115.537499999997,24991.437500000007,,,
2025-07-09 14:30:00,26374.3,Load_North,8115.537499999997,24991.437500000007,,,
2025-07-09 15:00:00,26164.655,Load_North,8115.537499999997,24991.437500000007,,,
2025-07-09 15:30:00,25438.662,Load_North,8115.537499999997,24991.437500000007,,,
2025-07-09 16:00:00,25031.318,Load_North,8115.537499999997,24991.437500000007,,,
2025-07-09 21:00:00,25336.621,Load_North,8115.537499999997,24991.437500000007,,,
2025-07-09 21:30:00,25856.16,Load_North,8115.537499999997,24991.437500000007,,,
2025-07-09 22:00:00,26056.846,Load_North,8115.537499999997,24991.437500000007,,,
2025-07-09 22:30:00,26175.777,Load_North,8115.537499999997,24991.437500000007,,,
2025-07-09 23:00:00,25073.061,Load_North,8115.537499999997,24991.437500000007,,,
2025-07-17 13:30:00,25423.409,Load_North,8115.537499999997,24991.437500000007,,,
2025-07-17 14:00:00,25351.421,Load_North,8115.537499999997,24991.437500000007,,,
2025-07-17 14:30:00,25360.945,Load_North,8115.537499999997,24991.437500000007,,,
2025-07-17 15:00:00,25163.7,Load_North,8115.537499999997,24991.437500000007,,,
2025-07-17 21:30:00,25657.285,Load_North,8115.537499999997,24991.437500000007,,,
2025-07-17 22:00:00,26359.421,Load_North,8115.537499999997,24991.437500000007,,,
2025-07-17 22:30:00,26531.277,Load_North,8115.537499999997,24991.437500000007,,,
2025-07-17 23:00:00,25276.261,Load_North,8115.537499999997,24991.437500000007,,,
2025-07-18 12:30:00,25756.86,Load_North,8115.537499999997,24991.437500000007,,,
2025-07-18 13:00:00,26406.457,Load_North,8115.537499999997,24991.437500000007,,,
2025-07-18 13:30:00,27065.039,Load_North,8115.537499999997,24991.437500000007,,,
2025-07-18 14:00:00,27231.068,Load_North,8115.537499999997,24991.437500000007,,,
2025-07-18 14:30:00,26902.462,Load_North,8115.537499999997,24991.437500000007,,,
2025-07-18 15:00:00,26712.09,Load_North,8115.537499999997,24991.437500000007,,,
2025-07-18 15:30:00,26468.609,Load_North,8115.537499999997,24991.437500000007,,,
2025-07-18 16:00:00,25541.21,Load_North,8115.537499999997,24991.437500000007,,,
2025-07-18 20:30:00,25659.879,Load_North,8115.537499999997,24991.437500000007,,,
2025-07-18 21:00:00,27009.23,Load_North,8115.537499999997,24991.437500000007,,,
2025-07-18 21:30:00,27728.262,Load_North,8115.537499999997,24991.437500000007,,,
2025-07-18 22:00:00,28122.201,Load_North,8115.537499999997,24991.437500000007,,,
2025-07-18 22:30:00,28361.159,Load_North,8115.537499999997,24991.437500000007,,,
2025-07-18 23:00:00,26616.67,Load_North,8115.537499999997,24991.437500000007,,,
2025-07-18 23:30:00,25700.499,Load_North,8115.537499999997,24991.437500000007,,,
2025-07-19 12:00:00,25240.685,Load_North,8115.537499999997,24991.437500000007,,,
2025-07-19 12:30:00,25858.87,Load_North,8115.537499999997,24991.437500000007,,,
2025-07-19 13:00:00,26310.861,Load_North,8115.537499999997,24991.437500000007,,,
2025-07-19 13:30:00,27148.367,Load_North,8115.537499999997,24991.437500000007,,,
2025-07-19 14:00:00,27005.691,Load_North,8115.537499999997,24991.437500000007,,,
2025-07-19 14:30:00,27002.682,Load_North,8115.537499999997,24991.437500000007,,,
2025-07-19 15:00:00,25933.046,Load_North,8115.537499999997,24991.437500000007,,,
2025-07-19 15:30:00,25409.427,Load_North,8115.537499999997,24991.437500000007,,,
2025-07-29 13:30:00,25532.504,Load_North,8115.537499999997,24991.437500000007,,,
2025-07-29 14:00:00,25466.633,Load_North,8115.537499999997,24991.437500000007,,,
2025-07-29 14:30:00,25457.017,Load_North,8115.537499999997,24991.437500000007,,,
2025-07-29 15:00:00,25289.045,Load_North,8115.537499999997,24991.437500000007,,,
2025-07-29 15:30:00,25039.064,Load_North,8115.537499999997,24991.437500000007,,,
2025-07-29 16:00:00,25130.065,Load_North,8115.537499999997,24991.437500000007,,,
2025-07-29 21:00:00,26414.315,Load_North,8115.537499999997,24991.437500000007,,,
2025-07-29 21:30:00,27404.858,Load_North,8115.537499999997,24991.437500000007,,,
2025-07-29 22:00:00,28043.713,Load_North,8115.537499999997,24991.437500000007,,,
2025-07-29 22:30:00,27939.293,Load_North,8115.537499999997,24991.437500000007,,,
2025-07-29 23:00:00,26861.46,Load_North,8115.537499999997,24991.437500000007,,,
2025-07-29 23:30:00,26570.746,Load_North,8115.537499999997,24991.437500000007,,,
2025-07-30 00:00:00,25293.235,Load_North,8115.537499999997,24991.437500000007,,,
2025-07-30 10:30:00,25071.375,Load_North,8115.537499999997,24991.437500000007,,,
2025-07-30 12:00:00,25547.016,Load_North,8115.537499999997,24991.437500000007,,,
2025-07-30 12:30:00,26332.729,Load_North,8115.537499999997,24991.437500000007,,,
2025-07-30 13:00:00,26892.271,Load_North,8115.537499999997,24991.437500000007,,,
2025-07-30 13:30:00,27492.146,Load_North,8115.537499999997,24991.437500000007,,,
2025-07-30 14:00:00,27751.028,Load_North,8115.537499999997,24991.437500000007,,,
2025-07-30 14:30:00,27509.319,Load_North,8115.537499999997,24991.437500000007,,,
2025-07-30 15:00:00,27169.096,Load_North,8115.537499999997,24991.437500000007,,,
2025-07-30 15:30:00,26873.541,Load_North,8115.537499999997,24991.437500000007,,,
2025-07-30 16:00:00,26390.618,Load_North,8115.537499999997,24991.437500000007,,,
2025-07-30 16:30:00,25508.944,Load_North,8115.537499999997,24991.437500000007,,,
2025-08-01 15:30:00,25112.846,Load_North,8115.537499999997,24991.437500000007,,,
2025-08-02 13:00:00,25011.99,Load_North,8115.537499999997,24991.437500000007,,,
2025-08-02 13:30:00,27107.687,Load_North,8115.537499999997,24991.437500000007,,,
2025-08-02 14:00:00,27317.208,Load_North,8115.537499999997,24991.437500000007,,,
2025-08-02 14:30:00,26412.605,Load_North,8115.537499999997,24991.437500000007,,,
2025-08-02 15:00:00,25989.307,Load_North,8115.537499999997,24991.437500000007,,,
2025-08-02 15:30:00,26321.19,Load_North,8115.537499999997,24991.437500000007,,,
2025-08-02 21:30:00,25346.375,Load_North,8115.537499999997,24991.437500000007,,,
2025-08-02 22:00:00,25426.152,Load_North,8115.537499999997,24991.437500000007,,,
2025-08-02 22:30:00,25479.494,Load_North,8115.537499999997,24991.437500000007,,,
2025-08-02 23:00:00,25822.1,Load_North,8115.537499999997,24991.437500000007,,,
2025-08-03 21:00:00,25980.353,Load_North,8115.537499999997,24991.437500000007,,,
2025-08-03 21:30:00,26553.282,Load_North,8115.537499999997,24991.437500000007,,,
2025-08-03 22:00:00,27041.657,Load_North,8115.537499999997,24991.437500000007,,,
2025-08-03 22:30:00,27125.731,Load_North,8115.537499999997,24991.437500000007,,,
2025-08-03 23:00:00,26273.423,Load_North,8115.537499999997,24991.437500000007,,,
2025-08-03 23:30:00,25100.41,Load_North,8115.537499999997,24991.437500000007,,,
2025-08-04 10:00:00,26330.568,Load_North,8115.537499999997,24991.437500000007,,,
2025-08-04 10:30:00,26944.999,Load_North,8115.537499999997,24991.437500000007,,,
2025-08-04 11:00:00,27098.717,Load_North,8115.537499999997,24991.437500000007,,,
2025-08-04 11:30:00,27189.224,Load_North,8115.537499999997,24991.437500000007,,,
2025-08-04 12:00:00,27831.669,Load_North,8115.537499999997,24991.437500000007,,,
2025-08-04 12:30:00,28102.907,Load_North,8115.537499999997,24991.437500000007,,,
2025-08-04 13:00:00,28754.692,Load_North,8115.537499999997,24991.437500000007,,,
2025-08-04 13:30:00,28124.767,Load_North,8115.537499999997,24991.437500000007,,,
2025-08-04 14:00:00,28076.231,Load_North,8115.537499999997,24991.437500000007,,,
2025-08-04 14:30:00,28161.855,Load_North,8115.537499999997,24991.437500000007,,,
2025-08-04 15:00:00,28099.339,Load_North,8115.537499999997,24991.437500000007,,,
2025-08-04 15:30:00,27665.635,Load_North,8115.537499999997,24991.437500000007,,,
2025-08-04 16:00:00,27195.272,Load_North,8115.537499999997,24991.437500000007,,,
2025-08-04 16:30:00,26596.445,Load_North,8115.537499999997,24991.437500000007,,,
2025-08-04 17:00:00,25755.937,Load_North,8115.537499999997,24991.437500000007,,,
2025-08-04 17:30:00,25060.298,Load_North,8115.537499999997,24991.437500000007,,,
2025-08-04 20:30:00,26642.553,Load_North,8115.537499999997,24991.437500000007,,,
2025-08-04 21:00:00,27396.51,Load_North,8115.537499999997,24991.437500000007,,,
2025-08-04 21:30:00,28378.475,Load_North,8115.537499999997,24991.437500000007,,,
2025-08-04 22:00:00,28542.896,Load_North,8115.537499999997,24991.437500000007,,,
2025-08-04 22:30:00,28946.384,Load_North,8115.537499999997,24991.437500000007,,,
2025-08-04 23:00:00,29048.42,Load_North,8115.537499999997,24991.437500000007,,,
2025-08-04 23:30:00,27689.868,Load_North,8115.537499999997,24991.437500000007,,,
2025-08-05 00:00:00,26183.979,Load_North,8115.537499999997,24991.437500000007,,,
2025-08-05 00:30:00,25485.769,Load_North,8115.537499999997,24991.437500000007,,,
2025-08-05 08:30:00,25807.298,Load_North,8115.537499999997,24991.437500000007,,,
2025-08-05 09:00:00,25006.879,Load_North,8115.537499999997,24991.437500000007,,,
2025-08-05 09:30:00,25571.765,Load_North,8115.537499999997,24991.437500000007,,,
2025-08-05 10:00:00,25661.739,Load_North,8115.537499999997,24991.437500000007,,,
2025-08-05 10:30:00,25876.675,Load_North,8115.537499999997,24991.437500000007,,,
2025-08-05 11:00:00,26138.365,Load_North,8115.537499999997,24991.437500000007,,,
2025-08-05 11:30:00,26348.433,Load_North,8115.537499999997,24991.437500000007,,,
2025-08-05 12:00:00,26947.376,Load_North,8115.537499999997,24991.437500000007,,,
2025-08-05 12:30:00,27287.794,Load_North,8115.537499999997,24991.437500000007,,,
2025-08-05 13:00:00,27263.635,Load_North,8115.537499999997,24991.437500000007,,,
2025-08-05 13:30:00,27652.786,Load_North,8115.537499999997,24991.437500000007,,,
2025-08-05 14:00:00,27478.0,Load_North,8115.537499999997,24991.437500000007,,,
2025-08-05 14:30:00,26660.448,Load_North,8115.537499999997,24991.437500000007,,,
2025-08-05 15:00:00,26455.452,Load_North,8115.537499999997,24991.437500000007,,,
2025-08-05 15:30:00,25999.87,Load_North,8115.537499999997,24991.437500000007,,,
2025-08-05 16:00:00,26503.137,Load_North,8115.537499999997,24991.437500000007,,,
2025-08-05 16:30:00,25979.271,Load_North,8115.537499999997,24991.437500000007,,,
2025-08-08 12:00:00,25186.771,Load_North,8115.537499999997,24991.437500000007,,,
2025-08-08 12:30:00,25367.925,Load_North,8115.537499999997,24991.437500000007,,,
2025-08-08 13:00:00,25922.522,Load_North,8115.537499999997,24991.437500000007,,,
2025-08-08 13:30:00,26590.204,Load_North,8115.537499999997,24991.437500000007,,,
2025-08-08 14:00:00,27549.533,Load_North,8115.537499999997,24991.437500000007,,,
2025-08-08 14:30:00,27225.327,Load_North,8115.537499999997,24991.437500000007,,,
2025-08-08 15:00:00,25243.555,Load_North,8115.537499999997,24991.437500000007,,,
2025-08-09 12:00:00,25037.916,Load_North,8115.537499999997,24991.437500000007,,,
2025-08-09 12:30:00,25393.456,Load_North,8115.537499999997,24991.437500000007,,,
2025-08-09 13:00:00,26054.104,Load_North,8115.537499999997,24991.437500000007,,,
2025-08-09 13:30:00,26969.104,Load_North,8115.537499999997,24991.437500000007,,,
2025-08-09 14:00:00,27019.051,Load_North,8115.537499999997,24991.437500000007,,,
2025-08-09 14:30:00,26856.56,Load_North,8115.537499999997,24991.437500000007,,,
2025-08-09 15:00:00,26441.585,Load_North,8115.537499999997,24991.437500000007,,,
2025-08-09 15:30:00,26008.188,Load_North,8115.537499999997,24991.437500000007,,,
2025-08-09 21:30:00,25499.796,Load_North,8115.537499999997,24991.437500000007,,,
2025-08-09 22:00:00,26034.611,Load_North,8115.537499999997,24991.437500000007,,,
2025-08-09 22:30:00,25962.164,Load_North,8115.537499999997,24991.437500000007,,,
2025-08-09 23:00:00,25882.277,Load_North,8115.537499999997,24991.437500000007,,,
2025-08-09 23:30:00,25007.362,Load_North,8115.537499999997,24991.437500000007,,,
2025-08-11 13:00:00,25525.011,Load_North,8115.537499999997,24991.437500000007,,,
2025-08-11 13:30:00,26141.622,Load_North,8115.537499999997,24991.437500000007,,,
2025-08-11 14:00:00,25484.235,Load_North,8115.537499999997,24991.437500000007,,,
2025-08-11 14:30:00,25350.1,Load_North,8115.537499999997,24991.437500000007,,,
2025-08-11 21:30:00,25420.463,Load_North,8115.537499999997,24991.437500000007,,,
2025-08-11 22:00:00,25741.958,Load_North,8115.537499999997,24991.437500000007,,,
2025-08-11 22:30:00,25686.991,Load_North,8115.537499999997,24991.437500000007,,,
2025-08-11 23:00:00,25038.974,Load_North,8115.537499999997,24991.437500000007,,,
2025-08-12 12:30:00,25062.78,Load_North,8115.537499999997,24991.437500000007,,,
2025-08-12 13:00:00,25620.748,Load_North,8115.537499999997,24991.437500000007,,,
2025-08-12 13:30:00,26263.932,Load_North,8115.537499999997,24991.437500000007,,,
2025-08-12 14:00:00,26285.398,Load_North,8115.537499999997,24991.437500000007,,,
2025-08-12 14:30:00,26159.627,Load_North,8115.537499999997,24991.437500000007,,,
2025-08-12 15:00:00,25663.601,Load_North,8115.537499999997,24991.437500000007,,,
2025-08-12 15:30:00,25192.601,Load_North,8115.537499999997,24991.437500000007,,,
2025-08-12 21:00:00,25847.184,Load_North,8115.537499999997,24991.437500000007,,,
2025-08-12 21:30:00,26349.349,Load_North,8115.537499999997,24991.437500000007,,,
2025-08-12 22:00:00,26672.297,Load_North,8115.537499999997,24991.437500000007,,,
2025-08-12 22:30:00,26787.698,Load_North,8115.537499999997,24991.437500000007,,,
2025-08-12 23:00:00,25593.104,Load_North,8115.537499999997,24991.437500000007,,,
2025-08-13 21:00:00,25710.691,Load_North,8115.537499999997,24991.437500000007,,,
2025-08-13 21:30:00,26059.324,Load_North,8115.537499999997,24991.437500000007,,,
2025-08-13 22:00:00,26399.6,Load_North,8115.537499999997,24991.437500000007,,,
2025-08-13 22:30:00,26320.594,Load_North,8115.537499999997,24991.437500000007,,,
2025-08-14 14:00:00,25177.641,Load_North,8115.537499999997,24991.437500000007,,,
2025-08-14 21:00:00,25638.315,Load_North,8115.537499999997,24991.437500000007,,,
2025-08-14 21:30:00,25562.493,Load_North,8115.537499999997,24991.437500000007,,,
2025-08-14 22:00:00,25753.839,Load_North,8115.537499999997,24991.437500000007,,,
2025-08-14 22:30:00,25298.985,Load_North,8115.537499999997,24991.437500000007,,,
2025-09-08 13:30:00,25061.937,Load_North,8115.537499999997,24991.437500000007,,,
2025-09-08 14:00:00,25042.443,Load_North,8115.537499999997,24991.437500000007,,,
2025-09-08 21:00:00,25476.176,Load_North,8115.537499999997,24991.437500000007,,,
2025-09-08 21:30:00,25492.939,Load_North,8115.537499999997,24991.437500000007,,,
2025-09-08 22:00:00,25476.615,Load_North,8115.537499999997,24991.437500000007,,,
2025-09-08 22:30:00,25478.759,Load_North,8115.537499999997,24991.437500000007,,,
2025-09-08 23:00:00,25197.547,Load_North,8115.537499999997,24991.437500000007,,,
2025-10-05 11:30:00,0.0,Load_North,8115.537499999997,24991.437500000007,,,
2025-11-06 18:00:00,25006.85,Load_North,8115.537499999997,24991.437500000007,,,
2025-11-07 18:00:00,25013.801,Load_North,8115.537499999997,24991.437500000007,,,
2025-12-09 18:00:00,25165.216,Load_North,8115.537499999997,24991.437500000007,,,
2025-12-23 18:00:00,25059.847,Load_North,8115.537499999997,24991.437500000007,,,
2026-01-05 18:00:00,25265.207,Load_North,8115.537499999997,24991.437500000007,,,
2026-01-08 18:00:00,25059.179,Load_North,8115.537499999997,24991.437500000007,,,
2026-01-09 18:00:00,25146.223,Load_North,8115.537499999997,24991.437500000007,,,
2026-01-19 18:00:00,25317.934,Load_North,8115.537499999997,24991.437500000007,,,
2026-02-16 01:00:00,8080.081,Load_North,8115.537499999997,24991.437500000007,,,
2026-02-16 01:30:00,7305.547,Load_North,8115.537499999997,24991.437500000007,,,
2026-02-16 02:00:00,7704.022,Load_North,8115.537499999997,24991.437500000007,,,
2026-02-16 02:30:00,7595.388,Load_North,8115.537499999997,24991.437500000007,,,
2026-02-16 03:00:00,7948.991,Load_North,8115.537499999997,24991.437500000007,,,
2026-02-16 03:30:00,8003.667,Load_North,8115.537499999997,24991.437500000007,,,
2026-02-16 04:30:00,8102.761,Load_North,8115.537499999997,24991.437500000007,,,
2026-02-17 04:00:00,7986.991,Load_North,8115.537499999997,24991.437500000007,,,
2026-02-17 04:30:00,8002.379,Load_North,8115.537499999997,24991.437500000007,,,
2026-02-17 05:00:00,7962.659,Load_North,8115.537499999997,24991.437500000007,,,
2026-02-17 12:30:00,7968.527,Load_North,8115.537499999997,24991.437500000007,,,
2026-02-17 14:00:00,8046.054,Load_North,8115.537499999997,24991.437500000007,,,
2026-02-18 00:30:00,7725.343,Load_North,8115.537499999997,24991.437500000007,,,
2026-02-18 01:00:00,7104.947,Load_North,8115.537499999997,24991.437500000007,,,
2026-02-18 01:30:00,6681.303,Load_North,8115.537499999997,24991.437500000007,,,
2026-02-18 02:00:00,7324.31,Load_North,8115.537499999997,24991.437500000007,,,
2026-02-18 02:30:00,7346.017,Load_North,8115.537499999997,24991.437500000007,,,
2026-02-18 03:00:00,7359.989,Load_North,8115.537499999997,24991.437500000007,,,
2026-02-18 03:30:00,7363.283,Load_North,8115.537499999997,24991.437500000007,,,
2026-02-18 04:00:00,7301.725,Load_North,8115.537499999997,24991.437500000007,,,
2026-02-18 04:30:00,7419.732,Load_North,8115.537499999997,24991.437500000007,,,
2026-02-18 05:00:00,7630.264,Load_North,8115.537499999997,24991.437500000007,,,
2026-02-18 05:30:00,7976.337,Load_North,8115.537499999997,24991.437500000007,,,
2026-02-19 00:30:00,8020.771,Load_North,8115.537499999997,24991.437500000007,,,
2026-02-19 01:00:00,7764.28,Load_North,8115.537499999997,24991.437500000007,,,
2026-02-19 01:30:00,7689.618,Load_North,8115.537499999997,24991.437500000007,,,
2026-02-19 02:00:00,7563.836,Load_North,8115.537499999997,24991.437500000007,,,
2026-02-19 02:30:00,7500.03,Load_North,8115.537499999997,24991.437500000007,,,
2026-02-19 03:00:00,7454.012,Load_North,8115.537499999997,24991.437500000007,,,
2026-02-19 03:30:00,7419.872,Load_North,8115.537499999997,24991.437500000007,,,
2026-02-19 04:00:00,7448.984,Load_North,8115.537499999997,24991.437500000007,,,
2026-02-19 04:30:00,7500.303,Load_North,8115.537499999997,24991.437500000007,,,
2026-02-19 05:00:00,7701.391,Load_North,8115.537499999997,24991.437500000007,,,
2026-02-19 05:30:00,8035.343,Load_North,8115.537499999997,24991.437500000007,,,
2026-02-20 00:30:00,7905.966,Load_North,8115.537499999997,24991.437500000007,,,
2026-02-20 01:00:00,7697.129,Load_North,8115.537499999997,24991.437500000007,,,
2026-02-20 01:30:00,7564.644,Load_North,8115.537499999997,24991.437500000007,,,
2026-02-20 02:00:00,7459.432,Load_North,8115.537499999997,24991.437500000007,,,
2026-02-20 02:30:00,7385.165,Load_North,8115.537499999997,24991.437500000007,,,
2026-02-20 03:00:00,7279.175,Load_North,8115.537499999997,24991.437500000007,,,
2026-02-20 03:30:00,7346.264,Load_North,8115.537499999997,24991.437500000007,,,
2026-02-20 04:00:00,7650.118,Load_North,8115.537499999997,24991.437500000007,,,
2026-02-20 04:30:00,7819.266,Load_North,8115.537499999997,24991.437500000007,,,
2026-02-20 05:00:00,8061.295,Load_North,8115.537499999997,24991.437500000007,,,
2026-02-21 02:30:00,8092.564,Load_North,8115.537499999997,24991.437500000007,,,
2026-02-21 03:00:00,8070.322,Load_North,8115.537499999997,24991.437500000007,,,
2026-02-21 03:30:00,8096.71,Load_North,8115.537499999997,24991.437500000007,,,
2026-02-27 18:30:00,25418.074,Load_North,8115.537499999997,24991.437500000007,,,
2023-04-30 06:00:00,,Load_Central,1630.292625,5308.847625,1578.2,,
2023-04-30 06:30:00,,Load_Central,1630.292625,5308.847625,1337.0,,
2023-05-01 00:30:00,,Load_Central,1630.292625,5308.847625,1528.6,,
2023-05-01 02:30:00,,Load_Central,1630.292625,5308.847625,1585.3,,
2023-05-01 03:00:00,,Load_Central,1630.292625,5308.847625,1572.4,,
2023-05-01 03:30:00,,Load_Central,1630.292625,5308.847625,1590.0,,
2023-05-01 04:30:00,,Load_Central,1630.292625,5308.847625,1535.9,,
2023-05-01 05:00:00,,Load_Central,1630.292625,5308.847625,1476.5,,
2023-05-01 05:30:00,,Load_Central,1630.292625,5308.847625,1567.4,,
2023-05-29 06:30:00,,Load_Central,1630.292625,5308.847625,1207.0,,
2023-05-29 07:00:00,,Load_Central,1630.292625,5308.847625,1353.8,,
2023-07-27 16:00:00,,Load_Central,1630.292625,5308.847625,5327.3,,
2023-07-28 14:00:00,,Load_Central,1630.292625,5308.847625,5422.2,,
2023-07-28 15:00:00,,Load_Central,1630.292625,5308.847625,5373.7,,
2023-08-02 12:00:00,,Load_Central,1630.292625,5308.847625,5419.1,,
2023-08-02 12:30:00,,Load_Central,1630.292625,5308.847625,5503.4,,
2023-08-02 13:00:00,,Load_Central,1630.292625,5308.847625,5436.2,,
2023-08-02 13:30:00,,Load_Central,1630.292625,5308.847625,5428.6,,
2023-08-02 14:00:00,,Load_Central,1630.292625,5308.847625,5704.1,,
2023-08-02 14:30:00,,Load_Central,1630.292625,5308.847625,5784.8,,
2023-08-02 15:00:00,,Load_Central,1630.292625,5308.847625,5419.3,,
2023-08-02 15:30:00,,Load_Central,1630.292625,5308.847625,5313.4,,
2023-08-02 16:00:00,,Load_Central,1630.292625,5308.847625,5596.8,,
2023-08-15 14:30:00,,Load_Central,1630.292625,5308.847625,5612.6,,
2023-08-15 15:00:00,,Load_Central,1630.292625,5308.847625,5477.3,,
2023-08-17 15:00:00,,Load_Central,1630.292625,5308.847625,5326.4,,
2023-08-29 09:30:00,,Load_Central,1630.292625,5308.847625,5351.2,,
2023-08-29 10:00:00,,Load_Central,1630.292625,5308.847625,5656.0,,
2023-08-29 10:30:00,,Load_Central,1630.292625,5308.847625,5835.6,,
2023-08-29 11:00:00,,Load_Central,1630.292625,5308.847625,5890.6,,
2023-08-29 11:30:00,,Load_Central,1630.292625,5308.847625,5808.0,,
2023-08-29 12:00:00,,Load_Central,1630.292625,5308.847625,5973.2,,
2023-09-02 06:00:00,,Load_Central,1630.292625,5308.847625,1553.7,,
2023-12-13 14:00:00,,Load_Central,1630.292625,5308.847625,5362.7,,
2023-12-13 14:30:00,,Load_Central,1630.292625,5308.847625,5405.9,,
2023-12-13 16:30:00,,Load_Central,1630.292625,5308.847625,5403.3,,
2023-12-14 16:00:00,,Load_Central,1630.292625,5308.847625,5408.6,,
2023-12-14 16:30:00,,Load_Central,1630.292625,5308.847625,5596.1,,
2023-12-14 17:00:00,,Load_Central,1630.292625,5308.847625,5500.0,,
2023-12-14 17:30:00,,Load_Central,1630.292625,5308.847625,5345.5,,
2023-12-14 18:00:00,,Load_Central,1630.292625,5308.847625,5502.2,,
2023-12-15 16:30:00,,Load_Central,1630.292625,5308.847625,5316.8,,
2023-12-15 18:00:00,,Load_Central,1630.292625,5308.847625,5320.2,,
2024-01-20 16:30:00,,Load_Central,1630.292625,5308.847625,5374.1,,
2024-02-10 11:30:00,,Load_Central,1630.292625,5308.847625,1511.6,,
2024-02-10 12:00:00,,Load_Central,1630.292625,5308.847625,1552.2,,
2024-02-10 12:30:00,,Load_Central,1630.292625,5308.847625,1521.7,,
2024-02-10 13:00:00,,Load_Central,1630.292625,5308.847625,1578.5,,
2024-02-11 01:00:00,,Load_Central,1630.292625,5308.847625,1503.0,,
2024-02-11 01:30:00,,Load_Central,1630.292625,5308.847625,1533.0,,
2024-02-11 02:00:00,,Load_Central,1630.292625,5308.847625,1623.0,,
2024-02-11 11:30:00,,Load_Central,1630.292625,5308.847625,1561.4,,
2024-02-11 12:00:00,,Load_Central,1630.292625,5308.847625,1361.0,,
2024-02-11 12:30:00,,Load_Central,1630.292625,5308.847625,1543.0,,
2024-02-12 12:30:00,,Load_Central,1630.292625,5308.847625,1503.0,,
2024-02-12 13:00:00,,Load_Central,1630.292625,5308.847625,1411.4,,
2024-02-12 13:30:00,,Load_Central,1630.292625,5308.847625,1506.2,,
2024-05-29 16:30:00,,Load_Central,1630.292625,5308.847625,5336.8,,
2024-07-06 06:30:00,,Load_Central,1630.292625,5308.847625,1618.8,,
2024-09-10 15:00:00,,Load_Central,1630.292625,5308.847625,5349.9,,
2024-09-10 15:30:00,,Load_Central,1630.292625,5308.847625,5381.4,,
2025-01-25 16:30:00,,Load_Central,1630.292625,5308.847625,0.0,,
2025-01-28 03:00:00,,Load_Central,1630.292625,5308.847625,1424.0,,
2025-01-28 03:30:00,,Load_Central,1630.292625,5308.847625,1381.832,,
2025-01-28 04:00:00,,Load_Central,1630.292625,5308.847625,1442.691,,
2025-01-28 04:30:00,,Load_Central,1630.292625,5308.847625,1406.783,,
2025-01-28 05:00:00,,Load_Central,1630.292625,5308.847625,1450.711,,
2025-01-28 05:30:00,,Load_Central,1630.292625,5308.847625,1313.099,,
2025-01-28 06:00:00,,Load_Central,1630.292625,5308.847625,971.107,,
2025-01-29 08:00:00,,Load_Central,1630.292625,5308.847625,1454.219,,
2025-01-29 12:00:00,,Load_Central,1630.292625,5308.847625,1612.394,,
2025-01-29 12:30:00,,Load_Central,1630.292625,5308.847625,1556.934,,
2025-01-29 13:00:00,,Load_Central,1630.292625,5308.847625,1460.572,,
2025-01-29 13:30:00,,Load_Central,1630.292625,5308.847625,1342.94,,
2025-01-29 14:00:00,,Load_Central,1630.292625,5308.847625,1378.681,,
2025-01-29 14:30:00,,Load_Central,1630.292625,5308.847625,1504.677,,
2025-01-29 15:00:00,,Load_Central,1630.292625,5308.847625,1593.432,,
2025-01-30 01:30:00,,Load_Central,1630.292625,5308.847625,1623.874,,
2025-01-30 11:00:00,,Load_Central,1630.292625,5308.847625,1593.514,,
2025-01-30 11:30:00,,Load_Central,1630.292625,5308.847625,1367.092,,
2025-01-30 12:00:00,,Load_Central,1630.292625,5308.847625,1376.139,,
2025-01-30 12:30:00,,Load_Central,1630.292625,5308.847625,1297.5,,
2025-01-30 13:00:00,,Load_Central,1630.292625,5308.847625,1390.969,,
2025-01-30 13:30:00,,Load_Central,1630.292625,5308.847625,1451.28,,
2025-01-30 14:00:00,,Load_Central,1630.292625,5308.847625,1422.216,,
2025-01-31 11:00:00,,Load_Central,1630.292625,5308.847625,1544.516,,
2025-01-31 11:30:00,,Load_Central,1630.292625,5308.847625,1463.493,,
2025-01-31 12:00:00,,Load_Central,1630.292625,5308.847625,1439.529,,
2025-01-31 12:30:00,,Load_Central,1630.292625,5308.847625,1366.065,,
2025-01-31 13:00:00,,Load_Central,1630.292625,5308.847625,1404.711,,
2025-01-31 13:30:00,,Load_Central,1630.292625,5308.847625,1377.987,,
2025-01-31 14:00:00,,Load_Central,1630.292625,5308.847625,1402.924,,
2025-01-31 14:30:00,,Load_Central,1630.292625,5308.847625,1566.834,,
2025-03-05 16:30:00,,Load_Central,1630.292625,5308.847625,5904.33,,
2025-03-11 15:00:00,,Load_Central,1630.292625,5308.847625,5527.422,,
2025-03-11 16:30:00,,Load_Central,1630.292625,5308.847625,5578.42,,
2025-04-04 16:30:00,,Load_Central,1630.292625,5308.847625,5406.054,,
2025-04-04 17:00:00,,Load_Central,1630.292625,5308.847625,5510.189,,
2025-05-07 16:30:00,,Load_Central,1630.292625,5308.847625,5383.336,,
2025-05-07 17:00:00,,Load_Central,1630.292625,5308.847625,5462.941,,
2025-05-08 14:30:00,,Load_Central,1630.292625,5308.847625,5344.161,,
2025-05-08 15:00:00,,Load_Central,1630.292625,5308.847625,5687.174,,
2025-05-08 16:00:00,,Load_Central,1630.292625,5308.847625,5628.098,,
2025-05-08 16:30:00,,Load_Central,1630.292625,5308.847625,5563.05,,
2025-06-02 13:30:00,,Load_Central,1630.292625,5308.847625,5385.534,,
2025-06-02 14:30:00,,Load_Central,1630.292625,5308.847625,5429.358,,
2025-06-02 15:00:00,,Load_Central,1630.292625,5308.847625,5570.84,,
2025-06-02 15:30:00,,Load_Central,1630.292625,5308.847625,5834.561,,
2025-06-02 16:00:00,,Load_Central,1630.292625,5308.847625,5332.86,,
2025-06-03 20:00:00,,Load_Central,1630.292625,5308.847625,0.0,,
2025-07-08 10:30:00,,Load_Central,1630.292625,5308.847625,5410.29,,
2025-07-08 11:00:00,,Load_Central,1630.292625,5308.847625,5617.539,,
2025-07-08 11:30:00,,Load_Central,1630.292625,5308.847625,5449.648,,
2025-07-08 12:00:00,,Load_Central,1630.292625,5308.847625,5455.84,,
2025-07-08 12:30:00,,Load_Central,1630.292625,5308.847625,5471.112,,
2025-07-08 13:00:00,,Load_Central,1630.292625,5308.847625,5637.312,,
2025-07-08 13:30:00,,Load_Central,1630.292625,5308.847625,5994.19,,
2025-07-08 14:00:00,,Load_Central,1630.292625,5308.847625,5852.368,,
2025-07-08 14:30:00,,Load_Central,1630.292625,5308.847625,5666.99,,
2025-07-08 15:00:00,,Load_Central,1630.292625,5308.847625,5341.694,,
2025-07-09 10:30:00,,Load_Central,1630.292625,5308.847625,5467.878,,
2025-07-09 11:00:00,,Load_Central,1630.292625,5308.847625,5488.112,,
2025-07-09 11:30:00,,Load_Central,1630.292625,5308.847625,5531.734,,
2025-07-09 12:00:00,,Load_Central,1630.292625,5308.847625,5649.725,,
2025-07-09 12:30:00,,Load_Central,1630.292625,5308.847625,5844.768,,
2025-07-09 13:00:00,,Load_Central,1630.292625,5308.847625,5673.868,,
2025-07-09 13:30:00,,Load_Central,1630.292625,5308.847625,5736.562,,
2025-07-09 14:00:00,,Load_Central,1630.292625,5308.847625,5614.558,,
2025-07-09 14:30:00,,Load_Central,1630.292625,5308.847625,5741.2,,
2025-07-09 15:00:00,,Load_Central,1630.292625,5308.847625,5597.908,,
2025-07-09 15:30:00,,Load_Central,1630.292625,5308.847625,5446.527,,
2025-07-09 16:00:00,,Load_Central,1630.292625,5308.847625,5639.001,,
2025-07-09 16:30:00,,Load_Central,1630.292625,5308.847625,5462.859,,
2025-07-16 14:00:00,,Load_Central,1630.292625,5308.847625,5398.92,,
2025-07-16 14:30:00,,Load_Central,1630.292625,5308.847625,5619.207,,
2025-07-16 15:00:00,,Load_Central,1630.292625,5308.847625,5493.095,,
2025-07-16 21:30:00,,Load_Central,1630.292625,5308.847625,5313.351,,
2025-07-16 23:00:00,,Load_Central,1630.292625,5308.847625,5720.547,,
2025-07-16 23:30:00,,Load_Central,1630.292625,5308.847625,5569.665,,
2025-07-17 00:00:00,,Load_Central,1630.292625,5308.847625,5338.261,,
2025-07-17 21:30:00,,Load_Central,1630.292625,5308.847625,5551.41,,
2025-07-18 20:30:00,,Load_Central,1630.292625,5308.847625,5744.333,,
2025-07-18 21:00:00,,Load_Central,1630.292625,5308.847625,5952.219,,
2025-07-18 21:30:00,,Load_Central,1630.292625,5308.847625,5397.64,,
2025-07-18 22:00:00,,Load_Central,1630.292625,5308.847625,5372.402,,
2025-07-22 11:30:00,,Load_Central,1630.292625,5308.847625,5526.136,,
2025-07-22 12:00:00,,Load_Central,1630.292625,5308.847625,5355.778,,
2025-07-22 14:30:00,,Load_Central,1630.292625,5308.847625,5926.03,,
2025-07-22 15:00:00,,Load_Central,1630.292625,5308.847625,5653.646,,
2025-07-22 16:00:00,,Load_Central,1630.292625,5308.847625,5583.728,,
2025-07-22 16:30:00,,Load_Central,1630.292625,5308.847625,5457.411,,
2025-07-23 11:00:00,,Load_Central,1630.292625,5308.847625,5323.548,,
2025-07-23 13:30:00,,Load_Central,1630.292625,5308.847625,5415.199,,
2025-07-23 14:00:00,,Load_Central,1630.292625,5308.847625,5410.117,,
2025-07-23 14:30:00,,Load_Central,1630.292625,5308.847625,5411.634,,
2025-07-23 15:00:00,,Load_Central,1630.292625,5308.847625,5413.396,,
2025-07-23 16:00:00,,Load_Central,1630.292625,5308.847625,5581.749,,
2025-07-23 16:30:00,,Load_Central,1630.292625,5308.847625,5580.197,,
2025-07-23 21:30:00,,Load_Central,1630.292625,5308.847625,5384.07,,
2025-07-31 10:00:00,,Load_Central,1630.292625,5308.847625,5399.515,,
2025-07-31 13:30:00,,Load_Central,1630.292625,5308.847625,5445.467,,
2025-07-31 14:00:00,,Load_Central,1630.292625,5308.847625,5617.798,,
2025-07-31 14:30:00,,Load_Central,1630.292625,5308.847625,5614.165,,
2025-07-31 15:00:00,,Load_Central,1630.292625,5308.847625,5622.331,,
2025-07-31 15:30:00,,Load_Central,1630.292625,5308.847625,5374.915,,
2025-08-01 10:30:00,,Load_Central,1630.292625,5308.847625,5483.773,,
2025-08-01 11:00:00,,Load_Central,1630.292625,5308.847625,5566.976,,
2025-08-01 12:00:00,,Load_Central,1630.292625,5308.847625,5466.191,,
2025-08-01 12:30:00,,Load_Central,1630.292625,5308.847625,5718.519,,
2025-08-01 13:00:00,,Load_Central,1630.292625,5308.847625,5795.176,,
2025-08-01 13:30:00,,Load_Central,1630.292625,5308.847625,5830.149,,
2025-08-01 14:00:00,,Load_Central,1630.292625,5308.847625,5815.759,,
2025-08-01 14:30:00,,Load_Central,1630.292625,5308.847625,5556.313,,
2025-08-01 15:00:00,,Load_Central,1630.292625,5308.847625,5325.906,,
2025-08-02 11:00:00,,Load_Central,1630.292625,5308.847625,5374.223,,
2025-08-02 14:00:00,,Load_Central,1630.292625,5308.847625,5312.928,,
2025-08-02 21:00:00,,Load_Central,1630.292625,5308.847625,5550.752,,
2025-08-02 21:30:00,,Load_Central,1630.292625,5308.847625,5667.962,,
2025-08-02 22:00:00,,Load_Central,1630.292625,5308.847625,5560.668,,
2025-08-02 22:30:00,,Load_Central,1630.292625,5308.847625,5483.55,,
2025-08-03 16:00:00,,Load_Central,1630.292625,5308.847625,5694.553,,
2025-08-03 16:30:00,,Load_Central,1630.292625,5308.847625,5418.547,,
2025-08-04 11:00:00,,Load_Central,1630.292625,5308.847625,5454.442,,
2025-08-04 11:30:00,,Load_Central,1630.292625,5308.847625,5362.915,,
2025-08-04 12:00:00,,Load_Central,1630.292625,5308.847625,5410.904,,
2025-08-04 12:30:00,,Load_Central,1630.292625,5308.847625,5581.823,,
2025-08-04 13:00:00,,Load_Central,1630.292625,5308.847625,5434.363,,
2025-08-04 13:30:00,,Load_Central,1630.292625,5308.847625,5349.447,,
2025-08-04 14:00:00,,Load_Central,1630.292625,5308.847625,5455.993,,
2025-08-04 14:30:00,,Load_Central,1630.292625,5308.847625,6381.195,,
2025-08-04 15:00:00,,Load_Central,1630.292625,5308.847625,6246.947,,
2025-08-04 15:30:00,,Load_Central,1630.292625,5308.847625,6116.157,,
2025-08-04 16:00:00,,Load_Central,1630.292625,5308.847625,5870.562,,
2025-08-04 16:30:00,,Load_Central,1630.292625,5308.847625,5804.714,,
2025-08-04 17:00:00,,Load_Central,1630.292625,5308.847625,5516.744,,
2025-08-04 21:30:00,,Load_Central,1630.292625,5308.847625,5498.914,,
2025-08-04 22:00:00,,Load_Central,1630.292625,5308.847625,5537.892,,
2025-08-04 22:30:00,,Load_Central,1630.292625,5308.847625,5358.945,,
2025-08-06 13:30:00,,Load_Central,1630.292625,5308.847625,5480.538,,
2025-08-06 14:00:00,,Load_Central,1630.292625,5308.847625,5491.827,,
2025-08-06 14:30:00,,Load_Central,1630.292625,5308.847625,5445.683,,
2025-08-06 15:00:00,,Load_Central,1630.292625,5308.847625,5387.582,,
2025-08-07 11:30:00,,Load_Central,1630.292625,5308.847625,5449.084,,
2025-08-07 12:00:00,,Load_Central,1630.292625,5308.847625,5318.217,,
2025-08-07 14:00:00,,Load_Central,1630.292625,5308.847625,5387.968,,
2025-08-10 08:30:00,,Load_Central,1630.292625,5308.847625,1602.871,,
2025-08-10 09:00:00,,Load_Central,1630.292625,5308.847625,1306.464,,
2025-08-10 09:30:00,,Load_Central,1630.292625,5308.847625,723.517,,
2025-08-10 10:00:00,,Load_Central,1630.292625,5308.847625,241.692,,
2025-08-10 10:30:00,,Load_Central,1630.292625,5308.847625,481.118,,
2025-08-10 11:00:00,,Load_Central,1630.292625,5308.847625,595.654,,
2025-08-10 11:30:00,,Load_Central,1630.292625,5308.847625,302.513,,
2025-08-10 12:00:00,,Load_Central,1630.292625,5308.847625,488.03,,
2025-08-10 12:30:00,,Load_Central,1630.292625,5308.847625,968.758,,
2025-08-10 13:00:00,,Load_Central,1630.292625,5308.847625,1546.684,,
2025-08-10 13:30:00,,Load_Central,1630.292625,5308.847625,961.013,,
2025-08-10 14:00:00,,Load_Central,1630.292625,5308.847625,741.7,,
2025-08-11 14:30:00,,Load_Central,1630.292625,5308.847625,5752.29,,
2025-08-11 15:00:00,,Load_Central,1630.292625,5308.847625,5609.076,,
2025-08-11 15:30:00,,Load_Central,1630.292625,5308.847625,5918.054,,
2025-08-11 18:30:00,,Load_Central,1630.292625,5308.847625,5672.029,,
2025-08-11 19:00:00,,Load_Central,1630.292625,5308.847625,5639.908,,
2025-08-12 17:00:00,,Load_Central,1630.292625,5308.847625,5352.92,,
2025-08-12 17:30:00,,Load_Central,1630.292625,5308.847625,5538.767,,
2025-08-12 18:00:00,,Load_Central,1630.292625,5308.847625,5316.936,,
2025-08-12 20:30:00,,Load_Central,1630.292625,5308.847625,5344.002,,
2025-08-12 21:00:00,,Load_Central,1630.292625,5308.847625,5355.996,,
2025-08-12 21:30:00,,Load_Central,1630.292625,5308.847625,5372.904,,
2025-08-13 13:30:00,,Load_Central,1630.292625,5308.847625,6001.157,,
2025-08-13 14:00:00,,Load_Central,1630.292625,5308.847625,5885.585,,
2025-08-13 14:30:00,,Load_Central,1630.292625,5308.847625,6204.498,,
2025-08-13 15:00:00,,Load_Central,1630.292625,5308.847625,6896.345,,
2025-08-13 15:30:00,,Load_Central,1630.292625,5308.847625,7871.793,,
2025-08-13 16:30:00,,Load_Central,1630.292625,5308.847625,5625.265,,
2025-08-13 17:00:00,,Load_Central,1630.292625,5308.847625,5652.021,,
2025-08-13 19:00:00,,Load_Central,1630.292625,5308.847625,5463.372,,
2025-08-13 19:30:00,,Load_Central,1630.292625,5308.847625,5413.03,,
2025-08-14 13:30:00,,Load_Central,1630.292625,5308.847625,5460.745,,
2025-08-14 14:30:00,,Load_Central,1630.292625,5308.847625,5683.215,,
2025-08-14 16:00:00,,Load_Central,1630.292625,5308.847625,5820.886,,
2025-08-14 16:30:00,,Load_Central,1630.292625,5308.847625,6205.579,,
2025-08-14 17:00:00,,Load_Central,1630.292625,5308.847625,6324.435,,
2025-08-14 17:30:00,,Load_Central,1630.292625,5308.847625,6166.166,,
2025-08-22 15:00:00,,Load_Central,1630.292625,5308.847625,5356.738,,
2025-08-22 16:00:00,,Load_Central,1630.292625,5308.847625,5659.351,,
2025-08-22 16:30:00,,Load_Central,1630.292625,5308.847625,5603.621,,
2025-09-04 13:00:00,,Load_Central,1630.292625,5308.847625,5338.102,,
2025-09-04 13:30:00,,Load_Central,1630.292625,5308.847625,5476.698,,
2025-09-04 14:00:00,,Load_Central,1630.292625,5308.847625,5499.281,,
2025-09-04 14:30:00,,Load_Central,1630.292625,5308.847625,5412.464,,
2025-09-04 15:00:00,,Load_Central,1630.292625,5308.847625,5400.701,,
2025-09-04 15:30:00,,Load_Central,1630.292625,5308.847625,5312.942,,
2025-09-04 16:00:00,,Load_Central,1630.292625,5308.847625,5694.215,,
2025-09-04 16:30:00,,Load_Central,1630.292625,5308.847625,5706.367,,
2025-09-04 17:00:00,,Load_Central,1630.292625,5308.847625,5506.017,,
2025-09-05 16:00:00,,Load_Central,1630.292625,5308.847625,5313.991,,
2025-09-05 16:30:00,,Load_Central,1630.292625,5308.847625,5395.329,,
2025-09-14 10:00:00,,Load_Central,1630.292625,5308.847625,1609.979,,
2025-10-05 11:30:00,,Load_Central,1630.292625,5308.847625,0.0,,
2025-12-24 16:00:00,,Load_Central,1630.292625,5308.847625,5363.372,,
2025-12-24 16:30:00,,Load_Central,1630.292625,5308.847625,5496.563,,
2025-12-24 17:00:00,,Load_Central,1630.292625,5308.847625,5577.461,,
2025-12-24 17:30:00,,Load_Central,1630.292625,5308.847625,5412.241,,
2025-12-29 17:30:00,,Load_Central,1630.292625,5308.847625,5466.352,,
2026-01-05 17:00:00,,Load_Central,1630.292625,5308.847625,5309.301,,
2026-01-10 16:00:00,,Load_Central,1630.292625,5308.847625,5363.298,,
2026-01-23 16:30:00,,Load_Central,1630.292625,5308.847625,5528.459,,
2026-01-23 17:00:00,,Load_Central,1630.292625,5308.847625,5435.441,,
2026-01-25 18:00:00,,Load_Central,1630.292625,5308.847625,5718.506,,
2026-01-25 18:30:00,,Load_Central,1630.292625,5308.847625,5580.329,,
2026-01-27 18:00:00,,Load_Central,1630.292625,5308.847625,5342.014,,
2026-01-27 18:30:00,,Load_Central,1630.292625,5308.847625,5355.639,,
2026-02-01 18:00:00,,Load_Central,1630.292625,5308.847625,5435.515,,
2026-02-17 12:00:00,,Load_Central,1630.292625,5308.847625,1589.772,,
2026-02-17 12:30:00,,Load_Central,1630.292625,5308.847625,1508.854,,
2026-03-01 02:00:00,,Load_Central,1630.292625,5308.847625,1502.804,,
2026-03-01 02:30:00,,Load_Central,1630.292625,5308.847625,1054.396,,
2023-09-03 06:30:00,,Load_South,7780.0,22920.0,,7675.7,
2023-09-03 07:00:00,,Load_South,7780.0,22920.0,,7652.7,
2024-02-09 01:30:00,,Load_South,7780.0,22920.0,,7774.7,
2024-02-09 02:00:00,,Load_South,7780.0,22920.0,,7619.1,
2024-02-09 02:30:00,,Load_South,7780.0,22920.0,,7446.4,
2024-02-09 03:00:00,,Load_South,7780.0,22920.0,,7438.5,
2024-02-09 03:30:00,,Load_South,7780.0,22920.0,,7364.1,
2024-02-09 04:00:00,,Load_South,7780.0,22920.0,,7355.3,
2024-02-09 04:30:00,,Load_South,7780.0,22920.0,,7415.1,
2024-02-09 05:00:00,,Load_South,7780.0,22920.0,,7485.8,
2024-02-09 05:30:00,,Load_South,7780.0,22920.0,,7527.4,
2024-02-09 06:00:00,,Load_South,7780.0,22920.0,,7723.1,
2024-02-09 11:00:00,,Load_South,7780.0,22920.0,,7658.1,
2024-02-09 11:30:00,,Load_South,7780.0,22920.0,,7282.3,
2024-02-09 12:00:00,,Load_South,7780.0,22920.0,,7379.3,
2024-02-09 12:30:00,,Load_South,7780.0,22920.0,,7514.7,
2024-02-10 03:00:00,,Load_South,7780.0,22920.0,,7716.8,
2024-02-10 03:30:00,,Load_South,7780.0,22920.0,,7624.2,
2024-02-10 04:00:00,,Load_South,7780.0,22920.0,,7417.0,
2024-02-10 04:30:00,,Load_South,7780.0,22920.0,,7423.7,
2024-02-10 05:00:00,,Load_South,7780.0,22920.0,,7461.2,
2024-02-10 05:30:00,,Load_South,7780.0,22920.0,,7437.7,
2024-02-10 06:00:00,,Load_South,7780.0,22920.0,,7501.9,
2024-02-10 06:30:00,,Load_South,7780.0,22920.0,,7494.6,
2024-02-10 07:30:00,,Load_South,7780.0,22920.0,,7398.4,
2024-02-10 08:00:00,,Load_South,7780.0,22920.0,,7144.3,
2024-02-10 08:30:00,,Load_South,7780.0,22920.0,,6763.7,
2024-02-10 09:00:00,,Load_South,7780.0,22920.0,,6869.5,
2024-02-10 09:30:00,,Load_South,7780.0,22920.0,,6429.5,
2024-02-10 10:00:00,,Load_South,7780.0,22920.0,,5967.9,
2024-02-10 10:30:00,,Load_South,7780.0,22920.0,,5733.1,
2024-02-10 11:00:00,,Load_South,7780.0,22920.0,,5566.9,
2024-02-10 11:30:00,,Load_South,7780.0,22920.0,,5510.6,
2024-02-10 12:00:00,,Load_South,7780.0,22920.0,,5759.7,
2024-02-10 12:30:00,,Load_South,7780.0,22920.0,,5931.0,
2024-02-10 13:00:00,,Load_South,7780.0,22920.0,,6245.6,
2024-02-10 13:30:00,,Load_South,7780.0,22920.0,,6498.4,
2024-02-10 14:00:00,,Load_South,7780.0,22920.0,,6834.3,
2024-02-10 14:30:00,,Load_South,7780.0,22920.0,,7200.5,
2024-02-10 15:00:00,,Load_South,7780.0,22920.0,,7545.4,
2024-02-11 01:00:00,,Load_South,7780.0,22920.0,,7742.6,
2024-02-11 01:30:00,,Load_South,7780.0,22920.0,,7655.8,
2024-02-11 02:00:00,,Load_South,7780.0,22920.0,,7558.5,
2024-02-11 02:30:00,,Load_South,7780.0,22920.0,,7488.4,
2024-02-11 03:00:00,,Load_South,7780.0,22920.0,,7429.8,
2024-02-11 03:30:00,,Load_South,7780.0,22920.0,,7330.7,
2024-02-11 04:00:00,,Load_South,7780.0,22920.0,,7300.9,
2024-02-11 04:30:00,,Load_South,7780.0,22920.0,,7315.9,
2024-02-11 05:00:00,,Load_South,7780.0,22920.0,,7349.8,
2024-02-11 05:30:00,,Load_South,7780.0,22920.0,,7315.1,
2024-02-11 06:00:00,,Load_South,7780.0,22920.0,,7260.5,
2024-02-11 06:30:00,,Load_South,7780.0,22920.0,,7400.1,
2024-02-11 07:00:00,,Load_South,7780.0,22920.0,,7579.3,
2024-02-11 09:00:00,,Load_South,7780.0,22920.0,,7111.2,
2024-02-11 09:30:00,,Load_South,7780.0,22920.0,,6837.8,
2024-02-11 10:00:00,,Load_South,7780.0,22920.0,,6422.6,
2024-02-11 10:30:00,,Load_South,7780.0,22920.0,,6227.4,
2024-02-11 11:00:00,,Load_South,7780.0,22920.0,,6505.8,
2024-02-11 11:30:00,,Load_South,7780.0,22920.0,,6055.4,
2024-02-11 12:00:00,,Load_South,7780.0,22920.0,,6075.6,
2024-02-11 12:30:00,,Load_South,7780.0,22920.0,,6039.6,
2024-02-11 13:00:00,,Load_South,7780.0,22920.0,,6644.0,
2024-02-11 13:30:00,,Load_South,7780.0,22920.0,,6697.4,
2024-02-11 14:00:00,,Load_South,7780.0,22920.0,,7070.4,
2024-02-11 14:30:00,,Load_South,7780.0,22920.0,,7355.8,
2024-02-11 15:00:00,,Load_South,7780.0,22920.0,,7732.2,
2024-02-12 01:30:00,,Load_South,7780.0,22920.0,,7577.3,
2024-02-12 02:00:00,,Load_South,7780.0,22920.0,,7437.7,
2024-02-12 02:30:00,,Load_South,7780.0,22920.0,,7342.2,
2024-02-12 03:00:00,,Load_South,7780.0,22920.0,,7162.0,
2024-02-12 03:30:00,,Load_South,7780.0,22920.0,,7102.0,
2024-02-12 04:00:00,,Load_South,7780.0,22920.0,,7176.3,
2024-02-12 04:30:00,,Load_South,7780.0,22920.0,,7194.0,
2024-02-12 05:00:00,,Load_South,7780.0,22920.0,,7276.3,
2024-02-12 05:30:00,,Load_South,7780.0,22920.0,,7408.6,
2024-02-12 06:00:00,,Load_South,7780.0,22920.0,,7269.4,
2024-02-12 06:30:00,,Load_South,7780.0,22920.0,,7073.1,
2024-02-12 07:00:00,,Load_South,7780.0,22920.0,,7369.0,
2024-02-12 07:30:00,,Load_South,7780.0,22920.0,,7561.6,
2024-02-12 08:30:00,,Load_South,7780.0,22920.0,,7351.8,
2024-02-12 09:00:00,,Load_South,7780.0,22920.0,,7271.7,
2024-02-12 09:30:00,,Load_South,7780.0,22920.0,,6919.4,
2024-02-12 10:00:00,,Load_South,7780.0,22920.0,,6526.5,
2024-02-12 10:30:00,,Load_South,7780.0,22920.0,,6296.6,
2024-02-12 11:00:00,,Load_South,7780.0,22920.0,,6199.1,
2024-02-12 11:30:00,,Load_South,7780.0,22920.0,,6260.3,
2024-02-12 12:00:00,,Load_South,7780.0,22920.0,,6474.4,
2024-02-12 12:30:00,,Load_South,7780.0,22920.0,,6490.1,
2024-02-12 13:00:00,,Load_South,7780.0,22920.0,,6872.9,
2024-02-12 13:30:00,,Load_South,7780.0,22920.0,,7184.5,
2024-02-12 14:00:00,,Load_South,7780.0,22920.0,,7282.7,
2024-02-12 14:30:00,,Load_South,7780.0,22920.0,,7751.5,
2024-02-13 01:30:00,,Load_South,7780.0,22920.0,,7697.9,
2024-02-13 02:00:00,,Load_South,7780.0,22920.0,,7566.9,
2024-02-13 02:30:00,,Load_South,7780.0,22920.0,,7354.0,
2024-02-13 03:00:00,,Load_South,7780.0,22920.0,,7373.0,
2024-02-13 03:30:00,,Load_South,7780.0,22920.0,,7421.2,
2024-02-13 04:00:00,,Load_South,7780.0,22920.0,,7427.2,
2024-02-13 04:30:00,,Load_South,7780.0,22920.0,,7495.1,
2024-02-13 05:00:00,,Load_South,7780.0,22920.0,,7568.9,
2024-02-13 05:30:00,,Load_South,7780.0,22920.0,,7593.8,
2024-02-13 06:00:00,,Load_South,7780.0,22920.0,,7628.1,
2024-02-13 06:30:00,,Load_South,7780.0,22920.0,,7538.0,
2024-02-13 07:00:00,,Load_South,7780.0,22920.0,,7677.1,
2024-02-13 07:30:00,,Load_South,7780.0,22920.0,,7668.7,
2024-02-13 08:00:00,,Load_South,7780.0,22920.0,,7630.0,
2024-02-13 09:30:00,,Load_South,7780.0,22920.0,,7586.4,
2024-02-13 10:00:00,,Load_South,7780.0,22920.0,,7430.9,
2024-02-13 10:30:00,,Load_South,7780.0,22920.0,,7199.8,
2024-02-13 11:00:00,,Load_South,7780.0,22920.0,,7244.3,
2024-02-13 11:30:00,,Load_South,7780.0,22920.0,,7133.0,
2024-02-13 12:00:00,,Load_South,7780.0,22920.0,,7388.6,
2024-02-13 12:30:00,,Load_South,7780.0,22920.0,,7430.0,
2024-02-13 13:00:00,,Load_South,7780.0,22920.0,,7627.8,
2025-01-25 16:30:00,,Load_South,7780.0,22920.0,,0.0,
2025-01-27 02:30:00,,Load_South,7780.0,22920.0,,7657.719,
2025-01-27 03:00:00,,Load_South,7780.0,22920.0,,7749.469,
2025-01-27 03:30:00,,Load_South,7780.0,22920.0,,7776.831,
2025-01-27 04:00:00,,Load_South,7780.0,22920.0,,7774.619,
2025-01-27 04:30:00,,Load_South,7780.0,22920.0,,7773.64,
2025-01-27 06:30:00,,Load_South,7780.0,22920.0,,7690.208,
2025-01-27 07:00:00,,Load_South,7780.0,22920.0,,7752.54,
2025-01-27 11:30:00,,Load_South,7780.0,22920.0,,7726.49,
2025-01-27 13:00:00,,Load_South,7780.0,22920.0,,7695.819,
2025-01-28 01:30:00,,Load_South,7780.0,22920.0,,7621.65,
2025-01-28 02:00:00,,Load_South,7780.0,22920.0,,7454.339,
2025-01-28 02:30:00,,Load_South,7780.0,22920.0,,7375.27,
2025-01-28 03:00:00,,Load_South,7780.0,22920.0,,7263.404,
2025-01-28 03:30:00,,Load_South,7780.0,22920.0,,7126.426,
2025-01-28 04:00:00,,Load_South,7780.0,22920.0,,7124.514,
2025-01-28 04:30:00,,Load_South,7780.0,22920.0,,7226.362,
2025-01-28 05:00:00,,Load_South,7780.0,22920.0,,7366.259,
2025-01-28 05:30:00,,Load_South,7780.0,22920.0,,7509.4,
2025-01-28 06:00:00,,Load_South,7780.0,22920.0,,7487.621,
2025-01-28 06:30:00,,Load_South,7780.0,22920.0,,7545.893,
2025-01-28 07:00:00,,Load_South,7780.0,22920.0,,7709.657,
2025-01-28 11:30:00,,Load_South,7780.0,22920.0,,7350.147,
2025-01-28 12:00:00,,Load_South,7780.0,22920.0,,7332.838,
2025-01-28 12:30:00,,Load_South,7780.0,22920.0,,7343.663,
2025-01-28 13:00:00,,Load_South,7780.0,22920.0,,7245.01,
2025-01-28 13:30:00,,Load_South,7780.0,22920.0,,7482.367,
2025-01-29 02:00:00,,Load_South,7780.0,22920.0,,7435.972,
2025-01-29 02:30:00,,Load_South,7780.0,22920.0,,6899.66,
2025-01-29 03:00:00,,Load_South,7780.0,22920.0,,6862.61,
2025-01-29 03:30:00,,Load_South,7780.0,22920.0,,6983.249,
2025-01-29 04:00:00,,Load_South,7780.0,22920.0,,6641.251,
2025-01-29 04:30:00,,Load_South,7780.0,22920.0,,6551.924,
2025-01-29 05:00:00,,Load_South,7780.0,22920.0,,6741.73,
2025-01-29 05:30:00,,Load_South,7780.0,22920.0,,6757.62,
2025-01-29 06:00:00,,Load_South,7780.0,22920.0,,6736.375,
2025-01-29 06:30:00,,Load_South,7780.0,22920.0,,6817.04,
2025-01-29 07:00:00,,Load_South,7780.0,22920.0,,6974.14,
2025-01-29 07:30:00,,Load_South,7780.0,22920.0,,6909.309,
2025-01-29 08:00:00,,Load_South,7780.0,22920.0,,7025.885,
2025-01-29 08:30:00,,Load_South,7780.0,22920.0,,7070.265,
2025-01-29 09:00:00,,Load_South,7780.0,22920.0,,6340.796,
2025-01-29 09:30:00,,Load_South,7780.0,22920.0,,5803.171,
2025-01-29 10:00:00,,Load_South,7780.0,22920.0,,5388.207,
2025-01-29 10:30:00,,Load_South,7780.0,22920.0,,5164.354,
2025-01-29 11:00:00,,Load_South,7780.0,22920.0,,5067.7,
2025-01-29 11:30:00,,Load_South,7780.0,22920.0,,5100.063,
2025-01-29 12:00:00,,Load_South,7780.0,22920.0,,5320.209,
2025-01-29 12:30:00,,Load_South,7780.0,22920.0,,5335.628,
2025-01-29 13:00:00,,Load_South,7780.0,22920.0,,5620.43,
2025-01-29 13:30:00,,Load_South,7780.0,22920.0,,5731.663,
2025-01-29 14:00:00,,Load_South,7780.0,22920.0,,6031.747,
2025-01-29 14:30:00,,Load_South,7780.0,22920.0,,6401.855,
2025-01-29 15:00:00,,Load_South,7780.0,22920.0,,6736.168,
2025-01-29 15:30:00,,Load_South,7780.0,22920.0,,7181.081,
2025-01-29 16:00:00,,Load_South,7780.0,22920.0,,7345.125,
2025-01-29 16:30:00,,Load_South,7780.0,22920.0,,7733.145,
2025-01-29 23:00:00,,Load_South,7780.0,22920.0,,7699.527,
2025-01-29 23:30:00,,Load_South,7780.0,22920.0,,7117.865,
2025-01-30 00:00:00,,Load_South,7780.0,22920.0,,6865.303,
2025-01-30 00:30:00,,Load_South,7780.0,22920.0,,6613.429,
2025-01-30 01:00:00,,Load_South,7780.0,22920.0,,6409.382,
2025-01-30 01:30:00,,Load_South,7780.0,22920.0,,6208.618,
2025-01-30 02:00:00,,Load_South,7780.0,22920.0,,6083.583,
2025-01-30 02:30:00,,Load_South,7780.0,22920.0,,6250.801,
2025-01-30 03:00:00,,Load_South,7780.0,22920.0,,6347.264,
2025-01-30 03:30:00,,Load_South,7780.0,22920.0,,6273.769,
2025-01-30 04:00:00,,Load_South,7780.0,22920.0,,6279.384,
2025-01-30 04:30:00,,Load_South,7780.0,22920.0,,6294.87,
2025-01-30 05:00:00,,Load_South,7780.0,22920.0,,6359.523,
2025-01-30 05:30:00,,Load_South,7780.0,22920.0,,6428.08,
2025-01-30 06:00:00,,Load_South,7780.0,22920.0,,6553.764,
2025-01-30 06:30:00,,Load_South,7780.0,22920.0,,6775.824,
2025-01-30 07:00:00,,Load_South,7780.0,22920.0,,6691.159,
2025-01-30 07:30:00,,Load_South,7780.0,22920.0,,6923.924,
2025-01-30 08:00:00,,Load_South,7780.0,22920.0,,6658.099,
2025-01-30 08:30:00,,Load_South,7780.0,22920.0,,6625.901,
2025-01-30 09:00:00,,Load_South,7780.0,22920.0,,6828.695,
2025-01-30 09:30:00,,Load_South,7780.0,22920.0,,6404.271,
2025-01-30 10:00:00,,Load_South,7780.0,22920.0,,5995.207,
2025-01-30 10:30:00,,Load_South,7780.0,22920.0,,5871.354,
2025-01-30 11:00:00,,Load_South,7780.0,22920.0,,5674.7,
2025-01-30 11:30:00,,Load_South,7780.0,22920.0,,5736.063,
2025-01-30 12:00:00,,Load_South,7780.0,22920.0,,6053.959,
2025-01-30 12:30:00,,Load_South,7780.0,22920.0,,5730.124,
2025-01-30 13:00:00,,Load_South,7780.0,22920.0,,5944.814,
2025-01-30 13:30:00,,Load_South,7780.0,22920.0,,6113.644,
2025-01-30 14:00:00,,Load_South,7780.0,22920.0,,6479.873,
2025-01-30 14:30:00,,Load_South,7780.0,22920.0,,6762.643,
2025-01-30 15:00:00,,Load_South,7780.0,22920.0,,6982.364,
2025-01-30 15:30:00,,Load_South,7780.0,22920.0,,7471.41,
2025-01-30 23:00:00,,Load_South,7780.0,22920.0,,7421.645,
2025-01-30 23:30:00,,Load_South,7780.0,22920.0,,7133.603,
2025-01-31 00:00:00,,Load_South,7780.0,22920.0,,7176.254,
2025-01-31 00:30:00,,Load_South,7780.0,22920.0,,6820.653,
2025-01-31 01:00:00,,Load_South,7780.0,22920.0,,6563.192,
2025-01-31 01:30:00,,Load_South,7780.0,22920.0,,6472.423,
2025-01-31 02:00:00,,Load_South,7780.0,22920.0,,6484.723,
2025-01-31 02:30:00,,Load_South,7780.0,22920.0,,6375.136,
2025-01-31 03:00:00,,Load_South,7780.0,22920.0,,6251.979,
2025-01-31 03:30:00,,Load_South,7780.0,22920.0,,6227.522,
2025-01-31 04:00:00,,Load_South,7780.0,22920.0,,6316.812,
2025-01-31 04:30:00,,Load_South,7780.0,22920.0,,6437.193,
2025-01-31 05:00:00,,Load_South,7780.0,22920.0,,6619.373,
2025-01-31 05:30:00,,Load_South,7780.0,22920.0,,6853.58,
2025-01-31 06:00:00,,Load_South,7780.0,22920.0,,6902.998,
2025-01-31 06:30:00,,Load_South,7780.0,22920.0,,6958.772,
2025-01-31 07:00:00,,Load_South,7780.0,22920.0,,7023.157,
2025-01-31 07:30:00,,Load_South,7780.0,22920.0,,7156.654,
2025-01-31 08:00:00,,Load_South,7780.0,22920.0,,7260.682,
2025-01-31 08:30:00,,Load_South,7780.0,22920.0,,7418.165,
2025-01-31 09:00:00,,Load_South,7780.0,22920.0,,7106.544,
2025-01-31 09:30:00,,Load_South,7780.0,22920.0,,6808.442,
2025-01-31 10:00:00,,Load_South,7780.0,22920.0,,6183.347,
2025-01-31 10:30:00,,Load_South,7780.0,22920.0,,5935.192,
2025-01-31 11:00:00,,Load_South,7780.0,22920.0,,5850.791,
2025-01-31 11:30:00,,Load_South,7780.0,22920.0,,5817.308,
2025-01-31 12:00:00,,Load_South,7780.0,22920.0,,5840.621,
2025-01-31 12:30:00,,Load_South,7780.0,22920.0,,5993.609,
2025-01-31 13:00:00,,Load_South,7780.0,22920.0,,6221.753,
2025-01-31 13:30:00,,Load_South,7780.0,22920.0,,6184.026,
2025-01-31 14:00:00,,Load_South,7780.0,22920.0,,6441.734,
2025-01-31 14:30:00,,Load_South,7780.0,22920.0,,6970.929,
2025-01-31 15:00:00,,Load_South,7780.0,22920.0,,7416.441,
2025-02-01 00:00:00,,Load_South,7780.0,22920.0,,7495.344,
2025-02-01 00:30:00,,Load_South,7780.0,22920.0,,7260.913,
2025-02-01 01:00:00,,Load_South,7780.0,22920.0,,7323.192,
2025-02-01 01:30:00,,Load_South,7780.0,22920.0,,7232.423,
2025-02-01 02:00:00,,Load_South,7780.0,22920.0,,7164.723,
2025-02-01 02:30:00,,Load_South,7780.0,22920.0,,7055.136,
2025-02-01 03:00:00,,Load_South,7780.0,22920.0,,6863.979,
2025-02-01 03:30:00,,Load_South,7780.0,22920.0,,6894.078,
2025-02-01 04:00:00,,Load_South,7780.0,22920.0,,6963.115,
2025-02-01 04:30:00,,Load_South,7780.0,22920.0,,7048.438,
2025-02-01 05:00:00,,Load_South,7780.0,22920.0,,7186.233,
2025-02-01 05:30:00,,Load_South,7780.0,22920.0,,7354.762,
2025-02-01 06:00:00,,Load_South,7780.0,22920.0,,7260.435,
2025-02-01 06:30:00,,Load_South,7780.0,22920.0,,7328.294,
2025-02-01 07:00:00,,Load_South,7780.0,22920.0,,7523.686,
2025-02-01 07:30:00,,Load_South,7780.0,22920.0,,7353.172,
2025-02-01 08:00:00,,Load_South,7780.0,22920.0,,7429.788,
2025-02-01 08:30:00,,Load_South,7780.0,22920.0,,7392.225,
2025-02-01 09:00:00,,Load_South,7780.0,22920.0,,7330.44,
2025-02-01 09:30:00,,Load_South,7780.0,22920.0,,7238.811,
2025-02-01 10:00:00,,Load_South,7780.0,22920.0,,7015.139,
2025-02-01 10:30:00,,Load_South,7780.0,22920.0,,7068.044,
2025-02-01 11:00:00,,Load_South,7780.0,22920.0,,6875.651,
2025-02-01 11:30:00,,Load_South,7780.0,22920.0,,6722.711,
2025-02-01 12:00:00,,Load_South,7780.0,22920.0,,6815.824,
2025-02-01 12:30:00,,Load_South,7780.0,22920.0,,6895.751,
2025-02-01 13:00:00,,Load_South,7780.0,22920.0,,6997.636,
2025-02-01 13:30:00,,Load_South,7780.0,22920.0,,7565.723,
2025-02-02 02:30:00,,Load_South,7780.0,22920.0,,7392.754,
2025-02-02 03:00:00,,Load_South,7780.0,22920.0,,7355.311,
2025-02-02 03:30:00,,Load_South,7780.0,22920.0,,7343.208,
2025-02-02 04:00:00,,Load_South,7780.0,22920.0,,7366.177,
2025-02-02 04:30:00,,Load_South,7780.0,22920.0,,7532.377,
2025-02-02 05:00:00,,Load_South,7780.0,22920.0,,7518.231,
2025-02-02 05:30:00,,Load_South,7780.0,22920.0,,7710.516,
2025-02-02 06:00:00,,Load_South,7780.0,22920.0,,7654.745,
2025-02-02 06:30:00,,Load_South,7780.0,22920.0,,7625.103,
2025-06-03 20:00:00,,Load_South,7780.0,22920.0,,0.0,
2025-10-05 11:30:00,,Load_South,7780.0,22920.0,,0.0,
2026-02-17 08:00:00,,Load_South,7780.0,22920.0,,7639.359,
2026-02-17 08:30:00,,Load_South,7780.0,22920.0,,7646.681,
2026-02-17 09:00:00,,Load_South,7780.0,22920.0,,7647.194,
2026-02-17 09:30:00,,Load_South,7780.0,22920.0,,7253.836,
2026-02-17 10:00:00,,Load_South,7780.0,22920.0,,6458.442,
2026-02-17 10:30:00,,Load_South,7780.0,22920.0,,6426.78,
2026-02-17 11:00:00,,Load_South,7780.0,22920.0,,6332.331,
2026-02-17 11:30:00,,Load_South,7780.0,22920.0,,6242.983,
2026-02-17 12:00:00,,Load_South,7780.0,22920.0,,6452.956,
2026-02-17 12:30:00,,Load_South,7780.0,22920.0,,6488.734,
2026-02-17 13:00:00,,Load_South,7780.0,22920.0,,6691.224,
2026-02-17 13:30:00,,Load_South,7780.0,22920.0,,7130.254,
2026-02-18 08:30:00,,Load_South,7780.0,22920.0,,7777.659,
2026-02-18 09:00:00,,Load_South,7780.0,22920.0,,7587.656,
2026-02-18 09:30:00,,Load_South,7780.0,22920.0,,7262.831,
2026-02-18 10:00:00,,Load_South,7780.0,22920.0,,6862.238,
2026-02-18 10:30:00,,Load_South,7780.0,22920.0,,6625.23,
2026-02-18 11:00:00,,Load_South,7780.0,22920.0,,6748.631,
2026-02-18 11:30:00,,Load_South,7780.0,22920.0,,6583.177,
2026-02-18 12:00:00,,Load_South,7780.0,22920.0,,7107.291,
2026-02-18 12:30:00,,Load_South,7780.0,22920.0,,7415.211,
2026-02-18 13:00:00,,Load_South,7780.0,22920.0,,7538.263,
2026-02-18 13:30:00,,Load_South,7780.0,22920.0,,7635.103,
2026-02-19 10:00:00,,Load_South,7780.0,22920.0,,7589.303,
2026-02-19 10:30:00,,Load_South,7780.0,22920.0,,7521.766,
2026-02-19 11:00:00,,Load_South,7780.0,22920.0,,7364.799,
2026-02-19 11:30:00,,Load_South,7780.0,22920.0,,7363.676,
2026-02-19 12:00:00,,Load_South,7780.0,22920.0,,7673.046,
2026-02-19 12:30:00,,Load_South,7780.0,22920.0,,7729.288,
2024-02-09 00:30:00,,Load_National,18694.812499999996,52056.912500000006,,,18022.0
2024-02-09 01:00:00,,Load_National,18694.812499999996,52056.912500000006,,,17759.5
2024-02-09 01:30:00,,Load_National,18694.812499999996,52056.912500000006,,,17214.7
2024-02-09 02:00:00,,Load_National,18694.812499999996,52056.912500000006,,,16857.8
2024-02-09 02:30:00,,Load_National,18694.812499999996,52056.912500000006,,,16621.8
2024-02-09 03:00:00,,Load_National,18694.812499999996,52056.912500000006,,,16536.5
2024-02-09 03:30:00,,Load_National,18694.812499999996,52056.912500000006,,,16579.7
2024-02-09 04:00:00,,Load_National,18694.812499999996,52056.912500000006,,,16650.6
2024-02-09 04:30:00,,Load_National,18694.812499999996,52056.912500000006,,,16793.7
2024-02-09 05:00:00,,Load_National,18694.812499999996,52056.912500000006,,,17076.9
2024-02-09 05:30:00,,Load_National,18694.812499999996,52056.912500000006,,,17462.8
2024-02-09 06:00:00,,Load_National,18694.812499999996,52056.912500000006,,,18319.5
2024-02-10 02:00:00,,Load_National,18694.812499999996,52056.912500000006,,,17675.9
2024-02-10 02:30:00,,Load_National,18694.812499999996,52056.912500000006,,,16977.5
2024-02-10 03:00:00,,Load_National,18694.812499999996,52056.912500000006,,,16712.5
2024-02-10 03:30:00,,Load_National,18694.812499999996,52056.912500000006,,,16510.8
2024-02-10 04:00:00,,Load_National,18694.812499999996,52056.912500000006,,,16103.9
2024-02-10 04:30:00,,Load_National,18694.812499999996,52056.912500000006,,,15842.1
2024-02-10 05:00:00,,Load_National,18694.812499999996,52056.912500000006,,,15880.2
2024-02-10 05:30:00,,Load_National,18694.812499999996,52056.912500000006,,,16114.0
2024-02-10 06:00:00,,Load_National,18694.812499999996,52056.912500000006,,,17215.6
2024-02-10 06:30:00,,Load_National,18694.812499999996,52056.912500000006,,,18589.9
2024-02-10 10:00:00,,Load_National,18694.812499999996,52056.912500000006,,,16416.7
2024-02-10 10:30:00,,Load_National,18694.812499999996,52056.912500000006,,,15662.9
2024-02-10 11:00:00,,Load_National,18694.812499999996,52056.912500000006,,,15059.2
2024-02-10 11:30:00,,Load_National,18694.812499999996,52056.912500000006,,,15503.9
2024-02-10 12:00:00,,Load_National,18694.812499999996,52056.912500000006,,,16567.1
2024-02-10 12:30:00,,Load_National,18694.812499999996,52056.912500000006,,,16529.8
2024-02-10 13:00:00,,Load_National,18694.812499999996,52056.912500000006,,,15660.3
2024-02-10 13:30:00,,Load_National,18694.812499999996,52056.912500000006,,,15747.3
2024-02-10 14:00:00,,Load_National,18694.812499999996,52056.912500000006,,,16116.0
2024-02-10 14:30:00,,Load_National,18694.812499999996,52056.912500000006,,,16685.3
2024-02-10 15:00:00,,Load_National,18694.812499999996,52056.912500000006,,,17638.7
2024-02-10 15:30:00,,Load_National,18694.812499999996,52056.912500000006,,,18653.4
2024-02-11 00:00:00,,Load_National,18694.812499999996,52056.912500000006,,,17937.3
2024-02-11 00:30:00,,Load_National,18694.812499999996,52056.912500000006,,,16832.3
2024-02-11 01:00:00,,Load_National,18694.812499999996,52056.912500000006,,,15943.6
2024-02-11 01:30:00,,Load_National,18694.812499999996,52056.912500000006,,,15776.1
2024-02-11 02:00:00,,Load_National,18694.812499999996,52056.912500000006,,,15801.5
2024-02-11 02:30:00,,Load_National,18694.812499999996,52056.912500000006,,,15759.8
2024-02-11 03:00:00,,Load_National,18694.812499999996,52056.912500000006,,,15683.6
2024-02-11 03:30:00,,Load_National,18694.812499999996,52056.912500000006,,,15591.3
2024-02-11 04:00:00,,Load_National,18694.812499999996,52056.912500000006,,,15632.5
2024-02-11 04:30:00,,Load_National,18694.812499999996,52056.912500000006,,,15780.5
2024-02-11 05:00:00,,Load_National,18694.812499999996,52056.912500000006,,,16029.5
2024-02-11 05:30:00,,Load_National,18694.812499999996,52056.912500000006,,,15872.5
2024-02-11 06:00:00,,Load_National,18694.812499999996,52056.912500000006,,,16298.9
2024-02-11 06:30:00,,Load_National,18694.812499999996,52056.912500000006,,,18079.1
2024-02-11 10:00:00,,Load_National,18694.812499999996,52056.912500000006,,,18576.9
2024-02-11 10:30:00,,Load_National,18694.812499999996,52056.912500000006,,,17489.9
2024-02-11 11:00:00,,Load_National,18694.812499999996,52056.912500000006,,,17127.6
2024-02-11 11:30:00,,Load_National,18694.812499999996,52056.912500000006,,,16030.2
2024-02-11 12:00:00,,Load_National,18694.812499999996,52056.912500000006,,,15645.2
2024-02-11 12:30:00,,Load_National,18694.812499999996,52056.912500000006,,,15641.5
2024-02-11 13:00:00,,Load_National,18694.812499999996,52056.912500000006,,,16098.5
2024-02-11 13:30:00,,Load_National,18694.812499999996,52056.912500000006,,,16293.8
2024-02-11 14:00:00,,Load_National,18694.812499999996,52056.912500000006,,,16564.0
2024-02-11 14:30:00,,Load_National,18694.812499999996,52056.912500000006,,,17138.9
2024-02-11 15:00:00,,Load_National,18694.812499999996,52056.912500000006,,,17898.4
2024-02-11 15:30:00,,Load_National,18694.812499999996,52056.912500000006,,,18522.2
2024-02-11 23:30:00,,Load_National,18694.812499999996,52056.912500000006,,,18277.7
2024-02-12 00:00:00,,Load_National,18694.812499999996,52056.912500000006,,,17257.0
2024-02-12 00:30:00,,Load_National,18694.812499999996,52056.912500000006,,,16611.3
2024-02-12 01:00:00,,Load_National,18694.812499999996,52056.912500000006,,,16102.4
2024-02-12 01:30:00,,Load_National,18694.812499999996,52056.912500000006,,,15748.3
2024-02-12 02:00:00,,Load_National,18694.812499999996,52056.912500000006,,,15518.4
2024-02-12 02:30:00,,Load_National,18694.812499999996,52056.912500000006,,,15420.2
2024-02-12 03:00:00,,Load_National,18694.812499999996,52056.912500000006,,,15239.8
2024-02-12 03:30:00,,Load_National,18694.812499999996,52056.912500000006,,,15219.6
2024-02-12 04:00:00,,Load_National,18694.812499999996,52056.912500000006,,,15277.9
2024-02-12 04:30:00,,Load_National,18694.812499999996,52056.912500000006,,,15339.6
2024-02-12 05:00:00,,Load_National,18694.812499999996,52056.912500000006,,,15674.4
2024-02-12 05:30:00,,Load_National,18694.812499999996,52056.912500000006,,,16977.1
2024-02-12 06:00:00,,Load_National,18694.812499999996,52056.912500000006,,,17430.9
2024-02-12 10:00:00,,Load_National,18694.812499999996,52056.912500000006,,,17422.5
2024-02-12 10:30:00,,Load_National,18694.812499999996,52056.912500000006,,,16637.2
2024-02-12 11:00:00,,Load_National,18694.812499999996,52056.912500000006,,,15761.6
2024-02-12 11:30:00,,Load_National,18694.812499999996,52056.912500000006,,,15346.0
2024-02-12 12:00:00,,Load_National,18694.812499999996,52056.912500000006,,,15912.0
2024-02-12 12:30:00,,Load_National,18694.812499999996,52056.912500000006,,,15729.9
2024-02-12 13:00:00,,Load_National,18694.812499999996,52056.912500000006,,,15979.7
2024-02-12 13:30:00,,Load_National,18694.812499999996,52056.912500000006,,,16244.3
2024-02-12 14:00:00,,Load_National,18694.812499999996,52056.912500000006,,,16530.3
2024-02-12 14:30:00,,Load_National,18694.812499999996,52056.912500000006,,,17142.9
2024-02-12 23:30:00,,Load_National,18694.812499999996,52056.912500000006,,,17887.8
2024-02-13 00:00:00,,Load_National,18694.812499999996,52056.912500000006,,,17561.2
2024-02-13 00:30:00,,Load_National,18694.812499999996,52056.912500000006,,,16880.5
2024-02-13 01:00:00,,Load_National,18694.812499999996,52056.912500000006,,,16615.1
2024-02-13 01:30:00,,Load_National,18694.812499999996,52056.912500000006,,,16124.0
2024-02-13 02:00:00,,Load_National,18694.812499999996,52056.912500000006,,,15919.7
2024-02-13 02:30:00,,Load_National,18694.812499999996,52056.912500000006,,,15599.5
2024-02-13 03:00:00,,Load_National,18694.812499999996,52056.912500000006,,,15720.9
2024-02-13 03:30:00,,Load_National,18694.812499999996,52056.912500000006,,,15651.1
2024-02-13 04:00:00,,Load_National,18694.812499999996,52056.912500000006,,,15866.9
2024-02-13 04:30:00,,Load_National,18694.812499999996,52056.912500000006,,,15948.8
2024-02-13 05:00:00,,Load_National,18694.812499999996,52056.912500000006,,,16385.6
2024-02-13 05:30:00,,Load_National,18694.812499999996,52056.912500000006,,,16769.4
2024-02-13 06:00:00,,Load_National,18694.812499999996,52056.912500000006,,,17618.4
2024-02-13 06:30:00,,Load_National,18694.812499999996,52056.912500000006,,,18592.9
2024-02-13 10:00:00,,Load_National,18694.812499999996,52056.912500000006,,,18017.5
2024-02-13 10:30:00,,Load_National,18694.812499999996,52056.912500000006,,,18075.0
2024-02-13 11:00:00,,Load_National,18694.812499999996,52056.912500000006,,,18667.7
2024-02-13 11:30:00,,Load_National,18694.812499999996,52056.912500000006,,,17512.1
2024-02-13 12:00:00,,Load_National,18694.812499999996,52056.912500000006,,,18048.0
2024-02-13 12:30:00,,Load_National,18694.812499999996,52056.912500000006,,,18183.7
2024-02-13 13:00:00,,Load_National,18694.812499999996,52056.912500000006,,,18296.8
2024-02-13 13:30:00,,Load_National,18694.812499999996,52056.912500000006,,,18493.8
2024-02-14 00:30:00,,Load_National,18694.812499999996,52056.912500000006,,,18194.0
2024-02-14 01:00:00,,Load_National,18694.812499999996,52056.912500000006,,,17550.9
2024-02-14 01:30:00,,Load_National,18694.812499999996,52056.912500000006,,,17672.2
2024-02-14 02:00:00,,Load_National,18694.812499999996,52056.912500000006,,,17440.6
2024-02-14 02:30:00,,Load_National,18694.812499999996,52056.912500000006,,,17232.8
2024-02-14 03:00:00,,Load_National,18694.812499999996,52056.912500000006,,,17188.9
2024-02-14 03:30:00,,Load_National,18694.812499999996,52056.912500000006,,,17227.2
2024-02-14 04:00:00,,Load_National,18694.812499999996,52056.912500000006,,,17289.5
2024-02-14 04:30:00,,Load_National,18694.812499999996,52056.912500000006,,,17509.7
2024-02-14 05:00:00,,Load_National,18694.812499999996,52056.912500000006,,,17791.1
2024-02-14 05:30:00,,Load_National,18694.812499999996,52056.912500000006,,,18319.1
2024-02-15 03:00:00,,Load_National,18694.812499999996,52056.912500000006,,,18561.1
2024-02-15 03:30:00,,Load_National,18694.812499999996,52056.912500000006,,,18642.4
2025-01-25 16:30:00,,Load_National,18694.812499999996,52056.912500000006,,,0.0
2025-01-27 00:30:00,,Load_National,18694.812499999996,52056.912500000006,,,18652.3
2025-01-27 01:00:00,,Load_National,18694.812499999996,52056.912500000006,,,18336.8
2025-01-27 01:30:00,,Load_National,18694.812499999996,52056.912500000006,,,18195.7
2025-01-27 02:00:00,,Load_National,18694.812499999996,52056.912500000006,,,17700.4
2025-01-27 02:30:00,,Load_National,18694.812499999996,52056.912500000006,,,16948.8
2025-01-27 03:00:00,,Load_National,18694.812499999996,52056.912500000006,,,17066.4
2025-01-27 03:30:00,,Load_National,18694.812499999996,52056.912500000006,,,17244.5
2025-01-27 04:00:00,,Load_National,18694.812499999996,52056.912500000006,,,17319.2
2025-01-27 04:30:00,,Load_National,18694.812499999996,52056.912500000006,,,17448.2
2025-01-27 05:00:00,,Load_National,18694.812499999996,52056.912500000006,,,17866.1
2025-01-27 05:30:00,,Load_National,18694.812499999996,52056.912500000006,,,18420.4
2025-01-27 06:00:00,,Load_National,18694.812499999996,52056.912500000006,,,18504.8
2025-01-28 00:00:00,,Load_National,18694.812499999996,52056.912500000006,,,18453.0
2025-01-28 00:30:00,,Load_National,18694.812499999996,52056.912500000006,,,18029.8
2025-01-28 01:00:00,,Load_National,18694.812499999996,52056.912500000006,,,17369.5
2025-01-28 01:30:00,,Load_National,18694.812499999996,52056.912500000006,,,16905.5
2025-01-28 02:00:00,,Load_National,18694.812499999996,52056.912500000006,,,16532.1
2025-01-28 02:30:00,,Load_National,18694.812499999996,52056.912500000006,,,16281.3
2025-01-28 03:00:00,,Load_National,18694.812499999996,52056.912500000006,,,15669.2
2025-01-28 03:30:00,,Load_National,18694.812499999996,52056.912500000006,,,15477.1
2025-01-28 04:00:00,,Load_National,18694.812499999996,52056.912500000006,,,15532.3
2025-01-28 04:30:00,,Load_National,18694.812499999996,52056.912500000006,,,15655.2
2025-01-28 05:00:00,,Load_National,18694.812499999996,52056.912500000006,,,16034.5
2025-01-28 05:30:00,,Load_National,18694.812499999996,52056.912500000006,,,16403.0
2025-01-28 06:00:00,,Load_National,18694.812499999996,52056.912500000006,,,16319.0
2025-01-28 06:30:00,,Load_National,18694.812499999996,52056.912500000006,,,18679.8
2025-01-29 01:30:00,,Load_National,18694.812499999996,52056.912500000006,,,18149.5
2025-01-29 02:00:00,,Load_National,18694.812499999996,52056.912500000006,,,17217.2
2025-01-29 02:30:00,,Load_National,18694.812499999996,52056.912500000006,,,15535.1
2025-01-29 03:00:00,,Load_National,18694.812499999996,52056.912500000006,,,15461.2
2025-01-29 03:30:00,,Load_National,18694.812499999996,52056.912500000006,,,15444.6
2025-01-29 04:00:00,,Load_National,18694.812499999996,52056.912500000006,,,15139.1
2025-01-29 04:30:00,,Load_National,18694.812499999996,52056.912500000006,,,15063.3
2025-01-29 05:00:00,,Load_National,18694.812499999996,52056.912500000006,,,15321.3
2025-01-29 05:30:00,,Load_National,18694.812499999996,52056.912500000006,,,15576.9
2025-01-29 06:00:00,,Load_National,18694.812499999996,52056.912500000006,,,15777.8
2025-01-29 06:30:00,,Load_National,18694.812499999996,52056.912500000006,,,16754.4
2025-01-29 07:00:00,,Load_National,18694.812499999996,52056.912500000006,,,18640.6
2025-01-29 09:30:00,,Load_National,18694.812499999996,52056.912500000006,,,18467.4
2025-01-29 10:00:00,,Load_National,18694.812499999996,52056.912500000006,,,16019.1
2025-01-29 10:30:00,,Load_National,18694.812499999996,52056.912500000006,,,15041.6
2025-01-29 11:00:00,,Load_National,18694.812499999996,52056.912500000006,,,14323.8
2025-01-29 11:30:00,,Load_National,18694.812499999996,52056.912500000006,,,14906.1
2025-01-29 12:00:00,,Load_National,18694.812499999996,52056.912500000006,,,15475.9
2025-01-29 12:30:00,,Load_National,18694.812499999996,52056.912500000006,,,14977.2
2025-01-29 13:00:00,,Load_National,18694.812499999996,52056.912500000006,,,15017.9
2025-01-29 13:30:00,,Load_National,18694.812499999996,52056.912500000006,,,14660.9
2025-01-29 14:00:00,,Load_National,18694.812499999996,52056.912500000006,,,15039.7
2025-01-29 14:30:00,,Load_National,18694.812499999996,52056.912500000006,,,15554.3
2025-01-29 15:00:00,,Load_National,18694.812499999996,52056.912500000006,,,15844.8
2025-01-29 15:30:00,,Load_National,18694.812499999996,52056.912500000006,,,16645.2
2025-01-29 16:00:00,,Load_National,18694.812499999996,52056.912500000006,,,17823.9
2025-01-29 23:00:00,,Load_National,18694.812499999996,52056.912500000006,,,18034.7
2025-01-29 23:30:00,,Load_National,18694.812499999996,52056.912500000006,,,16911.6
2025-01-30 00:00:00,,Load_National,18694.812499999996,52056.912500000006,,,16005.1
2025-01-30 00:30:00,,Load_National,18694.812499999996,52056.912500000006,,,15204.2
2025-01-30 01:00:00,,Load_National,18694.812499999996,52056.912500000006,,,14802.5
2025-01-30 01:30:00,,Load_National,18694.812499999996,52056.912500000006,,,14349.6
2025-01-30 02:00:00,,Load_National,18694.812499999996,52056.912500000006,,,14162.6
2025-01-30 02:30:00,,Load_National,18694.812499999996,52056.912500000006,,,14434.6
2025-01-30 03:00:00,,Load_National,18694.812499999996,52056.912500000006,,,14725.7
2025-01-30 03:30:00,,Load_National,18694.812499999996,52056.912500000006,,,14665.1
2025-01-30 04:00:00,,Load_National,18694.812499999996,52056.912500000006,,,14802.7
2025-01-30 04:30:00,,Load_National,18694.812499999996,52056.912500000006,,,14838.2
2025-01-30 05:00:00,,Load_National,18694.812499999996,52056.912500000006,,,15113.4
2025-01-30 05:30:00,,Load_National,18694.812499999996,52056.912500000006,,,15769.5
2025-01-30 06:00:00,,Load_National,18694.812499999996,52056.912500000006,,,16573.1
2025-01-30 06:30:00,,Load_National,18694.812499999996,52056.912500000006,,,18185.3
2025-01-30 10:00:00,,Load_National,18694.812499999996,52056.912500000006,,,17269.3
2025-01-30 10:30:00,,Load_National,18694.812499999996,52056.912500000006,,,16227.9
2025-01-30 11:00:00,,Load_National,18694.812499999996,52056.912500000006,,,15620.2
2025-01-30 11:30:00,,Load_National,18694.812499999996,52056.912500000006,,,15517.1
2025-01-30 12:00:00,,Load_National,18694.812499999996,52056.912500000006,,,15476.1
2025-01-30 12:30:00,,Load_National,18694.812499999996,52056.912500000006,,,14843.8
2025-01-30 13:00:00,,Load_National,18694.812499999996,52056.912500000006,,,15156.5
2025-01-30 13:30:00,,Load_National,18694.812499999996,52056.912500000006,,,15277.2
2025-01-30 14:00:00,,Load_National,18694.812499999996,52056.912500000006,,,15527.0
2025-01-30 14:30:00,,Load_National,18694.812499999996,52056.912500000006,,,16156.4
2025-01-30 15:00:00,,Load_National,18694.812499999996,52056.912500000006,,,16693.3
2025-01-30 15:30:00,,Load_National,18694.812499999996,52056.912500000006,,,17765.0
2025-01-30 23:00:00,,Load_National,18694.812499999996,52056.912500000006,,,18214.5
2025-01-30 23:30:00,,Load_National,18694.812499999996,52056.912500000006,,,17301.0
2025-01-31 00:00:00,,Load_National,18694.812499999996,52056.912500000006,,,16981.1
2025-01-31 00:30:00,,Load_National,18694.812499999996,52056.912500000006,,,15957.5
2025-01-31 01:00:00,,Load_National,18694.812499999996,52056.912500000006,,,15479.2
2025-01-31 01:30:00,,Load_National,18694.812499999996,52056.912500000006,,,15241.3
2025-01-31 02:00:00,,Load_National,18694.812499999996,52056.912500000006,,,15065.3
2025-01-31 02:30:00,,Load_National,18694.812499999996,52056.912500000006,,,14849.7
2025-01-31 03:00:00,,Load_National,18694.812499999996,52056.912500000006,,,14737.7
2025-01-31 03:30:00,,Load_National,18694.812499999996,52056.912500000006,,,14754.9
2025-01-31 04:00:00,,Load_National,18694.812499999996,52056.912500000006,,,14901.0
2025-01-31 04:30:00,,Load_National,18694.812499999996,52056.912500000006,,,15186.9
2025-01-31 05:00:00,,Load_National,18694.812499999996,52056.912500000006,,,15699.6
2025-01-31 05:30:00,,Load_National,18694.812499999996,52056.912500000006,,,16376.9
2025-01-31 06:00:00,,Load_National,18694.812499999996,52056.912500000006,,,16846.6
2025-01-31 06:30:00,,Load_National,18694.812499999996,52056.912500000006,,,17964.8
2025-01-31 10:00:00,,Load_National,18694.812499999996,52056.912500000006,,,18032.6
2025-01-31 10:30:00,,Load_National,18694.812499999996,52056.912500000006,,,16854.4
2025-01-31 11:00:00,,Load_National,18694.812499999996,52056.912500000006,,,16031.0
2025-01-31 11:30:00,,Load_National,18694.812499999996,52056.912500000006,,,15714.3
2025-01-31 12:00:00,,Load_National,18694.812499999996,52056.912500000006,,,15661.7
2025-01-31 12:30:00,,Load_National,18694.812499999996,52056.912500000006,,,15477.9
2025-01-31 13:00:00,,Load_National,18694.812499999996,52056.912500000006,,,16168.4
2025-01-31 13:30:00,,Load_National,18694.812499999996,52056.912500000006,,,15986.6
2025-01-31 14:00:00,,Load_National,18694.812499999996,52056.912500000006,,,16271.4
2025-01-31 14:30:00,,Load_National,18694.812499999996,52056.912500000006,,,17118.2
2025-01-31 15:00:00,,Load_National,18694.812499999996,52056.912500000006,,,18186.5
2025-01-31 23:30:00,,Load_National,18694.812499999996,52056.912500000006,,,18037.5
2025-02-01 00:00:00,,Load_National,18694.812499999996,52056.912500000006,,,16927.3
2025-02-01 00:30:00,,Load_National,18694.812499999996,52056.912500000006,,,16283.2
2025-02-01 01:00:00,,Load_National,18694.812499999996,52056.912500000006,,,16009.0
2025-02-01 01:30:00,,Load_National,18694.812499999996,52056.912500000006,,,15847.5
2025-02-01 02:00:00,,Load_National,18694.812499999996,52056.912500000006,,,15812.0
2025-02-01 02:30:00,,Load_National,18694.812499999996,52056.912500000006,,,15624.7
2025-02-01 03:00:00,,Load_National,18694.812499999996,52056.912500000006,,,15391.0
2025-02-01 03:30:00,,Load_National,18694.812499999996,52056.912500000006,,,15415.9
2025-02-01 04:00:00,,Load_National,18694.812499999996,52056.912500000006,,,15473.1
2025-02-01 04:30:00,,Load_National,18694.812499999996,52056.912500000006,,,15927.2
2025-02-01 05:00:00,,Load_National,18694.812499999996,52056.912500000006,,,16458.3
2025-02-01 05:30:00,,Load_National,18694.812499999996,52056.912500000006,,,17035.3
2025-02-01 06:00:00,,Load_National,18694.812499999996,52056.912500000006,,,17162.6
2025-02-01 06:30:00,,Load_National,18694.812499999996,52056.912500000006,,,18180.7
2025-02-01 10:00:00,,Load_National,18694.812499999996,52056.912500000006,,,18369.4
2025-02-01 10:30:00,,Load_National,18694.812499999996,52056.912500000006,,,18578.8
2025-02-01 11:00:00,,Load_National,18694.812499999996,52056.912500000006,,,18389.2
2025-02-01 11:30:00,,Load_National,18694.812499999996,52056.912500000006,,,18389.6
2025-02-01 12:00:00,,Load_National,18694.812499999996,52056.912500000006,,,18285.3
2025-02-01 12:30:00,,Load_National,18694.812499999996,52056.912500000006,,,18284.1
2025-02-01 13:00:00,,Load_National,18694.812499999996,52056.912500000006,,,17944.7
2025-02-01 13:30:00,,Load_National,18694.812499999996,52056.912500000006,,,18689.7
2025-02-02 00:00:00,,Load_National,18694.812499999996,52056.912500000006,,,18281.0
2025-02-02 00:30:00,,Load_National,18694.812499999996,52056.912500000006,,,18269.6
2025-02-02 01:00:00,,Load_National,18694.812499999996,52056.912500000006,,,17856.5
2025-02-02 01:30:00,,Load_National,18694.812499999996,52056.912500000006,,,17639.5
2025-02-02 02:00:00,,Load_National,18694.812499999996,52056.912500000006,,,17372.8
2025-02-02 02:30:00,,Load_National,18694.812499999996,52056.912500000006,,,16947.8
2025-02-02 03:00:00,,Load_National,18694.812499999996,52056.912500000006,,,16871.1
2025-02-02 03:30:00,,Load_National,18694.812499999996,52056.912500000006,,,16845.3
2025-02-02 04:00:00,,Load_National,18694.812499999996,52056.912500000006,,,16846.2
2025-02-02 04:30:00,,Load_National,18694.812499999996,52056.912500000006,,,17161.9
2025-02-02 05:00:00,,Load_National,18694.812499999996,52056.912500000006,,,17564.6
2025-02-02 05:30:00,,Load_National,18694.812499999996,52056.912500000006,,,18121.3
2025-02-02 06:00:00,,Load_National,18694.812499999996,52056.912500000006,,,18289.4
2025-02-03 00:30:00,,Load_National,18694.812499999996,52056.912500000006,,,18647.1
2025-02-03 01:00:00,,Load_National,18694.812499999996,52056.912500000006,,,18449.2
2025-02-03 01:30:00,,Load_National,18694.812499999996,52056.912500000006,,,18530.4
2025-02-03 02:00:00,,Load_National,18694.812499999996,52056.912500000006,,,18269.7
2025-02-03 02:30:00,,Load_National,18694.812499999996,52056.912500000006,,,18064.5
2025-02-03 03:00:00,,Load_National,18694.812499999996,52056.912500000006,,,18177.3
2025-02-03 03:30:00,,Load_National,18694.812499999996,52056.912500000006,,,17914.6
2025-02-03 04:00:00,,Load_National,18694.812499999996,52056.912500000006,,,17858.5
2025-02-03 04:30:00,,Load_National,18694.812499999996,52056.912500000006,,,18230.7
2025-06-02 14:30:00,,Load_National,18694.812499999996,52056.912500000006,,,52318.9
2025-06-02 15:00:00,,Load_National,18694.812499999996,52056.912500000006,,,52158.0
2025-06-02 15:30:00,,Load_National,18694.812499999996,52056.912500000006,,,52272.4
2025-06-03 20:00:00,,Load_National,18694.812499999996,52056.912500000006,,,0.0
2025-07-09 13:00:00,,Load_National,18694.812499999996,52056.912500000006,,,52505.5
2025-07-09 13:30:00,,Load_National,18694.812499999996,52056.912500000006,,,53971.9
2025-07-09 14:00:00,,Load_National,18694.812499999996,52056.912500000006,,,53641.0
2025-07-09 14:30:00,,Load_National,18694.812499999996,52056.912500000006,,,53486.5
2025-07-09 15:00:00,,Load_National,18694.812499999996,52056.912500000006,,,52875.7
2025-07-09 15:30:00,,Load_National,18694.812499999996,52056.912500000006,,,52058.1
2025-08-02 13:30:00,,Load_National,18694.812499999996,52056.912500000006,,,53319.2
2025-08-02 14:00:00,,Load_National,18694.812499999996,52056.912500000006,,,52643.5
2025-08-04 10:30:00,,Load_National,18694.812499999996,52056.912500000006,,,52231.7
2025-08-04 11:00:00,,Load_National,18694.812499999996,52056.912500000006,,,52767.2
2025-08-04 11:30:00,,Load_National,18694.812499999996,52056.912500000006,,,52659.3
2025-08-04 12:00:00,,Load_National,18694.812499999996,52056.912500000006,,,52872.7
2025-08-04 12:30:00,,Load_National,18694.812499999996,52056.912500000006,,,54145.5
2025-08-04 13:00:00,,Load_National,18694.812499999996,52056.912500000006,,,55208.0
2025-08-04 13:30:00,,Load_National,18694.812499999996,52056.912500000006,,,55179.5
2025-08-04 14:00:00,,Load_National,18694.812499999996,52056.912500000006,,,55414.9
2025-08-04 14:30:00,,Load_National,18694.812499999996,52056.912500000006,,,55580.7
2025-08-04 15:00:00,,Load_National,18694.812499999996,52056.912500000006,,,55090.1
2025-08-04 15:30:00,,Load_National,18694.812499999996,52056.912500000006,,,54377.3
2025-08-04 16:00:00,,Load_National,18694.812499999996,52056.912500000006,,,53281.8
2025-08-04 21:00:00,,Load_National,18694.812499999996,52056.912500000006,,,52399.7
2025-08-04 21:30:00,,Load_National,18694.812499999996,52056.912500000006,,,53644.6
2025-08-04 22:00:00,,Load_National,18694.812499999996,52056.912500000006,,,54105.5
2025-08-04 22:30:00,,Load_National,18694.812499999996,52056.912500000006,,,54013.5
2025-08-05 13:00:00,,Load_National,18694.812499999996,52056.912500000006,,,52078.5
2025-08-05 13:30:00,,Load_National,18694.812499999996,52056.912500000006,,,53750.9
2025-08-05 14:00:00,,Load_National,18694.812499999996,52056.912500000006,,,53461.0
2025-08-05 14:30:00,,Load_National,18694.812499999996,52056.912500000006,,,52768.7
2025-08-05 15:00:00,,Load_National,18694.812499999996,52056.912500000006,,,52434.0
2025-10-05 11:30:00,,Load_National,18694.812499999996,52056.912500000006,,,0.0
2026-02-16 03:00:00,,Load_National,18694.812499999996,52056.912500000006,,,18641.5
2026-02-16 03:30:00,,Load_National,18694.812499999996,52056.912500000006,,,18665.6
2026-02-17 10:30:00,,Load_National,18694.812499999996,52056.912500000006,,,17672.1
2026-02-17 11:00:00,,Load_National,18694.812499999996,52056.912500000006,,,16733.4
2026-02-17 11:30:00,,Load_National,18694.812499999996,52056.912500000006,,,16452.1
2026-02-17 12:00:00,,Load_National,18694.812499999996,52056.912500000006,,,16414.1
2026-02-17 12:30:00,,Load_National,18694.812499999996,52056.912500000006,,,15966.1
2026-02-17 13:00:00,,Load_National,18694.812499999996,52056.912500000006,,,16975.6
2026-02-17 13:30:00,,Load_National,18694.812499999996,52056.912500000006,,,17104.5
2026-02-17 14:00:00,,Load_National,18694.812499999996,52056.912500000006,,,18161.0
2026-02-18 01:00:00,,Load_National,18694.812499999996,52056.912500000006,,,17660.9
2026-02-18 01:30:00,,Load_National,18694.812499999996,52056.912500000006,,,17589.5
2026-02-18 02:00:00,,Load_National,18694.812499999996,52056.912500000006,,,17756.4
2026-02-18 02:30:00,,Load_National,18694.812499999996,52056.912500000006,,,17621.6
2026-02-18 03:00:00,,Load_National,18694.812499999996,52056.912500000006,,,17535.0
2026-02-18 03:30:00,,Load_National,18694.812499999996,52056.912500000006,,,17433.5
2026-02-18 04:00:00,,Load_National,18694.812499999996,52056.912500000006,,,17688.1
2026-02-18 04:30:00,,Load_National,18694.812499999996,52056.912500000006,,,17936.5
2026-02-18 05:00:00,,Load_National,18694.812499999996,52056.912500000006,,,18265.5
2026-02-18 11:30:00,,Load_National,18694.812499999996,52056.912500000006,,,18049.8
2026-02-19 02:00:00,,Load_National,18694.812499999996,52056.912500000006,,,18586.3
2026-02-19 02:30:00,,Load_National,18694.812499999996,52056.912500000006,,,18313.6
2026-02-19 03:00:00,,Load_National,18694.812499999996,52056.912500000006,,,18138.5
2026-02-19 03:30:00,,Load_National,18694.812499999996,52056.912500000006,,,18087.7
2026-02-19 04:00:00,,Load_National,18694.812499999996,52056.912500000006,,,18123.4
2026-02-19 04:30:00,,Load_National,18694.812499999996,52056.912500000006,,,18169.0
2026-02-19 05:00:00,,Load_National,18694.812499999996,52056.912500000006,,,18641.6
2026-02-20 02:00:00,,Load_National,18694.812499999996,52056.912500000006,,,18575.5
2026-02-20 02:30:00,,Load_National,18694.812499999996,52056.912500000006,,,18248.0
2026-02-20 03:00:00,,Load_National,18694.812499999996,52056.912500000006,,,17996.5
2026-02-20 03:30:00,,Load_National,18694.812499999996,52056.912500000006,,,18062.7
2026-02-20 04:00:00,,Load_National,18694.812499999996,52056.912500000006,,,18410.3
2026-02-20 04:30:00,,Load_National,18694.812499999996,52056.912500000006,,,18685.2
