Timestamp,temp,column,lower_fence,upper_fence,humidity,precip,precipprob,windspeed,solarradiation,uvindex
2023-12-23 06:00:00,8.0,temp,9.0,41.0,,,,,,
2024-01-23 08:00:00,8.0,temp,9.0,41.0,,,,,,
2025-01-12 04:00:00,8.9,temp,9.0,41.0,,,,,,
2025-01-13 04:00:00,8.5,temp,9.0,41.0,,,,,,
2025-01-13 06:00:00,8.0,temp,9.0,41.0,,,,,,
2025-01-13 07:00:00,7.0,temp,9.0,41.0,,,,,,
2023-05-17 13:00:00,,humidity,36.72624999999999,123.21625,29.82,,,,,
2023-05-17 15:00:00,,humidity,36.72624999999999,123.21625,33.39,,,,,
2023-05-17 16:00:00,,humidity,36.72624999999999,123.21625,30.09,,,,,
2023-05-17 17:00:00,,humidity,36.72624999999999,123.21625,31.37,,,,,
2023-05-17 18:00:00,,humidity,36.72624999999999,123.21625,35.24,,,,,
2023-05-18 13:00:00,,humidity,36.72624999999999,123.21625,35.31,,,,,
2023-05-18 15:00:00,,humidity,36.72624999999999,123.21625,33.39,,,,,
2023-05-18 16:00:00,,humidity,36.72624999999999,123.21625,32.15,,,,,
2023-07-17 13:00:00,,humidity,36.72624999999999,123.21625,34.06,,,,,
2023-07-17 16:00:00,,humidity,36.72624999999999,123.21625,36.37,,,,,
2023-08-31 16:00:00,,humidity,36.72624999999999,123.21625,34.95,,,,,
2023-11-17 11:00:00,,humidity,36.72624999999999,123.21625,31.51,,,,,
2023-11-17 12:00:00,,humidity,36.72624999999999,123.21625,32.75,,,,,
2023-11-17 13:00:00,,humidity,36.72624999999999,123.21625,29.09,,,,,
2023-11-17 14:00:00,,humidity,36.72624999999999,123.21625,30.72,,,,,
2023-11-17 15:00:00,,humidity,36.72624999999999,123.21625,29.69,,,,,
2023-11-17 16:00:00,,humidity,36.72624999999999,123.21625,29.16,,,,,
2023-11-18 11:00:00,,humidity,36.72624999999999,123.21625,32.61,,,,,
2023-11-18 12:00:00,,humidity,36.72624999999999,123.21625,29.55,,,,,
2023-11-18 13:00:00,,humidity,36.72624999999999,123.21625,23.0,,,,,
2023-11-18 14:00:00,,humidity,36.72624999999999,123.21625,29.82,,,,,
2023-11-18 15:00:00,,humidity,36.72624999999999,123.21625,27.84,,,,,
2023-11-18 16:00:00,,humidity,36.72624999999999,123.21625,21.7,,,,,
2023-11-18 22:00:00,,humidity,36.72624999999999,123.21625,30.1,,,,,
2023-11-19 13:00:00,,humidity,36.72624999999999,123.21625,35.44,,,,,
2023-11-19 14:00:00,,humidity,36.72624999999999,123.21625,35.33,,,,,
2023-11-19 15:00:00,,humidity,36.72624999999999,123.21625,33.03,,,,,
2023-11-19 16:00:00,,humidity,36.72624999999999,123.21625,27.66,,,,,
2023-12-21 13:00:00,,humidity,36.72624999999999,123.21625,35.41,,,,,
2023-12-21 16:00:00,,humidity,36.72624999999999,123.21625,25.22,,,,,
2023-12-22 10:00:00,,humidity,36.72624999999999,123.21625,36.0,,,,,
2023-12-22 11:00:00,,humidity,36.72624999999999,123.21625,35.88,,,,,
2023-12-22 12:00:00,,humidity,36.72624999999999,123.21625,34.61,,,,,
2023-12-22 13:00:00,,humidity,36.72624999999999,123.21625,29.12,,,,,
2023-12-22 14:00:00,,humidity,36.72624999999999,123.21625,30.32,,,,,
2023-12-22 15:00:00,,humidity,36.72624999999999,123.21625,29.37,,,,,
2023-12-22 16:00:00,,humidity,36.72624999999999,123.21625,27.47,,,,,
2023-12-23 10:00:00,,humidity,36.72624999999999,123.21625,30.54,,,,,
2023-12-23 11:00:00,,humidity,36.72624999999999,123.21625,32.61,,,,,
2023-12-23 12:00:00,,humidity,36.72624999999999,123.21625,31.88,,,,,
2023-12-23 13:00:00,,humidity,36.72624999999999,123.21625,28.39,,,,,
2023-12-23 14:00:00,,humidity,36.72624999999999,123.21625,31.04,,,,,
2023-12-23 15:00:00,,humidity,36.72624999999999,123.21625,33.19,,,,,
2023-12-23 16:00:00,,humidity,36.72624999999999,123.21625,31.18,,,,,
2023-12-24 07:00:00,,humidity,36.72624999999999,123.21625,36.06,,,,,
2023-12-24 09:00:00,,humidity,36.72624999999999,123.21625,34.76,,,,,
2023-12-24 10:00:00,,humidity,36.72624999999999,123.21625,29.43,,,,,
2023-12-24 11:00:00,,humidity,36.72624999999999,123.21625,31.74,,,,,
2023-12-24 12:00:00,,humidity,36.72624999999999,123.21625,30.9,,,,,
2023-12-24 13:00:00,,humidity,36.72624999999999,123.21625,27.45,,,,,
2023-12-24 14:00:00,,humidity,36.72624999999999,123.21625,33.33,,,,,
2023-12-24 15:00:00,,humidity,36.72624999999999,123.21625,33.34,,,,,
2023-12-24 16:00:00,,humidity,36.72624999999999,123.21625,32.18,,,,,
2023-12-25 09:00:00,,humidity,36.72624999999999,123.21625,35.05,,,,,
2023-12-25 10:00:00,,humidity,36.72624999999999,123.21625,25.09,,,,,
2023-12-25 11:00:00,,humidity,36.72624999999999,123.21625,27.72,,,,,
2023-12-25 12:00:00,,humidity,36.72624999999999,123.21625,25.9,,,,,
2023-12-25 13:00:00,,humidity,36.72624999999999,123.21625,20.06,,,,,
2023-12-25 14:00:00,,humidity,36.72624999999999,123.21625,22.89,,,,,
2023-12-25 15:00:00,,humidity,36.72624999999999,123.21625,22.06,,,,,
2023-12-25 16:00:00,,humidity,36.72624999999999,123.21625,19.29,,,,,
2023-12-25 17:00:00,,humidity,36.72624999999999,123.21625,23.93,,,,,
2023-12-25 18:00:00,,humidity,36.72624999999999,123.21625,23.94,,,,,
2023-12-26 11:00:00,,humidity,36.72624999999999,123.21625,35.92,,,,,
2023-12-26 12:00:00,,humidity,36.72624999999999,123.21625,33.77,,,,,
2023-12-26 13:00:00,,humidity,36.72624999999999,123.21625,25.21,,,,,
2023-12-26 14:00:00,,humidity,36.72624999999999,123.21625,30.8,,,,,
2023-12-26 15:00:00,,humidity,36.72624999999999,123.21625,31.9,,,,,
2023-12-26 16:00:00,,humidity,36.72624999999999,123.21625,27.52,,,,,
2024-02-10 13:00:00,,humidity,36.72624999999999,123.21625,36.64,,,,,
2024-02-11 12:00:00,,humidity,36.72624999999999,123.21625,35.4,,,,,
2024-02-11 13:00:00,,humidity,36.72624999999999,123.21625,34.74,,,,,
2024-02-11 14:00:00,,humidity,36.72624999999999,123.21625,33.32,,,,,
2024-02-11 15:00:00,,humidity,36.72624999999999,123.21625,33.32,,,,,
2024-02-11 16:00:00,,humidity,36.72624999999999,123.21625,30.04,,,,,
2024-02-11 17:00:00,,humidity,36.72624999999999,123.21625,35.4,,,,,
2024-04-27 13:00:00,,humidity,36.72624999999999,123.21625,36.47,,,,,
2024-04-27 14:00:00,,humidity,36.72624999999999,123.21625,35.51,,,,,
2024-04-27 15:00:00,,humidity,36.72624999999999,123.21625,24.61,,,,,
2024-04-27 16:00:00,,humidity,36.72624999999999,123.21625,23.56,,,,,
2024-10-04 12:00:00,,humidity,36.72624999999999,123.21625,35.29,,,,,
2024-10-04 13:00:00,,humidity,36.72624999999999,123.21625,36.39,,,,,
2024-10-04 16:00:00,,humidity,36.72624999999999,123.21625,34.38,,,,,
2024-10-05 15:00:00,,humidity,36.72624999999999,123.21625,35.56,,,,,
2024-10-05 16:00:00,,humidity,36.72624999999999,123.21625,36.6,,,,,
2024-10-24 11:00:00,,humidity,36.72624999999999,123.21625,33.05,,,,,
2024-10-24 12:00:00,,humidity,36.72624999999999,123.21625,25.29,,,,,
2024-10-24 13:00:00,,humidity,36.72624999999999,123.21625,30.68,,,,,
2024-10-24 14:00:00,,humidity,36.72624999999999,123.21625,23.88,,,,,
2024-10-24 15:00:00,,humidity,36.72624999999999,123.21625,21.07,,,,,
2024-10-24 16:00:00,,humidity,36.72624999999999,123.21625,31.82,,,,,
2024-10-24 17:00:00,,humidity,36.72624999999999,123.21625,32.77,,,,,
2024-10-25 13:00:00,,humidity,36.72624999999999,123.21625,33.03,,,,,
2024-10-25 14:00:00,,humidity,36.72624999999999,123.21625,25.55,,,,,
2024-10-25 15:00:00,,humidity,36.72624999999999,123.21625,24.14,,,,,
2024-10-25 16:00:00,,humidity,36.72624999999999,123.21625,34.03,,,,,
2024-10-25 17:00:00,,humidity,36.72624999999999,123.21625,33.05,,,,,
2024-10-26 11:00:00,,humidity,36.72624999999999,123.21625,35.29,,,,,
2024-10-26 12:00:00,,humidity,36.72624999999999,123.21625,29.21,,,,,
2024-10-26 13:00:00,,humidity,36.72624999999999,123.21625,36.43,,,,,
2024-10-26 14:00:00,,humidity,36.72624999999999,123.21625,31.48,,,,,
2024-10-26 15:00:00,,humidity,36.72624999999999,123.21625,31.48,,,,,
2024-11-01 12:00:00,,humidity,36.72624999999999,123.21625,35.84,,,,,
2024-11-01 14:00:00,,humidity,36.72624999999999,123.21625,35.84,,,,,
2024-11-01 15:00:00,,humidity,36.72624999999999,123.21625,31.76,,,,,
2024-11-01 16:00:00,,humidity,36.72624999999999,123.21625,34.7,,,,,
2024-11-02 11:00:00,,humidity,36.72624999999999,123.21625,32.77,,,,,
2024-11-02 12:00:00,,humidity,36.72624999999999,123.21625,35.29,,,,,
2024-11-02 13:00:00,,humidity,36.72624999999999,123.21625,34.38,,,,,
2024-11-02 14:00:00,,humidity,36.72624999999999,123.21625,33.05,,,,,
2024-11-02 15:00:00,,humidity,36.72624999999999,123.21625,31.21,,,,,
2024-11-02 16:00:00,,humidity,36.72624999999999,123.21625,34.91,,,,,
2024-11-10 14:00:00,,humidity,36.72624999999999,123.21625,31.48,,,,,
2024-11-10 15:00:00,,humidity,36.72624999999999,123.21625,35.56,,,,,
2024-11-29 11:00:00,,humidity,36.72624999999999,123.21625,31.37,,,,,
2024-11-29 12:00:00,,humidity,36.72624999999999,123.21625,29.55,,,,,
2024-11-29 13:00:00,,humidity,36.72624999999999,123.21625,33.42,,,,,
2024-11-29 14:00:00,,humidity,36.72624999999999,123.21625,27.57,,,,,
2024-11-29 15:00:00,,humidity,36.72624999999999,123.21625,27.84,,,,,
2024-11-29 16:00:00,,humidity,36.72624999999999,123.21625,32.81,,,,,
2024-11-29 17:00:00,,humidity,36.72624999999999,123.21625,29.27,,,,,
2024-11-30 14:00:00,,humidity,36.72624999999999,123.21625,36.26,,,,,
2024-12-16 12:00:00,,humidity,36.72624999999999,123.21625,28.14,,,,,
2024-12-16 13:00:00,,humidity,36.72624999999999,123.21625,36.42,,,,,
2024-12-16 14:00:00,,humidity,36.72624999999999,123.21625,28.71,,,,,
2024-12-16 15:00:00,,humidity,36.72624999999999,123.21625,32.75,,,,,
2024-12-17 17:00:00,,humidity,36.72624999999999,123.21625,35.12,,,,,
2024-12-18 11:00:00,,humidity,36.72624999999999,123.21625,35.4,,,,,
2024-12-18 12:00:00,,humidity,36.72624999999999,123.21625,35.4,,,,,
2024-12-18 14:00:00,,humidity,36.72624999999999,123.21625,33.6,,,,,
2024-12-18 15:00:00,,humidity,36.72624999999999,123.21625,35.97,,,,,
2024-12-18 16:00:00,,humidity,36.72624999999999,123.21625,35.96,,,,,
2024-12-19 11:00:00,,humidity,36.72624999999999,123.21625,34.83,,,,,
2024-12-19 12:00:00,,humidity,36.72624999999999,123.21625,32.75,,,,,
2024-12-19 13:00:00,,humidity,36.72624999999999,123.21625,34.91,,,,,
2024-12-19 14:00:00,,humidity,36.72624999999999,123.21625,33.32,,,,,
2024-12-19 15:00:00,,humidity,36.72624999999999,123.21625,35.4,,,,,
2024-12-28 11:00:00,,humidity,36.72624999999999,123.21625,35.12,,,,,
2024-12-28 12:00:00,,humidity,36.72624999999999,123.21625,33.03,,,,,
2024-12-28 13:00:00,,humidity,36.72624999999999,123.21625,36.66,,,,,
2024-12-28 14:00:00,,humidity,36.72624999999999,123.21625,33.32,,,,,
2024-12-28 15:00:00,,humidity,36.72624999999999,123.21625,31.08,,,,,
2025-01-03 14:00:00,,humidity,36.72624999999999,123.21625,36.55,,,,,
2025-01-03 15:00:00,,humidity,36.72624999999999,123.21625,34.17,,,,,
2025-01-03 17:00:00,,humidity,36.72624999999999,123.21625,36.26,,,,,
2025-01-05 13:00:00,,humidity,36.72624999999999,123.21625,34.11,,,,,
2025-01-06 14:00:00,,humidity,36.72624999999999,123.21625,35.98,,,,,
2025-01-06 15:00:00,,humidity,36.72624999999999,123.21625,35.98,,,,,
2025-01-12 11:00:00,,humidity,36.72624999999999,123.21625,25.91,,,,,
2025-01-12 12:00:00,,humidity,36.72624999999999,123.21625,24.35,,,,,
2025-01-12 13:00:00,,humidity,36.72624999999999,123.21625,23.69,,,,,
2025-01-12 14:00:00,,humidity,36.72624999999999,123.21625,22.89,,,,,
2025-01-12 15:00:00,,humidity,36.72624999999999,123.21625,24.35,,,,,
2025-01-12 16:00:00,,humidity,36.72624999999999,123.21625,22.58,,,,,
2025-01-12 17:00:00,,humidity,36.72624999999999,123.21625,24.07,,,,,
2025-01-12 18:00:00,,humidity,36.72624999999999,123.21625,27.58,,,,,
2025-01-13 14:00:00,,humidity,36.72624999999999,123.21625,32.75,,,,,
2025-01-13 15:00:00,,humidity,36.72624999999999,123.21625,35.12,,,,,
2025-01-15 12:00:00,,humidity,36.72624999999999,123.21625,33.32,,,,,
2025-01-15 13:00:00,,humidity,36.72624999999999,123.21625,36.14,,,,,
2025-01-15 14:00:00,,humidity,36.72624999999999,123.21625,31.37,,,,,
2025-01-15 15:00:00,,humidity,36.72624999999999,123.21625,31.38,,,,,
2025-01-15 16:00:00,,humidity,36.72624999999999,123.21625,35.41,,,,,
2025-01-15 17:00:00,,humidity,36.72624999999999,123.21625,35.69,,,,,
2025-01-16 11:00:00,,humidity,36.72624999999999,123.21625,32.75,,,,,
2025-01-16 12:00:00,,humidity,36.72624999999999,123.21625,33.04,,,,,
2025-01-16 13:00:00,,humidity,36.72624999999999,123.21625,33.64,,,,,
2025-01-16 14:00:00,,humidity,36.72624999999999,123.21625,31.09,,,,,
2025-01-16 15:00:00,,humidity,36.72624999999999,123.21625,31.09,,,,,
2025-01-16 16:00:00,,humidity,36.72624999999999,123.21625,32.93,,,,,
2025-01-16 17:00:00,,humidity,36.72624999999999,123.21625,33.04,,,,,
2025-01-21 12:00:00,,humidity,36.72624999999999,123.21625,35.98,,,,,
2025-01-21 14:00:00,,humidity,36.72624999999999,123.21625,36.26,,,,,
2025-01-27 10:00:00,,humidity,36.72624999999999,123.21625,34.87,,,,,
2025-01-27 11:00:00,,humidity,36.72624999999999,123.21625,31.6,,,,,
2025-01-27 12:00:00,,humidity,36.72624999999999,123.21625,27.58,,,,,
2025-01-27 13:00:00,,humidity,36.72624999999999,123.21625,30.24,,,,,
2025-01-27 14:00:00,,humidity,36.72624999999999,123.21625,29.67,,,,,
2025-01-27 15:00:00,,humidity,36.72624999999999,123.21625,29.95,,,,,
2025-01-27 16:00:00,,humidity,36.72624999999999,123.21625,27.87,,,,,
2025-01-27 17:00:00,,humidity,36.72624999999999,123.21625,29.67,,,,,
2025-01-28 14:00:00,,humidity,36.72624999999999,123.21625,33.67,,,,,
2025-01-28 15:00:00,,humidity,36.72624999999999,123.21625,33.96,,,,,
2025-01-28 16:00:00,,humidity,36.72624999999999,123.21625,36.03,,,,,
2025-01-28 17:00:00,,humidity,36.72624999999999,123.21625,33.96,,,,,
2025-01-29 15:00:00,,humidity,36.72624999999999,123.21625,34.54,,,,,
2025-01-29 17:00:00,,humidity,36.72624999999999,123.21625,34.54,,,,,
2025-03-19 12:00:00,,humidity,36.72624999999999,123.21625,35.41,,,,,
2025-03-20 11:00:00,,humidity,36.72624999999999,123.21625,25.71,,,,,
2025-03-20 12:00:00,,humidity,36.72624999999999,123.21625,27.57,,,,,
2025-03-20 13:00:00,,humidity,36.72624999999999,123.21625,32.8,,,,,
2025-03-20 14:00:00,,humidity,36.72624999999999,123.21625,24.23,,,,,
2025-03-20 15:00:00,,humidity,36.72624999999999,123.21625,25.71,,,,,
2025-03-20 16:00:00,,humidity,36.72624999999999,123.21625,35.75,,,,,
2025-03-20 17:00:00,,humidity,36.72624999999999,123.21625,33.61,,,,,
2025-03-20 18:00:00,,humidity,36.72624999999999,123.21625,35.69,,,,,
2025-03-21 11:00:00,,humidity,36.72624999999999,123.21625,31.65,,,,,
2025-03-21 12:00:00,,humidity,36.72624999999999,123.21625,28.12,,,,,
2025-03-21 13:00:00,,humidity,36.72624999999999,123.21625,32.93,,,,,
2025-03-21 14:00:00,,humidity,36.72624999999999,123.21625,30.11,,,,,
2025-03-21 15:00:00,,humidity,36.72624999999999,123.21625,30.11,,,,,
2025-03-21 16:00:00,,humidity,36.72624999999999,123.21625,33.61,,,,,
2025-03-21 17:00:00,,humidity,36.72624999999999,123.21625,31.94,,,,,
2025-03-21 18:00:00,,humidity,36.72624999999999,123.21625,36.26,,,,,
2025-03-22 11:00:00,,humidity,36.72624999999999,123.21625,36.26,,,,,
2025-03-22 12:00:00,,humidity,36.72624999999999,123.21625,34.17,,,,,
2025-04-13 12:00:00,,humidity,36.72624999999999,123.21625,31.94,,,,,
2025-04-13 14:00:00,,humidity,36.72624999999999,123.21625,32.22,,,,,
2025-04-14 17:00:00,,humidity,36.72624999999999,123.21625,34.73,,,,,
2025-04-15 14:00:00,,humidity,36.72624999999999,123.21625,31.76,,,,,
2025-04-15 15:00:00,,humidity,36.72624999999999,123.21625,27.87,,,,,
2025-04-15 16:00:00,,humidity,36.72624999999999,123.21625,25.19,,,,,
2025-04-15 17:00:00,,humidity,36.72624999999999,123.21625,22.82,,,,,
2025-04-15 18:00:00,,humidity,36.72624999999999,123.21625,29.22,,,,,
2025-04-16 11:00:00,,humidity,36.72624999999999,123.21625,30.94,,,,,
2025-04-16 12:00:00,,humidity,36.72624999999999,123.21625,33.33,,,,,
2025-04-16 13:00:00,,humidity,36.72624999999999,123.21625,35.04,,,,,
2025-04-16 14:00:00,,humidity,36.72624999999999,123.21625,31.49,,,,,
2025-04-16 15:00:00,,humidity,36.72624999999999,123.21625,35.85,,,,,
2025-05-12 14:00:00,,humidity,36.72624999999999,123.21625,33.05,,,,,
2025-05-12 15:00:00,,humidity,36.72624999999999,123.21625,35.57,,,,,
2025-11-14 13:00:00,,humidity,36.72624999999999,123.21625,36.39,,,,,
2025-11-14 16:00:00,,humidity,36.72624999999999,123.21625,36.59,,,,,
2025-11-22 12:00:00,,humidity,36.72624999999999,123.21625,35.97,,,,,
2025-11-22 13:00:00,,humidity,36.72624999999999,123.21625,36.26,,,,,
2025-11-22 14:00:00,,humidity,36.72624999999999,123.21625,35.97,,,,,
2025-11-25 10:00:00,,humidity,36.72624999999999,123.21625,34.38,,,,,
2025-11-25 11:00:00,,humidity,36.72624999999999,123.21625,35.97,,,,,
2025-11-25 12:00:00,,humidity,36.72624999999999,123.21625,35.97,,,,,
2025-11-25 13:00:00,,humidity,36.72624999999999,123.21625,34.08,,,,,
2025-11-25 15:00:00,,humidity,36.72624999999999,123.21625,35.97,,,,,
2025-11-25 16:00:00,,humidity,36.72624999999999,123.21625,35.09,,,,,
2025-11-26 13:00:00,,humidity,36.72624999999999,123.21625,36.08,,,,,
2025-11-27 11:00:00,,humidity,36.72624999999999,123.21625,33.6,,,,,
2025-11-27 12:00:00,,humidity,36.72624999999999,123.21625,31.37,,,,,
2025-11-27 13:00:00,,humidity,36.72624999999999,123.21625,27.01,,,,,
2025-11-27 14:00:00,,humidity,36.72624999999999,123.21625,29.55,,,,,
2025-11-27 15:00:00,,humidity,36.72624999999999,123.21625,29.55,,,,,
2025-11-27 16:00:00,,humidity,36.72624999999999,123.21625,27.93,,,,,
2025-11-28 13:00:00,,humidity,36.72624999999999,123.21625,35.91,,,,,
2025-11-28 14:00:00,,humidity,36.72624999999999,123.21625,31.65,,,,,
2025-11-28 15:00:00,,humidity,36.72624999999999,123.21625,31.65,,,,,
2025-11-28 16:00:00,,humidity,36.72624999999999,123.21625,29.75,,,,,
2025-11-29 15:00:00,,humidity,36.72624999999999,123.21625,36.26,,,,,
2025-11-29 16:00:00,,humidity,36.72624999999999,123.21625,35.42,,,,,
2026-01-08 13:00:00,,humidity,36.72624999999999,123.21625,35.05,,,,,
2026-01-11 14:00:00,,humidity,36.72624999999999,123.21625,33.32,,,,,
2026-01-11 15:00:00,,humidity,36.72624999999999,123.21625,35.69,,,,,
2026-01-11 16:00:00,,humidity,36.72624999999999,123.21625,35.67,,,,,
2026-01-11 17:00:00,,humidity,36.72624999999999,123.21625,35.4,,,,,
2023-03-11 08:00:00,,precip,0.0,0.0,,0.1,,,,
2023-03-11 09:00:00,,precip,0.0,0.0,,0.3,,,,
2023-03-11 11:00:00,,precip,0.0,0.0,,0.1,,,,
2023-03-11 12:00:00,,precip,0.0,0.0,,0.1,,,,
2023-03-11 14:00:00,,precip,0.0,0.0,,0.1,,,,
2023-03-12 01:00:00,,precip,0.0,0.0,,0.1,,,,
2023-03-13 00:00:00,,precip,0.0,0.0,,0.2,,,,
2023-03-13 02:00:00,,precip,0.0,0.0,,0.1,,,,
2023-03-15 19:00:00,,precip,0.0,0.0,,0.1,,,,
2023-03-16 19:00:00,,precip,0.0,0.0,,0.5,,,,
2023-03-18 05:00:00,,precip,0.0,0.0,,0.1,,,,
2023-03-18 08:00:00,,precip,0.0,0.0,,0.1,,,,
2023-03-18 09:00:00,,precip,0.0,0.0,,0.1,,,,
2023-03-18 11:00:00,,precip,0.0,0.0,,0.1,,,,
2023-03-19 08:00:00,,precip,0.0,0.0,,0.1,,,,
2023-03-20 08:00:00,,precip,0.0,0.0,,0.1,,,,
2023-03-21 19:00:00,,precip,0.0,0.0,,0.1,,,,
2023-03-23 18:00:00,,precip,0.0,0.0,,0.1,,,,
2023-03-25 19:00:00,,precip,0.0,0.0,,1.7,,,,
2023-03-26 19:00:00,,precip,0.0,0.0,,2.1,,,,
2023-03-27 19:00:00,,precip,0.0,0.0,,1.0,,,,
2023-03-28 00:00:00,,precip,0.0,0.0,,0.1,,,,
2023-03-28 02:00:00,,precip,0.0,0.0,,0.1,,,,
2023-03-28 08:00:00,,precip,0.0,0.0,,0.1,,,,
2023-03-28 09:00:00,,precip,0.0,0.0,,0.1,,,,
2023-03-28 21:00:00,,precip,0.0,0.0,,0.1,,,,
2023-03-29 19:00:00,,precip,0.0,0.0,,1.4,,,,
2023-03-30 19:00:00,,precip,0.0,0.0,,0.7,,,,
2023-03-31 19:00:00,,precip,0.0,0.0,,1.3,,,,
2023-04-01 19:00:00,,precip,0.0,0.0,,1.3,,,,
2023-04-02 19:00:00,,precip,0.0,0.0,,0.4,,,,
2023-04-03 01:00:00,,precip,0.0,0.0,,0.1,,,,
2023-04-06 09:00:00,,precip,0.0,0.0,,0.1,,,,
2023-04-06 11:00:00,,precip,0.0,0.0,,0.1,,,,
2023-04-06 12:00:00,,precip,0.0,0.0,,0.3,,,,
2023-04-08 00:00:00,,precip,0.0,0.0,,0.1,,,,
2023-04-08 02:00:00,,precip,0.0,0.0,,0.2,,,,
2023-04-08 03:00:00,,precip,0.0,0.0,,0.3,,,,
2023-04-08 05:00:00,,precip,0.0,0.0,,0.4,,,,
2023-04-08 06:00:00,,precip,0.0,0.0,,0.5,,,,
2023-04-08 08:00:00,,precip,0.0,0.0,,0.4,,,,
2023-04-08 09:00:00,,precip,0.0,0.0,,0.5,,,,
2023-04-08 11:00:00,,precip,0.0,0.0,,0.4,,,,
2023-04-08 12:00:00,,precip,0.0,0.0,,0.3,,,,
2023-04-08 14:00:00,,precip,0.0,0.0,,0.2,,,,
2023-04-08 20:00:00,,precip,0.0,0.0,,0.1,,,,
2023-04-09 05:00:00,,precip,0.0,0.0,,0.1,,,,
2023-04-09 08:00:00,,precip,0.0,0.0,,0.1,,,,
2023-04-10 01:00:00,,precip,0.0,0.0,,0.1,,,,
2023-04-10 13:00:00,,precip,0.0,0.0,,0.5,,,,
2023-04-11 01:00:00,,precip,0.0,0.0,,0.5,,,,
2023-04-12 07:00:00,,precip,0.0,0.0,,4.0,,,,
2023-04-12 13:00:00,,precip,0.0,0.0,,0.3,,,,
2023-04-13 07:00:00,,precip,0.0,0.0,,2.0,,,,
2023-04-13 13:00:00,,precip,0.0,0.0,,1.0,,,,
2023-04-14 01:00:00,,precip,0.0,0.0,,2.0,,,,
2023-04-15 01:00:00,,precip,0.0,0.0,,0.5,,,,
2023-04-15 13:00:00,,precip,0.0,0.0,,8.5,,,,
2023-04-24 08:00:00,,precip,0.0,0.0,,0.2,,,,
2023-04-24 09:00:00,,precip,0.0,0.0,,0.5,,,,
2023-04-24 11:00:00,,precip,0.0,0.0,,2.5,,,,
2023-04-24 12:00:00,,precip,0.0,0.0,,5.2,,,,
2023-04-24 15:00:00,,precip,0.0,0.0,,3.1,,,,
2023-04-24 17:00:00,,precip,0.0,0.0,,0.5,,,,
2023-04-24 20:00:00,,precip,0.0,0.0,,0.1,,,,
2023-04-24 21:00:00,,precip,0.0,0.0,,0.1,,,,
2023-04-24 23:00:00,,precip,0.0,0.0,,0.3,,,,
2023-04-25 13:00:00,,precip,0.0,0.0,,4.0,,,,
2023-04-26 14:00:00,,precip,0.0,0.0,,0.4,,,,
2023-04-26 15:00:00,,precip,0.0,0.0,,0.1,,,,
2023-04-26 17:00:00,,precip,0.0,0.0,,0.1,,,,
2023-04-28 08:00:00,,precip,0.0,0.0,,0.2,,,,
2023-04-28 09:00:00,,precip,0.0,0.0,,0.1,,,,
2023-04-28 11:00:00,,precip,0.0,0.0,,0.1,,,,
2023-04-28 12:00:00,,precip,0.0,0.0,,0.1,,,,
2023-04-28 14:00:00,,precip,0.0,0.0,,0.2,,,,
2023-04-28 15:00:00,,precip,0.0,0.0,,0.1,,,,
2023-04-29 19:00:00,,precip,0.0,0.0,,53.8,,,,
2023-04-30 19:00:00,,precip,0.0,0.0,,0.5,,,,
2023-05-03 12:00:00,,precip,0.0,0.0,,0.1,,,,
2023-05-07 18:00:00,,precip,0.0,0.0,,0.7,,,,
2023-05-07 20:00:00,,precip,0.0,0.0,,0.6,,,,
2023-05-07 21:00:00,,precip,0.0,0.0,,0.8,,,,
2023-05-07 23:00:00,,precip,0.0,0.0,,0.6,,,,
2023-05-08 19:00:00,,precip,0.0,0.0,,26.2,,,,
2023-05-09 19:00:00,,precip,0.0,0.0,,11.8,,,,
2023-05-10 19:00:00,,precip,0.0,0.0,,0.3,,,,
2023-05-11 00:00:00,,precip,0.0,0.0,,0.2,,,,
2023-05-11 02:00:00,,precip,0.0,0.0,,0.3,,,,
2023-05-11 03:00:00,,precip,0.0,0.0,,0.1,,,,
2023-05-11 05:00:00,,precip,0.0,0.0,,0.1,,,,
2023-05-11 08:00:00,,precip,0.0,0.0,,0.2,,,,
2023-05-11 09:00:00,,precip,0.0,0.0,,0.3,,,,
2023-05-11 11:00:00,,precip,0.0,0.0,,3.0,,,,
2023-05-11 12:00:00,,precip,0.0,0.0,,0.7,,,,
2023-05-11 14:00:00,,precip,0.0,0.0,,0.3,,,,
2023-05-11 15:00:00,,precip,0.0,0.0,,0.2,,,,
2023-05-11 20:00:00,,precip,0.0,0.0,,0.1,,,,
2023-05-12 02:00:00,,precip,0.0,0.0,,0.5,,,,
2023-05-12 03:00:00,,precip,0.0,0.0,,0.4,,,,
2023-05-12 05:00:00,,precip,0.0,0.0,,0.2,,,,
2023-05-12 08:00:00,,precip,0.0,0.0,,0.1,,,,
2023-05-12 09:00:00,,precip,0.0,0.0,,0.3,,,,
2023-05-12 12:00:00,,precip,0.0,0.0,,0.2,,,,
2023-05-13 00:00:00,,precip,0.0,0.0,,0.4,,,,
2023-05-13 02:00:00,,precip,0.0,0.0,,1.0,,,,
2023-05-13 03:00:00,,precip,0.0,0.0,,0.7,,,,
2023-05-13 05:00:00,,precip,0.0,0.0,,0.3,,,,
2023-05-13 06:00:00,,precip,0.0,0.0,,0.1,,,,
2023-05-13 23:00:00,,precip,0.0,0.0,,0.1,,,,
2023-05-14 19:00:00,,precip,0.0,0.0,,0.2,,,,
2023-05-15 00:00:00,,precip,0.0,0.0,,1.1,,,,
2023-05-16 19:00:00,,precip,0.0,0.0,,0.2,,,,
2023-05-20 19:00:00,,precip,0.0,0.0,,0.1,,,,
2023-05-23 19:00:00,,precip,0.0,0.0,,0.1,,,,
2023-05-24 19:00:00,,precip,0.0,0.0,,3.8,,,,
2023-05-25 19:00:00,,precip,0.0,0.0,,7.5,,,,
2023-05-26 19:00:00,,precip,0.0,0.0,,4.8,,,,
2023-05-27 08:00:00,,precip,0.0,0.0,,0.1,,,,
2023-05-27 09:00:00,,precip,0.0,0.0,,0.1,,,,
2023-05-27 11:00:00,,precip,0.0,0.0,,0.2,,,,
2023-05-27 12:00:00,,precip,0.0,0.0,,0.2,,,,
2023-05-27 14:00:00,,precip,0.0,0.0,,1.4,,,,
2023-05-27 23:00:00,,precip,0.0,0.0,,0.1,,,,
2023-05-28 19:00:00,,precip,0.0,0.0,,0.1,,,,
2023-06-02 20:00:00,,precip,0.0,0.0,,0.2,,,,
2023-06-03 01:00:00,,precip,0.0,0.0,,2.0,,,,
2023-06-04 19:00:00,,precip,0.0,0.0,,3.0,,,,
2023-06-05 00:00:00,,precip,0.0,0.0,,0.2,,,,
2023-06-05 02:00:00,,precip,0.0,0.0,,3.2,,,,
2023-06-05 03:00:00,,precip,0.0,0.0,,2.1,,,,
2023-06-05 05:00:00,,precip,0.0,0.0,,0.3,,,,
2023-06-05 06:00:00,,precip,0.0,0.0,,0.2,,,,
2023-06-05 09:00:00,,precip,0.0,0.0,,0.1,,,,
2023-06-05 11:00:00,,precip,0.0,0.0,,0.1,,,,
2023-06-05 12:00:00,,precip,0.0,0.0,,0.1,,,,
2023-06-05 14:00:00,,precip,0.0,0.0,,0.3,,,,
2023-06-05 15:00:00,,precip,0.0,0.0,,0.1,,,,
2023-06-05 17:00:00,,precip,0.0,0.0,,1.0,,,,
2023-06-05 18:00:00,,precip,0.0,0.0,,0.1,,,,
2023-06-05 20:00:00,,precip,0.0,0.0,,0.1,,,,
2023-06-05 21:00:00,,precip,0.0,0.0,,0.1,,,,
2023-06-05 23:00:00,,precip,0.0,0.0,,0.2,,,,
2023-06-06 13:00:00,,precip,0.0,0.0,,17.0,,,,
2023-06-07 00:00:00,,precip,0.0,0.0,,0.1,,,,
2023-06-07 02:00:00,,precip,0.0,0.0,,0.1,,,,
2023-06-07 11:00:00,,precip,0.0,0.0,,0.1,,,,
2023-06-08 11:00:00,,precip,0.0,0.0,,0.1,,,,
2023-06-08 12:00:00,,precip,0.0,0.0,,0.1,,,,
2023-06-08 17:00:00,,precip,0.0,0.0,,0.1,,,,
2023-06-08 19:00:00,,precip,0.0,0.0,,0.8,,,,
2023-06-08 20:00:00,,precip,0.0,0.0,,1.1,,,,
2023-06-08 21:00:00,,precip,0.0,0.0,,0.6,,,,
2023-06-08 23:00:00,,precip,0.0,0.0,,3.0,,,,
2023-06-09 19:00:00,,precip,0.0,0.0,,52.0,,,,
2023-06-10 17:00:00,,precip,0.0,0.0,,0.1,,,,
2023-06-11 17:00:00,,precip,0.0,0.0,,0.4,,,,
2023-06-11 18:00:00,,precip,0.0,0.0,,0.2,,,,
2023-06-12 19:00:00,,precip,0.0,0.0,,0.7,,,,
2023-06-13 19:00:00,,precip,0.0,0.0,,0.2,,,,
2023-06-14 19:00:00,,precip,0.0,0.0,,26.9,,,,
2023-06-15 02:00:00,,precip,0.0,0.0,,0.8,,,,
2023-06-15 03:00:00,,precip,0.0,0.0,,0.9,,,,
2023-06-15 05:00:00,,precip,0.0,0.0,,0.4,,,,
2023-06-15 06:00:00,,precip,0.0,0.0,,0.1,,,,
2023-06-15 09:00:00,,precip,0.0,0.0,,0.1,,,,
2023-06-15 11:00:00,,precip,0.0,0.0,,0.2,,,,
2023-06-15 12:00:00,,precip,0.0,0.0,,0.5,,,,
2023-06-15 14:00:00,,precip,0.0,0.0,,0.2,,,,
2023-06-15 15:00:00,,precip,0.0,0.0,,1.0,,,,
2023-06-15 17:00:00,,precip,0.0,0.0,,3.7,,,,
2023-06-15 18:00:00,,precip,0.0,0.0,,2.3,,,,
2023-06-15 20:00:00,,precip,0.0,0.0,,0.3,,,,
2023-06-15 21:00:00,,precip,0.0,0.0,,0.4,,,,
2023-06-16 11:00:00,,precip,0.0,0.0,,0.1,,,,
2023-06-16 12:00:00,,precip,0.0,0.0,,0.1,,,,
2023-06-16 14:00:00,,precip,0.0,0.0,,1.7,,,,
2023-06-16 15:00:00,,precip,0.0,0.0,,2.3,,,,
2023-06-17 00:00:00,,precip,0.0,0.0,,0.1,,,,
2023-06-17 17:00:00,,precip,0.0,0.0,,0.2,,,,
2023-06-17 18:00:00,,precip,0.0,0.0,,0.6,,,,
2023-06-18 19:00:00,,precip,0.0,0.0,,16.0,,,,
2023-06-19 14:00:00,,precip,0.0,0.0,,0.1,,,,
2023-06-19 17:00:00,,precip,0.0,0.0,,0.1,,,,
2023-06-20 19:00:00,,precip,0.0,0.0,,6.7,,,,
2023-06-21 19:00:00,,precip,0.0,0.0,,19.1,,,,
2023-06-22 19:00:00,,precip,0.0,0.0,,18.0,,,,
2023-06-23 19:00:00,,precip,0.0,0.0,,1.1,,,,
2023-06-24 19:00:00,,precip,0.0,0.0,,40.2,,,,
2023-06-25 01:00:00,,precip,0.0,0.0,,11.0,,,,
2023-06-25 07:00:00,,precip,0.0,0.0,,16.0,,,,
2023-06-25 13:00:00,,precip,0.0,0.0,,3.0,,,,
2023-06-26 19:00:00,,precip,0.0,0.0,,13.8,,,,
2023-06-27 19:00:00,,precip,0.0,0.0,,0.1,,,,
2023-06-28 19:00:00,,precip,0.0,0.0,,6.3,,,,
2023-06-29 11:00:00,,precip,0.0,0.0,,0.1,,,,
2023-06-29 12:00:00,,precip,0.0,0.0,,0.1,,,,
2023-07-01 19:00:00,,precip,0.0,0.0,,0.4,,,,
2023-07-02 19:00:00,,precip,0.0,0.0,,0.1,,,,
2023-07-03 19:00:00,,precip,0.0,0.0,,2.0,,,,
2023-07-04 03:00:00,,precip,0.0,0.0,,0.1,,,,
2023-07-04 05:00:00,,precip,0.0,0.0,,0.2,,,,
2023-07-04 11:00:00,,precip,0.0,0.0,,0.7,,,,
2023-07-04 12:00:00,,precip,0.0,0.0,,0.7,,,,
2023-07-04 14:00:00,,precip,0.0,0.0,,0.2,,,,
2023-07-04 17:00:00,,precip,0.0,0.0,,0.3,,,,
2023-07-04 18:00:00,,precip,0.0,0.0,,0.1,,,,
2023-07-04 20:00:00,,precip,0.0,0.0,,0.2,,,,
2023-07-04 21:00:00,,precip,0.0,0.0,,0.2,,,,
2023-07-05 19:00:00,,precip,0.0,0.0,,2.5,,,,
2023-07-06 19:00:00,,precip,0.0,0.0,,0.2,,,,
2023-07-08 19:00:00,,precip,0.0,0.0,,0.1,,,,
2023-07-09 19:00:00,,precip,0.0,0.0,,0.1,,,,
2023-07-10 19:00:00,,precip,0.0,0.0,,15.8,,,,
2023-07-11 19:00:00,,precip,0.0,0.0,,5.7,,,,
2023-07-13 19:00:00,,precip,0.0,0.0,,1.3,,,,
2023-07-14 04:00:00,,precip,0.0,0.0,,0.1,,,,
2023-07-14 05:00:00,,precip,0.0,0.0,,0.1,,,,
2023-07-14 11:00:00,,precip,0.0,0.0,,0.1,,,,
2023-07-14 12:00:00,,precip,0.0,0.0,,0.4,,,,
2023-07-14 14:00:00,,precip,0.0,0.0,,0.1,,,,
2023-07-14 15:00:00,,precip,0.0,0.0,,0.2,,,,
2023-07-14 18:00:00,,precip,0.0,0.0,,0.1,,,,
2023-07-14 23:00:00,,precip,0.0,0.0,,0.6,,,,
2023-07-15 00:00:00,,precip,0.0,0.0,,3.4,,,,
2023-07-15 03:00:00,,precip,0.0,0.0,,0.1,,,,
2023-07-15 05:00:00,,precip,0.0,0.0,,0.2,,,,
2023-07-15 11:00:00,,precip,0.0,0.0,,0.1,,,,
2023-07-15 14:00:00,,precip,0.0,0.0,,0.1,,,,
2023-07-15 15:00:00,,precip,0.0,0.0,,0.1,,,,
2023-07-15 17:00:00,,precip,0.0,0.0,,2.2,,,,
2023-07-15 18:00:00,,precip,0.0,0.0,,1.3,,,,
2023-07-16 17:00:00,,precip,0.0,0.0,,2.4,,,,
2023-07-16 18:00:00,,precip,0.0,0.0,,0.1,,,,
2023-07-17 11:00:00,,precip,0.0,0.0,,0.1,,,,
2023-07-18 19:00:00,,precip,0.0,0.0,,2.7,,,,
2023-07-19 19:00:00,,precip,0.0,0.0,,14.6,,,,
2023-07-20 19:00:00,,precip,0.0,0.0,,7.0,,,,
2023-07-21 02:00:00,,precip,0.0,0.0,,0.2,,,,
2023-07-21 03:00:00,,precip,0.0,0.0,,0.1,,,,
2023-07-21 05:00:00,,precip,0.0,0.0,,1.5,,,,
2023-07-21 06:00:00,,precip,0.0,0.0,,0.3,,,,
2023-07-21 08:00:00,,precip,0.0,0.0,,1.1,,,,
2023-07-21 09:00:00,,precip,0.0,0.0,,1.2,,,,
2023-07-21 12:00:00,,precip,0.0,0.0,,0.1,,,,
2023-07-21 14:00:00,,precip,0.0,0.0,,0.3,,,,
2023-07-22 09:00:00,,precip,0.0,0.0,,0.1,,,,
2023-07-22 12:00:00,,precip,0.0,0.0,,0.1,,,,
2023-07-22 14:00:00,,precip,0.0,0.0,,0.1,,,,
2023-07-22 17:00:00,,precip,0.0,0.0,,0.1,,,,
2023-07-27 20:00:00,,precip,0.0,0.0,,0.4,,,,
2023-07-27 21:00:00,,precip,0.0,0.0,,2.0,,,,
2023-07-28 19:00:00,,precip,0.0,0.0,,0.1,,,,
2023-07-29 19:00:00,,precip,0.0,0.0,,2.8,,,,
2023-07-30 19:00:00,,precip,0.0,0.0,,12.2,,,,
2023-07-31 19:00:00,,precip,0.0,0.0,,72.1,,,,
2023-08-01 19:00:00,,precip,0.0,0.0,,3.3,,,,
2023-08-02 19:00:00,,precip,0.0,0.0,,4.8,,,,
2023-08-03 19:00:00,,precip,0.0,0.0,,13.1,,,,
2023-08-04 19:00:00,,precip,0.0,0.0,,25.4,,,,
2023-08-05 19:00:00,,precip,0.0,0.0,,56.1,,,,
2023-08-06 06:00:00,,precip,0.0,0.0,,0.5,,,,
2023-08-06 08:00:00,,precip,0.0,0.0,,0.5,,,,
2023-08-06 09:00:00,,precip,0.0,0.0,,0.4,,,,
2023-08-06 11:00:00,,precip,0.0,0.0,,0.4,,,,
2023-08-06 12:00:00,,precip,0.0,0.0,,0.8,,,,
2023-08-06 14:00:00,,precip,0.0,0.0,,0.1,,,,
2023-08-06 15:00:00,,precip,0.0,0.0,,1.5,,,,
2023-08-06 17:00:00,,precip,0.0,0.0,,0.3,,,,
2023-08-07 11:00:00,,precip,0.0,0.0,,0.1,,,,
2023-08-07 12:00:00,,precip,0.0,0.0,,0.2,,,,
2023-08-07 15:00:00,,precip,0.0,0.0,,2.2,,,,
2023-08-07 17:00:00,,precip,0.0,0.0,,1.1,,,,
2023-08-07 18:00:00,,precip,0.0,0.0,,0.4,,,,
2023-08-07 20:00:00,,precip,0.0,0.0,,0.1,,,,
2023-08-07 22:00:00,,precip,0.0,0.0,,0.1,,,,
2023-08-08 11:00:00,,precip,0.0,0.0,,0.1,,,,
2023-08-08 12:00:00,,precip,0.0,0.0,,0.1,,,,
2023-08-08 15:00:00,,precip,0.0,0.0,,0.1,,,,
2023-08-08 17:00:00,,precip,0.0,0.0,,1.0,,,,
2023-08-09 11:00:00,,precip,0.0,0.0,,0.1,,,,
2023-08-09 14:00:00,,precip,0.0,0.0,,0.1,,,,
2023-08-09 17:00:00,,precip,0.0,0.0,,1.8,,,,
2023-08-09 18:00:00,,precip,0.0,0.0,,2.8,,,,
2023-08-10 19:00:00,,precip,0.0,0.0,,5.0,,,,
2023-08-11 19:00:00,,precip,0.0,0.0,,80.1,,,,
2023-08-12 19:00:00,,precip,0.0,0.0,,6.3,,,,
2023-08-13 00:00:00,,precip,0.0,0.0,,0.8,,,,
2023-08-13 09:00:00,,precip,0.0,0.0,,0.1,,,,
2023-08-13 11:00:00,,precip,0.0,0.0,,0.3,,,,
2023-08-13 12:00:00,,precip,0.0,0.0,,0.2,,,,
2023-08-13 14:00:00,,precip,0.0,0.0,,0.1,,,,
2023-08-13 17:00:00,,precip,0.0,0.0,,1.5,,,,
2023-08-14 08:00:00,,precip,0.0,0.0,,0.3,,,,
2023-08-14 09:00:00,,precip,0.0,0.0,,0.4,,,,
2023-08-14 11:00:00,,precip,0.0,0.0,,0.4,,,,
2023-08-14 12:00:00,,precip,0.0,0.0,,0.4,,,,
2023-08-14 15:00:00,,precip,0.0,0.0,,0.3,,,,
2023-08-14 17:00:00,,precip,0.0,0.0,,2.2,,,,
2023-08-14 20:00:00,,precip,0.0,0.0,,0.1,,,,
2023-08-14 21:00:00,,precip,0.0,0.0,,0.2,,,,
2023-08-14 23:00:00,,precip,0.0,0.0,,0.3,,,,
2023-08-15 19:00:00,,precip,0.0,0.0,,11.1,,,,
2023-08-16 19:00:00,,precip,0.0,0.0,,0.4,,,,
2023-08-17 11:00:00,,precip,0.0,0.0,,0.1,,,,
2023-08-17 12:00:00,,precip,0.0,0.0,,0.1,,,,
2023-08-18 23:00:00,,precip,0.0,0.0,,7.0,,,,
2023-08-19 19:00:00,,precip,0.0,0.0,,0.7,,,,
2023-08-20 19:00:00,,precip,0.0,0.0,,46.1,,,,
2023-08-21 08:00:00,,precip,0.0,0.0,,0.1,,,,
2023-08-21 09:00:00,,precip,0.0,0.0,,0.1,,,,
2023-08-21 11:00:00,,precip,0.0,0.0,,0.1,,,,
2023-08-21 12:00:00,,precip,0.0,0.0,,0.1,,,,
2023-08-21 14:00:00,,precip,0.0,0.0,,0.1,,,,
2023-08-21 15:00:00,,precip,0.0,0.0,,2.0,,,,
2023-08-22 09:00:00,,precip,0.0,0.0,,0.1,,,,
2023-08-22 11:00:00,,precip,0.0,0.0,,0.2,,,,
2023-08-22 12:00:00,,precip,0.0,0.0,,0.2,,,,
2023-08-22 14:00:00,,precip,0.0,0.0,,0.1,,,,
2023-08-23 02:00:00,,precip,0.0,0.0,,1.8,,,,
2023-08-23 03:00:00,,precip,0.0,0.0,,0.5,,,,
2023-08-23 11:00:00,,precip,0.0,0.0,,0.1,,,,
2023-08-23 12:00:00,,precip,0.0,0.0,,0.1,,,,
2023-08-23 20:00:00,,precip,0.0,0.0,,1.2,,,,
2023-08-23 21:00:00,,precip,0.0,0.0,,1.5,,,,
2023-08-24 00:00:00,,precip,0.0,0.0,,1.2,,,,
2023-08-24 02:00:00,,precip,0.0,0.0,,2.6,,,,
2023-08-24 03:00:00,,precip,0.0,0.0,,1.9,,,,
2023-08-24 05:00:00,,precip,0.0,0.0,,1.2,,,,
2023-08-24 06:00:00,,precip,0.0,0.0,,0.3,,,,
2023-08-24 08:00:00,,precip,0.0,0.0,,0.4,,,,
2023-08-24 09:00:00,,precip,0.0,0.0,,0.3,,,,
2023-08-24 11:00:00,,precip,0.0,0.0,,0.3,,,,
2023-08-24 12:00:00,,precip,0.0,0.0,,0.3,,,,
2023-08-24 14:00:00,,precip,0.0,0.0,,0.1,,,,
2023-08-24 15:00:00,,precip,0.0,0.0,,0.9,,,,
2023-08-24 17:00:00,,precip,0.0,0.0,,0.3,,,,
2023-08-24 18:00:00,,precip,0.0,0.0,,0.3,,,,
2023-08-24 19:00:00,,precip,0.0,0.0,,2.3,,,,
2023-08-24 20:00:00,,precip,0.0,0.0,,2.0,,,,
2023-08-24 21:00:00,,precip,0.0,0.0,,1.6,,,,
2023-08-24 23:00:00,,precip,0.0,0.0,,0.3,,,,
2023-08-25 19:00:00,,precip,0.0,0.0,,0.4,,,,
2023-08-26 19:00:00,,precip,0.0,0.0,,2.1,,,,
2023-08-27 19:00:00,,precip,0.0,0.0,,18.0,,,,
2023-08-28 19:00:00,,precip,0.0,0.0,,13.0,,,,
2023-09-03 19:00:00,,precip,0.0,0.0,,0.1,,,,
2023-09-04 19:00:00,,precip,0.0,0.0,,13.8,,,,
2023-09-05 08:00:00,,precip,0.0,0.0,,1.0,,,,
2023-09-05 09:00:00,,precip,0.0,0.0,,0.5,,,,
2023-09-06 14:00:00,,precip,0.0,0.0,,0.1,,,,
2023-09-06 15:00:00,,precip,0.0,0.0,,0.1,,,,
2023-09-07 02:00:00,,precip,0.0,0.0,,0.2,,,,
2023-09-07 11:00:00,,precip,0.0,0.0,,0.1,,,,
2023-09-07 21:00:00,,precip,0.0,0.0,,0.1,,,,
2023-09-07 23:00:00,,precip,0.0,0.0,,0.1,,,,
2023-09-08 19:00:00,,precip,0.0,0.0,,36.4,,,,
2023-09-09 13:00:00,,precip,0.0,0.0,,0.3,,,,
2023-09-10 01:00:00,,precip,0.0,0.0,,2.0,,,,
2023-09-10 19:00:00,,precip,0.0,0.0,,13.0,,,,
2023-09-11 02:00:00,,precip,0.0,0.0,,0.2,,,,
2023-09-11 03:00:00,,precip,0.0,0.0,,0.1,,,,
2023-09-11 05:00:00,,precip,0.0,0.0,,0.1,,,,
2023-09-11 06:00:00,,precip,0.0,0.0,,0.2,,,,
2023-09-11 10:00:00,,precip,0.0,0.0,,0.1,,,,
2023-09-11 11:00:00,,precip,0.0,0.0,,0.3,,,,
2023-09-11 12:00:00,,precip,0.0,0.0,,0.2,,,,
2023-09-11 15:00:00,,precip,0.0,0.0,,0.1,,,,
2023-09-11 17:00:00,,precip,0.0,0.0,,0.7,,,,
2023-09-12 00:00:00,,precip,0.0,0.0,,0.1,,,,
2023-09-12 02:00:00,,precip,0.0,0.0,,0.1,,,,
2023-09-12 03:00:00,,precip,0.0,0.0,,0.2,,,,
2023-09-12 05:00:00,,precip,0.0,0.0,,0.7,,,,
2023-09-12 06:00:00,,precip,0.0,0.0,,1.2,,,,
2023-09-12 08:00:00,,precip,0.0,0.0,,1.9,,,,
2023-09-12 09:00:00,,precip,0.0,0.0,,2.0,,,,
2023-09-12 11:00:00,,precip,0.0,0.0,,2.3,,,,
2023-09-12 12:00:00,,precip,0.0,0.0,,3.7,,,,
2023-09-12 14:00:00,,precip,0.0,0.0,,1.7,,,,
2023-09-12 15:00:00,,precip,0.0,0.0,,1.0,,,,
2023-09-12 17:00:00,,precip,0.0,0.0,,0.4,,,,
2023-09-12 18:00:00,,precip,0.0,0.0,,0.3,,,,
2023-09-12 20:00:00,,precip,0.0,0.0,,0.5,,,,
2023-09-12 21:00:00,,precip,0.0,0.0,,0.9,,,,
2023-09-12 23:00:00,,precip,0.0,0.0,,2.0,,,,
2023-09-13 07:00:00,,precip,0.0,0.0,,11.0,,,,
2023-09-13 19:00:00,,precip,0.0,0.0,,0.1,,,,
2023-09-14 01:00:00,,precip,0.0,0.0,,0.1,,,,
2023-09-14 07:00:00,,precip,0.0,0.0,,14.9,,,,
2023-09-14 13:00:00,,precip,0.0,0.0,,51.0,,,,
2023-09-15 01:00:00,,precip,0.0,0.0,,2.0,,,,
2023-09-15 13:00:00,,precip,0.0,0.0,,0.4,,,,
2023-09-16 05:00:00,,precip,0.0,0.0,,0.3,,,,
2023-09-16 06:00:00,,precip,0.0,0.0,,0.4,,,,
2023-09-16 08:00:00,,precip,0.0,0.0,,0.3,,,,
2023-09-16 09:00:00,,precip,0.0,0.0,,0.3,,,,
2023-09-16 11:00:00,,precip,0.0,0.0,,0.5,,,,
2023-09-16 12:00:00,,precip,0.0,0.0,,0.4,,,,
2023-09-16 14:00:00,,precip,0.0,0.0,,0.8,,,,
2023-09-16 15:00:00,,precip,0.0,0.0,,0.4,,,,
2023-09-16 17:00:00,,precip,0.0,0.0,,0.1,,,,
2023-09-16 18:00:00,,precip,0.0,0.0,,0.1,,,,
2023-09-16 23:00:00,,precip,0.0,0.0,,1.2,,,,
2023-09-17 01:00:00,,precip,0.0,0.0,,0.5,,,,
2023-09-17 19:00:00,,precip,0.0,0.0,,9.5,,,,
2023-09-18 01:00:00,,precip,0.0,0.0,,0.5,,,,
2023-09-18 07:00:00,,precip,0.0,0.0,,2.5,,,,
2023-09-19 00:00:00,,precip,0.0,0.0,,0.2,,,,
2023-09-19 02:00:00,,precip,0.0,0.0,,0.1,,,,
2023-09-19 03:00:00,,precip,0.0,0.0,,0.2,,,,
2023-09-19 09:00:00,,precip,0.0,0.0,,0.1,,,,
2023-09-19 11:00:00,,precip,0.0,0.0,,0.1,,,,
2023-09-19 12:00:00,,precip,0.0,0.0,,0.1,,,,
2023-09-19 15:00:00,,precip,0.0,0.0,,0.1,,,,
2023-09-20 09:00:00,,precip,0.0,0.0,,0.1,,,,
2023-09-20 11:00:00,,precip,0.0,0.0,,0.1,,,,
2023-09-20 12:00:00,,precip,0.0,0.0,,0.1,,,,
2023-09-20 14:00:00,,precip,0.0,0.0,,0.1,,,,
2023-09-20 15:00:00,,precip,0.0,0.0,,0.9,,,,
2023-09-20 17:00:00,,precip,0.0,0.0,,0.1,,,,
2023-09-20 20:00:00,,precip,0.0,0.0,,0.1,,,,
2023-09-21 11:00:00,,precip,0.0,0.0,,0.2,,,,
2023-09-21 12:00:00,,precip,0.0,0.0,,0.3,,,,
2023-09-21 14:00:00,,precip,0.0,0.0,,0.1,,,,
2023-09-21 15:00:00,,precip,0.0,0.0,,0.2,,,,
2023-09-21 17:00:00,,precip,0.0,0.0,,0.3,,,,
2023-09-21 18:00:00,,precip,0.0,0.0,,0.2,,,,
2023-09-22 14:00:00,,precip,0.0,0.0,,0.1,,,,
2023-09-22 15:00:00,,precip,0.0,0.0,,0.1,,,,
2023-09-23 15:00:00,,precip,0.0,0.0,,0.2,,,,
2023-09-24 08:00:00,,precip,0.0,0.0,,0.1,,,,
2023-09-24 09:00:00,,precip,0.0,0.0,,0.1,,,,
2023-09-24 11:00:00,,precip,0.0,0.0,,0.1,,,,
2023-09-24 12:00:00,,precip,0.0,0.0,,0.1,,,,
2023-09-24 15:00:00,,precip,0.0,0.0,,0.3,,,,
2023-09-24 23:00:00,,precip,0.0,0.0,,0.2,,,,
2023-09-25 19:00:00,,precip,0.0,0.0,,20.495,,,,
2023-09-26 07:00:00,,precip,0.0,0.0,,0.77,,,,
2023-09-26 13:00:00,,precip,0.0,0.0,,3.457,,,,
2023-09-26 19:00:00,,precip,0.0,0.0,,8.381,,,,
2023-09-27 01:00:00,,precip,0.0,0.0,,6.096,,,,
2023-09-27 07:00:00,,precip,0.0,0.0,,0.337,,,,
2023-09-27 13:00:00,,precip,0.0,0.0,,8.433,,,,
2023-09-27 19:00:00,,precip,0.0,0.0,,0.842,,,,
2023-09-28 01:00:00,,precip,0.0,0.0,,4.072,,,,
2023-09-28 07:00:00,,precip,0.0,0.0,,50.106,,,,
2023-09-28 13:00:00,,precip,0.0,0.0,,119.182,,,,
2023-09-29 01:00:00,,precip,0.0,0.0,,0.002,,,,
2023-09-29 07:00:00,,precip,0.0,0.0,,0.488,,,,
2023-09-29 13:00:00,,precip,0.0,0.0,,0.098,,,,
2023-09-30 19:00:00,,precip,0.0,0.0,,0.289,,,,
2023-10-04 07:00:00,,precip,0.0,0.0,,0.024,,,,
2023-10-05 11:00:00,,precip,0.0,0.0,,0.1,,,,
2023-10-06 08:00:00,,precip,0.0,0.0,,0.2,,,,
2023-10-06 09:00:00,,precip,0.0,0.0,,0.1,,,,
2023-10-06 11:00:00,,precip,0.0,0.0,,0.1,,,,
2023-10-06 14:00:00,,precip,0.0,0.0,,0.1,,,,
2023-10-06 15:00:00,,precip,0.0,0.0,,0.5,,,,
2023-10-06 20:00:00,,precip,0.0,0.0,,1.5,,,,
2023-10-06 21:00:00,,precip,0.0,0.0,,1.9,,,,
2023-10-06 23:00:00,,precip,0.0,0.0,,1.9,,,,
2023-10-07 13:00:00,,precip,0.0,0.0,,0.976,,,,
2023-10-08 00:00:00,,precip,0.0,0.0,,0.4,,,,
2023-10-10 19:00:00,,precip,0.0,0.0,,0.098,,,,
2023-10-12 19:00:00,,precip,0.0,0.0,,0.098,,,,
2023-10-13 12:00:00,,precip,0.0,0.0,,0.1,,,,
2023-10-14 00:00:00,,precip,0.0,0.0,,0.1,,,,
2023-10-15 01:00:00,,precip,0.0,0.0,,0.007,,,,
2023-10-24 19:00:00,,precip,0.0,0.0,,0.098,,,,
2023-10-25 19:00:00,,precip,0.0,0.0,,0.683,,,,
2023-10-26 02:00:00,,precip,0.0,0.0,,0.1,,,,
2023-10-26 03:00:00,,precip,0.0,0.0,,0.1,,,,
2023-10-26 12:00:00,,precip,0.0,0.0,,0.2,,,,
2023-10-28 13:00:00,,precip,0.0,0.0,,0.048,,,,
2023-10-28 19:00:00,,precip,0.0,0.0,,2.537,,,,
2023-10-29 01:00:00,,precip,0.0,0.0,,0.024,,,,
2023-10-29 13:00:00,,precip,0.0,0.0,,0.022,,,,
2023-10-29 19:00:00,,precip,0.0,0.0,,4.099,,,,
2023-10-30 01:00:00,,precip,0.0,0.0,,13.663,,,,
2023-10-30 07:00:00,,precip,0.0,0.0,,0.005,,,,
2023-10-31 00:00:00,,precip,0.0,0.0,,0.1,,,,
2023-11-01 09:00:00,,precip,0.0,0.0,,0.1,,,,
2023-11-04 06:00:00,,precip,0.0,0.0,,0.1,,,,
2023-11-04 08:00:00,,precip,0.0,0.0,,0.1,,,,
2023-11-04 09:00:00,,precip,0.0,0.0,,0.2,,,,
2023-11-04 12:00:00,,precip,0.0,0.0,,0.1,,,,
2023-11-04 15:00:00,,precip,0.0,0.0,,0.8,,,,
2023-11-05 08:00:00,,precip,0.0,0.0,,0.1,,,,
2023-11-06 07:00:00,,precip,0.0,0.0,,6.832,,,,
2023-11-06 19:00:00,,precip,0.0,0.0,,0.683,,,,
2023-11-07 07:00:00,,precip,0.0,0.0,,22.468,,,,
2023-11-12 19:00:00,,precip,0.0,0.0,,29.283,,,,
2023-11-13 01:00:00,,precip,0.0,0.0,,2.928,,,,
2023-11-13 07:00:00,,precip,0.0,0.0,,0.289,,,,
2023-11-13 13:00:00,,precip,0.0,0.0,,2.928,,,,
2023-11-13 19:00:00,,precip,0.0,0.0,,2.928,,,,
2023-11-14 01:00:00,,precip,0.0,0.0,,0.002,,,,
2023-11-16 07:00:00,,precip,0.0,0.0,,0.072,,,,
2023-11-16 19:00:00,,precip,0.0,0.0,,0.293,,,,
2023-11-24 11:00:00,,precip,0.0,0.0,,0.1,,,,
2023-11-25 08:00:00,,precip,0.0,0.0,,0.1,,,,
2023-11-25 11:00:00,,precip,0.0,0.0,,0.1,,,,
2023-11-27 11:00:00,,precip,0.0,0.0,,0.3,,,,
2023-11-29 23:00:00,,precip,0.0,0.0,,0.1,,,,
2023-11-30 19:00:00,,precip,0.0,0.0,,0.014,,,,
2023-12-01 01:00:00,,precip,0.0,0.0,,0.265,,,,
2023-12-01 19:00:00,,precip,0.0,0.0,,18.853,,,,
2023-12-06 07:00:00,,precip,0.0,0.0,,0.995,,,,
2023-12-06 13:00:00,,precip,0.0,0.0,,0.705,,,,
2023-12-11 12:00:00,,precip,0.0,0.0,,0.1,,,,
2023-12-11 14:00:00,,precip,0.0,0.0,,0.2,,,,
2023-12-11 15:00:00,,precip,0.0,0.0,,0.2,,,,
2023-12-12 08:00:00,,precip,0.0,0.0,,0.1,,,,
2023-12-12 09:00:00,,precip,0.0,0.0,,0.1,,,,
2023-12-12 11:00:00,,precip,0.0,0.0,,0.2,,,,
2023-12-12 12:00:00,,precip,0.0,0.0,,0.1,,,,
2023-12-13 06:00:00,,precip,0.0,0.0,,0.1,,,,
2023-12-13 08:00:00,,precip,0.0,0.0,,0.1,,,,
2023-12-13 09:00:00,,precip,0.0,0.0,,0.1,,,,
2023-12-13 11:00:00,,precip,0.0,0.0,,0.2,,,,
2023-12-13 12:00:00,,precip,0.0,0.0,,0.1,,,,
2023-12-13 14:00:00,,precip,0.0,0.0,,0.1,,,,
2023-12-16 07:00:00,,precip,0.0,0.0,,0.005,,,,
2023-12-16 19:00:00,,precip,0.0,0.0,,0.067,,,,
2023-12-17 01:00:00,,precip,0.0,0.0,,0.002,,,,
2023-12-19 07:00:00,,precip,0.0,0.0,,0.005,,,,
2023-12-29 07:00:00,,precip,0.0,0.0,,0.005,,,,
2023-12-29 13:00:00,,precip,0.0,0.0,,0.005,,,,
2023-12-30 01:00:00,,precip,0.0,0.0,,0.002,,,,
2023-12-30 07:00:00,,precip,0.0,0.0,,0.07,,,,
2023-12-30 13:00:00,,precip,0.0,0.0,,0.005,,,,
2023-12-30 19:00:00,,precip,0.0,0.0,,0.683,,,,
2023-12-31 01:00:00,,precip,0.0,0.0,,0.002,,,,
2023-12-31 19:00:00,,precip,0.0,0.0,,0.098,,,,
2024-01-02 02:00:00,,precip,0.0,0.0,,0.1,,,,
2024-01-02 08:00:00,,precip,0.0,0.0,,0.1,,,,
2024-01-02 09:00:00,,precip,0.0,0.0,,0.1,,,,
2024-01-02 11:00:00,,precip,0.0,0.0,,0.1,,,,
2024-01-02 12:00:00,,precip,0.0,0.0,,0.1,,,,
2024-01-02 23:00:00,,precip,0.0,0.0,,0.1,,,,
2024-01-03 19:00:00,,precip,0.0,0.0,,4.001,,,,
2024-01-05 02:00:00,,precip,0.0,0.0,,0.1,,,,
2024-01-05 11:00:00,,precip,0.0,0.0,,0.1,,,,
2024-01-05 12:00:00,,precip,0.0,0.0,,0.1,,,,
2024-01-05 14:00:00,,precip,0.0,0.0,,0.1,,,,
2024-01-06 08:00:00,,precip,0.0,0.0,,0.2,,,,
2024-01-06 09:00:00,,precip,0.0,0.0,,0.2,,,,
2024-01-06 11:00:00,,precip,0.0,0.0,,0.1,,,,
2024-01-06 12:00:00,,precip,0.0,0.0,,0.1,,,,
2024-01-06 14:00:00,,precip,0.0,0.0,,0.2,,,,
2024-01-06 15:00:00,,precip,0.0,0.0,,0.1,,,,
2024-01-07 09:00:00,,precip,0.0,0.0,,0.1,,,,
2024-01-07 11:00:00,,precip,0.0,0.0,,0.1,,,,
2024-01-07 12:00:00,,precip,0.0,0.0,,0.2,,,,
2024-01-07 14:00:00,,precip,0.0,0.0,,0.2,,,,
2024-01-07 15:00:00,,precip,0.0,0.0,,0.2,,,,
2024-01-07 17:00:00,,precip,0.0,0.0,,0.1,,,,
2024-01-08 09:00:00,,precip,0.0,0.0,,0.1,,,,
2024-01-08 11:00:00,,precip,0.0,0.0,,0.1,,,,
2024-01-08 12:00:00,,precip,0.0,0.0,,0.1,,,,
2024-01-09 09:00:00,,precip,0.0,0.0,,0.1,,,,
2024-01-09 11:00:00,,precip,0.0,0.0,,0.1,,,,
2024-01-09 12:00:00,,precip,0.0,0.0,,0.1,,,,
2024-01-09 14:00:00,,precip,0.0,0.0,,0.1,,,,
2024-01-09 15:00:00,,precip,0.0,0.0,,0.1,,,,
2024-01-09 17:00:00,,precip,0.0,0.0,,0.1,,,,
2024-01-09 18:00:00,,precip,0.0,0.0,,0.1,,,,
2024-01-10 13:00:00,,precip,0.0,0.0,,0.048,,,,
2024-01-10 19:00:00,,precip,0.0,0.0,,3.781,,,,
2024-01-11 01:00:00,,precip,0.0,0.0,,0.048,,,,
2024-01-11 07:00:00,,precip,0.0,0.0,,0.168,,,,
2024-01-11 13:00:00,,precip,0.0,0.0,,0.072,,,,
2024-01-11 19:00:00,,precip,0.0,0.0,,7.782,,,,
2024-01-12 01:00:00,,precip,0.0,0.0,,0.096,,,,
2024-01-12 13:00:00,,precip,0.0,0.0,,0.072,,,,
2024-01-12 19:00:00,,precip,0.0,0.0,,7.612,,,,
2024-01-13 07:00:00,,precip,0.0,0.0,,0.002,,,,
2024-01-13 13:00:00,,precip,0.0,0.0,,0.024,,,,
2024-01-13 19:00:00,,precip,0.0,0.0,,3.513,,,,
2024-01-14 07:00:00,,precip,0.0,0.0,,0.096,,,,
2024-01-14 13:00:00,,precip,0.0,0.0,,0.072,,,,
2024-01-14 19:00:00,,precip,0.0,0.0,,1.464,,,,
2024-01-15 19:00:00,,precip,0.0,0.0,,0.098,,,,
2024-01-16 19:00:00,,precip,0.0,0.0,,2.171,,,,
2024-01-17 13:00:00,,precip,0.0,0.0,,0.01,,,,
2024-01-17 19:00:00,,precip,0.0,0.0,,8.784,,,,
2024-01-18 13:00:00,,precip,0.0,0.0,,0.683,,,,
2024-01-19 07:00:00,,precip,0.0,0.0,,0.072,,,,
2024-01-20 14:00:00,,precip,0.0,0.0,,0.1,,,,
2024-01-20 15:00:00,,precip,0.0,0.0,,0.4,,,,
2024-01-20 17:00:00,,precip,0.0,0.0,,0.2,,,,
2024-01-20 18:00:00,,precip,0.0,0.0,,0.2,,,,
2024-01-20 20:00:00,,precip,0.0,0.0,,0.4,,,,
2024-01-20 21:00:00,,precip,0.0,0.0,,0.2,,,,
2024-01-20 23:00:00,,precip,0.0,0.0,,0.2,,,,
2024-01-21 07:00:00,,precip,0.0,0.0,,0.781,,,,
2024-01-21 13:00:00,,precip,0.0,0.0,,0.195,,,,
2024-01-22 01:00:00,,precip,0.0,0.0,,0.39,,,,
2024-01-22 07:00:00,,precip,0.0,0.0,,2.537,,,,
2024-01-22 13:00:00,,precip,0.0,0.0,,0.853,,,,
2024-01-23 13:00:00,,precip,0.0,0.0,,0.195,,,,
2024-01-26 07:00:00,,precip,0.0,0.0,,0.002,,,,
2024-01-27 07:00:00,,precip,0.0,0.0,,0.022,,,,
2024-01-27 13:00:00,,precip,0.0,0.0,,0.002,,,,
2024-01-27 19:00:00,,precip,0.0,0.0,,2.342,,,,
2024-01-28 03:00:00,,precip,0.0,0.0,,0.2,,,,
2024-01-28 17:00:00,,precip,0.0,0.0,,0.5,,,,
2024-01-28 23:00:00,,precip,0.0,0.0,,0.2,,,,
2024-01-29 19:00:00,,precip,0.0,0.0,,4.001,,,,
2024-01-30 13:00:00,,precip,0.0,0.0,,0.002,,,,
2024-01-30 19:00:00,,precip,0.0,0.0,,0.098,,,,
2024-01-31 07:00:00,,precip,0.0,0.0,,0.002,,,,
2024-01-31 13:00:00,,precip,0.0,0.0,,0.012,,,,
2024-01-31 19:00:00,,precip,0.0,0.0,,0.293,,,,
2024-02-01 07:00:00,,precip,0.0,0.0,,0.002,,,,
2024-02-01 19:00:00,,precip,0.0,0.0,,0.49,,,,
2024-02-02 09:00:00,,precip,0.0,0.0,,0.1,,,,
2024-02-02 11:00:00,,precip,0.0,0.0,,0.1,,,,
2024-02-02 12:00:00,,precip,0.0,0.0,,0.2,,,,
2024-02-02 15:00:00,,precip,0.0,0.0,,0.1,,,,
2024-02-03 07:00:00,,precip,0.0,0.0,,0.007,,,,
2024-02-03 13:00:00,,precip,0.0,0.0,,0.019,,,,
2024-02-03 19:00:00,,precip,0.0,0.0,,0.586,,,,
2024-02-04 01:00:00,,precip,0.0,0.0,,0.024,,,,
2024-02-04 19:00:00,,precip,0.0,0.0,,0.39,,,,
2024-02-05 02:00:00,,precip,0.0,0.0,,0.1,,,,
2024-02-05 03:00:00,,precip,0.0,0.0,,0.1,,,,
2024-02-05 05:00:00,,precip,0.0,0.0,,0.2,,,,
2024-02-05 06:00:00,,precip,0.0,0.0,,0.3,,,,
2024-02-05 08:00:00,,precip,0.0,0.0,,0.4,,,,
2024-02-05 09:00:00,,precip,0.0,0.0,,0.5,,,,
2024-02-05 11:00:00,,precip,0.0,0.0,,0.1,,,,
2024-02-05 14:00:00,,precip,0.0,0.0,,0.1,,,,
2024-02-05 18:00:00,,precip,0.0,0.0,,0.1,,,,
2024-02-05 20:00:00,,precip,0.0,0.0,,0.1,,,,
2024-02-05 21:00:00,,precip,0.0,0.0,,0.2,,,,
2024-02-05 23:00:00,,precip,0.0,0.0,,0.3,,,,
2024-02-06 07:00:00,,precip,0.0,0.0,,0.01,,,,
2024-02-06 19:00:00,,precip,0.0,0.0,,0.098,,,,
2024-02-07 19:00:00,,precip,0.0,0.0,,0.39,,,,
2024-02-08 01:00:00,,precip,0.0,0.0,,0.012,,,,
2024-02-08 13:00:00,,precip,0.0,0.0,,0.002,,,,
2024-02-08 19:00:00,,precip,0.0,0.0,,0.098,,,,
2024-02-09 01:00:00,,precip,0.0,0.0,,0.005,,,,
2024-02-14 09:00:00,,precip,0.0,0.0,,0.1,,,,
2024-02-14 11:00:00,,precip,0.0,0.0,,0.2,,,,
2024-02-14 12:00:00,,precip,0.0,0.0,,0.1,,,,
2024-02-15 05:00:00,,precip,0.0,0.0,,0.1,,,,
2024-02-15 06:00:00,,precip,0.0,0.0,,0.2,,,,
2024-02-15 08:00:00,,precip,0.0,0.0,,0.3,,,,
2024-02-15 09:00:00,,precip,0.0,0.0,,0.3,,,,
2024-02-15 11:00:00,,precip,0.0,0.0,,0.4,,,,
2024-02-15 14:00:00,,precip,0.0,0.0,,0.1,,,,
2024-02-15 23:00:00,,precip,0.0,0.0,,0.2,,,,
2024-02-16 00:00:00,,precip,0.0,0.0,,0.2,,,,
2024-02-16 02:00:00,,precip,0.0,0.0,,0.2,,,,
2024-02-16 03:00:00,,precip,0.0,0.0,,0.5,,,,
2024-02-16 05:00:00,,precip,0.0,0.0,,0.1,,,,
2024-02-20 13:00:00,,precip,0.0,0.0,,0.005,,,,
2024-02-21 15:00:00,,precip,0.0,0.0,,0.3,,,,
2024-02-22 07:00:00,,precip,0.0,0.0,,0.586,,,,
2024-02-22 13:00:00,,precip,0.0,0.0,,0.002,,,,
2024-02-22 19:00:00,,precip,0.0,0.0,,0.195,,,,
2024-02-23 01:00:00,,precip,0.0,0.0,,1.959,,,,
2024-02-23 13:00:00,,precip,0.0,0.0,,4.887,,,,
2024-02-24 01:00:00,,precip,0.0,0.0,,0.951,,,,
2024-02-24 07:00:00,,precip,0.0,0.0,,0.072,,,,
2024-02-24 13:00:00,,precip,0.0,0.0,,0.698,,,,
2024-02-25 01:00:00,,precip,0.0,0.0,,0.731,,,,
2024-02-26 07:00:00,,precip,0.0,0.0,,0.01,,,,
2024-02-26 13:00:00,,precip,0.0,0.0,,0.2,,,,
2024-02-27 01:00:00,,precip,0.0,0.0,,0.012,,,,
2024-02-27 07:00:00,,precip,0.0,0.0,,0.488,,,,
2024-02-27 13:00:00,,precip,0.0,0.0,,0.107,,,,
2024-02-28 07:00:00,,precip,0.0,0.0,,0.01,,,,
2024-02-28 19:00:00,,precip,0.0,0.0,,0.098,,,,
2024-02-29 07:00:00,,precip,0.0,0.0,,0.01,,,,
2024-02-29 13:00:00,,precip,0.0,0.0,,0.01,,,,
2024-02-29 19:00:00,,precip,0.0,0.0,,0.781,,,,
2024-03-01 01:00:00,,precip,0.0,0.0,,0.005,,,,
2024-03-04 01:00:00,,precip,0.0,0.0,,0.005,,,,
2024-03-04 07:00:00,,precip,0.0,0.0,,0.39,,,,
2024-03-04 13:00:00,,precip,0.0,0.0,,0.105,,,,
2024-03-09 07:00:00,,precip,0.0,0.0,,0.005,,,,
2024-03-09 13:00:00,,precip,0.0,0.0,,0.002,,,,
2024-03-10 01:00:00,,precip,0.0,0.0,,0.395,,,,
2024-03-11 01:00:00,,precip,0.0,0.0,,0.122,,,,
2024-03-11 13:00:00,,precip,0.0,0.0,,0.002,,,,
2024-03-13 14:00:00,,precip,0.0,0.0,,0.1,,,,
2024-03-13 21:00:00,,precip,0.0,0.0,,0.1,,,,
2024-03-14 01:00:00,,precip,0.0,0.0,,0.981,,,,
2024-03-14 13:00:00,,precip,0.0,0.0,,0.214,,,,
2024-03-15 01:00:00,,precip,0.0,0.0,,1.976,,,,
2024-03-15 13:00:00,,precip,0.0,0.0,,0.114,,,,
2024-03-16 01:00:00,,precip,0.0,0.0,,0.002,,,,
2024-03-16 07:00:00,,precip,0.0,0.0,,0.098,,,,
2024-03-17 08:00:00,,precip,0.0,0.0,,0.1,,,,
2024-03-17 11:00:00,,precip,0.0,0.0,,0.1,,,,
2024-03-17 12:00:00,,precip,0.0,0.0,,0.1,,,,
2024-03-17 14:00:00,,precip,0.0,0.0,,0.1,,,,
2024-03-17 15:00:00,,precip,0.0,0.0,,0.1,,,,
2024-03-18 01:00:00,,precip,0.0,0.0,,0.195,,,,
2024-03-18 13:00:00,,precip,0.0,0.0,,0.195,,,,
2024-03-18 19:00:00,,precip,0.0,0.0,,0.014,,,,
2024-03-19 01:00:00,,precip,0.0,0.0,,1.976,,,,
2024-03-19 07:00:00,,precip,0.0,0.0,,25.601,,,,
2024-03-19 13:00:00,,precip,0.0,0.0,,1.045,,,,
2024-03-19 19:00:00,,precip,0.0,0.0,,0.096,,,,
2024-03-20 01:00:00,,precip,0.0,0.0,,0.098,,,,
2024-03-20 13:00:00,,precip,0.0,0.0,,0.005,,,,
2024-03-22 13:00:00,,precip,0.0,0.0,,0.002,,,,
2024-03-23 01:00:00,,precip,0.0,0.0,,0.048,,,,
2024-03-24 07:00:00,,precip,0.0,0.0,,0.098,,,,
2024-03-24 13:00:00,,precip,0.0,0.0,,0.098,,,,
2024-03-25 01:00:00,,precip,0.0,0.0,,0.005,,,,
2024-03-25 07:00:00,,precip,0.0,0.0,,0.098,,,,
2024-03-26 08:00:00,,precip,0.0,0.0,,0.1,,,,
2024-03-26 09:00:00,,precip,0.0,0.0,,0.1,,,,
2024-03-26 11:00:00,,precip,0.0,0.0,,0.1,,,,
2024-03-27 14:00:00,,precip,0.0,0.0,,0.2,,,,
2024-03-28 03:00:00,,precip,0.0,0.0,,0.1,,,,
2024-03-28 04:00:00,,precip,0.0,0.0,,0.1,,,,
2024-03-28 07:00:00,,precip,0.0,0.0,,0.1,,,,
2024-03-28 08:00:00,,precip,0.0,0.0,,0.1,,,,
2024-03-28 09:00:00,,precip,0.0,0.0,,0.1,,,,
2024-03-28 10:00:00,,precip,0.0,0.0,,0.1,,,,
2024-03-28 11:00:00,,precip,0.0,0.0,,0.2,,,,
2024-03-28 12:00:00,,precip,0.0,0.0,,0.2,,,,
2024-03-28 13:00:00,,precip,0.0,0.0,,0.1,,,,
2024-03-28 14:00:00,,precip,0.0,0.0,,0.2,,,,
2024-03-28 15:00:00,,precip,0.0,0.0,,0.1,,,,
2024-03-28 16:00:00,,precip,0.0,0.0,,1.1,,,,
2024-03-28 17:00:00,,precip,0.0,0.0,,3.1,,,,
2024-03-28 18:00:00,,precip,0.0,0.0,,1.7,,,,
2024-03-28 20:00:00,,precip,0.0,0.0,,0.2,,,,
2024-03-28 21:00:00,,precip,0.0,0.0,,0.4,,,,
2024-03-28 22:00:00,,precip,0.0,0.0,,0.2,,,,
2024-03-28 23:00:00,,precip,0.0,0.0,,0.2,,,,
2024-03-29 00:00:00,,precip,0.0,0.0,,0.2,,,,
2024-03-29 01:00:00,,precip,0.0,0.0,,0.1,,,,
2024-03-29 06:00:00,,precip,0.0,0.0,,0.1,,,,
2024-03-29 07:00:00,,precip,0.0,0.0,,0.3,,,,
2024-03-29 08:00:00,,precip,0.0,0.0,,0.1,,,,
2024-03-29 09:00:00,,precip,0.0,0.0,,1.1,,,,
2024-03-29 10:00:00,,precip,0.0,0.0,,0.9,,,,
2024-03-29 11:00:00,,precip,0.0,0.0,,0.1,,,,
2024-03-29 12:00:00,,precip,0.0,0.0,,0.6,,,,
2024-03-29 13:00:00,,precip,0.0,0.0,,1.0,,,,
2024-03-29 14:00:00,,precip,0.0,0.0,,0.1,,,,
2024-04-05 07:00:00,,precip,0.0,0.0,,0.098,,,,
2024-04-05 19:00:00,,precip,0.0,0.0,,0.098,,,,
2024-04-06 01:00:00,,precip,0.0,0.0,,0.019,,,,
2024-04-06 07:00:00,,precip,0.0,0.0,,0.976,,,,
2024-04-07 01:00:00,,precip,0.0,0.0,,0.207,,,,
2024-04-07 13:00:00,,precip,0.0,0.0,,0.002,,,,
2024-04-08 01:00:00,,precip,0.0,0.0,,0.802,,,,
2024-04-08 13:00:00,,precip,0.0,0.0,,0.075,,,,
2024-04-09 01:00:00,,precip,0.0,0.0,,0.022,,,,
2024-04-09 07:00:00,,precip,0.0,0.0,,0.976,,,,
2024-04-09 19:00:00,,precip,0.0,0.0,,0.007,,,,
2024-04-10 01:00:00,,precip,0.0,0.0,,0.002,,,,
2024-04-10 07:00:00,,precip,0.0,0.0,,0.195,,,,
2024-04-10 13:00:00,,precip,0.0,0.0,,0.012,,,,
2024-04-11 12:00:00,,precip,0.0,0.0,,0.2,,,,
2024-04-11 14:00:00,,precip,0.0,0.0,,0.1,,,,
2024-04-11 15:00:00,,precip,0.0,0.0,,0.1,,,,
2024-04-15 11:00:00,,precip,0.0,0.0,,0.1,,,,
2024-04-15 12:00:00,,precip,0.0,0.0,,0.1,,,,
2024-04-16 07:00:00,,precip,0.0,0.0,,2.947,,,,
2024-04-18 01:00:00,,precip,0.0,0.0,,2.096,,,,
2024-04-18 07:00:00,,precip,0.0,0.0,,11.711,,,,
2024-04-20 19:00:00,,precip,0.0,0.0,,8.784,,,,
2024-04-21 01:00:00,,precip,0.0,0.0,,40.014,,,,
2024-04-22 01:00:00,,precip,0.0,0.0,,0.024,,,,
2024-04-22 19:00:00,,precip,0.0,0.0,,0.024,,,,
2024-04-23 06:00:00,,precip,0.0,0.0,,0.1,,,,
2024-04-23 08:00:00,,precip,0.0,0.0,,0.4,,,,
2024-04-23 09:00:00,,precip,0.0,0.0,,0.2,,,,
2024-04-23 11:00:00,,precip,0.0,0.0,,0.5,,,,
2024-04-23 12:00:00,,precip,0.0,0.0,,0.3,,,,
2024-04-23 14:00:00,,precip,0.0,0.0,,0.4,,,,
2024-04-23 15:00:00,,precip,0.0,0.0,,0.4,,,,
2024-04-23 21:00:00,,precip,0.0,0.0,,0.2,,,,
2024-04-24 01:00:00,,precip,0.0,0.0,,0.39,,,,
2024-04-24 13:00:00,,precip,0.0,0.0,,0.098,,,,
2024-04-24 19:00:00,,precip,0.0,0.0,,2.442,,,,
2024-04-25 01:00:00,,precip,0.0,0.0,,0.007,,,,
2024-04-25 07:00:00,,precip,0.0,0.0,,5.856,,,,
2024-04-29 16:00:00,,precip,0.0,0.0,,0.1,,,,
2024-04-29 17:00:00,,precip,0.0,0.0,,0.1,,,,
2024-04-30 18:00:00,,precip,0.0,0.0,,0.8,,,,
2024-05-01 05:00:00,,precip,0.0,0.0,,0.4,,,,
2024-05-01 06:00:00,,precip,0.0,0.0,,0.5,,,,
2024-05-01 07:00:00,,precip,0.0,0.0,,0.4,,,,
2024-05-01 08:00:00,,precip,0.0,0.0,,0.2,,,,
2024-05-01 09:00:00,,precip,0.0,0.0,,0.1,,,,
2024-05-01 10:00:00,,precip,0.0,0.0,,0.2,,,,
2024-05-01 11:00:00,,precip,0.0,0.0,,0.1,,,,
2024-05-01 21:00:00,,precip,0.0,0.0,,0.1,,,,
2024-05-01 22:00:00,,precip,0.0,0.0,,0.1,,,,
2024-05-01 23:00:00,,precip,0.0,0.0,,0.1,,,,
2024-05-02 07:00:00,,precip,0.0,0.0,,32.625,,,,
2024-05-02 13:00:00,,precip,0.0,0.0,,0.195,,,,
2024-05-03 01:00:00,,precip,0.0,0.0,,25.377,,,,
2024-05-03 07:00:00,,precip,0.0,0.0,,9.032,,,,
2024-05-03 13:00:00,,precip,0.0,0.0,,0.048,,,,
2024-05-04 08:00:00,,precip,0.0,0.0,,0.1,,,,
2024-05-05 00:00:00,,precip,0.0,0.0,,0.2,,,,
2024-05-05 08:00:00,,precip,0.0,0.0,,0.1,,,,
2024-05-05 09:00:00,,precip,0.0,0.0,,0.1,,,,
2024-05-05 11:00:00,,precip,0.0,0.0,,0.2,,,,
2024-05-05 12:00:00,,precip,0.0,0.0,,0.1,,,,
2024-05-05 14:00:00,,precip,0.0,0.0,,0.1,,,,
2024-05-05 15:00:00,,precip,0.0,0.0,,0.2,,,,
2024-05-05 20:00:00,,precip,0.0,0.0,,0.1,,,,
2024-05-06 13:00:00,,precip,0.0,0.0,,2.241,,,,
2024-05-07 19:00:00,,precip,0.0,0.0,,4.88,,,,
2024-05-08 13:00:00,,precip,0.0,0.0,,5.216,,,,
2024-05-09 07:00:00,,precip,0.0,0.0,,1.969,,,,
2024-05-09 13:00:00,,precip,0.0,0.0,,1.024,,,,
2024-05-10 01:00:00,,precip,0.0,0.0,,0.098,,,,
2024-05-10 07:00:00,,precip,0.0,0.0,,0.072,,,,
2024-05-11 11:00:00,,precip,0.0,0.0,,0.1,,,,
2024-05-11 12:00:00,,precip,0.0,0.0,,0.1,,,,
2024-05-11 17:00:00,,precip,0.0,0.0,,0.1,,,,
2024-05-12 19:00:00,,precip,0.0,0.0,,17.168,,,,
2024-05-13 01:00:00,,precip,0.0,0.0,,109.313,,,,
2024-05-13 07:00:00,,precip,0.0,0.0,,33.182,,,,
2024-05-13 13:00:00,,precip,0.0,0.0,,0.024,,,,
2024-05-13 19:00:00,,precip,0.0,0.0,,0.065,,,,
2024-05-14 11:00:00,,precip,0.0,0.0,,0.1,,,,
2024-05-15 19:00:00,,precip,0.0,0.0,,0.781,,,,
2024-05-16 01:00:00,,precip,0.0,0.0,,0.195,,,,
2024-05-17 09:00:00,,precip,0.0,0.0,,0.1,,,,
2024-05-17 11:00:00,,precip,0.0,0.0,,0.1,,,,
2024-05-17 12:00:00,,precip,0.0,0.0,,0.1,,,,
2024-05-17 14:00:00,,precip,0.0,0.0,,0.1,,,,
2024-05-17 15:00:00,,precip,0.0,0.0,,0.3,,,,
2024-05-18 08:00:00,,precip,0.0,0.0,,0.1,,,,
2024-05-18 09:00:00,,precip,0.0,0.0,,0.1,,,,
2024-05-18 11:00:00,,precip,0.0,0.0,,0.1,,,,
2024-05-18 12:00:00,,precip,0.0,0.0,,0.5,,,,
2024-05-18 14:00:00,,precip,0.0,0.0,,0.5,,,,
2024-05-18 15:00:00,,precip,0.0,0.0,,0.2,,,,
2024-05-18 17:00:00,,precip,0.0,0.0,,3.0,,,,
2024-05-18 18:00:00,,precip,0.0,0.0,,0.3,,,,
2024-05-18 21:00:00,,precip,0.0,0.0,,1.3,,,,
2024-05-18 23:00:00,,precip,0.0,0.0,,3.3,,,,
2024-05-19 13:00:00,,precip,0.0,0.0,,0.976,,,,
2024-05-19 19:00:00,,precip,0.0,0.0,,42.663,,,,
2024-05-20 01:00:00,,precip,0.0,0.0,,0.122,,,,
2024-05-20 07:00:00,,precip,0.0,0.0,,7.71,,,,
2024-05-21 11:00:00,,precip,0.0,0.0,,0.1,,,,
2024-05-21 14:00:00,,precip,0.0,0.0,,0.8,,,,
2024-05-21 20:00:00,,precip,0.0,0.0,,0.1,,,,
2024-05-22 01:00:00,,precip,0.0,0.0,,0.048,,,,
2024-05-23 01:00:00,,precip,0.0,0.0,,5.856,,,,
2024-05-23 07:00:00,,precip,0.0,0.0,,0.005,,,,
2024-05-24 11:00:00,,precip,0.0,0.0,,0.1,,,,
2024-05-24 12:00:00,,precip,0.0,0.0,,0.1,,,,
2024-05-24 15:00:00,,precip,0.0,0.0,,0.3,,,,
2024-05-24 17:00:00,,precip,0.0,0.0,,0.4,,,,
2024-05-25 13:00:00,,precip,0.0,0.0,,0.265,,,,
2024-05-25 19:00:00,,precip,0.0,0.0,,13.663,,,,
2024-05-26 07:00:00,,precip,0.0,0.0,,0.866,,,,
2024-05-26 19:00:00,,precip,0.0,0.0,,9.955,,,,
2024-05-27 19:00:00,,precip,0.0,0.0,,0.195,,,,
2024-05-28 11:00:00,,precip,0.0,0.0,,0.1,,,,
2024-05-28 12:00:00,,precip,0.0,0.0,,0.1,,,,
2024-05-30 19:00:00,,precip,0.0,0.0,,56.605,,,,
2024-05-31 01:00:00,,precip,0.0,0.0,,2.937,,,,
2024-05-31 07:00:00,,precip,0.0,0.0,,19.581,,,,
2024-05-31 13:00:00,,precip,0.0,0.0,,8.784,,,,
2024-06-01 05:00:00,,precip,0.0,0.0,,0.1,,,,
2024-06-02 02:00:00,,precip,0.0,0.0,,0.1,,,,
2024-06-02 03:00:00,,precip,0.0,0.0,,0.1,,,,
2024-06-02 05:00:00,,precip,0.0,0.0,,0.1,,,,
2024-06-02 11:00:00,,precip,0.0,0.0,,0.1,,,,
2024-06-02 12:00:00,,precip,0.0,0.0,,0.1,,,,
2024-06-02 15:00:00,,precip,0.0,0.0,,0.1,,,,
2024-06-03 19:00:00,,precip,0.0,0.0,,0.024,,,,
2024-06-04 07:00:00,,precip,0.0,0.0,,0.048,,,,
2024-06-04 19:00:00,,precip,0.0,0.0,,12.537,,,,
2024-06-05 01:00:00,,precip,0.0,0.0,,0.586,,,,
2024-06-05 07:00:00,,precip,0.0,0.0,,56.019,,,,
2024-06-05 13:00:00,,precip,0.0,0.0,,11.726,,,,
2024-06-06 01:00:00,,precip,0.0,0.0,,0.024,,,,
2024-06-06 07:00:00,,precip,0.0,0.0,,2.539,,,,
2024-06-06 13:00:00,,precip,0.0,0.0,,3.976,,,,
2024-06-07 05:00:00,,precip,0.0,0.0,,0.3,,,,
2024-06-07 06:00:00,,precip,0.0,0.0,,0.2,,,,
2024-06-07 08:00:00,,precip,0.0,0.0,,0.1,,,,
2024-06-07 09:00:00,,precip,0.0,0.0,,0.1,,,,
2024-06-07 14:00:00,,precip,0.0,0.0,,0.1,,,,
2024-06-07 15:00:00,,precip,0.0,0.0,,0.1,,,,
2024-06-07 17:00:00,,precip,0.0,0.0,,6.6,,,,
2024-06-07 18:00:00,,precip,0.0,0.0,,1.3,,,,
2024-06-07 20:00:00,,precip,0.0,0.0,,0.1,,,,
2024-06-07 21:00:00,,precip,0.0,0.0,,0.3,,,,
2024-06-08 01:00:00,,precip,0.0,0.0,,31.351,,,,
2024-06-08 19:00:00,,precip,0.0,0.0,,7.808,,,,
2024-06-09 01:00:00,,precip,0.0,0.0,,20.072,,,,
2024-06-09 07:00:00,,precip,0.0,0.0,,4.88,,,,
2024-06-09 13:00:00,,precip,0.0,0.0,,5.88,,,,
2024-06-10 01:00:00,,precip,0.0,0.0,,0.002,,,,
2024-06-10 07:00:00,,precip,0.0,0.0,,2.238,,,,
2024-06-10 13:00:00,,precip,0.0,0.0,,0.198,,,,
2024-06-10 19:00:00,,precip,0.0,0.0,,13.468,,,,
2024-06-11 01:00:00,,precip,0.0,0.0,,3.904,,,,
2024-06-11 19:00:00,,precip,0.0,0.0,,6.832,,,,
2024-06-12 01:00:00,,precip,0.0,0.0,,0.195,,,,
2024-06-15 08:00:00,,precip,0.0,0.0,,0.1,,,,
2024-06-15 09:00:00,,precip,0.0,0.0,,0.1,,,,
2024-06-16 19:00:00,,precip,0.0,0.0,,0.098,,,,
2024-06-17 01:00:00,,precip,0.0,0.0,,1.952,,,,
2024-06-18 01:00:00,,precip,0.0,0.0,,7.808,,,,
2024-06-19 15:00:00,,precip,0.0,0.0,,0.1,,,,
2024-06-20 01:00:00,,precip,0.0,0.0,,0.795,,,,
2024-06-21 07:00:00,,precip,0.0,0.0,,0.781,,,,
2024-06-21 19:00:00,,precip,0.0,0.0,,3.123,,,,
2024-06-22 05:00:00,,precip,0.0,0.0,,0.1,,,,
2024-06-22 06:00:00,,precip,0.0,0.0,,0.2,,,,
2024-06-22 09:00:00,,precip,0.0,0.0,,0.1,,,,
2024-06-22 14:00:00,,precip,0.0,0.0,,0.1,,,,
2024-06-22 15:00:00,,precip,0.0,0.0,,0.2,,,,
2024-06-22 17:00:00,,precip,0.0,0.0,,0.1,,,,
2024-06-22 18:00:00,,precip,0.0,0.0,,0.2,,,,
2024-06-22 21:00:00,,precip,0.0,0.0,,0.1,,,,
2024-06-22 23:00:00,,precip,0.0,0.0,,0.1,,,,
2024-06-23 13:00:00,,precip,0.0,0.0,,30.302,,,,
2024-06-23 19:00:00,,precip,0.0,0.0,,20.591,,,,
2024-06-24 01:00:00,,precip,0.0,0.0,,4.976,,,,
2024-06-24 07:00:00,,precip,0.0,0.0,,7.072,,,,
2024-06-24 13:00:00,,precip,0.0,0.0,,0.112,,,,
2024-06-25 01:00:00,,precip,0.0,0.0,,0.107,,,,
2024-06-25 07:00:00,,precip,0.0,0.0,,11.614,,,,
2024-06-25 19:00:00,,precip,0.0,0.0,,0.168,,,,
2024-06-26 07:00:00,,precip,0.0,0.0,,1.952,,,,
2024-06-26 13:00:00,,precip,0.0,0.0,,4.649,,,,
2024-06-27 01:00:00,,precip,0.0,0.0,,0.048,,,,
2024-06-27 07:00:00,,precip,0.0,0.0,,5.856,,,,
2024-06-27 13:00:00,,precip,0.0,0.0,,0.096,,,,
2024-06-28 01:00:00,,precip,0.0,0.0,,0.293,,,,
2024-06-29 19:00:00,,precip,0.0,0.0,,9.759,,,,
2024-06-30 19:00:00,,precip,0.0,0.0,,3.028,,,,
2024-07-02 14:00:00,,precip,0.0,0.0,,0.2,,,,
2024-07-02 15:00:00,,precip,0.0,0.0,,0.1,,,,
2024-07-02 17:00:00,,precip,0.0,0.0,,0.1,,,,
2024-07-02 21:00:00,,precip,0.0,0.0,,0.1,,,,
2024-07-02 23:00:00,,precip,0.0,0.0,,3.9,,,,
2024-07-03 01:00:00,,precip,0.0,0.0,,0.002,,,,
2024-07-03 19:00:00,,precip,0.0,0.0,,7.71,,,,
2024-07-04 13:00:00,,precip,0.0,0.0,,0.12,,,,
2024-07-04 19:00:00,,precip,0.0,0.0,,2.83,,,,
2024-07-05 01:00:00,,precip,0.0,0.0,,0.005,,,,
2024-07-05 07:00:00,,precip,0.0,0.0,,0.212,,,,
2024-07-05 13:00:00,,precip,0.0,0.0,,0.012,,,,
2024-07-06 07:00:00,,precip,0.0,0.0,,0.048,,,,
2024-07-06 13:00:00,,precip,0.0,0.0,,0.216,,,,
2024-07-06 19:00:00,,precip,0.0,0.0,,0.096,,,,
2024-07-08 19:00:00,,precip,0.0,0.0,,0.39,,,,
2024-07-09 19:00:00,,precip,0.0,0.0,,10.833,,,,
2024-07-10 19:00:00,,precip,0.0,0.0,,1.446,,,,
2024-07-11 19:00:00,,precip,0.0,0.0,,9.467,,,,
2024-07-12 07:00:00,,precip,0.0,0.0,,0.289,,,,
2024-07-12 19:00:00,,precip,0.0,0.0,,1.269,,,,
2024-07-13 07:00:00,,precip,0.0,0.0,,3.904,,,,
2024-07-13 19:00:00,,precip,0.0,0.0,,11.223,,,,
2024-07-14 13:00:00,,precip,0.0,0.0,,1.611,,,,
2024-07-14 19:00:00,,precip,0.0,0.0,,1.243,,,,
2024-07-15 01:00:00,,precip,0.0,0.0,,0.216,,,,
2024-07-15 13:00:00,,precip,0.0,0.0,,0.216,,,,
2024-07-15 19:00:00,,precip,0.0,0.0,,25.179,,,,
2024-07-16 07:00:00,,precip,0.0,0.0,,0.072,,,,
2024-07-16 13:00:00,,precip,0.0,0.0,,0.842,,,,
2024-07-16 19:00:00,,precip,0.0,0.0,,8.037,,,,
2024-07-17 01:00:00,,precip,0.0,0.0,,0.12,,,,
2024-07-17 07:00:00,,precip,0.0,0.0,,0.289,,,,
2024-07-17 13:00:00,,precip,0.0,0.0,,0.144,,,,
2024-07-17 19:00:00,,precip,0.0,0.0,,1.952,,,,
2024-07-18 01:00:00,,precip,0.0,0.0,,0.144,,,,
2024-07-18 07:00:00,,precip,0.0,0.0,,2.189,,,,
2024-07-18 13:00:00,,precip,0.0,0.0,,0.024,,,,
2024-07-18 19:00:00,,precip,0.0,0.0,,22.935,,,,
2024-07-19 01:00:00,,precip,0.0,0.0,,0.168,,,,
2024-07-19 13:00:00,,precip,0.0,0.0,,0.096,,,,
2024-07-19 19:00:00,,precip,0.0,0.0,,11.342,,,,
2024-07-20 07:00:00,,precip,0.0,0.0,,2.928,,,,
2024-07-20 13:00:00,,precip,0.0,0.0,,0.048,,,,
2024-07-20 19:00:00,,precip,0.0,0.0,,8.784,,,,
2024-07-21 19:00:00,,precip,0.0,0.0,,2.44,,,,
2024-07-22 19:00:00,,precip,0.0,0.0,,3.921,,,,
2024-07-22 22:00:00,,precip,0.0,0.0,,0.048,,,,
2024-07-23 04:00:00,,precip,0.0,0.0,,0.313,,,,
2024-07-23 07:00:00,,precip,0.0,0.0,,1.323,,,,
2024-07-23 10:00:00,,precip,0.0,0.0,,0.192,,,,
2024-07-23 19:00:00,,precip,0.0,0.0,,0.072,,,,
2024-07-24 01:00:00,,precip,0.0,0.0,,0.192,,,,
2024-07-24 07:00:00,,precip,0.0,0.0,,0.072,,,,
2024-07-24 13:00:00,,precip,0.0,0.0,,0.005,,,,
2024-07-24 19:00:00,,precip,0.0,0.0,,99.351,,,,
2024-07-25 01:00:00,,precip,0.0,0.0,,0.192,,,,
2024-07-25 13:00:00,,precip,0.0,0.0,,0.072,,,,
2024-07-25 19:00:00,,precip,0.0,0.0,,23.13,,,,
2024-07-28 19:00:00,,precip,0.0,0.0,,34.061,,,,
2024-07-29 07:00:00,,precip,0.0,0.0,,0.024,,,,
2024-07-29 13:00:00,,precip,0.0,0.0,,0.241,,,,
2024-07-29 19:00:00,,precip,0.0,0.0,,26.643,,,,
2024-07-30 01:00:00,,precip,0.0,0.0,,0.017,,,,
2024-07-30 07:00:00,,precip,0.0,0.0,,1.952,,,,
2024-07-30 13:00:00,,precip,0.0,0.0,,0.002,,,,
2024-07-31 01:00:00,,precip,0.0,0.0,,0.024,,,,
2024-07-31 13:00:00,,precip,0.0,0.0,,0.002,,,,
2024-07-31 19:00:00,,precip,0.0,0.0,,0.39,,,,
2024-08-01 19:00:00,,precip,0.0,0.0,,0.39,,,,
2024-08-02 07:00:00,,precip,0.0,0.0,,0.048,,,,
2024-08-02 13:00:00,,precip,0.0,0.0,,0.048,,,,
2024-08-02 19:00:00,,precip,0.0,0.0,,13.078,,,,
2024-08-03 07:00:00,,precip,0.0,0.0,,0.002,,,,
2024-08-04 11:00:00,,precip,0.0,0.0,,0.1,,,,
2024-08-04 14:00:00,,precip,0.0,0.0,,0.3,,,,
2024-08-04 15:00:00,,precip,0.0,0.0,,0.1,,,,
2024-08-04 17:00:00,,precip,0.0,0.0,,0.1,,,,
2024-08-05 05:00:00,,precip,0.0,0.0,,3.7,,,,
2024-08-05 06:00:00,,precip,0.0,0.0,,0.3,,,,
2024-08-05 17:00:00,,precip,0.0,0.0,,0.7,,,,
2024-08-06 03:00:00,,precip,0.0,0.0,,0.1,,,,
2024-08-06 05:00:00,,precip,0.0,0.0,,0.2,,,,
2024-08-06 08:00:00,,precip,0.0,0.0,,0.1,,,,
2024-08-06 09:00:00,,precip,0.0,0.0,,0.1,,,,
2024-08-06 11:00:00,,precip,0.0,0.0,,0.1,,,,
2024-08-06 12:00:00,,precip,0.0,0.0,,0.1,,,,
2024-08-06 17:00:00,,precip,0.0,0.0,,0.2,,,,
2024-08-07 11:00:00,,precip,0.0,0.0,,0.1,,,,
2024-08-07 12:00:00,,precip,0.0,0.0,,0.2,,,,
2024-08-07 14:00:00,,precip,0.0,0.0,,0.4,,,,
2024-08-07 17:00:00,,precip,0.0,0.0,,0.7,,,,
2024-08-07 20:00:00,,precip,0.0,0.0,,0.3,,,,
2024-08-08 11:00:00,,precip,0.0,0.0,,0.1,,,,
2024-08-10 18:00:00,,precip,0.0,0.0,,0.2,,,,
2024-08-10 19:00:00,,precip,0.0,0.0,,0.1,,,,
2024-08-10 21:00:00,,precip,0.0,0.0,,1.4,,,,
2024-08-10 22:00:00,,precip,0.0,0.0,,2.8,,,,
2024-08-11 06:00:00,,precip,0.0,0.0,,0.3,,,,
2024-08-11 16:00:00,,precip,0.0,0.0,,0.1,,,,
2024-08-11 18:00:00,,precip,0.0,0.0,,0.2,,,,
2024-08-12 19:00:00,,precip,0.0,0.0,,0.883,,,,
2024-08-13 19:00:00,,precip,0.0,0.0,,19.395,,,,
2024-08-14 07:00:00,,precip,0.0,0.0,,0.048,,,,
2024-08-14 19:00:00,,precip,0.0,0.0,,12.883,,,,
2024-08-15 01:00:00,,precip,0.0,0.0,,0.01,,,,
2024-08-15 07:00:00,,precip,0.0,0.0,,0.111,,,,
2024-08-15 19:00:00,,precip,0.0,0.0,,0.488,,,,
2024-08-16 09:00:00,,precip,0.0,0.0,,0.1,,,,
2024-08-16 11:00:00,,precip,0.0,0.0,,0.3,,,,
2024-08-16 12:00:00,,precip,0.0,0.0,,0.4,,,,
2024-08-16 17:00:00,,precip,0.0,0.0,,0.1,,,,
2024-08-16 20:00:00,,precip,0.0,0.0,,0.6,,,,
2024-08-16 21:00:00,,precip,0.0,0.0,,0.5,,,,
2024-08-17 19:00:00,,precip,0.0,0.0,,33.377,,,,
2024-08-18 03:00:00,,precip,0.0,0.0,,0.2,,,,
2024-08-18 05:00:00,,precip,0.0,0.0,,0.1,,,,
2024-08-18 08:00:00,,precip,0.0,0.0,,0.7,,,,
2024-08-18 09:00:00,,precip,0.0,0.0,,0.5,,,,
2024-08-18 11:00:00,,precip,0.0,0.0,,0.6,,,,
2024-08-18 12:00:00,,precip,0.0,0.0,,0.6,,,,
2024-08-18 14:00:00,,precip,0.0,0.0,,0.2,,,,
2024-08-18 15:00:00,,precip,0.0,0.0,,0.3,,,,
2024-08-18 17:00:00,,precip,0.0,0.0,,0.5,,,,
2024-08-18 18:00:00,,precip,0.0,0.0,,1.5,,,,
2024-08-19 13:00:00,,precip,0.0,0.0,,1.01,,,,
2024-08-20 01:00:00,,precip,0.0,0.0,,0.361,,,,
2024-08-20 19:00:00,,precip,0.0,0.0,,4.099,,,,
2024-08-21 19:00:00,,precip,0.0,0.0,,36.988,,,,
2024-08-22 00:00:00,,precip,0.0,0.0,,0.1,,,,
2024-08-22 09:00:00,,precip,0.0,0.0,,0.1,,,,
2024-08-22 11:00:00,,precip,0.0,0.0,,0.1,,,,
2024-08-22 12:00:00,,precip,0.0,0.0,,0.1,,,,
2024-08-22 14:00:00,,precip,0.0,0.0,,0.8,,,,
2024-08-22 15:00:00,,precip,0.0,0.0,,0.7,,,,
2024-08-22 17:00:00,,precip,0.0,0.0,,1.8,,,,
2024-08-22 18:00:00,,precip,0.0,0.0,,0.2,,,,
2024-08-23 07:00:00,,precip,0.0,0.0,,2.044,,,,
2024-08-23 13:00:00,,precip,0.0,0.0,,0.048,,,,
2024-08-23 19:00:00,,precip,0.0,0.0,,100.035,,,,
2024-08-24 01:00:00,,precip,0.0,0.0,,16.024,,,,
2024-08-24 13:00:00,,precip,0.0,0.0,,0.007,,,,
2024-08-24 19:00:00,,precip,0.0,0.0,,15.615,,,,
2024-08-25 01:00:00,,precip,0.0,0.0,,4.385,,,,
2024-08-25 07:00:00,,precip,0.0,0.0,,3.904,,,,
2024-08-26 19:00:00,,precip,0.0,0.0,,40.014,,,,
2024-08-27 01:00:00,,precip,0.0,0.0,,8.784,,,,
2024-08-30 07:00:00,,precip,0.0,0.0,,15.0,,,,
2024-08-30 13:00:00,,precip,0.0,0.0,,23.543,,,,
2024-08-31 19:00:00,,precip,0.0,0.0,,0.878,,,,
2024-09-01 01:00:00,,precip,0.0,0.0,,3.911,,,,
2024-09-01 07:00:00,,precip,0.0,0.0,,0.33,,,,
2024-09-01 13:00:00,,precip,0.0,0.0,,0.978,,,,
2024-09-02 07:00:00,,precip,0.0,0.0,,0.005,,,,
2024-09-02 13:00:00,,precip,0.0,0.0,,0.002,,,,
2024-09-02 19:00:00,,precip,0.0,0.0,,1.952,,,,
2024-09-03 07:00:00,,precip,0.0,0.0,,39.038,,,,
2024-09-03 13:00:00,,precip,0.0,0.0,,0.195,,,,
2024-09-05 23:00:00,,precip,0.0,0.0,,0.2,,,,
2024-09-06 07:00:00,,precip,0.0,0.0,,0.457,,,,
2024-09-06 13:00:00,,precip,0.0,0.0,,0.048,,,,
2024-09-06 16:00:00,,precip,0.0,0.0,,0.007,,,,
2024-09-06 19:00:00,,precip,0.0,0.0,,17.567,,,,
2024-09-06 22:00:00,,precip,0.0,0.0,,0.112,,,,
2024-09-07 04:00:00,,precip,0.0,0.0,,0.122,,,,
2024-09-07 07:00:00,,precip,0.0,0.0,,0.106,,,,
2024-09-07 10:00:00,,precip,0.0,0.0,,13.0,,,,
2024-09-07 13:00:00,,precip,0.0,0.0,,18.0,,,,
2024-09-07 16:00:00,,precip,0.0,0.0,,22.0,,,,
2024-09-07 19:00:00,,precip,0.0,0.0,,77.0,,,,
2024-09-07 22:00:00,,precip,0.0,0.0,,123.98,,,,
2024-09-08 01:00:00,,precip,0.0,0.0,,6.976,,,,
2024-09-08 04:00:00,,precip,0.0,0.0,,0.218,,,,
2024-09-08 13:00:00,,precip,0.0,0.0,,2.313,,,,
2024-09-08 19:00:00,,precip,0.0,0.0,,10.638,,,,
2024-09-09 19:00:00,,precip,0.0,0.0,,27.327,,,,
2024-09-10 01:00:00,,precip,0.0,0.0,,37.313,,,,
2024-09-10 07:00:00,,precip,0.0,0.0,,69.292,,,,
2024-09-10 13:00:00,,precip,0.0,0.0,,2.096,,,,
2024-09-10 19:00:00,,precip,0.0,0.0,,5.385,,,,
2024-09-11 01:00:00,,precip,0.0,0.0,,8.832,,,,
2024-09-11 07:00:00,,precip,0.0,0.0,,2.928,,,,
2024-09-11 13:00:00,,precip,0.0,0.0,,37.505,,,,
2024-09-11 19:00:00,,precip,0.0,0.0,,14.832,,,,
2024-09-12 01:00:00,,precip,0.0,0.0,,0.048,,,,
2024-09-12 07:00:00,,precip,0.0,0.0,,0.242,,,,
2024-09-12 13:00:00,,precip,0.0,0.0,,0.007,,,,
2024-09-12 19:00:00,,precip,0.0,0.0,,0.137,,,,
2024-09-13 01:00:00,,precip,0.0,0.0,,44.966,,,,
2024-09-14 19:00:00,,precip,0.0,0.0,,2.457,,,,
2024-09-15 11:00:00,,precip,0.0,0.0,,0.1,,,,
2024-09-15 12:00:00,,precip,0.0,0.0,,0.1,,,,
2024-09-15 18:00:00,,precip,0.0,0.0,,1.7,,,,
2024-09-15 20:00:00,,precip,0.0,0.0,,0.1,,,,
2024-09-15 21:00:00,,precip,0.0,0.0,,0.4,,,,
2024-09-15 23:00:00,,precip,0.0,0.0,,3.5,,,,
2024-09-16 01:00:00,,precip,0.0,0.0,,0.005,,,,
2024-09-16 19:00:00,,precip,0.0,0.0,,95.453,,,,
2024-09-17 01:00:00,,precip,0.0,0.0,,0.048,,,,
2024-09-17 07:00:00,,precip,0.0,0.0,,0.698,,,,
2024-09-17 13:00:00,,precip,0.0,0.0,,0.481,,,,
2024-09-17 19:00:00,,precip,0.0,0.0,,3.904,,,,
2024-09-18 01:00:00,,precip,0.0,0.0,,0.002,,,,
2024-09-18 13:00:00,,precip,0.0,0.0,,0.007,,,,
2024-09-18 19:00:00,,precip,0.0,0.0,,2.569,,,,
2024-09-19 01:00:00,,precip,0.0,0.0,,0.002,,,,
2024-09-19 19:00:00,,precip,0.0,0.0,,0.408,,,,
2024-09-20 01:00:00,,precip,0.0,0.0,,0.12,,,,
2024-09-20 19:00:00,,precip,0.0,0.0,,55.629,,,,
2024-09-21 13:00:00,,precip,0.0,0.0,,0.144,,,,
2024-09-21 19:00:00,,precip,0.0,0.0,,74.404,,,,
2024-09-22 01:00:00,,precip,0.0,0.0,,0.914,,,,
2024-09-22 07:00:00,,precip,0.0,0.0,,0.577,,,,
2024-09-22 13:00:00,,precip,0.0,0.0,,0.986,,,,
2024-09-22 19:00:00,,precip,0.0,0.0,,32.936,,,,
2024-09-23 01:00:00,,precip,0.0,0.0,,0.002,,,,
2024-09-23 07:00:00,,precip,0.0,0.0,,0.19,,,,
2024-09-23 13:00:00,,precip,0.0,0.0,,0.01,,,,
2024-09-23 19:00:00,,precip,0.0,0.0,,15.615,,,,
2024-09-25 05:00:00,,precip,0.0,0.0,,0.1,,,,
2024-09-29 19:00:00,,precip,0.0,0.0,,30.059,,,,
2024-09-30 01:00:00,,precip,0.0,0.0,,0.01,,,,
2024-09-30 13:00:00,,precip,0.0,0.0,,0.063,,,,
2024-09-30 19:00:00,,precip,0.0,0.0,,3.904,,,,
2024-10-01 07:00:00,,precip,0.0,0.0,,0.096,,,,
2024-10-01 13:00:00,,precip,0.0,0.0,,0.048,,,,
2024-10-01 19:00:00,,precip,0.0,0.0,,5.829,,,,
2024-10-02 19:00:00,,precip,0.0,0.0,,0.098,,,,
2024-10-12 08:00:00,,precip,0.0,0.0,,0.2,,,,
2024-10-12 09:00:00,,precip,0.0,0.0,,0.2,,,,
2024-10-12 11:00:00,,precip,0.0,0.0,,0.2,,,,
2024-10-12 12:00:00,,precip,0.0,0.0,,0.3,,,,
2024-10-13 12:00:00,,precip,0.0,0.0,,0.1,,,,
2024-10-13 17:00:00,,precip,0.0,0.0,,0.1,,,,
2024-10-15 13:00:00,,precip,0.0,0.0,,0.002,,,,
2024-10-15 19:00:00,,precip,0.0,0.0,,29.181,,,,
2024-10-16 19:00:00,,precip,0.0,0.0,,1.951,,,,
2024-10-17 03:00:00,,precip,0.0,0.0,,0.1,,,,
2024-10-17 06:00:00,,precip,0.0,0.0,,0.1,,,,
2024-10-17 08:00:00,,precip,0.0,0.0,,0.1,,,,
2024-10-17 09:00:00,,precip,0.0,0.0,,0.3,,,,
2024-10-17 11:00:00,,precip,0.0,0.0,,0.1,,,,
2024-10-17 12:00:00,,precip,0.0,0.0,,0.1,,,,
2024-10-17 14:00:00,,precip,0.0,0.0,,0.1,,,,
2024-10-17 15:00:00,,precip,0.0,0.0,,0.1,,,,
2024-10-18 09:00:00,,precip,0.0,0.0,,0.1,,,,
2024-10-18 11:00:00,,precip,0.0,0.0,,0.1,,,,
2024-10-18 12:00:00,,precip,0.0,0.0,,0.3,,,,
2024-10-18 14:00:00,,precip,0.0,0.0,,0.1,,,,
2024-10-19 13:00:00,,precip,0.0,0.0,,0.529,,,,
2024-10-19 19:00:00,,precip,0.0,0.0,,0.098,,,,
2024-10-20 00:00:00,,precip,0.0,0.0,,0.2,,,,
2024-10-20 02:00:00,,precip,0.0,0.0,,0.1,,,,
2024-10-20 03:00:00,,precip,0.0,0.0,,0.1,,,,
2024-10-20 05:00:00,,precip,0.0,0.0,,0.1,,,,
2024-10-20 08:00:00,,precip,0.0,0.0,,0.1,,,,
2024-10-20 09:00:00,,precip,0.0,0.0,,0.2,,,,
2024-10-20 11:00:00,,precip,0.0,0.0,,0.1,,,,
2024-10-20 12:00:00,,precip,0.0,0.0,,0.1,,,,
2024-10-20 14:00:00,,precip,0.0,0.0,,0.1,,,,
2024-10-21 19:00:00,,precip,0.0,0.0,,32.694,,,,
2024-10-22 11:00:00,,precip,0.0,0.0,,0.3,,,,
2024-10-22 12:00:00,,precip,0.0,0.0,,0.3,,,,
2024-10-22 20:00:00,,precip,0.0,0.0,,0.4,,,,
2024-10-22 21:00:00,,precip,0.0,0.0,,0.5,,,,
2024-10-22 23:00:00,,precip,0.0,0.0,,0.3,,,,
2024-10-23 13:00:00,,precip,0.0,0.0,,0.002,,,,
2024-10-27 19:00:00,,precip,0.0,0.0,,2.027,,,,
2024-10-28 13:00:00,,precip,0.0,0.0,,0.002,,,,
2024-10-28 19:00:00,,precip,0.0,0.0,,2.147,,,,
2024-10-29 19:00:00,,precip,0.0,0.0,,0.398,,,,
2024-10-30 07:00:00,,precip,0.0,0.0,,0.024,,,,
2024-11-04 19:00:00,,precip,0.0,0.0,,0.007,,,,
2024-11-05 07:00:00,,precip,0.0,0.0,,0.144,,,,
2024-11-05 13:00:00,,precip,0.0,0.0,,0.12,,,,
2024-11-05 19:00:00,,precip,0.0,0.0,,1.074,,,,
2024-11-16 08:00:00,,precip,0.0,0.0,,0.1,,,,
2024-11-16 11:00:00,,precip,0.0,0.0,,0.1,,,,
2024-11-16 12:00:00,,precip,0.0,0.0,,0.1,,,,
2024-11-18 05:00:00,,precip,0.0,0.0,,0.3,,,,
2024-11-18 06:00:00,,precip,0.0,0.0,,0.8,,,,
2024-11-18 07:00:00,,precip,0.0,0.0,,1.1,,,,
2024-11-18 08:00:00,,precip,0.0,0.0,,0.5,,,,
2024-11-18 09:00:00,,precip,0.0,0.0,,0.1,,,,
2024-11-18 10:00:00,,precip,0.0,0.0,,0.1,,,,
2024-11-18 11:00:00,,precip,0.0,0.0,,0.1,,,,
2024-11-18 15:00:00,,precip,0.0,0.0,,0.3,,,,
2024-11-18 16:00:00,,precip,0.0,0.0,,0.6,,,,
2024-11-18 17:00:00,,precip,0.0,0.0,,0.3,,,,
2024-11-18 18:00:00,,precip,0.0,0.0,,0.1,,,,
2024-11-18 19:00:00,,precip,0.0,0.0,,0.1,,,,
2024-11-24 19:00:00,,precip,0.0,0.0,,0.005,,,,
2024-11-25 11:00:00,,precip,0.0,0.0,,0.1,,,,
2024-11-25 12:00:00,,precip,0.0,0.0,,0.1,,,,
2024-11-25 23:00:00,,precip,0.0,0.0,,1.1,,,,
2024-11-26 00:00:00,,precip,0.0,0.0,,0.9,,,,
2024-11-26 05:00:00,,precip,0.0,0.0,,0.2,,,,
2024-11-26 06:00:00,,precip,0.0,0.0,,0.2,,,,
2024-12-02 11:00:00,,precip,0.0,0.0,,0.2,,,,
2024-12-02 12:00:00,,precip,0.0,0.0,,0.1,,,,
2024-12-03 09:00:00,,precip,0.0,0.0,,0.2,,,,
2024-12-03 11:00:00,,precip,0.0,0.0,,0.1,,,,
2024-12-03 12:00:00,,precip,0.0,0.0,,0.1,,,,
2024-12-03 14:00:00,,precip,0.0,0.0,,0.1,,,,
2024-12-03 15:00:00,,precip,0.0,0.0,,0.1,,,,
2024-12-04 05:00:00,,precip,0.0,0.0,,0.1,,,,
2024-12-04 08:00:00,,precip,0.0,0.0,,0.1,,,,
2024-12-04 09:00:00,,precip,0.0,0.0,,0.1,,,,
2024-12-04 11:00:00,,precip,0.0,0.0,,0.1,,,,
2024-12-04 12:00:00,,precip,0.0,0.0,,0.1,,,,
2024-12-06 19:00:00,,precip,0.0,0.0,,0.01,,,,
2024-12-07 13:00:00,,precip,0.0,0.0,,0.2,,,,
2024-12-08 00:00:00,,precip,0.0,0.0,,0.1,,,,
2024-12-08 02:00:00,,precip,0.0,0.0,,0.1,,,,
2024-12-08 03:00:00,,precip,0.0,0.0,,0.1,,,,
2024-12-08 05:00:00,,precip,0.0,0.0,,0.1,,,,
2024-12-10 08:00:00,,precip,0.0,0.0,,0.1,,,,
2024-12-10 09:00:00,,precip,0.0,0.0,,0.1,,,,
2024-12-10 14:00:00,,precip,0.0,0.0,,0.1,,,,
2024-12-11 13:00:00,,precip,0.0,0.0,,2.928,,,,
2024-12-11 19:00:00,,precip,0.0,0.0,,0.019,,,,
2024-12-12 00:00:00,,precip,0.0,0.0,,0.1,,,,
2024-12-12 02:00:00,,precip,0.0,0.0,,0.1,,,,
2024-12-12 03:00:00,,precip,0.0,0.0,,0.1,,,,
2024-12-12 18:00:00,,precip,0.0,0.0,,0.1,,,,
2024-12-13 20:00:00,,precip,0.0,0.0,,0.1,,,,
2024-12-15 07:00:00,,precip,0.0,0.0,,0.007,,,,
2024-12-15 19:00:00,,precip,0.0,0.0,,0.002,,,,
2024-12-16 01:00:00,,precip,0.0,0.0,,0.005,,,,
2024-12-27 07:00:00,,precip,0.0,0.0,,0.005,,,,
2024-12-28 01:00:00,,precip,0.0,0.0,,0.024,,,,
2025-01-08 09:00:00,,precip,0.0,0.0,,0.1,,,,
2025-01-08 11:00:00,,precip,0.0,0.0,,0.1,,,,
2025-01-08 12:00:00,,precip,0.0,0.0,,0.1,,,,
2025-01-08 14:00:00,,precip,0.0,0.0,,0.2,,,,
2025-01-08 15:00:00,,precip,0.0,0.0,,0.1,,,,
2025-01-15 02:00:00,,precip,0.0,0.0,,0.1,,,,
2025-01-22 12:00:00,,precip,0.0,0.0,,0.1,,,,
2025-01-22 14:00:00,,precip,0.0,0.0,,0.1,,,,
2025-01-22 18:00:00,,precip,0.0,0.0,,0.1,,,,
2025-01-24 19:00:00,,precip,0.0,0.0,,0.1,,,,
2025-01-25 19:00:00,,precip,0.0,0.0,,1.4,,,,
2025-01-26 19:00:00,,precip,0.0,0.0,,1.9,,,,
2025-01-31 11:00:00,,precip,0.0,0.0,,0.1,,,,
2025-02-01 07:00:00,,precip,0.0,0.0,,0.6,,,,
2025-02-01 13:00:00,,precip,0.0,0.0,,2.0,,,,
2025-02-02 05:00:00,,precip,0.0,0.0,,0.1,,,,
2025-02-02 08:00:00,,precip,0.0,0.0,,0.1,,,,
2025-02-02 09:00:00,,precip,0.0,0.0,,0.1,,,,
2025-02-02 15:00:00,,precip,0.0,0.0,,0.1,,,,
2025-02-02 20:00:00,,precip,0.0,0.0,,0.2,,,,
2025-02-02 21:00:00,,precip,0.0,0.0,,0.3,,,,
2025-02-03 02:00:00,,precip,0.0,0.0,,0.5,,,,
2025-02-03 03:00:00,,precip,0.0,0.0,,0.8,,,,
2025-02-03 05:00:00,,precip,0.0,0.0,,0.5,,,,
2025-02-03 06:00:00,,precip,0.0,0.0,,0.5,,,,
2025-02-03 08:00:00,,precip,0.0,0.0,,0.4,,,,
2025-02-03 09:00:00,,precip,0.0,0.0,,0.4,,,,
2025-02-03 11:00:00,,precip,0.0,0.0,,0.2,,,,
2025-02-03 12:00:00,,precip,0.0,0.0,,0.3,,,,
2025-02-06 19:00:00,,precip,0.0,0.0,,1.8,,,,
2025-02-07 19:00:00,,precip,0.0,0.0,,2.6,,,,
2025-02-08 02:00:00,,precip,0.0,0.0,,0.1,,,,
2025-02-08 03:00:00,,precip,0.0,0.0,,0.1,,,,
2025-02-08 05:00:00,,precip,0.0,0.0,,0.2,,,,
2025-02-12 19:00:00,,precip,0.0,0.0,,0.1,,,,
2025-02-13 00:00:00,,precip,0.0,0.0,,0.1,,,,
2025-02-13 02:00:00,,precip,0.0,0.0,,0.3,,,,
2025-02-13 03:00:00,,precip,0.0,0.0,,0.8,,,,
2025-02-13 08:00:00,,precip,0.0,0.0,,0.1,,,,
2025-02-15 19:00:00,,precip,0.0,0.0,,0.1,,,,
2025-02-16 19:00:00,,precip,0.0,0.0,,5.2,,,,
2025-02-17 19:00:00,,precip,0.0,0.0,,1.9,,,,
2025-02-18 13:00:00,,precip,0.0,0.0,,5.0,,,,
2025-02-19 19:00:00,,precip,0.0,0.0,,0.6,,,,
2025-02-20 13:00:00,,precip,0.0,0.0,,0.6,,,,
2025-02-21 19:00:00,,precip,0.0,0.0,,1.6,,,,
2025-02-22 19:00:00,,precip,0.0,0.0,,4.3,,,,
2025-02-23 19:00:00,,precip,0.0,0.0,,5.1,,,,
2025-02-24 19:00:00,,precip,0.0,0.0,,1.2,,,,
2025-02-25 19:00:00,,precip,0.0,0.0,,11.4,,,,
2025-02-26 19:00:00,,precip,0.0,0.0,,1.2,,,,
2025-03-01 13:00:00,,precip,0.0,0.0,,0.6,,,,
2025-03-02 19:00:00,,precip,0.0,0.0,,1.2,,,,
2025-03-03 19:00:00,,precip,0.0,0.0,,0.2,,,,
2025-03-04 19:00:00,,precip,0.0,0.0,,0.1,,,,
2025-03-05 19:00:00,,precip,0.0,0.0,,0.1,,,,
2025-03-06 19:00:00,,precip,0.0,0.0,,0.6,,,,
2025-03-07 00:00:00,,precip,0.0,0.0,,0.1,,,,
2025-03-07 02:00:00,,precip,0.0,0.0,,0.1,,,,
2025-03-07 03:00:00,,precip,0.0,0.0,,0.1,,,,
2025-03-07 05:00:00,,precip,0.0,0.0,,0.1,,,,
2025-03-09 06:00:00,,precip,0.0,0.0,,0.1,,,,
2025-03-09 08:00:00,,precip,0.0,0.0,,0.2,,,,
2025-03-10 05:00:00,,precip,0.0,0.0,,0.1,,,,
2025-03-10 06:00:00,,precip,0.0,0.0,,0.2,,,,
2025-03-10 15:00:00,,precip,0.0,0.0,,0.1,,,,
2025-03-11 12:00:00,,precip,0.0,0.0,,0.1,,,,
2025-03-11 14:00:00,,precip,0.0,0.0,,0.1,,,,
2025-03-11 15:00:00,,precip,0.0,0.0,,0.1,,,,
2025-03-12 19:00:00,,precip,0.0,0.0,,0.1,,,,
2025-03-13 19:00:00,,precip,0.0,0.0,,1.6,,,,
2025-03-14 19:00:00,,precip,0.0,0.0,,0.1,,,,
2025-03-15 19:00:00,,precip,0.0,0.0,,0.1,,,,
2025-03-16 19:00:00,,precip,0.0,0.0,,11.1,,,,
2025-03-17 19:00:00,,precip,0.0,0.0,,0.1,,,,
2025-03-28 13:00:00,,precip,0.0,0.0,,0.2,,,,
2025-03-29 07:00:00,,precip,0.0,0.0,,3.0,,,,
2025-03-30 01:00:00,,precip,0.0,0.0,,0.2,,,,
2025-04-05 19:00:00,,precip,0.0,0.0,,1.1,,,,
2025-04-06 19:00:00,,precip,0.0,0.0,,3.8,,,,
2025-04-07 19:00:00,,precip,0.0,0.0,,1.4,,,,
2025-04-10 19:00:00,,precip,0.0,0.0,,0.2,,,,
2025-04-11 19:00:00,,precip,0.0,0.0,,0.3,,,,
2025-04-12 19:00:00,,precip,0.0,0.0,,0.1,,,,
2025-04-13 19:00:00,,precip,0.0,0.0,,1.9,,,,
2025-04-14 02:00:00,,precip,0.0,0.0,,0.1,,,,
2025-04-14 11:00:00,,precip,0.0,0.0,,0.1,,,,
2025-04-17 14:00:00,,precip,0.0,0.0,,0.3,,,,
2025-04-18 19:00:00,,precip,0.0,0.0,,0.1,,,,
2025-04-19 19:00:00,,precip,0.0,0.0,,0.1,,,,
2025-04-20 19:00:00,,precip,0.0,0.0,,0.2,,,,
2025-04-21 19:00:00,,precip,0.0,0.0,,10.8,,,,
2025-04-23 17:00:00,,precip,0.0,0.0,,1.0,,,,
2025-04-23 18:00:00,,precip,0.0,0.0,,8.2,,,,
2025-04-23 20:00:00,,precip,0.0,0.0,,5.5,,,,
2025-04-23 23:00:00,,precip,0.0,0.0,,0.3,,,,
2025-04-24 19:00:00,,precip,0.0,0.0,,0.1,,,,
2025-04-25 19:00:00,,precip,0.0,0.0,,18.5,,,,
2025-04-26 11:00:00,,precip,0.0,0.0,,0.1,,,,
2025-04-26 12:00:00,,precip,0.0,0.0,,0.1,,,,
2025-04-26 14:00:00,,precip,0.0,0.0,,0.1,,,,
2025-04-27 19:00:00,,precip,0.0,0.0,,0.2,,,,
2025-04-28 19:00:00,,precip,0.0,0.0,,6.6,,,,
2025-04-29 19:00:00,,precip,0.0,0.0,,0.1,,,,
2025-04-30 19:00:00,,precip,0.0,0.0,,0.4,,,,
2025-05-01 19:00:00,,precip,0.0,0.0,,35.4,,,,
2025-05-04 19:00:00,,precip,0.0,0.0,,1.6,,,,
2025-05-06 09:00:00,,precip,0.0,0.0,,0.1,,,,
2025-05-06 18:00:00,,precip,0.0,0.0,,0.2,,,,
2025-05-07 00:00:00,,precip,0.0,0.0,,0.1,,,,
2025-05-07 02:00:00,,precip,0.0,0.0,,0.5,,,,
2025-05-07 03:00:00,,precip,0.0,0.0,,0.1,,,,
2025-05-07 08:00:00,,precip,0.0,0.0,,0.1,,,,
2025-05-07 09:00:00,,precip,0.0,0.0,,0.2,,,,
2025-05-07 11:00:00,,precip,0.0,0.0,,0.1,,,,
2025-05-07 12:00:00,,precip,0.0,0.0,,0.1,,,,
2025-05-09 15:00:00,,precip,0.0,0.0,,0.2,,,,
2025-05-09 21:00:00,,precip,0.0,0.0,,0.3,,,,
2025-05-09 23:00:00,,precip,0.0,0.0,,1.7,,,,
2025-05-10 19:00:00,,precip,0.0,0.0,,4.4,,,,
2025-05-11 19:00:00,,precip,0.0,0.0,,50.3,,,,
2025-05-14 12:00:00,,precip,0.0,0.0,,0.1,,,,
2025-05-14 14:00:00,,precip,0.0,0.0,,0.1,,,,
2025-05-15 08:00:00,,precip,0.0,0.0,,0.2,,,,
2025-05-15 09:00:00,,precip,0.0,0.0,,0.3,,,,
2025-05-15 11:00:00,,precip,0.0,0.0,,0.6,,,,
2025-05-15 12:00:00,,precip,0.0,0.0,,0.7,,,,
2025-05-15 14:00:00,,precip,0.0,0.0,,1.4,,,,
2025-05-15 15:00:00,,precip,0.0,0.0,,0.3,,,,
2025-05-15 17:00:00,,precip,0.0,0.0,,0.1,,,,
2025-05-16 19:00:00,,precip,0.0,0.0,,0.2,,,,
2025-05-17 19:00:00,,precip,0.0,0.0,,10.2,,,,
2025-05-18 19:00:00,,precip,0.0,0.0,,5.0,,,,
2025-05-19 19:00:00,,precip,0.0,0.0,,1.2,,,,
2025-05-20 19:00:00,,precip,0.0,0.0,,11.2,,,,
2025-05-21 19:00:00,,precip,0.0,0.0,,37.0,,,,
2025-05-22 02:00:00,,precip,0.0,0.0,,0.1,,,,
2025-05-22 12:00:00,,precip,0.0,0.0,,0.1,,,,
2025-05-23 13:00:00,,precip,0.0,0.0,,41.0,,,,
2025-05-24 07:00:00,,precip,0.0,0.0,,32.0,,,,
2025-05-24 13:00:00,,precip,0.0,0.0,,10.0,,,,
2025-05-24 19:00:00,,precip,0.0,0.0,,3.0,,,,
2025-05-25 19:00:00,,precip,0.0,0.0,,7.7,,,,
2025-05-27 05:00:00,,precip,0.0,0.0,,0.8,,,,
2025-05-27 08:00:00,,precip,0.0,0.0,,0.6,,,,
2025-05-27 09:00:00,,precip,0.0,0.0,,1.4,,,,
2025-05-27 10:00:00,,precip,0.0,0.0,,1.5,,,,
2025-05-27 11:00:00,,precip,0.0,0.0,,1.4,,,,
2025-05-27 12:00:00,,precip,0.0,0.0,,1.5,,,,
2025-05-27 14:00:00,,precip,0.0,0.0,,0.1,,,,
2025-05-27 17:00:00,,precip,0.0,0.0,,0.1,,,,
2025-05-27 21:00:00,,precip,0.0,0.0,,0.2,,,,
2025-05-28 19:00:00,,precip,0.0,0.0,,1.3,,,,
2025-05-29 19:00:00,,precip,0.0,0.0,,3.8,,,,
2025-05-30 19:00:00,,precip,0.0,0.0,,6.3,,,,
2025-06-02 20:00:00,,precip,0.0,0.0,,0.2,,,,
2025-06-02 21:00:00,,precip,0.0,0.0,,0.1,,,,
2025-06-02 23:00:00,,precip,0.0,0.0,,1.7,,,,
2025-06-03 19:00:00,,precip,0.0,0.0,,15.1,,,,
2025-06-04 19:00:00,,precip,0.0,0.0,,10.9,,,,
2025-06-05 02:00:00,,precip,0.0,0.0,,0.4,,,,
2025-06-05 03:00:00,,precip,0.0,0.0,,0.2,,,,
2025-06-05 14:00:00,,precip,0.0,0.0,,0.1,,,,
2025-06-05 15:00:00,,precip,0.0,0.0,,0.1,,,,
2025-06-05 17:00:00,,precip,0.0,0.0,,1.7,,,,
2025-06-06 11:00:00,,precip,0.0,0.0,,0.1,,,,
2025-06-06 12:00:00,,precip,0.0,0.0,,0.2,,,,
2025-06-06 14:00:00,,precip,0.0,0.0,,1.0,,,,
2025-06-07 19:00:00,,precip,0.0,0.0,,18.8,,,,
2025-06-08 19:00:00,,precip,0.0,0.0,,0.1,,,,
2025-06-09 19:00:00,,precip,0.0,0.0,,0.2,,,,
2025-06-10 02:00:00,,precip,0.0,0.0,,1.0,,,,
2025-06-10 03:00:00,,precip,0.0,0.0,,4.8,,,,
2025-06-10 05:00:00,,precip,0.0,0.0,,5.1,,,,
2025-06-10 06:00:00,,precip,0.0,0.0,,4.7,,,,
2025-06-10 08:00:00,,precip,0.0,0.0,,2.3,,,,
2025-06-10 09:00:00,,precip,0.0,0.0,,0.9,,,,
2025-06-10 11:00:00,,precip,0.0,0.0,,0.7,,,,
2025-06-10 12:00:00,,precip,0.0,0.0,,0.5,,,,
2025-06-10 14:00:00,,precip,0.0,0.0,,4.9,,,,
2025-06-10 15:00:00,,precip,0.0,0.0,,1.2,,,,
2025-06-10 17:00:00,,precip,0.0,0.0,,0.3,,,,
2025-06-10 18:00:00,,precip,0.0,0.0,,0.1,,,,
2025-06-11 17:00:00,,precip,0.0,0.0,,1.0,,,,
2025-06-11 18:00:00,,precip,0.0,0.0,,1.1,,,,
2025-06-11 20:00:00,,precip,0.0,0.0,,0.1,,,,
2025-06-12 19:00:00,,precip,0.0,0.0,,9.0,,,,
2025-06-13 01:00:00,,precip,0.0,0.0,,2.0,,,,
2025-06-15 19:00:00,,precip,0.0,0.0,,4.0,,,,
2025-06-16 01:00:00,,precip,0.0,0.0,,7.0,,,,
2025-06-16 19:00:00,,precip,0.0,0.0,,2.0,,,,
2025-06-17 01:00:00,,precip,0.0,0.0,,1.0,,,,
2025-06-18 03:00:00,,precip,0.0,0.0,,0.1,,,,
2025-06-18 05:00:00,,precip,0.0,0.0,,0.7,,,,
2025-06-18 06:00:00,,precip,0.0,0.0,,0.6,,,,
2025-06-18 08:00:00,,precip,0.0,0.0,,0.1,,,,
2025-06-18 20:00:00,,precip,0.0,0.0,,0.2,,,,
2025-06-18 21:00:00,,precip,0.0,0.0,,0.2,,,,
2025-06-18 23:00:00,,precip,0.0,0.0,,0.1,,,,
2025-06-19 00:00:00,,precip,0.0,0.0,,0.1,,,,
2025-06-20 03:00:00,,precip,0.0,0.0,,0.1,,,,
2025-06-20 14:00:00,,precip,0.0,0.0,,0.1,,,,
2025-06-20 15:00:00,,precip,0.0,0.0,,0.1,,,,
2025-06-20 23:00:00,,precip,0.0,0.0,,1.4,,,,
2025-06-21 07:00:00,,precip,0.0,0.0,,19.0,,,,
2025-06-21 13:00:00,,precip,0.0,0.0,,0.5,,,,
2025-06-22 01:00:00,,precip,0.0,0.0,,56.0,,,,
2025-06-22 07:00:00,,precip,0.0,0.0,,13.0,,,,
2025-06-22 19:00:00,,precip,0.0,0.0,,5.0,,,,
2025-06-23 00:00:00,,precip,0.0,0.0,,0.7,,,,
2025-06-23 02:00:00,,precip,0.0,0.0,,0.2,,,,
2025-06-23 11:00:00,,precip,0.0,0.0,,0.1,,,,
2025-06-23 12:00:00,,precip,0.0,0.0,,0.1,,,,
2025-06-23 14:00:00,,precip,0.0,0.0,,0.1,,,,
2025-06-23 15:00:00,,precip,0.0,0.0,,0.9,,,,
2025-06-23 17:00:00,,precip,0.0,0.0,,2.7,,,,
2025-06-23 18:00:00,,precip,0.0,0.0,,0.1,,,,
2025-06-24 12:00:00,,precip,0.0,0.0,,0.1,,,,
2025-06-24 14:00:00,,precip,0.0,0.0,,0.1,,,,
2025-06-24 15:00:00,,precip,0.0,0.0,,3.9,,,,
2025-06-24 17:00:00,,precip,0.0,0.0,,0.1,,,,
2025-06-24 18:00:00,,precip,0.0,0.0,,0.1,,,,
2025-06-24 20:00:00,,precip,0.0,0.0,,1.0,,,,
2025-06-25 13:00:00,,precip,0.0,0.0,,21.0,,,,
2025-06-26 06:00:00,,precip,0.0,0.0,,0.1,,,,
2025-06-26 08:00:00,,precip,0.0,0.0,,0.1,,,,
2025-06-26 09:00:00,,precip,0.0,0.0,,0.3,,,,
2025-06-26 11:00:00,,precip,0.0,0.0,,0.4,,,,
2025-06-26 12:00:00,,precip,0.0,0.0,,0.3,,,,
2025-06-26 14:00:00,,precip,0.0,0.0,,0.1,,,,
2025-06-26 15:00:00,,precip,0.0,0.0,,0.5,,,,
2025-06-26 17:00:00,,precip,0.0,0.0,,0.7,,,,
2025-06-26 20:00:00,,precip,0.0,0.0,,2.0,,,,
2025-06-26 21:00:00,,precip,0.0,0.0,,2.9,,,,
2025-06-27 01:00:00,,precip,0.0,0.0,,0.8,,,,
2025-06-27 13:00:00,,precip,0.0,0.0,,3.0,,,,
2025-06-28 01:00:00,,precip,0.0,0.0,,0.3,,,,
2025-06-28 07:00:00,,precip,0.0,0.0,,3.7,,,,
2025-06-28 13:00:00,,precip,0.0,0.0,,1.0,,,,
2025-06-29 00:00:00,,precip,0.0,0.0,,0.2,,,,
2025-06-29 02:00:00,,precip,0.0,0.0,,0.6,,,,
2025-06-29 03:00:00,,precip,0.0,0.0,,1.6,,,,
2025-06-29 05:00:00,,precip,0.0,0.0,,0.7,,,,
2025-06-29 06:00:00,,precip,0.0,0.0,,0.9,,,,
2025-06-29 08:00:00,,precip,0.0,0.0,,1.4,,,,
2025-06-29 09:00:00,,precip,0.0,0.0,,1.1,,,,
2025-06-29 11:00:00,,precip,0.0,0.0,,0.9,,,,
2025-06-29 12:00:00,,precip,0.0,0.0,,1.5,,,,
2025-06-29 14:00:00,,precip,0.0,0.0,,0.4,,,,
2025-06-29 15:00:00,,precip,0.0,0.0,,0.1,,,,
2025-06-30 19:00:00,,precip,0.0,0.0,,6.0,,,,
2025-07-01 01:00:00,,precip,0.0,0.0,,6.0,,,,
2025-07-01 07:00:00,,precip,0.0,0.0,,3.0,,,,
2025-07-01 13:00:00,,precip,0.0,0.0,,1.0,,,,
2025-07-02 07:00:00,,precip,0.0,0.0,,29.0,,,,
2025-07-02 13:00:00,,precip,0.0,0.0,,0.2,,,,
2025-07-03 13:00:00,,precip,0.0,0.0,,52.0,,,,
2025-07-04 05:00:00,,precip,0.0,0.0,,0.1,,,,
2025-07-04 09:00:00,,precip,0.0,0.0,,0.1,,,,
2025-07-04 11:00:00,,precip,0.0,0.0,,0.1,,,,
2025-07-04 12:00:00,,precip,0.0,0.0,,0.1,,,,
2025-07-04 15:00:00,,precip,0.0,0.0,,0.1,,,,
2025-07-04 18:00:00,,precip,0.0,0.0,,0.1,,,,
2025-07-05 09:00:00,,precip,0.0,0.0,,0.1,,,,
2025-07-05 11:00:00,,precip,0.0,0.0,,0.1,,,,
2025-07-05 17:00:00,,precip,0.0,0.0,,0.6,,,,
2025-07-05 20:00:00,,precip,0.0,0.0,,0.5,,,,
2025-07-05 21:00:00,,precip,0.0,0.0,,0.2,,,,
2025-07-06 17:00:00,,precip,0.0,0.0,,0.7,,,,
2025-07-06 21:00:00,,precip,0.0,0.0,,0.1,,,,
2025-07-07 11:00:00,,precip,0.0,0.0,,0.1,,,,
2025-07-07 12:00:00,,precip,0.0,0.0,,0.1,,,,
2025-07-07 14:00:00,,precip,0.0,0.0,,0.1,,,,
2025-07-07 17:00:00,,precip,0.0,0.0,,1.8,,,,
2025-07-08 11:00:00,,precip,0.0,0.0,,0.1,,,,
2025-07-08 12:00:00,,precip,0.0,0.0,,0.1,,,,
2025-07-10 19:00:00,,precip,0.0,0.0,,5.0,,,,
2025-07-11 19:00:00,,precip,0.0,0.0,,4.3,,,,
2025-07-12 19:00:00,,precip,0.0,0.0,,8.7,,,,
2025-07-13 19:00:00,,precip,0.0,0.0,,2.6,,,,
2025-07-14 19:00:00,,precip,0.0,0.0,,1.0,,,,
2025-07-15 19:00:00,,precip,0.0,0.0,,0.1,,,,
2025-07-16 08:00:00,,precip,0.0,0.0,,0.1,,,,
2025-07-16 14:00:00,,precip,0.0,0.0,,0.5,,,,
2025-07-16 15:00:00,,precip,0.0,0.0,,0.1,,,,
2025-07-16 17:00:00,,precip,0.0,0.0,,1.8,,,,
2025-07-16 18:00:00,,precip,0.0,0.0,,0.2,,,,
2025-07-19 19:00:00,,precip,0.0,0.0,,20.8,,,,
2025-07-20 19:00:00,,precip,0.0,0.0,,3.0,,,,
2025-07-21 19:00:00,,precip,0.0,0.0,,17.0,,,,
2025-07-22 19:00:00,,precip,0.0,0.0,,29.2,,,,
2025-07-23 19:00:00,,precip,0.0,0.0,,16.2,,,,
2025-07-24 19:00:00,,precip,0.0,0.0,,39.8,,,,
2025-07-25 19:00:00,,precip,0.0,0.0,,3.4,,,,
2025-07-26 19:00:00,,precip,0.0,0.0,,87.7,,,,
2025-07-27 19:00:00,,precip,0.0,0.0,,3.4,,,,
2025-07-28 17:00:00,,precip,0.0,0.0,,0.4,,,,
2025-07-31 19:00:00,,precip,0.0,0.0,,9.7,,,,
2025-08-01 19:00:00,,precip,0.0,0.0,,2.6,,,,
2025-08-02 14:00:00,,precip,0.0,0.0,,0.1,,,,
2025-08-06 19:00:00,,precip,0.0,0.0,,22.0,,,,
2025-08-07 19:00:00,,precip,0.0,0.0,,43.9,,,,
2025-08-08 17:00:00,,precip,0.0,0.0,,0.2,,,,
2025-08-10 19:00:00,,precip,0.0,0.0,,1.7,,,,
2025-08-11 19:00:00,,precip,0.0,0.0,,0.1,,,,
2025-08-12 14:00:00,,precip,0.0,0.0,,2.3,,,,
2025-08-12 15:00:00,,precip,0.0,0.0,,0.2,,,,
2025-08-12 17:00:00,,precip,0.0,0.0,,0.4,,,,
2025-08-12 18:00:00,,precip,0.0,0.0,,2.0,,,,
2025-08-13 19:00:00,,precip,0.0,0.0,,1.9,,,,
2025-08-14 19:00:00,,precip,0.0,0.0,,19.7,,,,
2025-08-15 19:00:00,,precip,0.0,0.0,,15.6,,,,
2025-08-16 19:00:00,,precip,0.0,0.0,,17.6,,,,
2025-08-17 19:00:00,,precip,0.0,0.0,,16.3,,,,
2025-08-18 19:00:00,,precip,0.0,0.0,,25.6,,,,
2025-08-19 19:00:00,,precip,0.0,0.0,,12.6,,,,
2025-08-20 19:00:00,,precip,0.0,0.0,,3.3,,,,
2025-08-21 19:00:00,,precip,0.0,0.0,,1.8,,,,
2025-08-22 08:00:00,,precip,0.0,0.0,,0.1,,,,
2025-08-22 11:00:00,,precip,0.0,0.0,,0.2,,,,
2025-08-22 12:00:00,,precip,0.0,0.0,,0.2,,,,
2025-08-22 14:00:00,,precip,0.0,0.0,,1.9,,,,
2025-08-22 15:00:00,,precip,0.0,0.0,,1.0,,,,
2025-08-22 17:00:00,,precip,0.0,0.0,,0.2,,,,
2025-08-22 23:00:00,,precip,0.0,0.0,,0.1,,,,
2025-08-23 19:00:00,,precip,0.0,0.0,,1.3,,,,
2025-08-24 13:00:00,,precip,0.0,0.0,,1.203,,,,
2025-08-25 00:00:00,,precip,0.0,0.0,,1.6,,,,
2025-08-25 02:00:00,,precip,0.0,0.0,,0.9,,,,
2025-08-25 03:00:00,,precip,0.0,0.0,,1.7,,,,
2025-08-25 05:00:00,,precip,0.0,0.0,,0.3,,,,
2025-08-25 06:00:00,,precip,0.0,0.0,,0.5,,,,
2025-08-25 07:00:00,,precip,0.0,0.0,,1.1,,,,
2025-08-25 08:00:00,,precip,0.0,0.0,,1.1,,,,
2025-08-25 09:00:00,,precip,0.0,0.0,,1.3,,,,
2025-08-25 10:00:00,,precip,0.0,0.0,,1.0,,,,
2025-08-25 11:00:00,,precip,0.0,0.0,,0.6,,,,
2025-08-25 12:00:00,,precip,0.0,0.0,,1.2,,,,
2025-08-25 13:00:00,,precip,0.0,0.0,,2.3,,,,
2025-08-25 14:00:00,,precip,0.0,0.0,,1.9,,,,
2025-08-25 15:00:00,,precip,0.0,0.0,,1.9,,,,
2025-08-25 16:00:00,,precip,0.0,0.0,,1.8,,,,
2025-08-25 17:00:00,,precip,0.0,0.0,,2.7,,,,
2025-08-25 18:00:00,,precip,0.0,0.0,,2.6,,,,
2025-08-25 19:00:00,,precip,0.0,0.0,,2.6,,,,
2025-08-25 20:00:00,,precip,0.0,0.0,,2.7,,,,
2025-08-25 21:00:00,,precip,0.0,0.0,,3.6,,,,
2025-08-25 22:00:00,,precip,0.0,0.0,,3.6,,,,
2025-08-25 23:00:00,,precip,0.0,0.0,,3.2,,,,
2025-08-26 00:00:00,,precip,0.0,0.0,,3.4,,,,
2025-08-26 01:00:00,,precip,0.0,0.0,,3.5,,,,
2025-08-26 02:00:00,,precip,0.0,0.0,,4.1,,,,
2025-08-26 03:00:00,,precip,0.0,0.0,,4.8,,,,
2025-08-26 04:00:00,,precip,0.0,0.0,,5.8,,,,
2025-08-26 05:00:00,,precip,0.0,0.0,,6.6,,,,
2025-08-26 06:00:00,,precip,0.0,0.0,,5.9,,,,
2025-08-26 07:00:00,,precip,0.0,0.0,,5.2,,,,
2025-08-26 08:00:00,,precip,0.0,0.0,,4.4,,,,
2025-08-26 09:00:00,,precip,0.0,0.0,,2.9,,,,
2025-08-26 10:00:00,,precip,0.0,0.0,,2.2,,,,
2025-08-26 11:00:00,,precip,0.0,0.0,,2.7,,,,
2025-08-26 12:00:00,,precip,0.0,0.0,,1.6,,,,
2025-08-26 13:00:00,,precip,0.0,0.0,,2.9,,,,
2025-08-26 14:00:00,,precip,0.0,0.0,,4.7,,,,
2025-08-26 15:00:00,,precip,0.0,0.0,,1.2,,,,
2025-08-26 16:00:00,,precip,0.0,0.0,,0.9,,,,
2025-08-26 17:00:00,,precip,0.0,0.0,,0.2,,,,
2025-08-26 18:00:00,,precip,0.0,0.0,,0.3,,,,
2025-08-26 19:00:00,,precip,0.0,0.0,,1.1,,,,
2025-08-26 20:00:00,,precip,0.0,0.0,,0.4,,,,
2025-08-26 21:00:00,,precip,0.0,0.0,,0.5,,,,
2025-08-26 22:00:00,,precip,0.0,0.0,,0.5,,,,
2025-08-26 23:00:00,,precip,0.0,0.0,,0.5,,,,
2025-08-27 00:00:00,,precip,0.0,0.0,,0.6,,,,
2025-08-27 01:00:00,,precip,0.0,0.0,,0.3,,,,
2025-08-27 02:00:00,,precip,0.0,0.0,,0.3,,,,
2025-08-27 03:00:00,,precip,0.0,0.0,,0.2,,,,
2025-08-27 04:00:00,,precip,0.0,0.0,,0.4,,,,
2025-08-27 05:00:00,,precip,0.0,0.0,,0.7,,,,
2025-08-27 06:00:00,,precip,0.0,0.0,,0.8,,,,
2025-08-27 07:00:00,,precip,0.0,0.0,,1.1,,,,
2025-08-27 08:00:00,,precip,0.0,0.0,,1.1,,,,
2025-08-27 09:00:00,,precip,0.0,0.0,,0.6,,,,
2025-08-27 10:00:00,,precip,0.0,0.0,,0.7,,,,
2025-08-27 11:00:00,,precip,0.0,0.0,,0.6,,,,
2025-08-27 12:00:00,,precip,0.0,0.0,,0.5,,,,
2025-08-27 13:00:00,,precip,0.0,0.0,,0.6,,,,
2025-08-27 14:00:00,,precip,0.0,0.0,,2.5,,,,
2025-08-27 15:00:00,,precip,0.0,0.0,,1.1,,,,
2025-08-27 16:00:00,,precip,0.0,0.0,,0.8,,,,
2025-08-27 17:00:00,,precip,0.0,0.0,,0.7,,,,
2025-08-27 18:00:00,,precip,0.0,0.0,,0.2,,,,
2025-08-28 02:00:00,,precip,0.0,0.0,,1.0,,,,
2025-08-28 03:00:00,,precip,0.0,0.0,,5.9,,,,
2025-08-28 04:00:00,,precip,0.0,0.0,,2.3,,,,
2025-08-28 05:00:00,,precip,0.0,0.0,,1.0,,,,
2025-08-28 06:00:00,,precip,0.0,0.0,,0.4,,,,
2025-08-28 10:00:00,,precip,0.0,0.0,,0.1,,,,
2025-08-28 11:00:00,,precip,0.0,0.0,,0.2,,,,
2025-08-28 12:00:00,,precip,0.0,0.0,,0.2,,,,
2025-08-28 13:00:00,,precip,0.0,0.0,,1.4,,,,
2025-08-28 14:00:00,,precip,0.0,0.0,,0.2,,,,
2025-08-28 15:00:00,,precip,0.0,0.0,,0.8,,,,
2025-08-28 16:00:00,,precip,0.0,0.0,,2.0,,,,
2025-08-28 17:00:00,,precip,0.0,0.0,,0.6,,,,
2025-08-28 18:00:00,,precip,0.0,0.0,,0.3,,,,
2025-08-28 19:00:00,,precip,0.0,0.0,,0.3,,,,
2025-08-29 05:00:00,,precip,0.0,0.0,,0.3,,,,
2025-08-29 06:00:00,,precip,0.0,0.0,,0.7,,,,
2025-08-29 07:00:00,,precip,0.0,0.0,,0.7,,,,
2025-08-29 08:00:00,,precip,0.0,0.0,,0.3,,,,
2025-08-29 09:00:00,,precip,0.0,0.0,,0.2,,,,
2025-08-29 10:00:00,,precip,0.0,0.0,,0.1,,,,
2025-08-29 11:00:00,,precip,0.0,0.0,,0.1,,,,
2025-08-29 12:00:00,,precip,0.0,0.0,,0.1,,,,
2025-08-29 14:00:00,,precip,0.0,0.0,,1.0,,,,
2025-08-29 15:00:00,,precip,0.0,0.0,,1.3,,,,
2025-08-29 16:00:00,,precip,0.0,0.0,,0.4,,,,
2025-08-29 17:00:00,,precip,0.0,0.0,,0.2,,,,
2025-08-29 18:00:00,,precip,0.0,0.0,,0.4,,,,
2025-08-29 19:00:00,,precip,0.0,0.0,,0.7,,,,
2025-08-29 20:00:00,,precip,0.0,0.0,,0.8,,,,
2025-08-29 21:00:00,,precip,0.0,0.0,,0.5,,,,
2025-08-29 22:00:00,,precip,0.0,0.0,,0.6,,,,
2025-08-29 23:00:00,,precip,0.0,0.0,,0.6,,,,
2025-08-30 00:00:00,,precip,0.0,0.0,,0.5,,,,
2025-08-30 01:00:00,,precip,0.0,0.0,,0.8,,,,
2025-08-30 02:00:00,,precip,0.0,0.0,,1.6,,,,
2025-08-30 03:00:00,,precip,0.0,0.0,,1.7,,,,
2025-08-30 04:00:00,,precip,0.0,0.0,,2.1,,,,
2025-08-30 05:00:00,,precip,0.0,0.0,,1.5,,,,
2025-08-30 06:00:00,,precip,0.0,0.0,,0.7,,,,
2025-08-30 07:00:00,,precip,0.0,0.0,,0.6,,,,
2025-08-30 08:00:00,,precip,0.0,0.0,,0.6,,,,
2025-08-30 09:00:00,,precip,0.0,0.0,,0.3,,,,
2025-08-30 10:00:00,,precip,0.0,0.0,,0.7,,,,
2025-08-30 11:00:00,,precip,0.0,0.0,,0.6,,,,
2025-08-30 12:00:00,,precip,0.0,0.0,,0.5,,,,
2025-08-30 13:00:00,,precip,0.0,0.0,,0.6,,,,
2025-08-30 14:00:00,,precip,0.0,0.0,,1.4,,,,
2025-08-30 15:00:00,,precip,0.0,0.0,,0.4,,,,
2025-08-30 16:00:00,,precip,0.0,0.0,,0.6,,,,
2025-08-30 17:00:00,,precip,0.0,0.0,,0.2,,,,
2025-08-30 18:00:00,,precip,0.0,0.0,,0.2,,,,
2025-08-30 19:00:00,,precip,0.0,0.0,,0.9,,,,
2025-08-30 20:00:00,,precip,0.0,0.0,,0.7,,,,
2025-08-30 21:00:00,,precip,0.0,0.0,,0.5,,,,
2025-08-30 22:00:00,,precip,0.0,0.0,,0.4,,,,
2025-08-30 23:00:00,,precip,0.0,0.0,,0.7,,,,
2025-08-31 00:00:00,,precip,0.0,0.0,,0.6,,,,
2025-08-31 01:00:00,,precip,0.0,0.0,,0.6,,,,
2025-08-31 02:00:00,,precip,0.0,0.0,,2.2,,,,
2025-08-31 03:00:00,,precip,0.0,0.0,,2.0,,,,
2025-08-31 04:00:00,,precip,0.0,0.0,,1.4,,,,
2025-08-31 05:00:00,,precip,0.0,0.0,,1.3,,,,
2025-08-31 06:00:00,,precip,0.0,0.0,,1.0,,,,
2025-08-31 07:00:00,,precip,0.0,0.0,,0.6,,,,
2025-08-31 08:00:00,,precip,0.0,0.0,,0.5,,,,
2025-08-31 09:00:00,,precip,0.0,0.0,,0.2,,,,
2025-08-31 10:00:00,,precip,0.0,0.0,,0.1,,,,
2025-08-31 11:00:00,,precip,0.0,0.0,,0.1,,,,
2025-08-31 12:00:00,,precip,0.0,0.0,,0.1,,,,
2025-08-31 13:00:00,,precip,0.0,0.0,,0.1,,,,
2025-08-31 14:00:00,,precip,0.0,0.0,,7.9,,,,
2025-08-31 15:00:00,,precip,0.0,0.0,,3.0,,,,
2025-08-31 16:00:00,,precip,0.0,0.0,,0.6,,,,
2025-08-31 17:00:00,,precip,0.0,0.0,,0.1,,,,
2025-08-31 18:00:00,,precip,0.0,0.0,,0.3,,,,
2025-08-31 23:00:00,,precip,0.0,0.0,,0.6,,,,
2025-09-01 00:00:00,,precip,0.0,0.0,,0.3,,,,
2025-09-01 01:00:00,,precip,0.0,0.0,,0.4,,,,
2025-09-01 02:00:00,,precip,0.0,0.0,,0.1,,,,
2025-09-01 08:00:00,,precip,0.0,0.0,,0.1,,,,
2025-09-01 12:00:00,,precip,0.0,0.0,,0.1,,,,
2025-09-01 14:00:00,,precip,0.0,0.0,,0.1,,,,
2025-09-01 15:00:00,,precip,0.0,0.0,,0.2,,,,
2025-09-01 16:00:00,,precip,0.0,0.0,,0.2,,,,
2025-09-01 17:00:00,,precip,0.0,0.0,,0.1,,,,
2025-09-01 21:00:00,,precip,0.0,0.0,,0.7,,,,
2025-09-01 22:00:00,,precip,0.0,0.0,,0.1,,,,
2025-09-01 23:00:00,,precip,0.0,0.0,,0.3,,,,
2025-09-02 00:00:00,,precip,0.0,0.0,,2.3,,,,
2025-09-02 01:00:00,,precip,0.0,0.0,,0.6,,,,
2025-09-02 11:00:00,,precip,0.0,0.0,,0.1,,,,
2025-09-02 12:00:00,,precip,0.0,0.0,,0.1,,,,
2025-09-02 13:00:00,,precip,0.0,0.0,,0.1,,,,
2025-09-02 14:00:00,,precip,0.0,0.0,,0.1,,,,
2025-09-02 15:00:00,,precip,0.0,0.0,,0.3,,,,
2025-09-02 16:00:00,,precip,0.0,0.0,,0.1,,,,
2025-09-02 17:00:00,,precip,0.0,0.0,,0.2,,,,
2025-09-03 11:00:00,,precip,0.0,0.0,,0.1,,,,
2025-09-04 11:00:00,,precip,0.0,0.0,,0.1,,,,
2025-09-06 17:00:00,,precip,0.0,0.0,,0.5,,,,
2025-09-07 11:00:00,,precip,0.0,0.0,,0.1,,,,
2025-09-07 16:00:00,,precip,0.0,0.0,,0.1,,,,
2025-09-09 10:00:00,,precip,0.0,0.0,,0.1,,,,
2025-09-09 11:00:00,,precip,0.0,0.0,,0.1,,,,
2025-09-09 12:00:00,,precip,0.0,0.0,,0.1,,,,
2025-09-09 13:00:00,,precip,0.0,0.0,,0.6,,,,
2025-09-09 14:00:00,,precip,0.0,0.0,,1.6,,,,
2025-09-09 15:00:00,,precip,0.0,0.0,,0.3,,,,
2025-09-09 16:00:00,,precip,0.0,0.0,,0.1,,,,
2025-09-09 17:00:00,,precip,0.0,0.0,,0.1,,,,
2025-09-09 18:00:00,,precip,0.0,0.0,,1.1,,,,
2025-09-09 19:00:00,,precip,0.0,0.0,,0.1,,,,
2025-09-10 09:00:00,,precip,0.0,0.0,,0.1,,,,
2025-09-10 10:00:00,,precip,0.0,0.0,,0.2,,,,
2025-09-10 11:00:00,,precip,0.0,0.0,,0.3,,,,
2025-09-10 12:00:00,,precip,0.0,0.0,,0.3,,,,
2025-09-10 13:00:00,,precip,0.0,0.0,,0.2,,,,
2025-09-10 14:00:00,,precip,0.0,0.0,,1.1,,,,
2025-09-10 15:00:00,,precip,0.0,0.0,,1.6,,,,
2025-09-10 19:00:00,,precip,0.0,0.0,,1.0,,,,
2025-09-10 20:00:00,,precip,0.0,0.0,,1.1,,,,
2025-09-11 00:00:00,,precip,0.0,0.0,,5.1,,,,
2025-09-11 01:00:00,,precip,0.0,0.0,,3.4,,,,
2025-09-11 02:00:00,,precip,0.0,0.0,,1.1,,,,
2025-09-11 05:00:00,,precip,0.0,0.0,,0.2,,,,
2025-09-11 06:00:00,,precip,0.0,0.0,,0.1,,,,
2025-09-11 07:00:00,,precip,0.0,0.0,,0.2,,,,
2025-09-11 09:00:00,,precip,0.0,0.0,,0.2,,,,
2025-09-11 10:00:00,,precip,0.0,0.0,,0.1,,,,
2025-09-11 11:00:00,,precip,0.0,0.0,,0.1,,,,
2025-09-11 12:00:00,,precip,0.0,0.0,,0.1,,,,
2025-09-11 13:00:00,,precip,0.0,0.0,,0.2,,,,
2025-09-11 14:00:00,,precip,0.0,0.0,,0.5,,,,
2025-09-11 15:00:00,,precip,0.0,0.0,,0.4,,,,
2025-09-11 16:00:00,,precip,0.0,0.0,,3.0,,,,
2025-09-11 17:00:00,,precip,0.0,0.0,,0.5,,,,
2025-09-11 19:00:00,,precip,0.0,0.0,,0.2,,,,
2025-09-11 21:00:00,,precip,0.0,0.0,,0.3,,,,
2025-09-11 22:00:00,,precip,0.0,0.0,,0.7,,,,
2025-09-11 23:00:00,,precip,0.0,0.0,,0.3,,,,
2025-09-12 02:00:00,,precip,0.0,0.0,,0.1,,,,
2025-09-12 03:00:00,,precip,0.0,0.0,,0.1,,,,
2025-09-12 05:00:00,,precip,0.0,0.0,,0.1,,,,
2025-09-12 10:00:00,,precip,0.0,0.0,,0.1,,,,
2025-09-12 11:00:00,,precip,0.0,0.0,,0.2,,,,
2025-09-12 12:00:00,,precip,0.0,0.0,,0.3,,,,
2025-09-12 13:00:00,,precip,0.0,0.0,,0.5,,,,
2025-09-12 14:00:00,,precip,0.0,0.0,,1.3,,,,
2025-09-12 15:00:00,,precip,0.0,0.0,,1.4,,,,
2025-09-12 16:00:00,,precip,0.0,0.0,,3.7,,,,
2025-09-12 17:00:00,,precip,0.0,0.0,,0.1,,,,
2025-09-12 23:00:00,,precip,0.0,0.0,,0.1,,,,
2025-09-13 00:00:00,,precip,0.0,0.0,,0.3,,,,
2025-09-13 01:00:00,,precip,0.0,0.0,,0.4,,,,
2025-09-13 02:00:00,,precip,0.0,0.0,,0.1,,,,
2025-09-13 11:00:00,,precip,0.0,0.0,,0.1,,,,
2025-09-13 12:00:00,,precip,0.0,0.0,,0.1,,,,
2025-09-13 13:00:00,,precip,0.0,0.0,,0.1,,,,
2025-09-13 14:00:00,,precip,0.0,0.0,,0.1,,,,
2025-09-13 15:00:00,,precip,0.0,0.0,,0.1,,,,
2025-09-13 16:00:00,,precip,0.0,0.0,,0.2,,,,
2025-09-13 17:00:00,,precip,0.0,0.0,,0.7,,,,
2025-09-14 09:00:00,,precip,0.0,0.0,,0.1,,,,
2025-09-14 10:00:00,,precip,0.0,0.0,,0.2,,,,
2025-09-14 11:00:00,,precip,0.0,0.0,,0.1,,,,
2025-09-14 13:00:00,,precip,0.0,0.0,,0.1,,,,
2025-09-14 14:00:00,,precip,0.0,0.0,,0.1,,,,
2025-09-15 09:00:00,,precip,0.0,0.0,,0.1,,,,
2025-09-15 10:00:00,,precip,0.0,0.0,,0.1,,,,
2025-09-15 11:00:00,,precip,0.0,0.0,,0.1,,,,
2025-09-15 12:00:00,,precip,0.0,0.0,,0.1,,,,
2025-09-15 13:00:00,,precip,0.0,0.0,,2.7,,,,
2025-09-15 14:00:00,,precip,0.0,0.0,,3.2,,,,
2025-09-15 16:00:00,,precip,0.0,0.0,,0.6,,,,
2025-09-15 21:00:00,,precip,0.0,0.0,,0.1,,,,
2025-09-15 22:00:00,,precip,0.0,0.0,,0.1,,,,
2025-09-15 23:00:00,,precip,0.0,0.0,,2.6,,,,
2025-09-16 00:00:00,,precip,0.0,0.0,,1.2,,,,
2025-09-16 01:00:00,,precip,0.0,0.0,,1.1,,,,
2025-09-16 02:00:00,,precip,0.0,0.0,,1.3,,,,
2025-09-16 03:00:00,,precip,0.0,0.0,,1.1,,,,
2025-09-16 04:00:00,,precip,0.0,0.0,,0.8,,,,
2025-09-16 07:00:00,,precip,0.0,0.0,,0.1,,,,
2025-09-16 09:00:00,,precip,0.0,0.0,,0.1,,,,
2025-09-16 10:00:00,,precip,0.0,0.0,,0.1,,,,
2025-09-16 11:00:00,,precip,0.0,0.0,,0.1,,,,
2025-09-16 12:00:00,,precip,0.0,0.0,,0.1,,,,
2025-09-16 13:00:00,,precip,0.0,0.0,,0.1,,,,
2025-09-16 18:00:00,,precip,0.0,0.0,,0.1,,,,
2025-09-16 19:00:00,,precip,0.0,0.0,,0.1,,,,
2025-09-16 21:00:00,,precip,0.0,0.0,,0.1,,,,
2025-09-16 22:00:00,,precip,0.0,0.0,,0.3,,,,
2025-09-16 23:00:00,,precip,0.0,0.0,,0.1,,,,
2025-09-17 02:00:00,,precip,0.0,0.0,,1.2,,,,
2025-09-17 03:00:00,,precip,0.0,0.0,,0.4,,,,
2025-09-17 04:00:00,,precip,0.0,0.0,,0.1,,,,
2025-09-17 08:00:00,,precip,0.0,0.0,,0.1,,,,
2025-09-17 09:00:00,,precip,0.0,0.0,,0.1,,,,
2025-09-17 10:00:00,,precip,0.0,0.0,,0.1,,,,
2025-09-17 11:00:00,,precip,0.0,0.0,,0.1,,,,
2025-09-17 12:00:00,,precip,0.0,0.0,,0.2,,,,
2025-09-17 14:00:00,,precip,0.0,0.0,,1.2,,,,
2025-09-17 15:00:00,,precip,0.0,0.0,,1.8,,,,
2025-09-17 16:00:00,,precip,0.0,0.0,,0.1,,,,
2025-09-17 22:00:00,,precip,0.0,0.0,,0.1,,,,
2025-09-17 23:00:00,,precip,0.0,0.0,,0.2,,,,
2025-09-18 00:00:00,,precip,0.0,0.0,,0.4,,,,
2025-09-18 01:00:00,,precip,0.0,0.0,,0.4,,,,
2025-09-18 02:00:00,,precip,0.0,0.0,,0.2,,,,
2025-09-18 03:00:00,,precip,0.0,0.0,,0.1,,,,
2025-09-18 04:00:00,,precip,0.0,0.0,,0.6,,,,
2025-09-18 05:00:00,,precip,0.0,0.0,,0.7,,,,
2025-09-18 06:00:00,,precip,0.0,0.0,,0.5,,,,
2025-09-18 07:00:00,,precip,0.0,0.0,,0.3,,,,
2025-09-18 08:00:00,,precip,0.0,0.0,,0.2,,,,
2025-09-18 09:00:00,,precip,0.0,0.0,,0.1,,,,
2025-09-18 10:00:00,,precip,0.0,0.0,,0.1,,,,
2025-09-18 11:00:00,,precip,0.0,0.0,,0.1,,,,
2025-09-18 12:00:00,,precip,0.0,0.0,,0.2,,,,
2025-09-18 13:00:00,,precip,0.0,0.0,,0.3,,,,
2025-09-18 15:00:00,,precip,0.0,0.0,,0.3,,,,
2025-09-18 16:00:00,,precip,0.0,0.0,,1.8,,,,
2025-09-18 17:00:00,,precip,0.0,0.0,,0.2,,,,
2025-09-19 03:00:00,,precip,0.0,0.0,,0.2,,,,
2025-09-19 04:00:00,,precip,0.0,0.0,,0.2,,,,
2025-09-19 05:00:00,,precip,0.0,0.0,,0.2,,,,
2025-09-19 08:00:00,,precip,0.0,0.0,,0.1,,,,
2025-09-19 09:00:00,,precip,0.0,0.0,,0.1,,,,
2025-09-19 10:00:00,,precip,0.0,0.0,,0.1,,,,
2025-09-19 11:00:00,,precip,0.0,0.0,,0.1,,,,
2025-09-19 12:00:00,,precip,0.0,0.0,,0.1,,,,
2025-09-19 13:00:00,,precip,0.0,0.0,,0.1,,,,
2025-09-19 15:00:00,,precip,0.0,0.0,,0.4,,,,
2025-09-19 16:00:00,,precip,0.0,0.0,,0.2,,,,
2025-09-21 10:00:00,,precip,0.0,0.0,,0.1,,,,
2025-09-21 11:00:00,,precip,0.0,0.0,,0.1,,,,
2025-09-21 14:00:00,,precip,0.0,0.0,,2.4,,,,
2025-09-21 15:00:00,,precip,0.0,0.0,,1.9,,,,
2025-09-21 17:00:00,,precip,0.0,0.0,,0.6,,,,
2025-09-21 18:00:00,,precip,0.0,0.0,,0.2,,,,
2025-09-21 19:00:00,,precip,0.0,0.0,,0.1,,,,
2025-09-21 22:00:00,,precip,0.0,0.0,,0.2,,,,
2025-09-21 23:00:00,,precip,0.0,0.0,,0.6,,,,
2025-09-22 00:00:00,,precip,0.0,0.0,,0.3,,,,
2025-09-22 01:00:00,,precip,0.0,0.0,,0.3,,,,
2025-09-22 02:00:00,,precip,0.0,0.0,,1.0,,,,
2025-09-22 03:00:00,,precip,0.0,0.0,,0.3,,,,
2025-09-22 04:00:00,,precip,0.0,0.0,,0.1,,,,
2025-09-22 07:00:00,,precip,0.0,0.0,,0.1,,,,
2025-09-22 08:00:00,,precip,0.0,0.0,,0.2,,,,
2025-09-22 11:00:00,,precip,0.0,0.0,,0.1,,,,
2025-09-22 12:00:00,,precip,0.0,0.0,,0.2,,,,
2025-09-22 14:00:00,,precip,0.0,0.0,,0.3,,,,
2025-09-22 15:00:00,,precip,0.0,0.0,,0.2,,,,
2025-09-23 00:00:00,,precip,0.0,0.0,,0.3,,,,
2025-09-23 12:00:00,,precip,0.0,0.0,,0.1,,,,
2025-09-23 15:00:00,,precip,0.0,0.0,,0.1,,,,
2025-09-23 16:00:00,,precip,0.0,0.0,,0.1,,,,
2025-09-23 17:00:00,,precip,0.0,0.0,,0.2,,,,
2025-09-24 01:00:00,,precip,0.0,0.0,,0.1,,,,
2025-09-25 06:00:00,,precip,0.0,0.0,,0.2,,,,
2025-09-25 07:00:00,,precip,0.0,0.0,,0.4,,,,
2025-09-25 08:00:00,,precip,0.0,0.0,,1.0,,,,
2025-09-25 09:00:00,,precip,0.0,0.0,,2.8,,,,
2025-09-25 10:00:00,,precip,0.0,0.0,,4.6,,,,
2025-09-25 11:00:00,,precip,0.0,0.0,,4.1,,,,
2025-09-25 12:00:00,,precip,0.0,0.0,,2.8,,,,
2025-09-25 13:00:00,,precip,0.0,0.0,,1.3,,,,
2025-09-25 14:00:00,,precip,0.0,0.0,,0.2,,,,
2025-09-25 15:00:00,,precip,0.0,0.0,,0.1,,,,
2025-09-26 04:00:00,,precip,0.0,0.0,,0.1,,,,
2025-09-26 05:00:00,,precip,0.0,0.0,,0.3,,,,
2025-09-26 06:00:00,,precip,0.0,0.0,,0.5,,,,
2025-09-26 07:00:00,,precip,0.0,0.0,,0.5,,,,
2025-09-26 08:00:00,,precip,0.0,0.0,,0.7,,,,
2025-09-26 09:00:00,,precip,0.0,0.0,,0.9,,,,
2025-09-26 10:00:00,,precip,0.0,0.0,,2.2,,,,
2025-09-26 11:00:00,,precip,0.0,0.0,,2.1,,,,
2025-09-26 12:00:00,,precip,0.0,0.0,,1.6,,,,
2025-09-26 13:00:00,,precip,0.0,0.0,,0.8,,,,
2025-09-26 14:00:00,,precip,0.0,0.0,,0.6,,,,
2025-09-26 15:00:00,,precip,0.0,0.0,,0.7,,,,
2025-09-26 16:00:00,,precip,0.0,0.0,,1.0,,,,
2025-09-26 17:00:00,,precip,0.0,0.0,,0.9,,,,
2025-09-26 18:00:00,,precip,0.0,0.0,,0.6,,,,
2025-09-26 19:00:00,,precip,0.0,0.0,,0.4,,,,
2025-09-26 20:00:00,,precip,0.0,0.0,,0.3,,,,
2025-09-26 21:00:00,,precip,0.0,0.0,,0.8,,,,
2025-09-26 22:00:00,,precip,0.0,0.0,,1.3,,,,
2025-09-26 23:00:00,,precip,0.0,0.0,,1.1,,,,
2025-09-27 00:00:00,,precip,0.0,0.0,,0.9,,,,
2025-09-27 01:00:00,,precip,0.0,0.0,,0.5,,,,
2025-09-27 02:00:00,,precip,0.0,0.0,,0.9,,,,
2025-09-27 03:00:00,,precip,0.0,0.0,,1.2,,,,
2025-09-27 04:00:00,,precip,0.0,0.0,,1.4,,,,
2025-09-27 05:00:00,,precip,0.0,0.0,,0.5,,,,
2025-09-27 06:00:00,,precip,0.0,0.0,,0.3,,,,
2025-09-27 07:00:00,,precip,0.0,0.0,,0.3,,,,
2025-09-27 08:00:00,,precip,0.0,0.0,,0.3,,,,
2025-09-27 09:00:00,,precip,0.0,0.0,,0.6,,,,
2025-09-27 10:00:00,,precip,0.0,0.0,,0.7,,,,
2025-09-27 11:00:00,,precip,0.0,0.0,,0.2,,,,
2025-09-27 12:00:00,,precip,0.0,0.0,,0.1,,,,
2025-09-27 13:00:00,,precip,0.0,0.0,,0.2,,,,
2025-09-27 14:00:00,,precip,0.0,0.0,,0.1,,,,
2025-09-27 15:00:00,,precip,0.0,0.0,,2.2,,,,
2025-09-27 16:00:00,,precip,0.0,0.0,,3.9,,,,
2025-09-27 17:00:00,,precip,0.0,0.0,,0.1,,,,
2025-09-27 21:00:00,,precip,0.0,0.0,,0.1,,,,
2025-09-27 22:00:00,,precip,0.0,0.0,,0.3,,,,
2025-09-27 23:00:00,,precip,0.0,0.0,,0.3,,,,
2025-09-28 00:00:00,,precip,0.0,0.0,,1.0,,,,
2025-09-28 01:00:00,,precip,0.0,0.0,,0.4,,,,
2025-09-28 02:00:00,,precip,0.0,0.0,,0.3,,,,
2025-09-28 03:00:00,,precip,0.0,0.0,,0.2,,,,
2025-09-28 04:00:00,,precip,0.0,0.0,,0.3,,,,
2025-09-28 05:00:00,,precip,0.0,0.0,,0.5,,,,
2025-09-28 06:00:00,,precip,0.0,0.0,,0.5,,,,
2025-09-28 07:00:00,,precip,0.0,0.0,,0.3,,,,
2025-09-28 08:00:00,,precip,0.0,0.0,,0.2,,,,
2025-09-28 09:00:00,,precip,0.0,0.0,,0.6,,,,
2025-09-28 10:00:00,,precip,0.0,0.0,,0.8,,,,
2025-09-28 11:00:00,,precip,0.0,0.0,,1.4,,,,
2025-09-28 12:00:00,,precip,0.0,0.0,,0.6,,,,
2025-09-28 13:00:00,,precip,0.0,0.0,,1.3,,,,
2025-09-28 14:00:00,,precip,0.0,0.0,,5.0,,,,
2025-09-28 15:00:00,,precip,0.0,0.0,,1.2,,,,
2025-09-28 16:00:00,,precip,0.0,0.0,,0.6,,,,
2025-09-28 17:00:00,,precip,0.0,0.0,,0.6,,,,
2025-09-28 18:00:00,,precip,0.0,0.0,,1.2,,,,
2025-09-28 19:00:00,,precip,0.0,0.0,,1.3,,,,
2025-09-28 20:00:00,,precip,0.0,0.0,,2.0,,,,
2025-09-28 21:00:00,,precip,0.0,0.0,,2.8,,,,
2025-09-28 22:00:00,,precip,0.0,0.0,,3.1,,,,
2025-09-28 23:00:00,,precip,0.0,0.0,,2.2,,,,
2025-09-29 00:00:00,,precip,0.0,0.0,,2.1,,,,
2025-09-29 01:00:00,,precip,0.0,0.0,,3.2,,,,
2025-09-29 02:00:00,,precip,0.0,0.0,,2.9,,,,
2025-09-29 03:00:00,,precip,0.0,0.0,,2.8,,,,
2025-09-29 04:00:00,,precip,0.0,0.0,,3.3,,,,
2025-09-29 05:00:00,,precip,0.0,0.0,,4.4,,,,
2025-09-29 06:00:00,,precip,0.0,0.0,,4.4,,,,
2025-09-29 07:00:00,,precip,0.0,0.0,,4.5,,,,
2025-09-29 08:00:00,,precip,0.0,0.0,,4.2,,,,
2025-09-29 09:00:00,,precip,0.0,0.0,,4.9,,,,
2025-09-29 10:00:00,,precip,0.0,0.0,,4.6,,,,
2025-09-29 11:00:00,,precip,0.0,0.0,,4.5,,,,
2025-09-29 12:00:00,,precip,0.0,0.0,,6.6,,,,
2025-09-29 13:00:00,,precip,0.0,0.0,,10.3,,,,
2025-09-29 14:00:00,,precip,0.0,0.0,,4.3,,,,
2025-09-29 15:00:00,,precip,0.0,0.0,,6.6,,,,
2025-09-29 16:00:00,,precip,0.0,0.0,,8.9,,,,
2025-09-29 17:00:00,,precip,0.0,0.0,,10.5,,,,
2025-09-29 18:00:00,,precip,0.0,0.0,,5.0,,,,
2025-09-29 19:00:00,,precip,0.0,0.0,,2.5,,,,
2025-09-29 20:00:00,,precip,0.0,0.0,,2.6,,,,
2025-09-29 21:00:00,,precip,0.0,0.0,,3.2,,,,
2025-09-29 22:00:00,,precip,0.0,0.0,,4.6,,,,
2025-09-29 23:00:00,,precip,0.0,0.0,,5.7,,,,
2025-09-30 00:00:00,,precip,0.0,0.0,,5.4,,,,
2025-09-30 01:00:00,,precip,0.0,0.0,,4.8,,,,
2025-09-30 02:00:00,,precip,0.0,0.0,,6.6,,,,
2025-09-30 03:00:00,,precip,0.0,0.0,,9.2,,,,
2025-09-30 04:00:00,,precip,0.0,0.0,,8.8,,,,
2025-09-30 05:00:00,,precip,0.0,0.0,,6.2,,,,
2025-09-30 06:00:00,,precip,0.0,0.0,,5.8,,,,
2025-09-30 07:00:00,,precip,0.0,0.0,,3.3,,,,
2025-09-30 08:00:00,,precip,0.0,0.0,,3.3,,,,
2025-09-30 09:00:00,,precip,0.0,0.0,,2.7,,,,
2025-09-30 10:00:00,,precip,0.0,0.0,,1.2,,,,
2025-09-30 11:00:00,,precip,0.0,0.0,,0.7,,,,
2025-09-30 12:00:00,,precip,0.0,0.0,,0.5,,,,
2025-09-30 13:00:00,,precip,0.0,0.0,,0.6,,,,
2025-09-30 14:00:00,,precip,0.0,0.0,,3.1,,,,
2025-09-30 15:00:00,,precip,0.0,0.0,,3.8,,,,
2025-09-30 16:00:00,,precip,0.0,0.0,,0.2,,,,
2025-09-30 17:00:00,,precip,0.0,0.0,,0.4,,,,
2025-09-30 18:00:00,,precip,0.0,0.0,,0.2,,,,
2025-09-30 19:00:00,,precip,0.0,0.0,,0.1,,,,
2025-09-30 20:00:00,,precip,0.0,0.0,,1.3,,,,
2025-09-30 21:00:00,,precip,0.0,0.0,,0.2,,,,
2025-09-30 22:00:00,,precip,0.0,0.0,,0.9,,,,
2025-09-30 23:00:00,,precip,0.0,0.0,,0.9,,,,
2025-10-01 00:00:00,,precip,0.0,0.0,,0.3,,,,
2025-10-01 01:00:00,,precip,0.0,0.0,,0.1,,,,
2025-10-01 02:00:00,,precip,0.0,0.0,,0.2,,,,
2025-10-01 03:00:00,,precip,0.0,0.0,,1.4,,,,
2025-10-01 04:00:00,,precip,0.0,0.0,,1.9,,,,
2025-10-01 05:00:00,,precip,0.0,0.0,,2.1,,,,
2025-10-01 06:00:00,,precip,0.0,0.0,,1.9,,,,
2025-10-01 07:00:00,,precip,0.0,0.0,,1.6,,,,
2025-10-01 08:00:00,,precip,0.0,0.0,,1.7,,,,
2025-10-01 09:00:00,,precip,0.0,0.0,,1.6,,,,
2025-10-01 10:00:00,,precip,0.0,0.0,,0.3,,,,
2025-10-01 12:00:00,,precip,0.0,0.0,,0.2,,,,
2025-10-01 13:00:00,,precip,0.0,0.0,,0.1,,,,
2025-10-01 14:00:00,,precip,0.0,0.0,,0.2,,,,
2025-10-01 15:00:00,,precip,0.0,0.0,,0.2,,,,
2025-10-01 16:00:00,,precip,0.0,0.0,,0.2,,,,
2025-10-01 17:00:00,,precip,0.0,0.0,,1.0,,,,
2025-10-01 22:00:00,,precip,0.0,0.0,,0.2,,,,
2025-10-01 23:00:00,,precip,0.0,0.0,,0.1,,,,
2025-10-02 02:00:00,,precip,0.0,0.0,,0.3,,,,
2025-10-06 01:00:00,,precip,0.0,0.0,,0.1,,,,
2025-10-06 03:00:00,,precip,0.0,0.0,,0.4,,,,
2025-10-06 04:00:00,,precip,0.0,0.0,,0.9,,,,
2025-10-06 05:00:00,,precip,0.0,0.0,,1.0,,,,
2025-10-06 06:00:00,,precip,0.0,0.0,,0.6,,,,
2025-10-06 07:00:00,,precip,0.0,0.0,,0.7,,,,
2025-10-06 08:00:00,,precip,0.0,0.0,,1.2,,,,
2025-10-06 09:00:00,,precip,0.0,0.0,,1.5,,,,
2025-10-06 10:00:00,,precip,0.0,0.0,,1.7,,,,
2025-10-06 11:00:00,,precip,0.0,0.0,,1.7,,,,
2025-10-06 12:00:00,,precip,0.0,0.0,,1.5,,,,
2025-10-06 13:00:00,,precip,0.0,0.0,,1.3,,,,
2025-10-06 14:00:00,,precip,0.0,0.0,,1.1,,,,
2025-10-06 15:00:00,,precip,0.0,0.0,,1.0,,,,
2025-10-06 16:00:00,,precip,0.0,0.0,,1.0,,,,
2025-10-06 17:00:00,,precip,0.0,0.0,,1.5,,,,
2025-10-06 18:00:00,,precip,0.0,0.0,,2.8,,,,
2025-10-06 19:00:00,,precip,0.0,0.0,,4.5,,,,
2025-10-06 20:00:00,,precip,0.0,0.0,,5.6,,,,
2025-10-06 21:00:00,,precip,0.0,0.0,,6.4,,,,
2025-10-06 22:00:00,,precip,0.0,0.0,,3.7,,,,
2025-10-06 23:00:00,,precip,0.0,0.0,,2.0,,,,
2025-10-07 00:00:00,,precip,0.0,0.0,,1.8,,,,
2025-10-07 01:00:00,,precip,0.0,0.0,,1.7,,,,
2025-10-07 02:00:00,,precip,0.0,0.0,,4.5,,,,
2025-10-07 03:00:00,,precip,0.0,0.0,,8.1,,,,
2025-10-07 04:00:00,,precip,0.0,0.0,,4.2,,,,
2025-10-07 05:00:00,,precip,0.0,0.0,,3.6,,,,
2025-10-07 06:00:00,,precip,0.0,0.0,,1.9,,,,
2025-10-07 07:00:00,,precip,0.0,0.0,,1.4,,,,
2025-10-07 08:00:00,,precip,0.0,0.0,,0.8,,,,
2025-10-07 09:00:00,,precip,0.0,0.0,,1.4,,,,
2025-10-07 10:00:00,,precip,0.0,0.0,,2.2,,,,
2025-10-07 11:00:00,,precip,0.0,0.0,,1.5,,,,
2025-10-07 12:00:00,,precip,0.0,0.0,,1.5,,,,
2025-10-07 13:00:00,,precip,0.0,0.0,,0.4,,,,
2025-10-07 14:00:00,,precip,0.0,0.0,,0.7,,,,
2025-10-07 15:00:00,,precip,0.0,0.0,,0.4,,,,
2025-10-07 16:00:00,,precip,0.0,0.0,,0.3,,,,
2025-10-07 17:00:00,,precip,0.0,0.0,,0.4,,,,
2025-10-07 18:00:00,,precip,0.0,0.0,,0.2,,,,
2025-10-07 19:00:00,,precip,0.0,0.0,,0.1,,,,
2025-10-07 20:00:00,,precip,0.0,0.0,,0.1,,,,
2025-10-07 21:00:00,,precip,0.0,0.0,,0.5,,,,
2025-10-07 22:00:00,,precip,0.0,0.0,,0.8,,,,
2025-10-07 23:00:00,,precip,0.0,0.0,,1.5,,,,
2025-10-08 00:00:00,,precip,0.0,0.0,,1.6,,,,
2025-10-08 01:00:00,,precip,0.0,0.0,,0.7,,,,
2025-10-08 02:00:00,,precip,0.0,0.0,,1.0,,,,
2025-10-08 03:00:00,,precip,0.0,0.0,,0.7,,,,
2025-10-08 04:00:00,,precip,0.0,0.0,,0.5,,,,
2025-10-08 05:00:00,,precip,0.0,0.0,,0.3,,,,
2025-10-08 06:00:00,,precip,0.0,0.0,,0.1,,,,
2025-10-08 15:00:00,,precip,0.0,0.0,,0.1,,,,
2025-10-08 20:00:00,,precip,0.0,0.0,,0.1,,,,
2025-10-08 21:00:00,,precip,0.0,0.0,,0.2,,,,
2025-10-08 22:00:00,,precip,0.0,0.0,,0.1,,,,
2025-10-11 06:00:00,,precip,0.0,0.0,,0.1,,,,
2025-10-11 11:00:00,,precip,0.0,0.0,,0.1,,,,
2025-10-11 12:00:00,,precip,0.0,0.0,,0.1,,,,
2025-10-11 14:00:00,,precip,0.0,0.0,,0.2,,,,
2025-10-11 15:00:00,,precip,0.0,0.0,,4.6,,,,
2025-10-11 16:00:00,,precip,0.0,0.0,,1.6,,,,
2025-10-13 00:00:00,,precip,0.0,0.0,,0.1,,,,
2025-10-13 01:00:00,,precip,0.0,0.0,,0.1,,,,
2025-10-13 13:00:00,,precip,0.0,0.0,,2.7,,,,
2025-10-13 14:00:00,,precip,0.0,0.0,,3.3,,,,
2025-10-13 15:00:00,,precip,0.0,0.0,,0.1,,,,
2025-10-13 16:00:00,,precip,0.0,0.0,,0.1,,,,
2025-10-13 18:00:00,,precip,0.0,0.0,,0.1,,,,
2025-10-13 21:00:00,,precip,0.0,0.0,,0.4,,,,
2025-10-13 22:00:00,,precip,0.0,0.0,,3.1,,,,
2025-10-13 23:00:00,,precip,0.0,0.0,,0.7,,,,
2025-10-14 00:00:00,,precip,0.0,0.0,,0.9,,,,
2025-10-14 01:00:00,,precip,0.0,0.0,,1.4,,,,
2025-10-14 02:00:00,,precip,0.0,0.0,,0.9,,,,
2025-10-14 03:00:00,,precip,0.0,0.0,,0.4,,,,
2025-10-14 04:00:00,,precip,0.0,0.0,,0.2,,,,
2025-10-14 05:00:00,,precip,0.0,0.0,,1.0,,,,
2025-10-14 06:00:00,,precip,0.0,0.0,,0.8,,,,
2025-10-14 07:00:00,,precip,0.0,0.0,,1.7,,,,
2025-10-14 08:00:00,,precip,0.0,0.0,,2.7,,,,
2025-10-14 09:00:00,,precip,0.0,0.0,,1.4,,,,
2025-10-14 10:00:00,,precip,0.0,0.0,,0.7,,,,
2025-10-14 11:00:00,,precip,0.0,0.0,,0.9,,,,
2025-10-14 12:00:00,,precip,0.0,0.0,,0.6,,,,
2025-10-14 13:00:00,,precip,0.0,0.0,,0.4,,,,
2025-10-14 14:00:00,,precip,0.0,0.0,,0.5,,,,
2025-10-14 15:00:00,,precip,0.0,0.0,,0.3,,,,
2025-10-14 16:00:00,,precip,0.0,0.0,,0.2,,,,
2025-10-14 17:00:00,,precip,0.0,0.0,,0.3,,,,
2025-10-14 18:00:00,,precip,0.0,0.0,,0.4,,,,
2025-10-14 19:00:00,,precip,0.0,0.0,,0.4,,,,
2025-10-14 20:00:00,,precip,0.0,0.0,,0.5,,,,
2025-10-14 21:00:00,,precip,0.0,0.0,,0.5,,,,
2025-10-14 22:00:00,,precip,0.0,0.0,,0.2,,,,
2025-10-14 23:00:00,,precip,0.0,0.0,,0.1,,,,
2025-10-15 00:00:00,,precip,0.0,0.0,,0.1,,,,
2025-10-15 01:00:00,,precip,0.0,0.0,,0.1,,,,
2025-10-15 02:00:00,,precip,0.0,0.0,,0.5,,,,
2025-10-15 03:00:00,,precip,0.0,0.0,,0.6,,,,
2025-10-15 04:00:00,,precip,0.0,0.0,,0.3,,,,
2025-10-15 05:00:00,,precip,0.0,0.0,,0.3,,,,
2025-10-15 06:00:00,,precip,0.0,0.0,,0.2,,,,
2025-10-15 07:00:00,,precip,0.0,0.0,,0.1,,,,
2025-10-15 08:00:00,,precip,0.0,0.0,,0.2,,,,
2025-10-15 09:00:00,,precip,0.0,0.0,,0.2,,,,
2025-10-15 10:00:00,,precip,0.0,0.0,,0.2,,,,
2025-10-15 11:00:00,,precip,0.0,0.0,,0.3,,,,
2025-10-15 12:00:00,,precip,0.0,0.0,,0.1,,,,
2025-10-15 13:00:00,,precip,0.0,0.0,,0.1,,,,
2025-10-15 14:00:00,,precip,0.0,0.0,,0.1,,,,
2025-10-15 15:00:00,,precip,0.0,0.0,,0.8,,,,
2025-10-15 16:00:00,,precip,0.0,0.0,,0.1,,,,
2025-10-15 18:00:00,,precip,0.0,0.0,,0.4,,,,
2025-10-15 19:00:00,,precip,0.0,0.0,,0.5,,,,
2025-10-15 20:00:00,,precip,0.0,0.0,,0.1,,,,
2025-10-15 21:00:00,,precip,0.0,0.0,,0.1,,,,
2025-10-15 23:00:00,,precip,0.0,0.0,,0.1,,,,
2025-10-16 00:00:00,,precip,0.0,0.0,,0.1,,,,
2025-10-16 01:00:00,,precip,0.0,0.0,,0.1,,,,
2025-10-16 02:00:00,,precip,0.0,0.0,,0.2,,,,
2025-10-16 03:00:00,,precip,0.0,0.0,,0.2,,,,
2025-10-16 04:00:00,,precip,0.0,0.0,,0.1,,,,
2025-10-16 13:00:00,,precip,0.0,0.0,,0.1,,,,
2025-10-16 15:00:00,,precip,0.0,0.0,,0.1,,,,
2025-10-16 16:00:00,,precip,0.0,0.0,,0.4,,,,
2025-10-16 17:00:00,,precip,0.0,0.0,,0.1,,,,
2025-10-17 10:00:00,,precip,0.0,0.0,,0.2,,,,
2025-10-17 11:00:00,,precip,0.0,0.0,,0.1,,,,
2025-10-17 12:00:00,,precip,0.0,0.0,,0.1,,,,
2025-10-17 13:00:00,,precip,0.0,0.0,,0.1,,,,
2025-10-17 16:00:00,,precip,0.0,0.0,,0.5,,,,
2025-10-18 10:00:00,,precip,0.0,0.0,,0.1,,,,
2025-10-18 11:00:00,,precip,0.0,0.0,,0.1,,,,
2025-10-18 12:00:00,,precip,0.0,0.0,,0.1,,,,
2025-10-18 13:00:00,,precip,0.0,0.0,,0.1,,,,
2025-10-19 12:00:00,,precip,0.0,0.0,,0.8,,,,
2025-10-19 13:00:00,,precip,0.0,0.0,,0.6,,,,
2025-10-19 15:00:00,,precip,0.0,0.0,,1.2,,,,
2025-10-19 16:00:00,,precip,0.0,0.0,,0.2,,,,
2025-10-19 19:00:00,,precip,0.0,0.0,,0.1,,,,
2025-10-19 20:00:00,,precip,0.0,0.0,,0.2,,,,
2025-10-19 21:00:00,,precip,0.0,0.0,,0.2,,,,
2025-10-19 22:00:00,,precip,0.0,0.0,,0.1,,,,
2025-10-19 23:00:00,,precip,0.0,0.0,,0.1,,,,
2025-10-23 12:00:00,,precip,0.0,0.0,,0.6,,,,
2025-10-23 13:00:00,,precip,0.0,0.0,,0.6,,,,
2025-10-23 19:00:00,,precip,0.0,0.0,,0.2,,,,
2025-10-23 21:00:00,,precip,0.0,0.0,,0.1,,,,
2025-10-24 00:00:00,,precip,0.0,0.0,,0.1,,,,
2025-10-24 01:00:00,,precip,0.0,0.0,,0.4,,,,
2025-10-24 02:00:00,,precip,0.0,0.0,,0.2,,,,
2025-10-30 04:00:00,,precip,0.0,0.0,,0.2,,,,
2025-10-30 05:00:00,,precip,0.0,0.0,,0.1,,,,
2025-10-30 06:00:00,,precip,0.0,0.0,,0.4,,,,
2025-10-30 08:00:00,,precip,0.0,0.0,,0.1,,,,
2025-10-30 11:00:00,,precip,0.0,0.0,,0.2,,,,
2025-10-30 12:00:00,,precip,0.0,0.0,,0.2,,,,
2025-10-30 13:00:00,,precip,0.0,0.0,,0.1,,,,
2025-10-30 15:00:00,,precip,0.0,0.0,,0.1,,,,
2025-10-30 18:00:00,,precip,0.0,0.0,,0.1,,,,
2025-10-30 19:00:00,,precip,0.0,0.0,,0.1,,,,
2025-10-30 21:00:00,,precip,0.0,0.0,,0.1,,,,
2025-10-30 22:00:00,,precip,0.0,0.0,,0.2,,,,
2025-10-30 23:00:00,,precip,0.0,0.0,,0.3,,,,
2025-10-31 00:00:00,,precip,0.0,0.0,,0.4,,,,
2025-10-31 01:00:00,,precip,0.0,0.0,,0.4,,,,
2025-10-31 02:00:00,,precip,0.0,0.0,,0.4,,,,
2025-10-31 03:00:00,,precip,0.0,0.0,,0.4,,,,
2025-10-31 04:00:00,,precip,0.0,0.0,,0.4,,,,
2025-10-31 05:00:00,,precip,0.0,0.0,,0.6,,,,
2025-10-31 06:00:00,,precip,0.0,0.0,,0.2,,,,
2025-10-31 07:00:00,,precip,0.0,0.0,,0.1,,,,
2025-10-31 08:00:00,,precip,0.0,0.0,,0.1,,,,
2025-10-31 09:00:00,,precip,0.0,0.0,,0.3,,,,
2025-10-31 10:00:00,,precip,0.0,0.0,,0.3,,,,
2025-10-31 11:00:00,,precip,0.0,0.0,,0.6,,,,
2025-10-31 12:00:00,,precip,0.0,0.0,,0.3,,,,
2025-10-31 13:00:00,,precip,0.0,0.0,,0.3,,,,
2025-10-31 14:00:00,,precip,0.0,0.0,,0.4,,,,
2025-10-31 15:00:00,,precip,0.0,0.0,,0.3,,,,
2025-10-31 17:00:00,,precip,0.0,0.0,,0.2,,,,
2025-10-31 19:00:00,,precip,0.0,0.0,,0.4,,,,
2025-10-31 20:00:00,,precip,0.0,0.0,,0.7,,,,
2025-10-31 21:00:00,,precip,0.0,0.0,,1.0,,,,
2025-10-31 22:00:00,,precip,0.0,0.0,,1.4,,,,
2025-10-31 23:00:00,,precip,0.0,0.0,,1.3,,,,
2025-11-01 00:00:00,,precip,0.0,0.0,,1.1,,,,
2025-11-01 01:00:00,,precip,0.0,0.0,,1.0,,,,
2025-11-01 02:00:00,,precip,0.0,0.0,,0.8,,,,
2025-11-01 03:00:00,,precip,0.0,0.0,,0.7,,,,
2025-11-01 04:00:00,,precip,0.0,0.0,,0.8,,,,
2025-11-01 05:00:00,,precip,0.0,0.0,,0.6,,,,
2025-11-01 06:00:00,,precip,0.0,0.0,,0.6,,,,
2025-11-01 07:00:00,,precip,0.0,0.0,,0.5,,,,
2025-11-01 08:00:00,,precip,0.0,0.0,,0.2,,,,
2025-11-01 09:00:00,,precip,0.0,0.0,,0.3,,,,
2025-11-01 10:00:00,,precip,0.0,0.0,,0.3,,,,
2025-11-01 11:00:00,,precip,0.0,0.0,,0.4,,,,
2025-11-01 12:00:00,,precip,0.0,0.0,,0.6,,,,
2025-11-01 13:00:00,,precip,0.0,0.0,,0.3,,,,
2025-11-01 14:00:00,,precip,0.0,0.0,,0.1,,,,
2025-11-01 15:00:00,,precip,0.0,0.0,,0.1,,,,
2025-11-02 12:00:00,,precip,0.0,0.0,,0.2,,,,
2025-11-02 14:00:00,,precip,0.0,0.0,,0.1,,,,
2025-11-02 18:00:00,,precip,0.0,0.0,,0.1,,,,
2025-11-02 20:00:00,,precip,0.0,0.0,,0.2,,,,
2025-11-02 21:00:00,,precip,0.0,0.0,,0.1,,,,
2025-11-02 22:00:00,,precip,0.0,0.0,,0.1,,,,
2025-11-03 00:00:00,,precip,0.0,0.0,,0.1,,,,
2025-11-03 10:00:00,,precip,0.0,0.0,,0.1,,,,
2025-11-03 12:00:00,,precip,0.0,0.0,,0.1,,,,
2025-11-03 13:00:00,,precip,0.0,0.0,,0.2,,,,
2025-11-03 14:00:00,,precip,0.0,0.0,,0.1,,,,
2025-11-03 15:00:00,,precip,0.0,0.0,,0.3,,,,
2025-11-03 16:00:00,,precip,0.0,0.0,,0.3,,,,
2025-11-03 17:00:00,,precip,0.0,0.0,,0.5,,,,
2025-11-03 18:00:00,,precip,0.0,0.0,,0.1,,,,
2025-11-03 21:00:00,,precip,0.0,0.0,,0.2,,,,
2025-11-03 22:00:00,,precip,0.0,0.0,,0.4,,,,
2025-11-03 23:00:00,,precip,0.0,0.0,,0.4,,,,
2025-11-04 00:00:00,,precip,0.0,0.0,,0.5,,,,
2025-11-04 01:00:00,,precip,0.0,0.0,,0.8,,,,
2025-11-04 03:00:00,,precip,0.0,0.0,,0.1,,,,
2025-11-04 04:00:00,,precip,0.0,0.0,,0.1,,,,
2025-11-04 07:00:00,,precip,0.0,0.0,,0.1,,,,
2025-11-04 08:00:00,,precip,0.0,0.0,,0.2,,,,
2025-11-04 09:00:00,,precip,0.0,0.0,,0.9,,,,
2025-11-04 10:00:00,,precip,0.0,0.0,,1.1,,,,
2025-11-04 11:00:00,,precip,0.0,0.0,,0.5,,,,
2025-11-04 12:00:00,,precip,0.0,0.0,,0.9,,,,
2025-11-04 13:00:00,,precip,0.0,0.0,,1.0,,,,
2025-11-04 14:00:00,,precip,0.0,0.0,,0.8,,,,
2025-11-04 15:00:00,,precip,0.0,0.0,,0.3,,,,
2025-11-04 16:00:00,,precip,0.0,0.0,,0.6,,,,
2025-11-04 17:00:00,,precip,0.0,0.0,,0.5,,,,
2025-11-04 18:00:00,,precip,0.0,0.0,,0.6,,,,
2025-11-04 19:00:00,,precip,0.0,0.0,,0.3,,,,
2025-11-04 20:00:00,,precip,0.0,0.0,,0.2,,,,
2025-11-07 06:00:00,,precip,0.0,0.0,,0.1,,,,
2025-11-07 07:00:00,,precip,0.0,0.0,,0.6,,,,
2025-11-07 08:00:00,,precip,0.0,0.0,,0.9,,,,
2025-11-07 09:00:00,,precip,0.0,0.0,,0.4,,,,
2025-11-07 10:00:00,,precip,0.0,0.0,,0.4,,,,
2025-11-07 11:00:00,,precip,0.0,0.0,,0.3,,,,
2025-11-07 12:00:00,,precip,0.0,0.0,,0.9,,,,
2025-11-07 13:00:00,,precip,0.0,0.0,,1.6,,,,
2025-11-07 14:00:00,,precip,0.0,0.0,,1.0,,,,
2025-11-07 15:00:00,,precip,0.0,0.0,,2.3,,,,
2025-11-07 16:00:00,,precip,0.0,0.0,,1.8,,,,
2025-11-07 17:00:00,,precip,0.0,0.0,,1.1,,,,
2025-11-07 18:00:00,,precip,0.0,0.0,,0.4,,,,
2025-11-07 19:00:00,,precip,0.0,0.0,,0.2,,,,
2025-11-07 20:00:00,,precip,0.0,0.0,,0.1,,,,
2025-11-07 21:00:00,,precip,0.0,0.0,,1.3,,,,
2025-11-07 22:00:00,,precip,0.0,0.0,,0.8,,,,
2025-11-07 23:00:00,,precip,0.0,0.0,,0.7,,,,
2025-11-08 00:00:00,,precip,0.0,0.0,,0.9,,,,
2025-11-08 01:00:00,,precip,0.0,0.0,,1.0,,,,
2025-11-08 02:00:00,,precip,0.0,0.0,,1.3,,,,
2025-11-08 03:00:00,,precip,0.0,0.0,,1.2,,,,
2025-11-08 04:00:00,,precip,0.0,0.0,,1.1,,,,
2025-11-08 05:00:00,,precip,0.0,0.0,,1.0,,,,
2025-11-08 06:00:00,,precip,0.0,0.0,,1.0,,,,
2025-11-08 07:00:00,,precip,0.0,0.0,,1.0,,,,
2025-11-08 08:00:00,,precip,0.0,0.0,,1.1,,,,
2025-11-08 09:00:00,,precip,0.0,0.0,,1.0,,,,
2025-11-08 10:00:00,,precip,0.0,0.0,,0.9,,,,
2025-11-08 11:00:00,,precip,0.0,0.0,,0.5,,,,
2025-11-08 12:00:00,,precip,0.0,0.0,,0.4,,,,
2025-11-08 13:00:00,,precip,0.0,0.0,,0.6,,,,
2025-11-08 14:00:00,,precip,0.0,0.0,,1.1,,,,
2025-11-08 15:00:00,,precip,0.0,0.0,,1.9,,,,
2025-11-08 16:00:00,,precip,0.0,0.0,,0.1,,,,
2025-11-08 17:00:00,,precip,0.0,0.0,,0.2,,,,
2025-11-08 18:00:00,,precip,0.0,0.0,,0.2,,,,
2025-11-08 19:00:00,,precip,0.0,0.0,,0.2,,,,
2025-11-08 20:00:00,,precip,0.0,0.0,,0.2,,,,
2025-11-08 21:00:00,,precip,0.0,0.0,,0.1,,,,
2025-11-08 22:00:00,,precip,0.0,0.0,,0.2,,,,
2025-11-08 23:00:00,,precip,0.0,0.0,,0.1,,,,
2025-11-09 00:00:00,,precip,0.0,0.0,,0.1,,,,
2025-11-09 01:00:00,,precip,0.0,0.0,,0.3,,,,
2025-11-09 02:00:00,,precip,0.0,0.0,,1.0,,,,
2025-11-09 03:00:00,,precip,0.0,0.0,,0.9,,,,
2025-11-09 04:00:00,,precip,0.0,0.0,,0.8,,,,
2025-11-09 05:00:00,,precip,0.0,0.0,,0.8,,,,
2025-11-09 06:00:00,,precip,0.0,0.0,,0.8,,,,
2025-11-09 07:00:00,,precip,0.0,0.0,,0.8,,,,
2025-11-09 08:00:00,,precip,0.0,0.0,,0.6,,,,
2025-11-09 09:00:00,,precip,0.0,0.0,,0.4,,,,
2025-11-09 10:00:00,,precip,0.0,0.0,,0.4,,,,
2025-11-09 11:00:00,,precip,0.0,0.0,,0.6,,,,
2025-11-09 12:00:00,,precip,0.0,0.0,,0.6,,,,
2025-11-09 13:00:00,,precip,0.0,0.0,,0.4,,,,
2025-11-09 14:00:00,,precip,0.0,0.0,,0.1,,,,
2025-11-09 15:00:00,,precip,0.0,0.0,,0.1,,,,
2025-11-09 16:00:00,,precip,0.0,0.0,,1.4,,,,
2025-11-09 17:00:00,,precip,0.0,0.0,,2.5,,,,
2025-11-09 18:00:00,,precip,0.0,0.0,,0.6,,,,
2025-11-09 19:00:00,,precip,0.0,0.0,,0.5,,,,
2025-11-09 20:00:00,,precip,0.0,0.0,,0.1,,,,
2025-11-09 21:00:00,,precip,0.0,0.0,,0.5,,,,
2025-11-09 22:00:00,,precip,0.0,0.0,,0.2,,,,
2025-11-09 23:00:00,,precip,0.0,0.0,,0.2,,,,
2025-11-10 00:00:00,,precip,0.0,0.0,,0.1,,,,
2025-11-10 20:00:00,,precip,0.0,0.0,,0.1,,,,
2025-11-10 21:00:00,,precip,0.0,0.0,,0.1,,,,
2025-11-10 23:00:00,,precip,0.0,0.0,,0.1,,,,
2025-11-11 00:00:00,,precip,0.0,0.0,,0.2,,,,
2025-11-11 01:00:00,,precip,0.0,0.0,,0.2,,,,
2025-11-11 02:00:00,,precip,0.0,0.0,,0.1,,,,
2025-11-11 03:00:00,,precip,0.0,0.0,,0.1,,,,
2025-11-11 04:00:00,,precip,0.0,0.0,,0.3,,,,
2025-11-11 05:00:00,,precip,0.0,0.0,,0.2,,,,
2025-11-11 07:00:00,,precip,0.0,0.0,,0.2,,,,
2025-11-11 08:00:00,,precip,0.0,0.0,,0.2,,,,
2025-11-11 09:00:00,,precip,0.0,0.0,,0.2,,,,
2025-11-11 10:00:00,,precip,0.0,0.0,,0.1,,,,
2025-11-16 13:00:00,,precip,0.0,0.0,,0.1,,,,
2025-11-17 13:00:00,,precip,0.0,0.0,,0.1,,,,
2025-11-17 14:00:00,,precip,0.0,0.0,,1.1,,,,
2025-11-17 15:00:00,,precip,0.0,0.0,,0.2,,,,
2025-11-17 16:00:00,,precip,0.0,0.0,,0.1,,,,
2025-11-17 17:00:00,,precip,0.0,0.0,,0.1,,,,
2025-11-17 18:00:00,,precip,0.0,0.0,,0.2,,,,
2025-11-17 19:00:00,,precip,0.0,0.0,,0.2,,,,
2025-11-17 20:00:00,,precip,0.0,0.0,,0.2,,,,
2025-11-17 21:00:00,,precip,0.0,0.0,,0.3,,,,
2025-11-17 22:00:00,,precip,0.0,0.0,,0.5,,,,
2025-11-17 23:00:00,,precip,0.0,0.0,,0.5,,,,
2025-11-18 00:00:00,,precip,0.0,0.0,,0.5,,,,
2025-11-18 01:00:00,,precip,0.0,0.0,,0.4,,,,
2025-11-18 02:00:00,,precip,0.0,0.0,,0.6,,,,
2025-11-18 03:00:00,,precip,0.0,0.0,,0.5,,,,
2025-11-18 04:00:00,,precip,0.0,0.0,,0.4,,,,
2025-11-18 05:00:00,,precip,0.0,0.0,,0.4,,,,
2025-11-18 06:00:00,,precip,0.0,0.0,,0.7,,,,
2025-11-18 07:00:00,,precip,0.0,0.0,,1.0,,,,
2025-11-18 08:00:00,,precip,0.0,0.0,,0.5,,,,
2025-11-18 09:00:00,,precip,0.0,0.0,,0.8,,,,
2025-11-18 10:00:00,,precip,0.0,0.0,,1.1,,,,
2025-11-18 11:00:00,,precip,0.0,0.0,,1.1,,,,
2025-11-18 12:00:00,,precip,0.0,0.0,,0.5,,,,
2025-11-18 13:00:00,,precip,0.0,0.0,,0.4,,,,
2025-11-18 14:00:00,,precip,0.0,0.0,,0.5,,,,
2025-11-18 15:00:00,,precip,0.0,0.0,,0.3,,,,
2025-11-18 16:00:00,,precip,0.0,0.0,,0.5,,,,
2025-11-18 17:00:00,,precip,0.0,0.0,,0.4,,,,
2025-11-18 18:00:00,,precip,0.0,0.0,,0.5,,,,
2025-11-18 19:00:00,,precip,0.0,0.0,,0.4,,,,
2025-11-18 20:00:00,,precip,0.0,0.0,,0.3,,,,
2025-11-18 21:00:00,,precip,0.0,0.0,,0.3,,,,
2025-11-18 22:00:00,,precip,0.0,0.0,,0.2,,,,
2025-11-18 23:00:00,,precip,0.0,0.0,,0.1,,,,
2025-12-02 01:00:00,,precip,0.0,0.0,,0.1,,,,
2025-12-02 11:00:00,,precip,0.0,0.0,,0.1,,,,
2025-12-02 12:00:00,,precip,0.0,0.0,,0.1,,,,
2025-12-02 13:00:00,,precip,0.0,0.0,,0.1,,,,
2025-12-02 14:00:00,,precip,0.0,0.0,,0.1,,,,
2025-12-03 03:00:00,,precip,0.0,0.0,,0.1,,,,
2025-12-03 04:00:00,,precip,0.0,0.0,,0.1,,,,
2025-12-03 05:00:00,,precip,0.0,0.0,,0.4,,,,
2025-12-03 06:00:00,,precip,0.0,0.0,,0.2,,,,
2025-12-03 07:00:00,,precip,0.0,0.0,,0.2,,,,
2025-12-03 08:00:00,,precip,0.0,0.0,,0.2,,,,
2025-12-03 09:00:00,,precip,0.0,0.0,,0.4,,,,
2025-12-03 10:00:00,,precip,0.0,0.0,,0.2,,,,
2025-12-03 12:00:00,,precip,0.0,0.0,,0.1,,,,
2025-12-03 13:00:00,,precip,0.0,0.0,,0.2,,,,
2025-12-05 03:00:00,,precip,0.0,0.0,,0.1,,,,
2025-12-05 04:00:00,,precip,0.0,0.0,,0.1,,,,
2025-12-05 05:00:00,,precip,0.0,0.0,,0.1,,,,
2025-12-05 06:00:00,,precip,0.0,0.0,,0.1,,,,
2025-12-05 07:00:00,,precip,0.0,0.0,,0.1,,,,
2025-12-05 08:00:00,,precip,0.0,0.0,,0.2,,,,
2025-12-05 09:00:00,,precip,0.0,0.0,,0.2,,,,
2025-12-05 10:00:00,,precip,0.0,0.0,,0.2,,,,
2025-12-05 11:00:00,,precip,0.0,0.0,,0.3,,,,
2025-12-05 12:00:00,,precip,0.0,0.0,,0.3,,,,
2025-12-05 13:00:00,,precip,0.0,0.0,,0.2,,,,
2025-12-05 14:00:00,,precip,0.0,0.0,,0.1,,,,
2025-12-05 21:00:00,,precip,0.0,0.0,,0.1,,,,
2025-12-05 22:00:00,,precip,0.0,0.0,,0.1,,,,
2025-12-07 07:00:00,,precip,0.0,0.0,,0.1,,,,
2025-12-07 10:00:00,,precip,0.0,0.0,,0.1,,,,
2025-12-07 11:00:00,,precip,0.0,0.0,,0.2,,,,
2025-12-07 12:00:00,,precip,0.0,0.0,,0.2,,,,
2025-12-07 13:00:00,,precip,0.0,0.0,,0.1,,,,
2025-12-07 14:00:00,,precip,0.0,0.0,,0.1,,,,
2025-12-07 21:00:00,,precip,0.0,0.0,,0.1,,,,
2025-12-07 22:00:00,,precip,0.0,0.0,,0.1,,,,
2025-12-07 23:00:00,,precip,0.0,0.0,,0.2,,,,
2025-12-08 00:00:00,,precip,0.0,0.0,,0.2,,,,
2025-12-08 01:00:00,,precip,0.0,0.0,,0.1,,,,
2025-12-08 02:00:00,,precip,0.0,0.0,,0.1,,,,
2025-12-08 03:00:00,,precip,0.0,0.0,,0.1,,,,
2025-12-08 08:00:00,,precip,0.0,0.0,,0.1,,,,
2025-12-11 14:00:00,,precip,0.0,0.0,,0.2,,,,
2025-12-11 15:00:00,,precip,0.0,0.0,,0.5,,,,
2025-12-12 09:00:00,,precip,0.0,0.0,,0.1,,,,
2025-12-12 17:00:00,,precip,0.0,0.0,,0.3,,,,
2025-12-12 18:00:00,,precip,0.0,0.0,,1.2,,,,
2025-12-12 19:00:00,,precip,0.0,0.0,,0.2,,,,
2025-12-12 20:00:00,,precip,0.0,0.0,,0.2,,,,
2025-12-12 21:00:00,,precip,0.0,0.0,,0.3,,,,
2025-12-12 22:00:00,,precip,0.0,0.0,,0.2,,,,
2025-12-12 23:00:00,,precip,0.0,0.0,,0.2,,,,
2025-12-13 00:00:00,,precip,0.0,0.0,,0.9,,,,
2025-12-13 01:00:00,,precip,0.0,0.0,,0.4,,,,
2025-12-13 02:00:00,,precip,0.0,0.0,,0.1,,,,
2025-12-13 03:00:00,,precip,0.0,0.0,,0.2,,,,
2025-12-13 04:00:00,,precip,0.0,0.0,,0.2,,,,
2025-12-13 05:00:00,,precip,0.0,0.0,,0.1,,,,
2025-12-13 06:00:00,,precip,0.0,0.0,,0.2,,,,
2025-12-13 07:00:00,,precip,0.0,0.0,,0.2,,,,
2025-12-13 08:00:00,,precip,0.0,0.0,,0.5,,,,
2025-12-13 09:00:00,,precip,0.0,0.0,,0.7,,,,
2025-12-13 10:00:00,,precip,0.0,0.0,,2.3,,,,
2025-12-13 11:00:00,,precip,0.0,0.0,,4.5,,,,
2025-12-13 12:00:00,,precip,0.0,0.0,,5.2,,,,
2025-12-13 13:00:00,,precip,0.0,0.0,,1.8,,,,
2025-12-13 14:00:00,,precip,0.0,0.0,,1.3,,,,
2025-12-13 15:00:00,,precip,0.0,0.0,,0.5,,,,
2025-12-13 16:00:00,,precip,0.0,0.0,,0.6,,,,
2025-12-13 17:00:00,,precip,0.0,0.0,,0.6,,,,
2025-12-13 18:00:00,,precip,0.0,0.0,,0.5,,,,
2025-12-13 19:00:00,,precip,0.0,0.0,,0.7,,,,
2025-12-13 20:00:00,,precip,0.0,0.0,,0.6,,,,
2025-12-13 21:00:00,,precip,0.0,0.0,,0.3,,,,
2025-12-14 12:00:00,,precip,0.0,0.0,,0.1,,,,
2025-12-16 15:00:00,,precip,0.0,0.0,,0.1,,,,
2025-12-17 01:00:00,,precip,0.0,0.0,,0.1,,,,
2025-12-17 02:00:00,,precip,0.0,0.0,,0.2,,,,
2025-12-17 03:00:00,,precip,0.0,0.0,,0.3,,,,
2025-12-17 04:00:00,,precip,0.0,0.0,,0.3,,,,
2025-12-17 05:00:00,,precip,0.0,0.0,,0.3,,,,
2025-12-17 06:00:00,,precip,0.0,0.0,,0.1,,,,
2025-12-17 07:00:00,,precip,0.0,0.0,,0.1,,,,
2025-12-17 08:00:00,,precip,0.0,0.0,,0.1,,,,
2025-12-17 09:00:00,,precip,0.0,0.0,,0.1,,,,
2025-12-17 10:00:00,,precip,0.0,0.0,,0.3,,,,
2025-12-17 11:00:00,,precip,0.0,0.0,,0.1,,,,
2025-12-17 12:00:00,,precip,0.0,0.0,,0.2,,,,
2025-12-17 13:00:00,,precip,0.0,0.0,,0.1,,,,
2025-12-17 14:00:00,,precip,0.0,0.0,,0.1,,,,
2025-12-17 16:00:00,,precip,0.0,0.0,,0.1,,,,
2025-12-17 21:00:00,,precip,0.0,0.0,,0.2,,,,
2025-12-20 07:00:00,,precip,0.0,0.0,,0.1,,,,
2025-12-20 08:00:00,,precip,0.0,0.0,,0.1,,,,
2025-12-20 09:00:00,,precip,0.0,0.0,,0.1,,,,
2025-12-20 10:00:00,,precip,0.0,0.0,,0.1,,,,
2025-12-20 11:00:00,,precip,0.0,0.0,,0.1,,,,
2025-12-20 12:00:00,,precip,0.0,0.0,,0.2,,,,
2025-12-20 14:00:00,,precip,0.0,0.0,,0.2,,,,
2025-12-20 15:00:00,,precip,0.0,0.0,,0.1,,,,
2025-12-20 16:00:00,,precip,0.0,0.0,,0.1,,,,
2025-12-21 02:00:00,,precip,0.0,0.0,,0.1,,,,
2025-12-21 03:00:00,,precip,0.0,0.0,,0.1,,,,
2025-12-21 04:00:00,,precip,0.0,0.0,,0.1,,,,
2025-12-21 19:00:00,,precip,0.0,0.0,,0.2,,,,
2025-12-21 20:00:00,,precip,0.0,0.0,,0.1,,,,
2025-12-22 02:00:00,,precip,0.0,0.0,,0.1,,,,
2025-12-22 12:00:00,,precip,0.0,0.0,,0.1,,,,
2025-12-22 13:00:00,,precip,0.0,0.0,,0.1,,,,
2025-12-22 14:00:00,,precip,0.0,0.0,,0.1,,,,
2025-12-23 10:00:00,,precip,0.0,0.0,,0.1,,,,
2025-12-23 11:00:00,,precip,0.0,0.0,,0.1,,,,
2025-12-23 13:00:00,,precip,0.0,0.0,,0.1,,,,
2025-12-23 16:00:00,,precip,0.0,0.0,,0.4,,,,
2025-12-24 04:00:00,,precip,0.0,0.0,,0.1,,,,
2025-12-24 09:00:00,,precip,0.0,0.0,,0.1,,,,
2025-12-24 10:00:00,,precip,0.0,0.0,,0.2,,,,
2025-12-24 11:00:00,,precip,0.0,0.0,,0.3,,,,
2025-12-24 12:00:00,,precip,0.0,0.0,,0.1,,,,
2025-12-24 13:00:00,,precip,0.0,0.0,,0.3,,,,
2025-12-24 14:00:00,,precip,0.0,0.0,,0.3,,,,
2025-12-24 15:00:00,,precip,0.0,0.0,,0.1,,,,
2025-12-24 22:00:00,,precip,0.0,0.0,,0.1,,,,
2025-12-25 00:00:00,,precip,0.0,0.0,,0.2,,,,
2025-12-25 01:00:00,,precip,0.0,0.0,,0.4,,,,
2025-12-25 02:00:00,,precip,0.0,0.0,,0.4,,,,
2025-12-25 03:00:00,,precip,0.0,0.0,,0.5,,,,
2025-12-25 04:00:00,,precip,0.0,0.0,,0.4,,,,
2025-12-25 05:00:00,,precip,0.0,0.0,,0.2,,,,
2025-12-25 06:00:00,,precip,0.0,0.0,,0.2,,,,
2025-12-25 07:00:00,,precip,0.0,0.0,,0.1,,,,
2025-12-29 10:00:00,,precip,0.0,0.0,,0.1,,,,
2025-12-29 11:00:00,,precip,0.0,0.0,,0.1,,,,
2025-12-29 12:00:00,,precip,0.0,0.0,,0.1,,,,
2025-12-29 13:00:00,,precip,0.0,0.0,,0.1,,,,
2025-12-29 15:00:00,,precip,0.0,0.0,,0.1,,,,
2025-12-29 22:00:00,,precip,0.0,0.0,,0.1,,,,
2025-12-29 23:00:00,,precip,0.0,0.0,,0.1,,,,
2025-12-30 13:00:00,,precip,0.0,0.0,,0.1,,,,
2025-12-31 10:00:00,,precip,0.0,0.0,,0.1,,,,
2025-12-31 11:00:00,,precip,0.0,0.0,,0.2,,,,
2025-12-31 12:00:00,,precip,0.0,0.0,,0.1,,,,
2025-12-31 13:00:00,,precip,0.0,0.0,,0.2,,,,
2025-12-31 14:00:00,,precip,0.0,0.0,,0.1,,,,
2025-12-31 15:00:00,,precip,0.0,0.0,,0.1,,,,
2026-01-01 01:00:00,,precip,0.0,0.0,,0.2,,,,
2026-01-01 02:00:00,,precip,0.0,0.0,,0.2,,,,
2026-01-01 03:00:00,,precip,0.0,0.0,,0.4,,,,
2026-01-01 04:00:00,,precip,0.0,0.0,,0.4,,,,
2026-01-01 05:00:00,,precip,0.0,0.0,,0.5,,,,
2026-01-01 06:00:00,,precip,0.0,0.0,,0.2,,,,
2026-01-01 07:00:00,,precip,0.0,0.0,,0.1,,,,
2026-01-01 08:00:00,,precip,0.0,0.0,,0.1,,,,
2026-01-01 09:00:00,,precip,0.0,0.0,,0.2,,,,
2026-01-01 10:00:00,,precip,0.0,0.0,,0.1,,,,
2026-01-01 11:00:00,,precip,0.0,0.0,,0.2,,,,
2026-01-01 12:00:00,,precip,0.0,0.0,,0.5,,,,
2026-01-01 13:00:00,,precip,0.0,0.0,,0.8,,,,
2026-01-01 14:00:00,,precip,0.0,0.0,,0.4,,,,
2026-01-01 15:00:00,,precip,0.0,0.0,,0.1,,,,
2026-01-01 16:00:00,,precip,0.0,0.0,,1.0,,,,
2026-01-01 17:00:00,,precip,0.0,0.0,,0.7,,,,
2026-01-01 18:00:00,,precip,0.0,0.0,,0.6,,,,
2026-01-01 19:00:00,,precip,0.0,0.0,,0.6,,,,
2026-01-01 20:00:00,,precip,0.0,0.0,,0.5,,,,
2026-01-01 21:00:00,,precip,0.0,0.0,,0.5,,,,
2026-01-01 22:00:00,,precip,0.0,0.0,,0.4,,,,
2026-01-01 23:00:00,,precip,0.0,0.0,,0.1,,,,
2026-01-02 00:00:00,,precip,0.0,0.0,,0.4,,,,
2026-01-02 01:00:00,,precip,0.0,0.0,,0.2,,,,
2026-01-02 02:00:00,,precip,0.0,0.0,,0.1,,,,
2026-01-02 03:00:00,,precip,0.0,0.0,,0.2,,,,
2026-01-02 04:00:00,,precip,0.0,0.0,,0.2,,,,
2026-01-02 05:00:00,,precip,0.0,0.0,,0.2,,,,
2026-01-02 06:00:00,,precip,0.0,0.0,,0.3,,,,
2026-01-02 07:00:00,,precip,0.0,0.0,,0.2,,,,
2026-01-02 08:00:00,,precip,0.0,0.0,,0.2,,,,
2026-01-02 09:00:00,,precip,0.0,0.0,,0.3,,,,
2026-01-02 10:00:00,,precip,0.0,0.0,,0.3,,,,
2026-01-02 11:00:00,,precip,0.0,0.0,,0.3,,,,
2026-01-02 12:00:00,,precip,0.0,0.0,,0.2,,,,
2026-01-02 13:00:00,,precip,0.0,0.0,,0.1,,,,
2026-01-04 16:00:00,,precip,0.0,0.0,,0.1,,,,
2026-01-05 01:00:00,,precip,0.0,0.0,,0.1,,,,
2026-01-05 03:00:00,,precip,0.0,0.0,,0.1,,,,
2026-01-05 04:00:00,,precip,0.0,0.0,,0.1,,,,
2026-01-05 05:00:00,,precip,0.0,0.0,,0.2,,,,
2026-01-05 06:00:00,,precip,0.0,0.0,,0.2,,,,
2026-01-05 07:00:00,,precip,0.0,0.0,,0.1,,,,
2026-01-05 08:00:00,,precip,0.0,0.0,,0.1,,,,
2026-01-15 12:00:00,,precip,0.0,0.0,,0.1,,,,
2026-01-15 13:00:00,,precip,0.0,0.0,,0.1,,,,
2026-01-17 06:00:00,,precip,0.0,0.0,,0.1,,,,
2026-01-17 08:00:00,,precip,0.0,0.0,,0.1,,,,
2026-01-17 09:00:00,,precip,0.0,0.0,,0.1,,,,
2026-01-17 12:00:00,,precip,0.0,0.0,,0.2,,,,
2026-01-17 14:00:00,,precip,0.0,0.0,,0.1,,,,
2026-01-17 15:00:00,,precip,0.0,0.0,,0.1,,,,
2026-01-19 05:00:00,,precip,0.0,0.0,,0.1,,,,
2026-01-19 06:00:00,,precip,0.0,0.0,,0.1,,,,
2026-01-19 07:00:00,,precip,0.0,0.0,,0.1,,,,
2026-01-19 08:00:00,,precip,0.0,0.0,,0.1,,,,
2026-01-19 09:00:00,,precip,0.0,0.0,,0.2,,,,
2026-01-19 10:00:00,,precip,0.0,0.0,,0.2,,,,
2026-01-19 11:00:00,,precip,0.0,0.0,,0.2,,,,
2026-01-19 13:00:00,,precip,0.0,0.0,,0.2,,,,
2026-01-19 14:00:00,,precip,0.0,0.0,,0.1,,,,
2026-01-19 15:00:00,,precip,0.0,0.0,,0.1,,,,
2026-01-20 06:00:00,,precip,0.0,0.0,,0.1,,,,
2026-01-20 07:00:00,,precip,0.0,0.0,,0.3,,,,
2026-01-20 08:00:00,,precip,0.0,0.0,,0.5,,,,
2026-01-20 09:00:00,,precip,0.0,0.0,,0.6,,,,
2026-01-20 10:00:00,,precip,0.0,0.0,,1.1,,,,
2026-01-20 11:00:00,,precip,0.0,0.0,,1.0,,,,
2026-01-20 12:00:00,,precip,0.0,0.0,,1.0,,,,
2026-01-20 13:00:00,,precip,0.0,0.0,,0.8,,,,
2026-01-20 14:00:00,,precip,0.0,0.0,,0.2,,,,
2026-01-20 15:00:00,,precip,0.0,0.0,,0.1,,,,
2026-01-20 16:00:00,,precip,0.0,0.0,,0.1,,,,
2026-01-20 17:00:00,,precip,0.0,0.0,,0.1,,,,
2026-01-20 18:00:00,,precip,0.0,0.0,,0.1,,,,
2026-01-20 19:00:00,,precip,0.0,0.0,,0.1,,,,
2026-01-20 20:00:00,,precip,0.0,0.0,,0.1,,,,
2026-01-20 21:00:00,,precip,0.0,0.0,,0.2,,,,
2026-01-20 22:00:00,,precip,0.0,0.0,,0.4,,,,
2026-01-20 23:00:00,,precip,0.0,0.0,,1.1,,,,
2026-01-21 00:00:00,,precip,0.0,0.0,,0.5,,,,
2026-01-21 01:00:00,,precip,0.0,0.0,,0.4,,,,
2026-01-21 02:00:00,,precip,0.0,0.0,,0.9,,,,
2026-01-21 03:00:00,,precip,0.0,0.0,,0.4,,,,
2026-01-21 04:00:00,,precip,0.0,0.0,,0.2,,,,
2026-01-21 08:00:00,,precip,0.0,0.0,,0.1,,,,
2026-01-21 09:00:00,,precip,0.0,0.0,,0.2,,,,
2026-01-21 10:00:00,,precip,0.0,0.0,,0.2,,,,
2026-01-21 11:00:00,,precip,0.0,0.0,,0.2,,,,
2026-01-21 12:00:00,,precip,0.0,0.0,,0.3,,,,
2026-01-21 13:00:00,,precip,0.0,0.0,,0.4,,,,
2026-01-22 00:00:00,,precip,0.0,0.0,,0.1,,,,
2026-01-22 01:00:00,,precip,0.0,0.0,,0.1,,,,
2026-01-22 02:00:00,,precip,0.0,0.0,,0.2,,,,
2026-01-22 03:00:00,,precip,0.0,0.0,,0.1,,,,
2026-01-22 04:00:00,,precip,0.0,0.0,,0.2,,,,
2026-01-22 05:00:00,,precip,0.0,0.0,,0.1,,,,
2026-01-22 06:00:00,,precip,0.0,0.0,,0.1,,,,
2026-01-22 07:00:00,,precip,0.0,0.0,,0.1,,,,
2026-01-22 08:00:00,,precip,0.0,0.0,,0.1,,,,
2026-01-22 09:00:00,,precip,0.0,0.0,,0.1,,,,
2026-01-22 11:00:00,,precip,0.0,0.0,,0.1,,,,
2026-01-22 12:00:00,,precip,0.0,0.0,,0.1,,,,
2026-01-22 23:00:00,,precip,0.0,0.0,,0.1,,,,
2026-01-23 02:00:00,,precip,0.0,0.0,,0.1,,,,
2026-01-25 02:00:00,,precip,0.0,0.0,,0.1,,,,
2026-01-25 05:00:00,,precip,0.0,0.0,,0.1,,,,
2026-01-25 06:00:00,,precip,0.0,0.0,,0.1,,,,
2026-01-25 07:00:00,,precip,0.0,0.0,,0.1,,,,
2026-01-25 23:00:00,,precip,0.0,0.0,,0.1,,,,
2026-01-26 05:00:00,,precip,0.0,0.0,,0.1,,,,
2026-01-26 06:00:00,,precip,0.0,0.0,,0.4,,,,
2026-01-26 07:00:00,,precip,0.0,0.0,,0.4,,,,
2026-01-26 08:00:00,,precip,0.0,0.0,,0.8,,,,
2026-01-26 09:00:00,,precip,0.0,0.0,,0.7,,,,
2026-01-26 10:00:00,,precip,0.0,0.0,,0.5,,,,
2026-01-26 11:00:00,,precip,0.0,0.0,,0.2,,,,
2026-01-27 12:00:00,,precip,0.0,0.0,,0.1,,,,
2026-01-27 13:00:00,,precip,0.0,0.0,,0.1,,,,
2026-01-30 10:00:00,,precip,0.0,0.0,,0.1,,,,
2026-01-30 11:00:00,,precip,0.0,0.0,,0.1,,,,
2026-01-30 12:00:00,,precip,0.0,0.0,,0.2,,,,
2026-01-30 13:00:00,,precip,0.0,0.0,,0.1,,,,
2026-01-30 15:00:00,,precip,0.0,0.0,,0.1,,,,
2026-01-31 07:00:00,,precip,0.0,0.0,,0.1,,,,
2026-01-31 08:00:00,,precip,0.0,0.0,,0.1,,,,
2026-02-05 10:00:00,,precip,0.0,0.0,,0.1,,,,
2026-02-06 02:00:00,,precip,0.0,0.0,,0.1,,,,
2026-02-06 03:00:00,,precip,0.0,0.0,,0.1,,,,
2026-02-06 04:00:00,,precip,0.0,0.0,,0.1,,,,
2026-02-06 09:00:00,,precip,0.0,0.0,,0.1,,,,
2026-02-06 16:00:00,,precip,0.0,0.0,,0.1,,,,
2026-02-07 06:00:00,,precip,0.0,0.0,,0.1,,,,
2026-02-07 09:00:00,,precip,0.0,0.0,,0.3,,,,
2026-02-07 10:00:00,,precip,0.0,0.0,,0.2,,,,
2026-02-07 11:00:00,,precip,0.0,0.0,,0.1,,,,
2026-02-07 14:00:00,,precip,0.0,0.0,,0.1,,,,
2026-02-07 15:00:00,,precip,0.0,0.0,,0.1,,,,
2026-02-07 22:00:00,,precip,0.0,0.0,,0.1,,,,
2026-02-07 23:00:00,,precip,0.0,0.0,,0.2,,,,
2026-02-08 00:00:00,,precip,0.0,0.0,,0.5,,,,
2026-02-08 01:00:00,,precip,0.0,0.0,,0.6,,,,
2026-02-08 02:00:00,,precip,0.0,0.0,,1.1,,,,
2026-02-08 03:00:00,,precip,0.0,0.0,,1.4,,,,
2026-02-08 04:00:00,,precip,0.0,0.0,,0.5,,,,
2026-02-08 05:00:00,,precip,0.0,0.0,,0.4,,,,
2026-02-08 06:00:00,,precip,0.0,0.0,,0.2,,,,
2026-02-08 07:00:00,,precip,0.0,0.0,,0.2,,,,
2026-02-08 08:00:00,,precip,0.0,0.0,,0.6,,,,
2026-02-08 09:00:00,,precip,0.0,0.0,,1.3,,,,
2026-02-08 10:00:00,,precip,0.0,0.0,,1.0,,,,
2026-02-08 11:00:00,,precip,0.0,0.0,,0.6,,,,
2026-02-08 12:00:00,,precip,0.0,0.0,,0.4,,,,
2026-02-08 13:00:00,,precip,0.0,0.0,,0.4,,,,
2026-02-08 14:00:00,,precip,0.0,0.0,,0.6,,,,
2026-02-08 15:00:00,,precip,0.0,0.0,,0.6,,,,
2026-02-08 16:00:00,,precip,0.0,0.0,,0.9,,,,
2026-02-08 17:00:00,,precip,0.0,0.0,,0.7,,,,
2026-02-08 18:00:00,,precip,0.0,0.0,,0.5,,,,
2026-02-08 19:00:00,,precip,0.0,0.0,,0.2,,,,
2026-02-08 20:00:00,,precip,0.0,0.0,,0.1,,,,
2026-02-08 21:00:00,,precip,0.0,0.0,,0.2,,,,
2026-02-08 22:00:00,,precip,0.0,0.0,,0.5,,,,
2026-02-08 23:00:00,,precip,0.0,0.0,,0.3,,,,
2026-02-09 00:00:00,,precip,0.0,0.0,,0.2,,,,
2026-02-09 01:00:00,,precip,0.0,0.0,,0.1,,,,
2026-02-09 02:00:00,,precip,0.0,0.0,,0.3,,,,
2026-02-09 03:00:00,,precip,0.0,0.0,,0.2,,,,
2026-02-09 04:00:00,,precip,0.0,0.0,,0.2,,,,
2026-02-09 05:00:00,,precip,0.0,0.0,,0.1,,,,
2026-02-11 05:00:00,,precip,0.0,0.0,,0.2,,,,
2026-02-11 06:00:00,,precip,0.0,0.0,,0.4,,,,
2026-02-11 07:00:00,,precip,0.0,0.0,,0.5,,,,
2026-02-11 08:00:00,,precip,0.0,0.0,,0.3,,,,
2026-02-11 09:00:00,,precip,0.0,0.0,,0.1,,,,
2026-02-11 10:00:00,,precip,0.0,0.0,,0.2,,,,
2026-02-11 11:00:00,,precip,0.0,0.0,,0.1,,,,
2026-02-11 12:00:00,,precip,0.0,0.0,,0.1,,,,
2026-02-11 13:00:00,,precip,0.0,0.0,,0.1,,,,
2026-02-11 14:00:00,,precip,0.0,0.0,,0.1,,,,
2026-02-11 15:00:00,,precip,0.0,0.0,,0.1,,,,
2026-02-12 06:00:00,,precip,0.0,0.0,,0.1,,,,
2026-02-12 08:00:00,,precip,0.0,0.0,,0.1,,,,
2026-02-12 09:00:00,,precip,0.0,0.0,,0.1,,,,
2026-02-12 13:00:00,,precip,0.0,0.0,,0.1,,,,
2026-02-13 09:00:00,,precip,0.0,0.0,,0.1,,,,
2026-02-13 10:00:00,,precip,0.0,0.0,,0.1,,,,
2026-02-13 11:00:00,,precip,0.0,0.0,,0.4,,,,
2026-02-13 12:00:00,,precip,0.0,0.0,,0.1,,,,
2026-02-13 13:00:00,,precip,0.0,0.0,,0.1,,,,
2026-02-13 14:00:00,,precip,0.0,0.0,,0.1,,,,
2026-02-13 15:00:00,,precip,0.0,0.0,,0.1,,,,
2026-02-13 16:00:00,,precip,0.0,0.0,,0.1,,,,
2026-02-14 09:00:00,,precip,0.0,0.0,,0.1,,,,
2026-02-14 10:00:00,,precip,0.0,0.0,,0.1,,,,
2026-02-14 11:00:00,,precip,0.0,0.0,,0.1,,,,
2026-02-14 12:00:00,,precip,0.0,0.0,,0.1,,,,
2026-02-15 08:00:00,,precip,0.0,0.0,,0.1,,,,
2026-02-16 08:00:00,,precip,0.0,0.0,,0.1,,,,
2026-02-17 08:00:00,,precip,0.0,0.0,,0.1,,,,
2026-02-18 01:00:00,,precip,0.0,0.0,,0.1,,,,
2026-02-18 02:00:00,,precip,0.0,0.0,,0.1,,,,
2026-02-18 03:00:00,,precip,0.0,0.0,,0.1,,,,
2026-02-18 04:00:00,,precip,0.0,0.0,,0.2,,,,
2026-02-18 05:00:00,,precip,0.0,0.0,,0.1,,,,
2026-02-18 06:00:00,,precip,0.0,0.0,,0.1,,,,
2026-02-18 07:00:00,,precip,0.0,0.0,,0.1,,,,
2026-02-18 08:00:00,,precip,0.0,0.0,,0.1,,,,
2026-02-18 09:00:00,,precip,0.0,0.0,,0.1,,,,
2026-02-18 10:00:00,,precip,0.0,0.0,,0.1,,,,
2026-02-20 02:00:00,,precip,0.0,0.0,,0.1,,,,
2026-02-22 04:00:00,,precip,0.0,0.0,,0.1,,,,
2026-02-22 05:00:00,,precip,0.0,0.0,,0.1,,,,
2026-02-22 06:00:00,,precip,0.0,0.0,,0.2,,,,
2026-02-22 07:00:00,,precip,0.0,0.0,,0.1,,,,
2026-02-22 08:00:00,,precip,0.0,0.0,,0.2,,,,
2026-02-22 09:00:00,,precip,0.0,0.0,,0.2,,,,
2026-02-22 10:00:00,,precip,0.0,0.0,,0.2,,,,
2026-02-22 11:00:00,,precip,0.0,0.0,,0.2,,,,
2026-02-22 12:00:00,,precip,0.0,0.0,,0.5,,,,
2026-02-22 13:00:00,,precip,0.0,0.0,,0.3,,,,
2026-02-22 14:00:00,,precip,0.0,0.0,,0.2,,,,
2026-02-22 15:00:00,,precip,0.0,0.0,,0.1,,,,
2026-02-22 16:00:00,,precip,0.0,0.0,,0.2,,,,
2026-02-22 17:00:00,,precip,0.0,0.0,,0.1,,,,
2026-02-22 18:00:00,,precip,0.0,0.0,,0.2,,,,
2026-02-22 23:00:00,,precip,0.0,0.0,,0.1,,,,
2026-02-23 00:00:00,,precip,0.0,0.0,,0.1,,,,
2026-02-23 11:00:00,,precip,0.0,0.0,,0.1,,,,
2026-02-23 12:00:00,,precip,0.0,0.0,,0.1,,,,
2026-02-23 14:00:00,,precip,0.0,0.0,,0.1,,,,
2026-02-24 05:00:00,,precip,0.0,0.0,,0.1,,,,
2026-02-24 06:00:00,,precip,0.0,0.0,,0.1,,,,
2026-02-24 09:00:00,,precip,0.0,0.0,,0.2,,,,
2026-02-24 10:00:00,,precip,0.0,0.0,,0.1,,,,
2026-02-24 11:00:00,,precip,0.0,0.0,,0.2,,,,
2026-02-24 12:00:00,,precip,0.0,0.0,,0.1,,,,
2026-02-24 13:00:00,,precip,0.0,0.0,,0.1,,,,
2026-02-24 14:00:00,,precip,0.0,0.0,,0.1,,,,
2026-02-25 05:00:00,,precip,0.0,0.0,,0.1,,,,
2026-02-25 06:00:00,,precip,0.0,0.0,,0.3,,,,
2026-02-25 07:00:00,,precip,0.0,0.0,,0.4,,,,
2026-02-25 08:00:00,,precip,0.0,0.0,,1.3,,,,
2026-02-25 09:00:00,,precip,0.0,0.0,,0.9,,,,
2026-02-25 10:00:00,,precip,0.0,0.0,,1.8,,,,
2026-02-25 11:00:00,,precip,0.0,0.0,,1.6,,,,
2026-02-25 12:00:00,,precip,0.0,0.0,,1.7,,,,
2026-02-25 13:00:00,,precip,0.0,0.0,,1.4,,,,
2026-02-25 14:00:00,,precip,0.0,0.0,,0.1,,,,
2026-02-25 15:00:00,,precip,0.0,0.0,,0.1,,,,
2026-02-25 16:00:00,,precip,0.0,0.0,,0.2,,,,
2026-02-25 17:00:00,,precip,0.0,0.0,,0.3,,,,
2026-02-25 18:00:00,,precip,0.0,0.0,,0.1,,,,
2026-02-25 22:00:00,,precip,0.0,0.0,,0.2,,,,
2026-02-25 23:00:00,,precip,0.0,0.0,,0.1,,,,
2026-02-26 09:00:00,,precip,0.0,0.0,,0.5,,,,
2026-02-26 10:00:00,,precip,0.0,0.0,,0.6,,,,
2026-02-26 11:00:00,,precip,0.0,0.0,,1.3,,,,
2026-02-26 12:00:00,,precip,0.0,0.0,,0.4,,,,
2026-02-26 13:00:00,,precip,0.0,0.0,,0.4,,,,
2026-02-26 14:00:00,,precip,0.0,0.0,,0.3,,,,
2026-02-28 07:00:00,,precip,0.0,0.0,,0.1,,,,
2026-02-28 08:00:00,,precip,0.0,0.0,,0.1,,,,
2026-02-28 09:00:00,,precip,0.0,0.0,,0.1,,,,
2026-02-28 10:00:00,,precip,0.0,0.0,,0.1,,,,
2026-02-28 11:00:00,,precip,0.0,0.0,,0.1,,,,
2026-03-02 20:00:00,,precip,0.0,0.0,,0.4,,,,
2026-03-02 21:00:00,,precip,0.0,0.0,,0.3,,,,
2026-03-02 22:00:00,,precip,0.0,0.0,,1.7,,,,
2026-03-02 23:00:00,,precip,0.0,0.0,,5.0,,,,
2026-03-03 00:00:00,,precip,0.0,0.0,,4.7,,,,
2026-03-03 01:00:00,,precip,0.0,0.0,,3.0,,,,
2026-03-03 02:00:00,,precip,0.0,0.0,,2.1,,,,
2026-03-03 03:00:00,,precip,0.0,0.0,,1.4,,,,
2026-03-03 04:00:00,,precip,0.0,0.0,,0.6,,,,
2026-03-03 05:00:00,,precip,0.0,0.0,,0.4,,,,
2026-03-03 06:00:00,,precip,0.0,0.0,,0.5,,,,
2026-03-03 07:00:00,,precip,0.0,0.0,,0.6,,,,
2026-03-03 08:00:00,,precip,0.0,0.0,,0.3,,,,
2026-03-03 09:00:00,,precip,0.0,0.0,,0.1,,,,
2026-03-03 10:00:00,,precip,0.0,0.0,,0.1,,,,
2026-03-03 11:00:00,,precip,0.0,0.0,,0.1,,,,
2026-03-03 22:00:00,,precip,0.0,0.0,,0.1,,,,
2026-03-04 01:00:00,,precip,0.0,0.0,,0.1,,,,
2026-03-05 21:00:00,,precip,0.0,0.0,,0.1,,,,
2026-03-05 22:00:00,,precip,0.0,0.0,,0.1,,,,
2026-03-06 01:00:00,,precip,0.0,0.0,,0.1,,,,
2026-03-06 03:00:00,,precip,0.0,0.0,,0.1,,,,
2026-03-06 04:00:00,,precip,0.0,0.0,,0.2,,,,
2026-03-06 05:00:00,,precip,0.0,0.0,,0.1,,,,
2026-03-06 06:00:00,,precip,0.0,0.0,,0.2,,,,
2026-03-06 07:00:00,,precip,0.0,0.0,,0.1,,,,
2026-03-06 08:00:00,,precip,0.0,0.0,,0.2,,,,
2026-03-07 13:00:00,,precip,0.0,0.0,,0.1,,,,
2026-03-08 06:00:00,,precip,0.0,0.0,,0.2,,,,
2026-03-08 07:00:00,,precip,0.0,0.0,,0.3,,,,
2026-03-08 08:00:00,,precip,0.0,0.0,,0.2,,,,
2026-03-08 09:00:00,,precip,0.0,0.0,,0.6,,,,
2026-03-08 10:00:00,,precip,0.0,0.0,,0.3,,,,
2026-03-08 11:00:00,,precip,0.0,0.0,,0.2,,,,
2026-03-08 12:00:00,,precip,0.0,0.0,,0.1,,,,
2026-03-08 13:00:00,,precip,0.0,0.0,,0.1,,,,
2026-03-08 15:00:00,,precip,0.0,0.0,,0.1,,,,
2026-03-08 16:00:00,,precip,0.0,0.0,,0.2,,,,
2026-03-08 17:00:00,,precip,0.0,0.0,,0.1,,,,
2026-03-08 18:00:00,,precip,0.0,0.0,,0.1,,,,
2026-03-09 07:00:00,,precip,0.0,0.0,,0.1,,,,
2026-03-09 08:00:00,,precip,0.0,0.0,,0.1,,,,
2026-03-09 09:00:00,,precip,0.0,0.0,,0.1,,,,
2026-03-09 10:00:00,,precip,0.0,0.0,,0.1,,,,
2026-03-09 11:00:00,,precip,0.0,0.0,,0.4,,,,
2026-03-09 12:00:00,,precip,0.0,0.0,,0.8,,,,
2026-03-09 13:00:00,,precip,0.0,0.0,,0.1,,,,
2026-03-09 15:00:00,,precip,0.0,0.0,,0.1,,,,
2026-03-09 16:00:00,,precip,0.0,0.0,,0.2,,,,
2026-03-09 17:00:00,,precip,0.0,0.0,,0.3,,,,
2026-03-09 18:00:00,,precip,0.0,0.0,,0.1,,,,
2023-03-11 08:00:00,,precipprob,0.0,0.0,,,100.0,,,
2023-03-11 09:00:00,,precipprob,0.0,0.0,,,100.0,,,
2023-03-11 11:00:00,,precipprob,0.0,0.0,,,100.0,,,
2023-03-11 12:00:00,,precipprob,0.0,0.0,,,100.0,,,
2023-03-11 14:00:00,,precipprob,0.0,0.0,,,100.0,,,
2023-03-12 01:00:00,,precipprob,0.0,0.0,,,100.0,,,
2023-03-13 00:00:00,,precipprob,0.0,0.0,,,100.0,,,
2023-03-13 02:00:00,,precipprob,0.0,0.0,,,100.0,,,
2023-03-15 19:00:00,,precipprob,0.0,0.0,,,100.0,,,
2023-03-16 19:00:00,,precipprob,0.0,0.0,,,100.0,,,
2023-03-18 05:00:00,,precipprob,0.0,0.0,,,100.0,,,
2023-03-18 08:00:00,,precipprob,0.0,0.0,,,100.0,,,
2023-03-18 09:00:00,,precipprob,0.0,0.0,,,100.0,,,
2023-03-18 11:00:00,,precipprob,0.0,0.0,,,100.0,,,
2023-03-19 08:00:00,,precipprob,0.0,0.0,,,100.0,,,
2023-03-20 08:00:00,,precipprob,0.0,0.0,,,100.0,,,
2023-03-21 19:00:00,,precipprob,0.0,0.0,,,100.0,,,
2023-03-23 18:00:00,,precipprob,0.0,0.0,,,100.0,,,
2023-03-25 19:00:00,,precipprob,0.0,0.0,,,100.0,,,
2023-03-26 19:00:00,,precipprob,0.0,0.0,,,100.0,,,
2023-03-27 19:00:00,,precipprob,0.0,0.0,,,100.0,,,
2023-03-28 00:00:00,,precipprob,0.0,0.0,,,100.0,,,
2023-03-28 02:00:00,,precipprob,0.0,0.0,,,100.0,,,
2023-03-28 08:00:00,,precipprob,0.0,0.0,,,100.0,,,
2023-03-28 09:00:00,,precipprob,0.0,0.0,,,100.0,,,
2023-03-28 21:00:00,,precipprob,0.0,0.0,,,100.0,,,
2023-03-29 19:00:00,,precipprob,0.0,0.0,,,100.0,,,
2023-03-30 19:00:00,,precipprob,0.0,0.0,,,100.0,,,
2023-03-31 19:00:00,,precipprob,0.0,0.0,,,100.0,,,
2023-04-01 19:00:00,,precipprob,0.0,0.0,,,100.0,,,
2023-04-02 19:00:00,,precipprob,0.0,0.0,,,100.0,,,
2023-04-03 01:00:00,,precipprob,0.0,0.0,,,100.0,,,
2023-04-06 09:00:00,,precipprob,0.0,0.0,,,100.0,,,
2023-04-06 11:00:00,,precipprob,0.0,0.0,,,100.0,,,
2023-04-06 12:00:00,,precipprob,0.0,0.0,,,100.0,,,
2023-04-08 00:00:00,,precipprob,0.0,0.0,,,100.0,,,
2023-04-08 02:00:00,,precipprob,0.0,0.0,,,100.0,,,
2023-04-08 03:00:00,,precipprob,0.0,0.0,,,100.0,,,
2023-04-08 05:00:00,,precipprob,0.0,0.0,,,100.0,,,
2023-04-08 06:00:00,,precipprob,0.0,0.0,,,100.0,,,
2023-04-08 08:00:00,,precipprob,0.0,0.0,,,100.0,,,
2023-04-08 09:00:00,,precipprob,0.0,0.0,,,100.0,,,
2023-04-08 11:00:00,,precipprob,0.0,0.0,,,100.0,,,
2023-04-08 12:00:00,,precipprob,0.0,0.0,,,100.0,,,
2023-04-08 14:00:00,,precipprob,0.0,0.0,,,100.0,,,
2023-04-08 20:00:00,,precipprob,0.0,0.0,,,100.0,,,
2023-04-09 05:00:00,,precipprob,0.0,0.0,,,100.0,,,
2023-04-09 08:00:00,,precipprob,0.0,0.0,,,100.0,,,
2023-04-10 01:00:00,,precipprob,0.0,0.0,,,100.0,,,
2023-04-10 13:00:00,,precipprob,0.0,0.0,,,100.0,,,
2023-04-11 01:00:00,,precipprob,0.0,0.0,,,100.0,,,
2023-04-12 07:00:00,,precipprob,0.0,0.0,,,100.0,,,
2023-04-12 13:00:00,,precipprob,0.0,0.0,,,100.0,,,
2023-04-13 07:00:00,,precipprob,0.0,0.0,,,100.0,,,
2023-04-13 13:00:00,,precipprob,0.0,0.0,,,100.0,,,
2023-04-14 01:00:00,,precipprob,0.0,0.0,,,100.0,,,
2023-04-15 01:00:00,,precipprob,0.0,0.0,,,100.0,,,
2023-04-15 13:00:00,,precipprob,0.0,0.0,,,100.0,,,
2023-04-24 08:00:00,,precipprob,0.0,0.0,,,100.0,,,
2023-04-24 09:00:00,,precipprob,0.0,0.0,,,100.0,,,
2023-04-24 11:00:00,,precipprob,0.0,0.0,,,100.0,,,
2023-04-24 12:00:00,,precipprob,0.0,0.0,,,100.0,,,
2023-04-24 15:00:00,,precipprob,0.0,0.0,,,100.0,,,
2023-04-24 17:00:00,,precipprob,0.0,0.0,,,100.0,,,
2023-04-24 20:00:00,,precipprob,0.0,0.0,,,100.0,,,
2023-04-24 21:00:00,,precipprob,0.0,0.0,,,100.0,,,
2023-04-24 23:00:00,,precipprob,0.0,0.0,,,100.0,,,
2023-04-25 13:00:00,,precipprob,0.0,0.0,,,100.0,,,
2023-04-26 14:00:00,,precipprob,0.0,0.0,,,100.0,,,
2023-04-26 15:00:00,,precipprob,0.0,0.0,,,100.0,,,
2023-04-26 17:00:00,,precipprob,0.0,0.0,,,100.0,,,
2023-04-28 08:00:00,,precipprob,0.0,0.0,,,100.0,,,
2023-04-28 09:00:00,,precipprob,0.0,0.0,,,100.0,,,
2023-04-28 11:00:00,,precipprob,0.0,0.0,,,100.0,,,
2023-04-28 12:00:00,,precipprob,0.0,0.0,,,100.0,,,
2023-04-28 14:00:00,,precipprob,0.0,0.0,,,100.0,,,
2023-04-28 15:00:00,,precipprob,0.0,0.0,,,100.0,,,
2023-04-29 19:00:00,,precipprob,0.0,0.0,,,100.0,,,
2023-04-30 19:00:00,,precipprob,0.0,0.0,,,100.0,,,
2023-05-03 12:00:00,,precipprob,0.0,0.0,,,100.0,,,
2023-05-07 18:00:00,,precipprob,0.0,0.0,,,100.0,,,
2023-05-07 20:00:00,,precipprob,0.0,0.0,,,100.0,,,
2023-05-07 21:00:00,,precipprob,0.0,0.0,,,100.0,,,
2023-05-07 23:00:00,,precipprob,0.0,0.0,,,100.0,,,
2023-05-08 19:00:00,,precipprob,0.0,0.0,,,100.0,,,
2023-05-09 19:00:00,,precipprob,0.0,0.0,,,100.0,,,
2023-05-10 19:00:00,,precipprob,0.0,0.0,,,100.0,,,
2023-05-11 00:00:00,,precipprob,0.0,0.0,,,100.0,,,
2023-05-11 02:00:00,,precipprob,0.0,0.0,,,100.0,,,
2023-05-11 03:00:00,,precipprob,0.0,0.0,,,100.0,,,
2023-05-11 05:00:00,,precipprob,0.0,0.0,,,100.0,,,
2023-05-11 08:00:00,,precipprob,0.0,0.0,,,100.0,,,
2023-05-11 09:00:00,,precipprob,0.0,0.0,,,100.0,,,
2023-05-11 11:00:00,,precipprob,0.0,0.0,,,100.0,,,
2023-05-11 12:00:00,,precipprob,0.0,0.0,,,100.0,,,
2023-05-11 14:00:00,,precipprob,0.0,0.0,,,100.0,,,
2023-05-11 15:00:00,,precipprob,0.0,0.0,,,100.0,,,
2023-05-11 20:00:00,,precipprob,0.0,0.0,,,100.0,,,
2023-05-12 02:00:00,,precipprob,0.0,0.0,,,100.0,,,
2023-05-12 03:00:00,,precipprob,0.0,0.0,,,100.0,,,
2023-05-12 05:00:00,,precipprob,0.0,0.0,,,100.0,,,
2023-05-12 08:00:00,,precipprob,0.0,0.0,,,100.0,,,
2023-05-12 09:00:00,,precipprob,0.0,0.0,,,100.0,,,
2023-05-12 12:00:00,,precipprob,0.0,0.0,,,100.0,,,
2023-05-13 00:00:00,,precipprob,0.0,0.0,,,100.0,,,
2023-05-13 02:00:00,,precipprob,0.0,0.0,,,100.0,,,
2023-05-13 03:00:00,,precipprob,0.0,0.0,,,100.0,,,
2023-05-13 05:00:00,,precipprob,0.0,0.0,,,100.0,,,
2023-05-13 06:00:00,,precipprob,0.0,0.0,,,100.0,,,
2023-05-13 23:00:00,,precipprob,0.0,0.0,,,100.0,,,
2023-05-14 19:00:00,,precipprob,0.0,0.0,,,100.0,,,
2023-05-15 00:00:00,,precipprob,0.0,0.0,,,100.0,,,
2023-05-16 19:00:00,,precipprob,0.0,0.0,,,100.0,,,
2023-05-20 19:00:00,,precipprob,0.0,0.0,,,100.0,,,
2023-05-23 19:00:00,,precipprob,0.0,0.0,,,100.0,,,
2023-05-24 19:00:00,,precipprob,0.0,0.0,,,100.0,,,
2023-05-25 19:00:00,,precipprob,0.0,0.0,,,100.0,,,
2023-05-26 19:00:00,,precipprob,0.0,0.0,,,100.0,,,
2023-05-27 08:00:00,,precipprob,0.0,0.0,,,100.0,,,
2023-05-27 09:00:00,,precipprob,0.0,0.0,,,100.0,,,
2023-05-27 11:00:00,,precipprob,0.0,0.0,,,100.0,,,
2023-05-27 12:00:00,,precipprob,0.0,0.0,,,100.0,,,
2023-05-27 14:00:00,,precipprob,0.0,0.0,,,100.0,,,
2023-05-27 23:00:00,,precipprob,0.0,0.0,,,100.0,,,
2023-05-28 19:00:00,,precipprob,0.0,0.0,,,100.0,,,
2023-06-02 20:00:00,,precipprob,0.0,0.0,,,100.0,,,
2023-06-03 01:00:00,,precipprob,0.0,0.0,,,100.0,,,
2023-06-04 19:00:00,,precipprob,0.0,0.0,,,100.0,,,
2023-06-05 00:00:00,,precipprob,0.0,0.0,,,100.0,,,
2023-06-05 02:00:00,,precipprob,0.0,0.0,,,100.0,,,
2023-06-05 03:00:00,,precipprob,0.0,0.0,,,100.0,,,
2023-06-05 05:00:00,,precipprob,0.0,0.0,,,100.0,,,
2023-06-05 06:00:00,,precipprob,0.0,0.0,,,100.0,,,
2023-06-05 09:00:00,,precipprob,0.0,0.0,,,100.0,,,
2023-06-05 11:00:00,,precipprob,0.0,0.0,,,100.0,,,
2023-06-05 12:00:00,,precipprob,0.0,0.0,,,100.0,,,
2023-06-05 14:00:00,,precipprob,0.0,0.0,,,100.0,,,
2023-06-05 15:00:00,,precipprob,0.0,0.0,,,100.0,,,
2023-06-05 17:00:00,,precipprob,0.0,0.0,,,100.0,,,
2023-06-05 18:00:00,,precipprob,0.0,0.0,,,100.0,,,
2023-06-05 20:00:00,,precipprob,0.0,0.0,,,100.0,,,
2023-06-05 21:00:00,,precipprob,0.0,0.0,,,100.0,,,
2023-06-05 23:00:00,,precipprob,0.0,0.0,,,100.0,,,
2023-06-06 13:00:00,,precipprob,0.0,0.0,,,100.0,,,
2023-06-07 00:00:00,,precipprob,0.0,0.0,,,100.0,,,
2023-06-07 02:00:00,,precipprob,0.0,0.0,,,100.0,,,
2023-06-07 11:00:00,,precipprob,0.0,0.0,,,100.0,,,
2023-06-08 11:00:00,,precipprob,0.0,0.0,,,100.0,,,
2023-06-08 12:00:00,,precipprob,0.0,0.0,,,100.0,,,
2023-06-08 17:00:00,,precipprob,0.0,0.0,,,100.0,,,
2023-06-08 19:00:00,,precipprob,0.0,0.0,,,100.0,,,
2023-06-08 20:00:00,,precipprob,0.0,0.0,,,100.0,,,
2023-06-08 21:00:00,,precipprob,0.0,0.0,,,100.0,,,
2023-06-08 23:00:00,,precipprob,0.0,0.0,,,100.0,,,
2023-06-09 19:00:00,,precipprob,0.0,0.0,,,100.0,,,
2023-06-10 17:00:00,,precipprob,0.0,0.0,,,100.0,,,
2023-06-11 17:00:00,,precipprob,0.0,0.0,,,100.0,,,
2023-06-11 18:00:00,,precipprob,0.0,0.0,,,100.0,,,
2023-06-12 19:00:00,,precipprob,0.0,0.0,,,100.0,,,
2023-06-13 19:00:00,,precipprob,0.0,0.0,,,100.0,,,
2023-06-14 19:00:00,,precipprob,0.0,0.0,,,100.0,,,
2023-06-15 02:00:00,,precipprob,0.0,0.0,,,100.0,,,
2023-06-15 03:00:00,,precipprob,0.0,0.0,,,100.0,,,
2023-06-15 05:00:00,,precipprob,0.0,0.0,,,100.0,,,
2023-06-15 06:00:00,,precipprob,0.0,0.0,,,100.0,,,
2023-06-15 09:00:00,,precipprob,0.0,0.0,,,100.0,,,
2023-06-15 11:00:00,,precipprob,0.0,0.0,,,100.0,,,
2023-06-15 12:00:00,,precipprob,0.0,0.0,,,100.0,,,
2023-06-15 14:00:00,,precipprob,0.0,0.0,,,100.0,,,
2023-06-15 15:00:00,,precipprob,0.0,0.0,,,100.0,,,
2023-06-15 17:00:00,,precipprob,0.0,0.0,,,100.0,,,
2023-06-15 18:00:00,,precipprob,0.0,0.0,,,100.0,,,
2023-06-15 20:00:00,,precipprob,0.0,0.0,,,100.0,,,
2023-06-15 21:00:00,,precipprob,0.0,0.0,,,100.0,,,
2023-06-16 11:00:00,,precipprob,0.0,0.0,,,100.0,,,
2023-06-16 12:00:00,,precipprob,0.0,0.0,,,100.0,,,
2023-06-16 14:00:00,,precipprob,0.0,0.0,,,100.0,,,
2023-06-16 15:00:00,,precipprob,0.0,0.0,,,100.0,,,
2023-06-17 00:00:00,,precipprob,0.0,0.0,,,100.0,,,
2023-06-17 17:00:00,,precipprob,0.0,0.0,,,100.0,,,
2023-06-17 18:00:00,,precipprob,0.0,0.0,,,100.0,,,
2023-06-18 19:00:00,,precipprob,0.0,0.0,,,100.0,,,
2023-06-19 14:00:00,,precipprob,0.0,0.0,,,100.0,,,
2023-06-19 17:00:00,,precipprob,0.0,0.0,,,100.0,,,
2023-06-20 19:00:00,,precipprob,0.0,0.0,,,100.0,,,
2023-06-21 19:00:00,,precipprob,0.0,0.0,,,100.0,,,
2023-06-22 19:00:00,,precipprob,0.0,0.0,,,100.0,,,
2023-06-23 19:00:00,,precipprob,0.0,0.0,,,100.0,,,
2023-06-24 19:00:00,,precipprob,0.0,0.0,,,100.0,,,
2023-06-25 01:00:00,,precipprob,0.0,0.0,,,100.0,,,
2023-06-25 07:00:00,,precipprob,0.0,0.0,,,100.0,,,
2023-06-25 13:00:00,,precipprob,0.0,0.0,,,100.0,,,
2023-06-26 19:00:00,,precipprob,0.0,0.0,,,100.0,,,
2023-06-27 19:00:00,,precipprob,0.0,0.0,,,100.0,,,
2023-06-28 19:00:00,,precipprob,0.0,0.0,,,100.0,,,
2023-06-29 11:00:00,,precipprob,0.0,0.0,,,100.0,,,
2023-06-29 12:00:00,,precipprob,0.0,0.0,,,100.0,,,
2023-07-01 19:00:00,,precipprob,0.0,0.0,,,100.0,,,
2023-07-02 19:00:00,,precipprob,0.0,0.0,,,100.0,,,
2023-07-03 19:00:00,,precipprob,0.0,0.0,,,100.0,,,
2023-07-04 03:00:00,,precipprob,0.0,0.0,,,100.0,,,
2023-07-04 05:00:00,,precipprob,0.0,0.0,,,100.0,,,
2023-07-04 11:00:00,,precipprob,0.0,0.0,,,100.0,,,
2023-07-04 12:00:00,,precipprob,0.0,0.0,,,100.0,,,
2023-07-04 14:00:00,,precipprob,0.0,0.0,,,100.0,,,
2023-07-04 17:00:00,,precipprob,0.0,0.0,,,100.0,,,
2023-07-04 18:00:00,,precipprob,0.0,0.0,,,100.0,,,
2023-07-04 20:00:00,,precipprob,0.0,0.0,,,100.0,,,
2023-07-04 21:00:00,,precipprob,0.0,0.0,,,100.0,,,
2023-07-05 19:00:00,,precipprob,0.0,0.0,,,100.0,,,
2023-07-06 19:00:00,,precipprob,0.0,0.0,,,100.0,,,
2023-07-08 19:00:00,,precipprob,0.0,0.0,,,100.0,,,
2023-07-09 19:00:00,,precipprob,0.0,0.0,,,100.0,,,
2023-07-10 19:00:00,,precipprob,0.0,0.0,,,100.0,,,
2023-07-11 19:00:00,,precipprob,0.0,0.0,,,100.0,,,
2023-07-13 19:00:00,,precipprob,0.0,0.0,,,100.0,,,
2023-07-14 04:00:00,,precipprob,0.0,0.0,,,100.0,,,
2023-07-14 05:00:00,,precipprob,0.0,0.0,,,100.0,,,
2023-07-14 11:00:00,,precipprob,0.0,0.0,,,100.0,,,
2023-07-14 12:00:00,,precipprob,0.0,0.0,,,100.0,,,
2023-07-14 14:00:00,,precipprob,0.0,0.0,,,100.0,,,
2023-07-14 15:00:00,,precipprob,0.0,0.0,,,100.0,,,
2023-07-14 18:00:00,,precipprob,0.0,0.0,,,100.0,,,
2023-07-14 23:00:00,,precipprob,0.0,0.0,,,100.0,,,
2023-07-15 00:00:00,,precipprob,0.0,0.0,,,100.0,,,
2023-07-15 03:00:00,,precipprob,0.0,0.0,,,100.0,,,
2023-07-15 05:00:00,,precipprob,0.0,0.0,,,100.0,,,
2023-07-15 11:00:00,,precipprob,0.0,0.0,,,100.0,,,
2023-07-15 14:00:00,,precipprob,0.0,0.0,,,100.0,,,
2023-07-15 15:00:00,,precipprob,0.0,0.0,,,100.0,,,
2023-07-15 17:00:00,,precipprob,0.0,0.0,,,100.0,,,
2023-07-15 18:00:00,,precipprob,0.0,0.0,,,100.0,,,
2023-07-16 17:00:00,,precipprob,0.0,0.0,,,100.0,,,
2023-07-16 18:00:00,,precipprob,0.0,0.0,,,100.0,,,
2023-07-17 11:00:00,,precipprob,0.0,0.0,,,100.0,,,
2023-07-18 19:00:00,,precipprob,0.0,0.0,,,100.0,,,
2023-07-19 19:00:00,,precipprob,0.0,0.0,,,100.0,,,
2023-07-20 19:00:00,,precipprob,0.0,0.0,,,100.0,,,
2023-07-21 02:00:00,,precipprob,0.0,0.0,,,100.0,,,
2023-07-21 03:00:00,,precipprob,0.0,0.0,,,100.0,,,
2023-07-21 05:00:00,,precipprob,0.0,0.0,,,100.0,,,
2023-07-21 06:00:00,,precipprob,0.0,0.0,,,100.0,,,
2023-07-21 08:00:00,,precipprob,0.0,0.0,,,100.0,,,
2023-07-21 09:00:00,,precipprob,0.0,0.0,,,100.0,,,
2023-07-21 12:00:00,,precipprob,0.0,0.0,,,100.0,,,
2023-07-21 14:00:00,,precipprob,0.0,0.0,,,100.0,,,
2023-07-22 09:00:00,,precipprob,0.0,0.0,,,100.0,,,
2023-07-22 12:00:00,,precipprob,0.0,0.0,,,100.0,,,
2023-07-22 14:00:00,,precipprob,0.0,0.0,,,100.0,,,
2023-07-22 17:00:00,,precipprob,0.0,0.0,,,100.0,,,
2023-07-27 20:00:00,,precipprob,0.0,0.0,,,100.0,,,
2023-07-27 21:00:00,,precipprob,0.0,0.0,,,100.0,,,
2023-07-28 19:00:00,,precipprob,0.0,0.0,,,100.0,,,
2023-07-29 19:00:00,,precipprob,0.0,0.0,,,100.0,,,
2023-07-30 19:00:00,,precipprob,0.0,0.0,,,100.0,,,
2023-07-31 19:00:00,,precipprob,0.0,0.0,,,100.0,,,
2023-08-01 19:00:00,,precipprob,0.0,0.0,,,100.0,,,
2023-08-02 19:00:00,,precipprob,0.0,0.0,,,100.0,,,
2023-08-03 19:00:00,,precipprob,0.0,0.0,,,100.0,,,
2023-08-04 19:00:00,,precipprob,0.0,0.0,,,100.0,,,
2023-08-05 19:00:00,,precipprob,0.0,0.0,,,100.0,,,
2023-08-06 06:00:00,,precipprob,0.0,0.0,,,100.0,,,
2023-08-06 08:00:00,,precipprob,0.0,0.0,,,100.0,,,
2023-08-06 09:00:00,,precipprob,0.0,0.0,,,100.0,,,
2023-08-06 11:00:00,,precipprob,0.0,0.0,,,100.0,,,
2023-08-06 12:00:00,,precipprob,0.0,0.0,,,100.0,,,
2023-08-06 14:00:00,,precipprob,0.0,0.0,,,100.0,,,
2023-08-06 15:00:00,,precipprob,0.0,0.0,,,100.0,,,
2023-08-06 17:00:00,,precipprob,0.0,0.0,,,100.0,,,
2023-08-07 11:00:00,,precipprob,0.0,0.0,,,100.0,,,
2023-08-07 12:00:00,,precipprob,0.0,0.0,,,100.0,,,
2023-08-07 15:00:00,,precipprob,0.0,0.0,,,100.0,,,
2023-08-07 17:00:00,,precipprob,0.0,0.0,,,100.0,,,
2023-08-07 18:00:00,,precipprob,0.0,0.0,,,100.0,,,
2023-08-07 20:00:00,,precipprob,0.0,0.0,,,100.0,,,
2023-08-07 22:00:00,,precipprob,0.0,0.0,,,100.0,,,
2023-08-08 11:00:00,,precipprob,0.0,0.0,,,100.0,,,
2023-08-08 12:00:00,,precipprob,0.0,0.0,,,100.0,,,
2023-08-08 15:00:00,,precipprob,0.0,0.0,,,100.0,,,
2023-08-08 17:00:00,,precipprob,0.0,0.0,,,100.0,,,
2023-08-09 11:00:00,,precipprob,0.0,0.0,,,100.0,,,
2023-08-09 14:00:00,,precipprob,0.0,0.0,,,100.0,,,
2023-08-09 17:00:00,,precipprob,0.0,0.0,,,100.0,,,
2023-08-09 18:00:00,,precipprob,0.0,0.0,,,100.0,,,
2023-08-10 19:00:00,,precipprob,0.0,0.0,,,100.0,,,
2023-08-11 19:00:00,,precipprob,0.0,0.0,,,100.0,,,
2023-08-12 19:00:00,,precipprob,0.0,0.0,,,100.0,,,
2023-08-13 00:00:00,,precipprob,0.0,0.0,,,100.0,,,
2023-08-13 09:00:00,,precipprob,0.0,0.0,,,100.0,,,
2023-08-13 11:00:00,,precipprob,0.0,0.0,,,100.0,,,
2023-08-13 12:00:00,,precipprob,0.0,0.0,,,100.0,,,
2023-08-13 14:00:00,,precipprob,0.0,0.0,,,100.0,,,
2023-08-13 17:00:00,,precipprob,0.0,0.0,,,100.0,,,
2023-08-14 08:00:00,,precipprob,0.0,0.0,,,100.0,,,
2023-08-14 09:00:00,,precipprob,0.0,0.0,,,100.0,,,
2023-08-14 11:00:00,,precipprob,0.0,0.0,,,100.0,,,
2023-08-14 12:00:00,,precipprob,0.0,0.0,,,100.0,,,
2023-08-14 15:00:00,,precipprob,0.0,0.0,,,100.0,,,
2023-08-14 17:00:00,,precipprob,0.0,0.0,,,100.0,,,
2023-08-14 20:00:00,,precipprob,0.0,0.0,,,100.0,,,
2023-08-14 21:00:00,,precipprob,0.0,0.0,,,100.0,,,
2023-08-14 23:00:00,,precipprob,0.0,0.0,,,100.0,,,
2023-08-15 19:00:00,,precipprob,0.0,0.0,,,100.0,,,
2023-08-16 19:00:00,,precipprob,0.0,0.0,,,100.0,,,
2023-08-17 11:00:00,,precipprob,0.0,0.0,,,100.0,,,
2023-08-17 12:00:00,,precipprob,0.0,0.0,,,100.0,,,
2023-08-18 23:00:00,,precipprob,0.0,0.0,,,100.0,,,
2023-08-19 19:00:00,,precipprob,0.0,0.0,,,100.0,,,
2023-08-20 19:00:00,,precipprob,0.0,0.0,,,100.0,,,
2023-08-21 08:00:00,,precipprob,0.0,0.0,,,100.0,,,
2023-08-21 09:00:00,,precipprob,0.0,0.0,,,100.0,,,
2023-08-21 11:00:00,,precipprob,0.0,0.0,,,100.0,,,
2023-08-21 12:00:00,,precipprob,0.0,0.0,,,100.0,,,
2023-08-21 14:00:00,,precipprob,0.0,0.0,,,100.0,,,
2023-08-21 15:00:00,,precipprob,0.0,0.0,,,100.0,,,
2023-08-22 09:00:00,,precipprob,0.0,0.0,,,100.0,,,
2023-08-22 11:00:00,,precipprob,0.0,0.0,,,100.0,,,
2023-08-22 12:00:00,,precipprob,0.0,0.0,,,100.0,,,
2023-08-22 14:00:00,,precipprob,0.0,0.0,,,100.0,,,
2023-08-23 02:00:00,,precipprob,0.0,0.0,,,100.0,,,
2023-08-23 03:00:00,,precipprob,0.0,0.0,,,100.0,,,
2023-08-23 11:00:00,,precipprob,0.0,0.0,,,100.0,,,
2023-08-23 12:00:00,,precipprob,0.0,0.0,,,100.0,,,
2023-08-23 20:00:00,,precipprob,0.0,0.0,,,100.0,,,
2023-08-23 21:00:00,,precipprob,0.0,0.0,,,100.0,,,
2023-08-24 00:00:00,,precipprob,0.0,0.0,,,100.0,,,
2023-08-24 02:00:00,,precipprob,0.0,0.0,,,100.0,,,
2023-08-24 03:00:00,,precipprob,0.0,0.0,,,100.0,,,
2023-08-24 05:00:00,,precipprob,0.0,0.0,,,100.0,,,
2023-08-24 06:00:00,,precipprob,0.0,0.0,,,100.0,,,
2023-08-24 08:00:00,,precipprob,0.0,0.0,,,100.0,,,
2023-08-24 09:00:00,,precipprob,0.0,0.0,,,100.0,,,
2023-08-24 11:00:00,,precipprob,0.0,0.0,,,100.0,,,
2023-08-24 12:00:00,,precipprob,0.0,0.0,,,100.0,,,
2023-08-24 14:00:00,,precipprob,0.0,0.0,,,100.0,,,
2023-08-24 15:00:00,,precipprob,0.0,0.0,,,100.0,,,
2023-08-24 17:00:00,,precipprob,0.0,0.0,,,100.0,,,
2023-08-24 18:00:00,,precipprob,0.0,0.0,,,100.0,,,
2023-08-24 19:00:00,,precipprob,0.0,0.0,,,100.0,,,
2023-08-24 20:00:00,,precipprob,0.0,0.0,,,100.0,,,
2023-08-24 21:00:00,,precipprob,0.0,0.0,,,100.0,,,
2023-08-24 23:00:00,,precipprob,0.0,0.0,,,100.0,,,
2023-08-25 19:00:00,,precipprob,0.0,0.0,,,100.0,,,
2023-08-26 19:00:00,,precipprob,0.0,0.0,,,100.0,,,
2023-08-27 19:00:00,,precipprob,0.0,0.0,,,100.0,,,
2023-08-28 19:00:00,,precipprob,0.0,0.0,,,100.0,,,
2023-09-03 19:00:00,,precipprob,0.0,0.0,,,100.0,,,
2023-09-04 19:00:00,,precipprob,0.0,0.0,,,100.0,,,
2023-09-05 08:00:00,,precipprob,0.0,0.0,,,100.0,,,
2023-09-05 09:00:00,,precipprob,0.0,0.0,,,100.0,,,
2023-09-06 14:00:00,,precipprob,0.0,0.0,,,100.0,,,
2023-09-06 15:00:00,,precipprob,0.0,0.0,,,100.0,,,
2023-09-07 02:00:00,,precipprob,0.0,0.0,,,100.0,,,
2023-09-07 11:00:00,,precipprob,0.0,0.0,,,100.0,,,
2023-09-07 21:00:00,,precipprob,0.0,0.0,,,100.0,,,
2023-09-07 23:00:00,,precipprob,0.0,0.0,,,100.0,,,
2023-09-08 19:00:00,,precipprob,0.0,0.0,,,100.0,,,
2023-09-09 13:00:00,,precipprob,0.0,0.0,,,100.0,,,
2023-09-10 01:00:00,,precipprob,0.0,0.0,,,100.0,,,
2023-09-10 19:00:00,,precipprob,0.0,0.0,,,100.0,,,
2023-09-11 02:00:00,,precipprob,0.0,0.0,,,100.0,,,
2023-09-11 03:00:00,,precipprob,0.0,0.0,,,100.0,,,
2023-09-11 05:00:00,,precipprob,0.0,0.0,,,100.0,,,
2023-09-11 06:00:00,,precipprob,0.0,0.0,,,100.0,,,
2023-09-11 10:00:00,,precipprob,0.0,0.0,,,100.0,,,
2023-09-11 11:00:00,,precipprob,0.0,0.0,,,100.0,,,
2023-09-11 12:00:00,,precipprob,0.0,0.0,,,100.0,,,
2023-09-11 15:00:00,,precipprob,0.0,0.0,,,100.0,,,
2023-09-11 17:00:00,,precipprob,0.0,0.0,,,100.0,,,
2023-09-12 00:00:00,,precipprob,0.0,0.0,,,100.0,,,
2023-09-12 02:00:00,,precipprob,0.0,0.0,,,100.0,,,
2023-09-12 03:00:00,,precipprob,0.0,0.0,,,100.0,,,
2023-09-12 05:00:00,,precipprob,0.0,0.0,,,100.0,,,
2023-09-12 06:00:00,,precipprob,0.0,0.0,,,100.0,,,
2023-09-12 08:00:00,,precipprob,0.0,0.0,,,100.0,,,
2023-09-12 09:00:00,,precipprob,0.0,0.0,,,100.0,,,
2023-09-12 11:00:00,,precipprob,0.0,0.0,,,100.0,,,
2023-09-12 12:00:00,,precipprob,0.0,0.0,,,100.0,,,
2023-09-12 14:00:00,,precipprob,0.0,0.0,,,100.0,,,
2023-09-12 15:00:00,,precipprob,0.0,0.0,,,100.0,,,
2023-09-12 17:00:00,,precipprob,0.0,0.0,,,100.0,,,
2023-09-12 18:00:00,,precipprob,0.0,0.0,,,100.0,,,
2023-09-12 20:00:00,,precipprob,0.0,0.0,,,100.0,,,
2023-09-12 21:00:00,,precipprob,0.0,0.0,,,100.0,,,
2023-09-12 23:00:00,,precipprob,0.0,0.0,,,100.0,,,
2023-09-13 07:00:00,,precipprob,0.0,0.0,,,100.0,,,
2023-09-13 19:00:00,,precipprob,0.0,0.0,,,100.0,,,
2023-09-14 01:00:00,,precipprob,0.0,0.0,,,100.0,,,
2023-09-14 07:00:00,,precipprob,0.0,0.0,,,100.0,,,
2023-09-14 13:00:00,,precipprob,0.0,0.0,,,100.0,,,
2023-09-15 01:00:00,,precipprob,0.0,0.0,,,100.0,,,
2023-09-15 13:00:00,,precipprob,0.0,0.0,,,100.0,,,
2023-09-16 05:00:00,,precipprob,0.0,0.0,,,100.0,,,
2023-09-16 06:00:00,,precipprob,0.0,0.0,,,100.0,,,
2023-09-16 08:00:00,,precipprob,0.0,0.0,,,100.0,,,
2023-09-16 09:00:00,,precipprob,0.0,0.0,,,100.0,,,
2023-09-16 11:00:00,,precipprob,0.0,0.0,,,100.0,,,
2023-09-16 12:00:00,,precipprob,0.0,0.0,,,100.0,,,
2023-09-16 14:00:00,,precipprob,0.0,0.0,,,100.0,,,
2023-09-16 15:00:00,,precipprob,0.0,0.0,,,100.0,,,
2023-09-16 17:00:00,,precipprob,0.0,0.0,,,100.0,,,
2023-09-16 18:00:00,,precipprob,0.0,0.0,,,100.0,,,
2023-09-16 23:00:00,,precipprob,0.0,0.0,,,100.0,,,
2023-09-17 01:00:00,,precipprob,0.0,0.0,,,100.0,,,
2023-09-17 19:00:00,,precipprob,0.0,0.0,,,100.0,,,
2023-09-18 01:00:00,,precipprob,0.0,0.0,,,100.0,,,
2023-09-18 07:00:00,,precipprob,0.0,0.0,,,100.0,,,
2023-09-19 00:00:00,,precipprob,0.0,0.0,,,100.0,,,
2023-09-19 02:00:00,,precipprob,0.0,0.0,,,100.0,,,
2023-09-19 03:00:00,,precipprob,0.0,0.0,,,100.0,,,
2023-09-19 09:00:00,,precipprob,0.0,0.0,,,100.0,,,
2023-09-19 11:00:00,,precipprob,0.0,0.0,,,100.0,,,
2023-09-19 12:00:00,,precipprob,0.0,0.0,,,100.0,,,
2023-09-19 15:00:00,,precipprob,0.0,0.0,,,100.0,,,
2023-09-20 09:00:00,,precipprob,0.0,0.0,,,100.0,,,
2023-09-20 11:00:00,,precipprob,0.0,0.0,,,100.0,,,
2023-09-20 12:00:00,,precipprob,0.0,0.0,,,100.0,,,
2023-09-20 14:00:00,,precipprob,0.0,0.0,,,100.0,,,
2023-09-20 15:00:00,,precipprob,0.0,0.0,,,100.0,,,
2023-09-20 17:00:00,,precipprob,0.0,0.0,,,100.0,,,
2023-09-20 20:00:00,,precipprob,0.0,0.0,,,100.0,,,
2023-09-21 11:00:00,,precipprob,0.0,0.0,,,100.0,,,
2023-09-21 12:00:00,,precipprob,0.0,0.0,,,100.0,,,
2023-09-21 14:00:00,,precipprob,0.0,0.0,,,100.0,,,
2023-09-21 15:00:00,,precipprob,0.0,0.0,,,100.0,,,
2023-09-21 17:00:00,,precipprob,0.0,0.0,,,100.0,,,
2023-09-21 18:00:00,,precipprob,0.0,0.0,,,100.0,,,
2023-09-22 14:00:00,,precipprob,0.0,0.0,,,100.0,,,
2023-09-22 15:00:00,,precipprob,0.0,0.0,,,100.0,,,
2023-09-23 15:00:00,,precipprob,0.0,0.0,,,100.0,,,
2023-09-24 08:00:00,,precipprob,0.0,0.0,,,100.0,,,
2023-09-24 09:00:00,,precipprob,0.0,0.0,,,100.0,,,
2023-09-24 11:00:00,,precipprob,0.0,0.0,,,100.0,,,
2023-09-24 12:00:00,,precipprob,0.0,0.0,,,100.0,,,
2023-09-24 15:00:00,,precipprob,0.0,0.0,,,100.0,,,
2023-09-24 23:00:00,,precipprob,0.0,0.0,,,100.0,,,
2023-09-25 19:00:00,,precipprob,0.0,0.0,,,100.0,,,
2023-09-26 07:00:00,,precipprob,0.0,0.0,,,100.0,,,
2023-09-26 13:00:00,,precipprob,0.0,0.0,,,100.0,,,
2023-09-26 19:00:00,,precipprob,0.0,0.0,,,100.0,,,
2023-09-27 01:00:00,,precipprob,0.0,0.0,,,100.0,,,
2023-09-27 07:00:00,,precipprob,0.0,0.0,,,100.0,,,
2023-09-27 13:00:00,,precipprob,0.0,0.0,,,100.0,,,
2023-09-27 19:00:00,,precipprob,0.0,0.0,,,100.0,,,
2023-09-28 01:00:00,,precipprob,0.0,0.0,,,100.0,,,
2023-09-28 07:00:00,,precipprob,0.0,0.0,,,100.0,,,
2023-09-28 13:00:00,,precipprob,0.0,0.0,,,100.0,,,
2023-09-29 01:00:00,,precipprob,0.0,0.0,,,100.0,,,
2023-09-29 07:00:00,,precipprob,0.0,0.0,,,100.0,,,
2023-09-29 13:00:00,,precipprob,0.0,0.0,,,100.0,,,
2023-09-30 19:00:00,,precipprob,0.0,0.0,,,100.0,,,
2023-10-04 07:00:00,,precipprob,0.0,0.0,,,100.0,,,
2023-10-05 11:00:00,,precipprob,0.0,0.0,,,100.0,,,
2023-10-06 08:00:00,,precipprob,0.0,0.0,,,100.0,,,
2023-10-06 09:00:00,,precipprob,0.0,0.0,,,100.0,,,
2023-10-06 11:00:00,,precipprob,0.0,0.0,,,100.0,,,
2023-10-06 14:00:00,,precipprob,0.0,0.0,,,100.0,,,
2023-10-06 15:00:00,,precipprob,0.0,0.0,,,100.0,,,
2023-10-06 20:00:00,,precipprob,0.0,0.0,,,100.0,,,
2023-10-06 21:00:00,,precipprob,0.0,0.0,,,100.0,,,
2023-10-06 23:00:00,,precipprob,0.0,0.0,,,100.0,,,
2023-10-07 13:00:00,,precipprob,0.0,0.0,,,100.0,,,
2023-10-08 00:00:00,,precipprob,0.0,0.0,,,100.0,,,
2023-10-10 19:00:00,,precipprob,0.0,0.0,,,100.0,,,
2023-10-12 19:00:00,,precipprob,0.0,0.0,,,100.0,,,
2023-10-13 12:00:00,,precipprob,0.0,0.0,,,100.0,,,
2023-10-14 00:00:00,,precipprob,0.0,0.0,,,100.0,,,
2023-10-15 01:00:00,,precipprob,0.0,0.0,,,100.0,,,
2023-10-24 19:00:00,,precipprob,0.0,0.0,,,100.0,,,
2023-10-25 19:00:00,,precipprob,0.0,0.0,,,100.0,,,
2023-10-26 02:00:00,,precipprob,0.0,0.0,,,100.0,,,
2023-10-26 03:00:00,,precipprob,0.0,0.0,,,100.0,,,
2023-10-26 12:00:00,,precipprob,0.0,0.0,,,100.0,,,
2023-10-28 13:00:00,,precipprob,0.0,0.0,,,100.0,,,
2023-10-28 19:00:00,,precipprob,0.0,0.0,,,100.0,,,
2023-10-29 01:00:00,,precipprob,0.0,0.0,,,100.0,,,
2023-10-29 13:00:00,,precipprob,0.0,0.0,,,100.0,,,
2023-10-29 19:00:00,,precipprob,0.0,0.0,,,100.0,,,
2023-10-30 01:00:00,,precipprob,0.0,0.0,,,100.0,,,
2023-10-30 07:00:00,,precipprob,0.0,0.0,,,100.0,,,
2023-10-31 00:00:00,,precipprob,0.0,0.0,,,100.0,,,
2023-11-01 09:00:00,,precipprob,0.0,0.0,,,100.0,,,
2023-11-04 06:00:00,,precipprob,0.0,0.0,,,100.0,,,
2023-11-04 08:00:00,,precipprob,0.0,0.0,,,100.0,,,
2023-11-04 09:00:00,,precipprob,0.0,0.0,,,100.0,,,
2023-11-04 12:00:00,,precipprob,0.0,0.0,,,100.0,,,
2023-11-04 15:00:00,,precipprob,0.0,0.0,,,100.0,,,
2023-11-05 08:00:00,,precipprob,0.0,0.0,,,100.0,,,
2023-11-06 07:00:00,,precipprob,0.0,0.0,,,100.0,,,
2023-11-06 19:00:00,,precipprob,0.0,0.0,,,100.0,,,
2023-11-07 07:00:00,,precipprob,0.0,0.0,,,100.0,,,
2023-11-12 19:00:00,,precipprob,0.0,0.0,,,100.0,,,
2023-11-13 01:00:00,,precipprob,0.0,0.0,,,100.0,,,
2023-11-13 07:00:00,,precipprob,0.0,0.0,,,100.0,,,
2023-11-13 13:00:00,,precipprob,0.0,0.0,,,100.0,,,
2023-11-13 19:00:00,,precipprob,0.0,0.0,,,100.0,,,
2023-11-14 01:00:00,,precipprob,0.0,0.0,,,100.0,,,
2023-11-16 07:00:00,,precipprob,0.0,0.0,,,100.0,,,
2023-11-16 19:00:00,,precipprob,0.0,0.0,,,100.0,,,
2023-11-24 11:00:00,,precipprob,0.0,0.0,,,100.0,,,
2023-11-25 08:00:00,,precipprob,0.0,0.0,,,100.0,,,
2023-11-25 11:00:00,,precipprob,0.0,0.0,,,100.0,,,
2023-11-27 11:00:00,,precipprob,0.0,0.0,,,100.0,,,
2023-11-29 23:00:00,,precipprob,0.0,0.0,,,100.0,,,
2023-11-30 19:00:00,,precipprob,0.0,0.0,,,100.0,,,
2023-12-01 01:00:00,,precipprob,0.0,0.0,,,100.0,,,
2023-12-01 19:00:00,,precipprob,0.0,0.0,,,100.0,,,
2023-12-06 07:00:00,,precipprob,0.0,0.0,,,100.0,,,
2023-12-06 13:00:00,,precipprob,0.0,0.0,,,100.0,,,
2023-12-11 12:00:00,,precipprob,0.0,0.0,,,100.0,,,
2023-12-11 14:00:00,,precipprob,0.0,0.0,,,100.0,,,
2023-12-11 15:00:00,,precipprob,0.0,0.0,,,100.0,,,
2023-12-12 08:00:00,,precipprob,0.0,0.0,,,100.0,,,
2023-12-12 09:00:00,,precipprob,0.0,0.0,,,100.0,,,
2023-12-12 11:00:00,,precipprob,0.0,0.0,,,100.0,,,
2023-12-12 12:00:00,,precipprob,0.0,0.0,,,100.0,,,
2023-12-13 06:00:00,,precipprob,0.0,0.0,,,100.0,,,
2023-12-13 08:00:00,,precipprob,0.0,0.0,,,100.0,,,
2023-12-13 09:00:00,,precipprob,0.0,0.0,,,100.0,,,
2023-12-13 11:00:00,,precipprob,0.0,0.0,,,100.0,,,
2023-12-13 12:00:00,,precipprob,0.0,0.0,,,100.0,,,
2023-12-13 14:00:00,,precipprob,0.0,0.0,,,100.0,,,
2023-12-16 07:00:00,,precipprob,0.0,0.0,,,100.0,,,
2023-12-16 19:00:00,,precipprob,0.0,0.0,,,100.0,,,
2023-12-17 01:00:00,,precipprob,0.0,0.0,,,100.0,,,
2023-12-19 07:00:00,,precipprob,0.0,0.0,,,100.0,,,
2023-12-29 07:00:00,,precipprob,0.0,0.0,,,100.0,,,
2023-12-29 13:00:00,,precipprob,0.0,0.0,,,100.0,,,
2023-12-30 01:00:00,,precipprob,0.0,0.0,,,100.0,,,
2023-12-30 07:00:00,,precipprob,0.0,0.0,,,100.0,,,
2023-12-30 13:00:00,,precipprob,0.0,0.0,,,100.0,,,
2023-12-30 19:00:00,,precipprob,0.0,0.0,,,100.0,,,
2023-12-31 01:00:00,,precipprob,0.0,0.0,,,100.0,,,
2023-12-31 19:00:00,,precipprob,0.0,0.0,,,100.0,,,
2024-01-02 02:00:00,,precipprob,0.0,0.0,,,100.0,,,
2024-01-02 08:00:00,,precipprob,0.0,0.0,,,100.0,,,
2024-01-02 09:00:00,,precipprob,0.0,0.0,,,100.0,,,
2024-01-02 11:00:00,,precipprob,0.0,0.0,,,100.0,,,
2024-01-02 12:00:00,,precipprob,0.0,0.0,,,100.0,,,
2024-01-02 23:00:00,,precipprob,0.0,0.0,,,100.0,,,
2024-01-03 19:00:00,,precipprob,0.0,0.0,,,100.0,,,
2024-01-05 02:00:00,,precipprob,0.0,0.0,,,100.0,,,
2024-01-05 11:00:00,,precipprob,0.0,0.0,,,100.0,,,
2024-01-05 12:00:00,,precipprob,0.0,0.0,,,100.0,,,
2024-01-05 14:00:00,,precipprob,0.0,0.0,,,100.0,,,
2024-01-06 08:00:00,,precipprob,0.0,0.0,,,100.0,,,
2024-01-06 09:00:00,,precipprob,0.0,0.0,,,100.0,,,
2024-01-06 11:00:00,,precipprob,0.0,0.0,,,100.0,,,
2024-01-06 12:00:00,,precipprob,0.0,0.0,,,100.0,,,
2024-01-06 14:00:00,,precipprob,0.0,0.0,,,100.0,,,
2024-01-06 15:00:00,,precipprob,0.0,0.0,,,100.0,,,
2024-01-07 09:00:00,,precipprob,0.0,0.0,,,100.0,,,
2024-01-07 11:00:00,,precipprob,0.0,0.0,,,100.0,,,
2024-01-07 12:00:00,,precipprob,0.0,0.0,,,100.0,,,
2024-01-07 14:00:00,,precipprob,0.0,0.0,,,100.0,,,
2024-01-07 15:00:00,,precipprob,0.0,0.0,,,100.0,,,
2024-01-07 17:00:00,,precipprob,0.0,0.0,,,100.0,,,
2024-01-08 09:00:00,,precipprob,0.0,0.0,,,100.0,,,
2024-01-08 11:00:00,,precipprob,0.0,0.0,,,100.0,,,
2024-01-08 12:00:00,,precipprob,0.0,0.0,,,100.0,,,
2024-01-09 09:00:00,,precipprob,0.0,0.0,,,100.0,,,
2024-01-09 11:00:00,,precipprob,0.0,0.0,,,100.0,,,
2024-01-09 12:00:00,,precipprob,0.0,0.0,,,100.0,,,
2024-01-09 14:00:00,,precipprob,0.0,0.0,,,100.0,,,
2024-01-09 15:00:00,,precipprob,0.0,0.0,,,100.0,,,
2024-01-09 17:00:00,,precipprob,0.0,0.0,,,100.0,,,
2024-01-09 18:00:00,,precipprob,0.0,0.0,,,100.0,,,
2024-01-10 13:00:00,,precipprob,0.0,0.0,,,100.0,,,
2024-01-10 19:00:00,,precipprob,0.0,0.0,,,100.0,,,
2024-01-11 01:00:00,,precipprob,0.0,0.0,,,100.0,,,
2024-01-11 07:00:00,,precipprob,0.0,0.0,,,100.0,,,
2024-01-11 13:00:00,,precipprob,0.0,0.0,,,100.0,,,
2024-01-11 19:00:00,,precipprob,0.0,0.0,,,100.0,,,
2024-01-12 01:00:00,,precipprob,0.0,0.0,,,100.0,,,
2024-01-12 13:00:00,,precipprob,0.0,0.0,,,100.0,,,
2024-01-12 19:00:00,,precipprob,0.0,0.0,,,100.0,,,
2024-01-13 07:00:00,,precipprob,0.0,0.0,,,100.0,,,
2024-01-13 13:00:00,,precipprob,0.0,0.0,,,100.0,,,
2024-01-13 19:00:00,,precipprob,0.0,0.0,,,100.0,,,
2024-01-14 07:00:00,,precipprob,0.0,0.0,,,100.0,,,
2024-01-14 13:00:00,,precipprob,0.0,0.0,,,100.0,,,
2024-01-14 19:00:00,,precipprob,0.0,0.0,,,100.0,,,
2024-01-15 19:00:00,,precipprob,0.0,0.0,,,100.0,,,
2024-01-16 19:00:00,,precipprob,0.0,0.0,,,100.0,,,
2024-01-17 13:00:00,,precipprob,0.0,0.0,,,100.0,,,
2024-01-17 19:00:00,,precipprob,0.0,0.0,,,100.0,,,
2024-01-18 13:00:00,,precipprob,0.0,0.0,,,100.0,,,
2024-01-19 07:00:00,,precipprob,0.0,0.0,,,100.0,,,
2024-01-20 14:00:00,,precipprob,0.0,0.0,,,100.0,,,
2024-01-20 15:00:00,,precipprob,0.0,0.0,,,100.0,,,
2024-01-20 17:00:00,,precipprob,0.0,0.0,,,100.0,,,
2024-01-20 18:00:00,,precipprob,0.0,0.0,,,100.0,,,
2024-01-20 20:00:00,,precipprob,0.0,0.0,,,100.0,,,
2024-01-20 21:00:00,,precipprob,0.0,0.0,,,100.0,,,
2024-01-20 23:00:00,,precipprob,0.0,0.0,,,100.0,,,
2024-01-21 07:00:00,,precipprob,0.0,0.0,,,100.0,,,
2024-01-21 13:00:00,,precipprob,0.0,0.0,,,100.0,,,
2024-01-22 01:00:00,,precipprob,0.0,0.0,,,100.0,,,
2024-01-22 07:00:00,,precipprob,0.0,0.0,,,100.0,,,
2024-01-22 13:00:00,,precipprob,0.0,0.0,,,100.0,,,
2024-01-23 13:00:00,,precipprob,0.0,0.0,,,100.0,,,
2024-01-26 07:00:00,,precipprob,0.0,0.0,,,100.0,,,
2024-01-27 07:00:00,,precipprob,0.0,0.0,,,100.0,,,
2024-01-27 13:00:00,,precipprob,0.0,0.0,,,100.0,,,
2024-01-27 19:00:00,,precipprob,0.0,0.0,,,100.0,,,
2024-01-28 03:00:00,,precipprob,0.0,0.0,,,100.0,,,
2024-01-28 17:00:00,,precipprob,0.0,0.0,,,100.0,,,
2024-01-28 23:00:00,,precipprob,0.0,0.0,,,100.0,,,
2024-01-29 19:00:00,,precipprob,0.0,0.0,,,100.0,,,
2024-01-30 13:00:00,,precipprob,0.0,0.0,,,100.0,,,
2024-01-30 19:00:00,,precipprob,0.0,0.0,,,100.0,,,
2024-01-31 07:00:00,,precipprob,0.0,0.0,,,100.0,,,
2024-01-31 13:00:00,,precipprob,0.0,0.0,,,100.0,,,
2024-01-31 19:00:00,,precipprob,0.0,0.0,,,100.0,,,
2024-02-01 07:00:00,,precipprob,0.0,0.0,,,100.0,,,
2024-02-01 19:00:00,,precipprob,0.0,0.0,,,100.0,,,
2024-02-02 09:00:00,,precipprob,0.0,0.0,,,100.0,,,
2024-02-02 11:00:00,,precipprob,0.0,0.0,,,100.0,,,
2024-02-02 12:00:00,,precipprob,0.0,0.0,,,100.0,,,
2024-02-02 15:00:00,,precipprob,0.0,0.0,,,100.0,,,
2024-02-03 07:00:00,,precipprob,0.0,0.0,,,100.0,,,
2024-02-03 13:00:00,,precipprob,0.0,0.0,,,100.0,,,
2024-02-03 19:00:00,,precipprob,0.0,0.0,,,100.0,,,
2024-02-04 01:00:00,,precipprob,0.0,0.0,,,100.0,,,
2024-02-04 19:00:00,,precipprob,0.0,0.0,,,100.0,,,
2024-02-05 02:00:00,,precipprob,0.0,0.0,,,100.0,,,
2024-02-05 03:00:00,,precipprob,0.0,0.0,,,100.0,,,
2024-02-05 05:00:00,,precipprob,0.0,0.0,,,100.0,,,
2024-02-05 06:00:00,,precipprob,0.0,0.0,,,100.0,,,
2024-02-05 08:00:00,,precipprob,0.0,0.0,,,100.0,,,
2024-02-05 09:00:00,,precipprob,0.0,0.0,,,100.0,,,
2024-02-05 11:00:00,,precipprob,0.0,0.0,,,100.0,,,
2024-02-05 14:00:00,,precipprob,0.0,0.0,,,100.0,,,
2024-02-05 18:00:00,,precipprob,0.0,0.0,,,100.0,,,
2024-02-05 20:00:00,,precipprob,0.0,0.0,,,100.0,,,
2024-02-05 21:00:00,,precipprob,0.0,0.0,,,100.0,,,
2024-02-05 23:00:00,,precipprob,0.0,0.0,,,100.0,,,
2024-02-06 07:00:00,,precipprob,0.0,0.0,,,100.0,,,
2024-02-06 19:00:00,,precipprob,0.0,0.0,,,100.0,,,
2024-02-07 19:00:00,,precipprob,0.0,0.0,,,100.0,,,
2024-02-08 01:00:00,,precipprob,0.0,0.0,,,100.0,,,
2024-02-08 13:00:00,,precipprob,0.0,0.0,,,100.0,,,
2024-02-08 19:00:00,,precipprob,0.0,0.0,,,100.0,,,
2024-02-09 01:00:00,,precipprob,0.0,0.0,,,100.0,,,
2024-02-14 09:00:00,,precipprob,0.0,0.0,,,100.0,,,
2024-02-14 11:00:00,,precipprob,0.0,0.0,,,100.0,,,
2024-02-14 12:00:00,,precipprob,0.0,0.0,,,100.0,,,
2024-02-15 05:00:00,,precipprob,0.0,0.0,,,100.0,,,
2024-02-15 06:00:00,,precipprob,0.0,0.0,,,100.0,,,
2024-02-15 08:00:00,,precipprob,0.0,0.0,,,100.0,,,
2024-02-15 09:00:00,,precipprob,0.0,0.0,,,100.0,,,
2024-02-15 11:00:00,,precipprob,0.0,0.0,,,100.0,,,
2024-02-15 14:00:00,,precipprob,0.0,0.0,,,100.0,,,
2024-02-15 23:00:00,,precipprob,0.0,0.0,,,100.0,,,
2024-02-16 00:00:00,,precipprob,0.0,0.0,,,100.0,,,
2024-02-16 02:00:00,,precipprob,0.0,0.0,,,100.0,,,
2024-02-16 03:00:00,,precipprob,0.0,0.0,,,100.0,,,
2024-02-16 05:00:00,,precipprob,0.0,0.0,,,100.0,,,
2024-02-20 13:00:00,,precipprob,0.0,0.0,,,100.0,,,
2024-02-21 15:00:00,,precipprob,0.0,0.0,,,100.0,,,
2024-02-22 07:00:00,,precipprob,0.0,0.0,,,100.0,,,
2024-02-22 13:00:00,,precipprob,0.0,0.0,,,100.0,,,
2024-02-22 19:00:00,,precipprob,0.0,0.0,,,100.0,,,
2024-02-23 01:00:00,,precipprob,0.0,0.0,,,100.0,,,
2024-02-23 13:00:00,,precipprob,0.0,0.0,,,100.0,,,
2024-02-24 01:00:00,,precipprob,0.0,0.0,,,100.0,,,
2024-02-24 07:00:00,,precipprob,0.0,0.0,,,100.0,,,
2024-02-24 13:00:00,,precipprob,0.0,0.0,,,100.0,,,
2024-02-25 01:00:00,,precipprob,0.0,0.0,,,100.0,,,
2024-02-26 07:00:00,,precipprob,0.0,0.0,,,100.0,,,
2024-02-26 13:00:00,,precipprob,0.0,0.0,,,100.0,,,
2024-02-27 01:00:00,,precipprob,0.0,0.0,,,100.0,,,
2024-02-27 07:00:00,,precipprob,0.0,0.0,,,100.0,,,
2024-02-27 13:00:00,,precipprob,0.0,0.0,,,100.0,,,
2024-02-28 07:00:00,,precipprob,0.0,0.0,,,100.0,,,
2024-02-28 19:00:00,,precipprob,0.0,0.0,,,100.0,,,
2024-02-29 07:00:00,,precipprob,0.0,0.0,,,100.0,,,
2024-02-29 13:00:00,,precipprob,0.0,0.0,,,100.0,,,
2024-02-29 19:00:00,,precipprob,0.0,0.0,,,100.0,,,
2024-03-01 01:00:00,,precipprob,0.0,0.0,,,100.0,,,
2024-03-04 01:00:00,,precipprob,0.0,0.0,,,100.0,,,
2024-03-04 07:00:00,,precipprob,0.0,0.0,,,100.0,,,
2024-03-04 13:00:00,,precipprob,0.0,0.0,,,100.0,,,
2024-03-09 07:00:00,,precipprob,0.0,0.0,,,100.0,,,
2024-03-09 13:00:00,,precipprob,0.0,0.0,,,100.0,,,
2024-03-10 01:00:00,,precipprob,0.0,0.0,,,100.0,,,
2024-03-11 01:00:00,,precipprob,0.0,0.0,,,100.0,,,
2024-03-11 13:00:00,,precipprob,0.0,0.0,,,100.0,,,
2024-03-13 14:00:00,,precipprob,0.0,0.0,,,100.0,,,
2024-03-13 21:00:00,,precipprob,0.0,0.0,,,100.0,,,
2024-03-14 01:00:00,,precipprob,0.0,0.0,,,100.0,,,
2024-03-14 13:00:00,,precipprob,0.0,0.0,,,100.0,,,
2024-03-15 01:00:00,,precipprob,0.0,0.0,,,100.0,,,
2024-03-15 13:00:00,,precipprob,0.0,0.0,,,100.0,,,
2024-03-16 01:00:00,,precipprob,0.0,0.0,,,100.0,,,
2024-03-16 07:00:00,,precipprob,0.0,0.0,,,100.0,,,
2024-03-17 08:00:00,,precipprob,0.0,0.0,,,100.0,,,
2024-03-17 11:00:00,,precipprob,0.0,0.0,,,100.0,,,
2024-03-17 12:00:00,,precipprob,0.0,0.0,,,100.0,,,
2024-03-17 14:00:00,,precipprob,0.0,0.0,,,100.0,,,
2024-03-17 15:00:00,,precipprob,0.0,0.0,,,100.0,,,
2024-03-18 01:00:00,,precipprob,0.0,0.0,,,100.0,,,
2024-03-18 13:00:00,,precipprob,0.0,0.0,,,100.0,,,
2024-03-18 19:00:00,,precipprob,0.0,0.0,,,100.0,,,
2024-03-19 01:00:00,,precipprob,0.0,0.0,,,100.0,,,
2024-03-19 07:00:00,,precipprob,0.0,0.0,,,100.0,,,
2024-03-19 13:00:00,,precipprob,0.0,0.0,,,100.0,,,
2024-03-19 19:00:00,,precipprob,0.0,0.0,,,100.0,,,
2024-03-20 01:00:00,,precipprob,0.0,0.0,,,100.0,,,
2024-03-20 13:00:00,,precipprob,0.0,0.0,,,100.0,,,
2024-03-22 13:00:00,,precipprob,0.0,0.0,,,100.0,,,
2024-03-23 01:00:00,,precipprob,0.0,0.0,,,100.0,,,
2024-03-24 07:00:00,,precipprob,0.0,0.0,,,100.0,,,
2024-03-24 13:00:00,,precipprob,0.0,0.0,,,100.0,,,
2024-03-25 01:00:00,,precipprob,0.0,0.0,,,100.0,,,
2024-03-25 07:00:00,,precipprob,0.0,0.0,,,100.0,,,
2024-03-26 08:00:00,,precipprob,0.0,0.0,,,100.0,,,
2024-03-26 09:00:00,,precipprob,0.0,0.0,,,100.0,,,
2024-03-26 11:00:00,,precipprob,0.0,0.0,,,100.0,,,
2024-03-27 14:00:00,,precipprob,0.0,0.0,,,100.0,,,
2024-03-28 03:00:00,,precipprob,0.0,0.0,,,100.0,,,
2024-03-28 04:00:00,,precipprob,0.0,0.0,,,100.0,,,
2024-03-28 07:00:00,,precipprob,0.0,0.0,,,100.0,,,
2024-03-28 08:00:00,,precipprob,0.0,0.0,,,100.0,,,
2024-03-28 09:00:00,,precipprob,0.0,0.0,,,100.0,,,
2024-03-28 10:00:00,,precipprob,0.0,0.0,,,100.0,,,
2024-03-28 11:00:00,,precipprob,0.0,0.0,,,100.0,,,
2024-03-28 12:00:00,,precipprob,0.0,0.0,,,100.0,,,
2024-03-28 13:00:00,,precipprob,0.0,0.0,,,100.0,,,
2024-03-28 14:00:00,,precipprob,0.0,0.0,,,100.0,,,
2024-03-28 15:00:00,,precipprob,0.0,0.0,,,100.0,,,
2024-03-28 16:00:00,,precipprob,0.0,0.0,,,100.0,,,
2024-03-28 17:00:00,,precipprob,0.0,0.0,,,100.0,,,
2024-03-28 18:00:00,,precipprob,0.0,0.0,,,100.0,,,
2024-03-28 20:00:00,,precipprob,0.0,0.0,,,100.0,,,
2024-03-28 21:00:00,,precipprob,0.0,0.0,,,100.0,,,
2024-03-28 22:00:00,,precipprob,0.0,0.0,,,100.0,,,
2024-03-28 23:00:00,,precipprob,0.0,0.0,,,100.0,,,
2024-03-29 00:00:00,,precipprob,0.0,0.0,,,100.0,,,
2024-03-29 01:00:00,,precipprob,0.0,0.0,,,100.0,,,
2024-03-29 06:00:00,,precipprob,0.0,0.0,,,100.0,,,
2024-03-29 07:00:00,,precipprob,0.0,0.0,,,100.0,,,
2024-03-29 08:00:00,,precipprob,0.0,0.0,,,100.0,,,
2024-03-29 09:00:00,,precipprob,0.0,0.0,,,100.0,,,
2024-03-29 10:00:00,,precipprob,0.0,0.0,,,100.0,,,
2024-03-29 11:00:00,,precipprob,0.0,0.0,,,100.0,,,
2024-03-29 12:00:00,,precipprob,0.0,0.0,,,100.0,,,
2024-03-29 13:00:00,,precipprob,0.0,0.0,,,100.0,,,
2024-03-29 14:00:00,,precipprob,0.0,0.0,,,100.0,,,
2024-04-05 07:00:00,,precipprob,0.0,0.0,,,100.0,,,
2024-04-05 19:00:00,,precipprob,0.0,0.0,,,100.0,,,
2024-04-06 01:00:00,,precipprob,0.0,0.0,,,100.0,,,
2024-04-06 07:00:00,,precipprob,0.0,0.0,,,100.0,,,
2024-04-07 01:00:00,,precipprob,0.0,0.0,,,100.0,,,
2024-04-07 13:00:00,,precipprob,0.0,0.0,,,100.0,,,
2024-04-08 01:00:00,,precipprob,0.0,0.0,,,100.0,,,
2024-04-08 13:00:00,,precipprob,0.0,0.0,,,100.0,,,
2024-04-09 01:00:00,,precipprob,0.0,0.0,,,100.0,,,
2024-04-09 07:00:00,,precipprob,0.0,0.0,,,100.0,,,
2024-04-09 19:00:00,,precipprob,0.0,0.0,,,100.0,,,
2024-04-10 01:00:00,,precipprob,0.0,0.0,,,100.0,,,
2024-04-10 07:00:00,,precipprob,0.0,0.0,,,100.0,,,
2024-04-10 13:00:00,,precipprob,0.0,0.0,,,100.0,,,
2024-04-11 12:00:00,,precipprob,0.0,0.0,,,100.0,,,
2024-04-11 14:00:00,,precipprob,0.0,0.0,,,100.0,,,
2024-04-11 15:00:00,,precipprob,0.0,0.0,,,100.0,,,
2024-04-15 11:00:00,,precipprob,0.0,0.0,,,100.0,,,
2024-04-15 12:00:00,,precipprob,0.0,0.0,,,100.0,,,
2024-04-16 07:00:00,,precipprob,0.0,0.0,,,100.0,,,
2024-04-18 01:00:00,,precipprob,0.0,0.0,,,100.0,,,
2024-04-18 07:00:00,,precipprob,0.0,0.0,,,100.0,,,
2024-04-20 19:00:00,,precipprob,0.0,0.0,,,100.0,,,
2024-04-21 01:00:00,,precipprob,0.0,0.0,,,100.0,,,
2024-04-22 01:00:00,,precipprob,0.0,0.0,,,100.0,,,
2024-04-22 19:00:00,,precipprob,0.0,0.0,,,100.0,,,
2024-04-23 06:00:00,,precipprob,0.0,0.0,,,100.0,,,
2024-04-23 08:00:00,,precipprob,0.0,0.0,,,100.0,,,
2024-04-23 09:00:00,,precipprob,0.0,0.0,,,100.0,,,
2024-04-23 11:00:00,,precipprob,0.0,0.0,,,100.0,,,
2024-04-23 12:00:00,,precipprob,0.0,0.0,,,100.0,,,
2024-04-23 14:00:00,,precipprob,0.0,0.0,,,100.0,,,
2024-04-23 15:00:00,,precipprob,0.0,0.0,,,100.0,,,
2024-04-23 21:00:00,,precipprob,0.0,0.0,,,100.0,,,
2024-04-24 01:00:00,,precipprob,0.0,0.0,,,100.0,,,
2024-04-24 13:00:00,,precipprob,0.0,0.0,,,100.0,,,
2024-04-24 19:00:00,,precipprob,0.0,0.0,,,100.0,,,
2024-04-25 01:00:00,,precipprob,0.0,0.0,,,100.0,,,
2024-04-25 07:00:00,,precipprob,0.0,0.0,,,100.0,,,
2024-04-29 16:00:00,,precipprob,0.0,0.0,,,100.0,,,
2024-04-29 17:00:00,,precipprob,0.0,0.0,,,100.0,,,
2024-04-30 18:00:00,,precipprob,0.0,0.0,,,100.0,,,
2024-05-01 05:00:00,,precipprob,0.0,0.0,,,100.0,,,
2024-05-01 06:00:00,,precipprob,0.0,0.0,,,100.0,,,
2024-05-01 07:00:00,,precipprob,0.0,0.0,,,100.0,,,
2024-05-01 08:00:00,,precipprob,0.0,0.0,,,100.0,,,
2024-05-01 09:00:00,,precipprob,0.0,0.0,,,100.0,,,
2024-05-01 10:00:00,,precipprob,0.0,0.0,,,100.0,,,
2024-05-01 11:00:00,,precipprob,0.0,0.0,,,100.0,,,
2024-05-01 21:00:00,,precipprob,0.0,0.0,,,100.0,,,
2024-05-01 22:00:00,,precipprob,0.0,0.0,,,100.0,,,
2024-05-01 23:00:00,,precipprob,0.0,0.0,,,100.0,,,
2024-05-02 07:00:00,,precipprob,0.0,0.0,,,100.0,,,
2024-05-02 13:00:00,,precipprob,0.0,0.0,,,100.0,,,
2024-05-03 01:00:00,,precipprob,0.0,0.0,,,100.0,,,
2024-05-03 07:00:00,,precipprob,0.0,0.0,,,100.0,,,
2024-05-03 13:00:00,,precipprob,0.0,0.0,,,100.0,,,
2024-05-04 08:00:00,,precipprob,0.0,0.0,,,100.0,,,
2024-05-05 00:00:00,,precipprob,0.0,0.0,,,100.0,,,
2024-05-05 08:00:00,,precipprob,0.0,0.0,,,100.0,,,
2024-05-05 09:00:00,,precipprob,0.0,0.0,,,100.0,,,
2024-05-05 11:00:00,,precipprob,0.0,0.0,,,100.0,,,
2024-05-05 12:00:00,,precipprob,0.0,0.0,,,100.0,,,
2024-05-05 14:00:00,,precipprob,0.0,0.0,,,100.0,,,
2024-05-05 15:00:00,,precipprob,0.0,0.0,,,100.0,,,
2024-05-05 20:00:00,,precipprob,0.0,0.0,,,100.0,,,
2024-05-06 13:00:00,,precipprob,0.0,0.0,,,100.0,,,
2024-05-07 19:00:00,,precipprob,0.0,0.0,,,100.0,,,
2024-05-08 13:00:00,,precipprob,0.0,0.0,,,100.0,,,
2024-05-09 07:00:00,,precipprob,0.0,0.0,,,100.0,,,
2024-05-09 13:00:00,,precipprob,0.0,0.0,,,100.0,,,
2024-05-10 01:00:00,,precipprob,0.0,0.0,,,100.0,,,
2024-05-10 07:00:00,,precipprob,0.0,0.0,,,100.0,,,
2024-05-11 11:00:00,,precipprob,0.0,0.0,,,100.0,,,
2024-05-11 12:00:00,,precipprob,0.0,0.0,,,100.0,,,
2024-05-11 17:00:00,,precipprob,0.0,0.0,,,100.0,,,
2024-05-12 19:00:00,,precipprob,0.0,0.0,,,100.0,,,
2024-05-13 01:00:00,,precipprob,0.0,0.0,,,100.0,,,
2024-05-13 07:00:00,,precipprob,0.0,0.0,,,100.0,,,
2024-05-13 13:00:00,,precipprob,0.0,0.0,,,100.0,,,
2024-05-13 19:00:00,,precipprob,0.0,0.0,,,100.0,,,
2024-05-14 11:00:00,,precipprob,0.0,0.0,,,100.0,,,
2024-05-15 19:00:00,,precipprob,0.0,0.0,,,100.0,,,
2024-05-16 01:00:00,,precipprob,0.0,0.0,,,100.0,,,
2024-05-17 09:00:00,,precipprob,0.0,0.0,,,100.0,,,
2024-05-17 11:00:00,,precipprob,0.0,0.0,,,100.0,,,
2024-05-17 12:00:00,,precipprob,0.0,0.0,,,100.0,,,
2024-05-17 14:00:00,,precipprob,0.0,0.0,,,100.0,,,
2024-05-17 15:00:00,,precipprob,0.0,0.0,,,100.0,,,
2024-05-18 08:00:00,,precipprob,0.0,0.0,,,100.0,,,
2024-05-18 09:00:00,,precipprob,0.0,0.0,,,100.0,,,
2024-05-18 11:00:00,,precipprob,0.0,0.0,,,100.0,,,
2024-05-18 12:00:00,,precipprob,0.0,0.0,,,100.0,,,
2024-05-18 14:00:00,,precipprob,0.0,0.0,,,100.0,,,
2024-05-18 15:00:00,,precipprob,0.0,0.0,,,100.0,,,
2024-05-18 17:00:00,,precipprob,0.0,0.0,,,100.0,,,
2024-05-18 18:00:00,,precipprob,0.0,0.0,,,100.0,,,
2024-05-18 21:00:00,,precipprob,0.0,0.0,,,100.0,,,
2024-05-18 23:00:00,,precipprob,0.0,0.0,,,100.0,,,
2024-05-19 13:00:00,,precipprob,0.0,0.0,,,100.0,,,
2024-05-19 19:00:00,,precipprob,0.0,0.0,,,100.0,,,
2024-05-20 01:00:00,,precipprob,0.0,0.0,,,100.0,,,
2024-05-20 07:00:00,,precipprob,0.0,0.0,,,100.0,,,
2024-05-21 11:00:00,,precipprob,0.0,0.0,,,100.0,,,
2024-05-21 14:00:00,,precipprob,0.0,0.0,,,100.0,,,
2024-05-21 20:00:00,,precipprob,0.0,0.0,,,100.0,,,
2024-05-22 01:00:00,,precipprob,0.0,0.0,,,100.0,,,
2024-05-23 01:00:00,,precipprob,0.0,0.0,,,100.0,,,
2024-05-23 07:00:00,,precipprob,0.0,0.0,,,100.0,,,
2024-05-24 11:00:00,,precipprob,0.0,0.0,,,100.0,,,
2024-05-24 12:00:00,,precipprob,0.0,0.0,,,100.0,,,
2024-05-24 15:00:00,,precipprob,0.0,0.0,,,100.0,,,
2024-05-24 17:00:00,,precipprob,0.0,0.0,,,100.0,,,
2024-05-25 13:00:00,,precipprob,0.0,0.0,,,100.0,,,
2024-05-25 19:00:00,,precipprob,0.0,0.0,,,100.0,,,
2024-05-26 07:00:00,,precipprob,0.0,0.0,,,100.0,,,
2024-05-26 19:00:00,,precipprob,0.0,0.0,,,100.0,,,
2024-05-27 19:00:00,,precipprob,0.0,0.0,,,100.0,,,
2024-05-28 11:00:00,,precipprob,0.0,0.0,,,100.0,,,
2024-05-28 12:00:00,,precipprob,0.0,0.0,,,100.0,,,
2024-05-30 19:00:00,,precipprob,0.0,0.0,,,100.0,,,
2024-05-31 01:00:00,,precipprob,0.0,0.0,,,100.0,,,
2024-05-31 07:00:00,,precipprob,0.0,0.0,,,100.0,,,
2024-05-31 13:00:00,,precipprob,0.0,0.0,,,100.0,,,
2024-06-01 05:00:00,,precipprob,0.0,0.0,,,100.0,,,
2024-06-02 02:00:00,,precipprob,0.0,0.0,,,100.0,,,
2024-06-02 03:00:00,,precipprob,0.0,0.0,,,100.0,,,
2024-06-02 05:00:00,,precipprob,0.0,0.0,,,100.0,,,
2024-06-02 11:00:00,,precipprob,0.0,0.0,,,100.0,,,
2024-06-02 12:00:00,,precipprob,0.0,0.0,,,100.0,,,
2024-06-02 15:00:00,,precipprob,0.0,0.0,,,100.0,,,
2024-06-03 19:00:00,,precipprob,0.0,0.0,,,100.0,,,
2024-06-04 07:00:00,,precipprob,0.0,0.0,,,100.0,,,
2024-06-04 19:00:00,,precipprob,0.0,0.0,,,100.0,,,
2024-06-05 01:00:00,,precipprob,0.0,0.0,,,100.0,,,
2024-06-05 07:00:00,,precipprob,0.0,0.0,,,100.0,,,
2024-06-05 13:00:00,,precipprob,0.0,0.0,,,100.0,,,
2024-06-06 01:00:00,,precipprob,0.0,0.0,,,100.0,,,
2024-06-06 07:00:00,,precipprob,0.0,0.0,,,100.0,,,
2024-06-06 13:00:00,,precipprob,0.0,0.0,,,100.0,,,
2024-06-07 05:00:00,,precipprob,0.0,0.0,,,100.0,,,
2024-06-07 06:00:00,,precipprob,0.0,0.0,,,100.0,,,
2024-06-07 08:00:00,,precipprob,0.0,0.0,,,100.0,,,
2024-06-07 09:00:00,,precipprob,0.0,0.0,,,100.0,,,
2024-06-07 14:00:00,,precipprob,0.0,0.0,,,100.0,,,
2024-06-07 15:00:00,,precipprob,0.0,0.0,,,100.0,,,
2024-06-07 17:00:00,,precipprob,0.0,0.0,,,100.0,,,
2024-06-07 18:00:00,,precipprob,0.0,0.0,,,100.0,,,
2024-06-07 20:00:00,,precipprob,0.0,0.0,,,100.0,,,
2024-06-07 21:00:00,,precipprob,0.0,0.0,,,100.0,,,
2024-06-08 01:00:00,,precipprob,0.0,0.0,,,100.0,,,
2024-06-08 19:00:00,,precipprob,0.0,0.0,,,100.0,,,
2024-06-09 01:00:00,,precipprob,0.0,0.0,,,100.0,,,
2024-06-09 07:00:00,,precipprob,0.0,0.0,,,100.0,,,
2024-06-09 13:00:00,,precipprob,0.0,0.0,,,100.0,,,
2024-06-10 01:00:00,,precipprob,0.0,0.0,,,100.0,,,
2024-06-10 07:00:00,,precipprob,0.0,0.0,,,100.0,,,
2024-06-10 13:00:00,,precipprob,0.0,0.0,,,100.0,,,
2024-06-10 19:00:00,,precipprob,0.0,0.0,,,100.0,,,
2024-06-11 01:00:00,,precipprob,0.0,0.0,,,100.0,,,
2024-06-11 19:00:00,,precipprob,0.0,0.0,,,100.0,,,
2024-06-12 01:00:00,,precipprob,0.0,0.0,,,100.0,,,
2024-06-15 08:00:00,,precipprob,0.0,0.0,,,100.0,,,
2024-06-15 09:00:00,,precipprob,0.0,0.0,,,100.0,,,
2024-06-16 19:00:00,,precipprob,0.0,0.0,,,100.0,,,
2024-06-17 01:00:00,,precipprob,0.0,0.0,,,100.0,,,
2024-06-18 01:00:00,,precipprob,0.0,0.0,,,100.0,,,
2024-06-19 15:00:00,,precipprob,0.0,0.0,,,100.0,,,
2024-06-20 01:00:00,,precipprob,0.0,0.0,,,100.0,,,
2024-06-21 07:00:00,,precipprob,0.0,0.0,,,100.0,,,
2024-06-21 19:00:00,,precipprob,0.0,0.0,,,100.0,,,
2024-06-22 05:00:00,,precipprob,0.0,0.0,,,100.0,,,
2024-06-22 06:00:00,,precipprob,0.0,0.0,,,100.0,,,
2024-06-22 09:00:00,,precipprob,0.0,0.0,,,100.0,,,
2024-06-22 14:00:00,,precipprob,0.0,0.0,,,100.0,,,
2024-06-22 15:00:00,,precipprob,0.0,0.0,,,100.0,,,
2024-06-22 17:00:00,,precipprob,0.0,0.0,,,100.0,,,
2024-06-22 18:00:00,,precipprob,0.0,0.0,,,100.0,,,
2024-06-22 21:00:00,,precipprob,0.0,0.0,,,100.0,,,
2024-06-22 23:00:00,,precipprob,0.0,0.0,,,100.0,,,
2024-06-23 13:00:00,,precipprob,0.0,0.0,,,100.0,,,
2024-06-23 19:00:00,,precipprob,0.0,0.0,,,100.0,,,
2024-06-24 01:00:00,,precipprob,0.0,0.0,,,100.0,,,
2024-06-24 07:00:00,,precipprob,0.0,0.0,,,100.0,,,
2024-06-24 13:00:00,,precipprob,0.0,0.0,,,100.0,,,
2024-06-25 01:00:00,,precipprob,0.0,0.0,,,100.0,,,
2024-06-25 07:00:00,,precipprob,0.0,0.0,,,100.0,,,
2024-06-25 19:00:00,,precipprob,0.0,0.0,,,100.0,,,
2024-06-26 07:00:00,,precipprob,0.0,0.0,,,100.0,,,
2024-06-26 13:00:00,,precipprob,0.0,0.0,,,100.0,,,
2024-06-27 01:00:00,,precipprob,0.0,0.0,,,100.0,,,
2024-06-27 07:00:00,,precipprob,0.0,0.0,,,100.0,,,
2024-06-27 13:00:00,,precipprob,0.0,0.0,,,100.0,,,
2024-06-28 01:00:00,,precipprob,0.0,0.0,,,100.0,,,
2024-06-29 19:00:00,,precipprob,0.0,0.0,,,100.0,,,
2024-06-30 19:00:00,,precipprob,0.0,0.0,,,100.0,,,
2024-07-02 14:00:00,,precipprob,0.0,0.0,,,100.0,,,
2024-07-02 15:00:00,,precipprob,0.0,0.0,,,100.0,,,
2024-07-02 17:00:00,,precipprob,0.0,0.0,,,100.0,,,
2024-07-02 21:00:00,,precipprob,0.0,0.0,,,100.0,,,
2024-07-02 23:00:00,,precipprob,0.0,0.0,,,100.0,,,
2024-07-03 01:00:00,,precipprob,0.0,0.0,,,100.0,,,
2024-07-03 19:00:00,,precipprob,0.0,0.0,,,100.0,,,
2024-07-04 13:00:00,,precipprob,0.0,0.0,,,100.0,,,
2024-07-04 19:00:00,,precipprob,0.0,0.0,,,100.0,,,
2024-07-05 01:00:00,,precipprob,0.0,0.0,,,100.0,,,
2024-07-05 07:00:00,,precipprob,0.0,0.0,,,100.0,,,
2024-07-05 13:00:00,,precipprob,0.0,0.0,,,100.0,,,
2024-07-06 07:00:00,,precipprob,0.0,0.0,,,100.0,,,
2024-07-06 13:00:00,,precipprob,0.0,0.0,,,100.0,,,
2024-07-06 19:00:00,,precipprob,0.0,0.0,,,100.0,,,
2024-07-08 19:00:00,,precipprob,0.0,0.0,,,100.0,,,
2024-07-09 19:00:00,,precipprob,0.0,0.0,,,100.0,,,
2024-07-10 19:00:00,,precipprob,0.0,0.0,,,100.0,,,
2024-07-11 19:00:00,,precipprob,0.0,0.0,,,100.0,,,
2024-07-12 07:00:00,,precipprob,0.0,0.0,,,100.0,,,
2024-07-12 19:00:00,,precipprob,0.0,0.0,,,100.0,,,
2024-07-13 07:00:00,,precipprob,0.0,0.0,,,100.0,,,
2024-07-13 19:00:00,,precipprob,0.0,0.0,,,100.0,,,
2024-07-14 13:00:00,,precipprob,0.0,0.0,,,100.0,,,
2024-07-14 19:00:00,,precipprob,0.0,0.0,,,100.0,,,
2024-07-15 01:00:00,,precipprob,0.0,0.0,,,100.0,,,
2024-07-15 13:00:00,,precipprob,0.0,0.0,,,100.0,,,
2024-07-15 19:00:00,,precipprob,0.0,0.0,,,100.0,,,
2024-07-16 07:00:00,,precipprob,0.0,0.0,,,100.0,,,
2024-07-16 13:00:00,,precipprob,0.0,0.0,,,100.0,,,
2024-07-16 19:00:00,,precipprob,0.0,0.0,,,100.0,,,
2024-07-17 01:00:00,,precipprob,0.0,0.0,,,100.0,,,
2024-07-17 07:00:00,,precipprob,0.0,0.0,,,100.0,,,
2024-07-17 13:00:00,,precipprob,0.0,0.0,,,100.0,,,
2024-07-17 19:00:00,,precipprob,0.0,0.0,,,100.0,,,
2024-07-18 01:00:00,,precipprob,0.0,0.0,,,100.0,,,
2024-07-18 07:00:00,,precipprob,0.0,0.0,,,100.0,,,
2024-07-18 13:00:00,,precipprob,0.0,0.0,,,100.0,,,
2024-07-18 19:00:00,,precipprob,0.0,0.0,,,100.0,,,
2024-07-19 01:00:00,,precipprob,0.0,0.0,,,100.0,,,
2024-07-19 13:00:00,,precipprob,0.0,0.0,,,100.0,,,
2024-07-19 19:00:00,,precipprob,0.0,0.0,,,100.0,,,
2024-07-20 07:00:00,,precipprob,0.0,0.0,,,100.0,,,
2024-07-20 13:00:00,,precipprob,0.0,0.0,,,100.0,,,
2024-07-20 19:00:00,,precipprob,0.0,0.0,,,100.0,,,
2024-07-21 19:00:00,,precipprob,0.0,0.0,,,100.0,,,
2024-07-22 19:00:00,,precipprob,0.0,0.0,,,100.0,,,
2024-07-22 22:00:00,,precipprob,0.0,0.0,,,100.0,,,
2024-07-23 04:00:00,,precipprob,0.0,0.0,,,100.0,,,
2024-07-23 07:00:00,,precipprob,0.0,0.0,,,100.0,,,
2024-07-23 10:00:00,,precipprob,0.0,0.0,,,100.0,,,
2024-07-23 19:00:00,,precipprob,0.0,0.0,,,100.0,,,
2024-07-24 01:00:00,,precipprob,0.0,0.0,,,100.0,,,
2024-07-24 07:00:00,,precipprob,0.0,0.0,,,100.0,,,
2024-07-24 13:00:00,,precipprob,0.0,0.0,,,100.0,,,
2024-07-24 19:00:00,,precipprob,0.0,0.0,,,100.0,,,
2024-07-25 01:00:00,,precipprob,0.0,0.0,,,100.0,,,
2024-07-25 13:00:00,,precipprob,0.0,0.0,,,100.0,,,
2024-07-25 19:00:00,,precipprob,0.0,0.0,,,100.0,,,
2024-07-28 19:00:00,,precipprob,0.0,0.0,,,100.0,,,
2024-07-29 07:00:00,,precipprob,0.0,0.0,,,100.0,,,
2024-07-29 13:00:00,,precipprob,0.0,0.0,,,100.0,,,
2024-07-29 19:00:00,,precipprob,0.0,0.0,,,100.0,,,
2024-07-30 01:00:00,,precipprob,0.0,0.0,,,100.0,,,
2024-07-30 07:00:00,,precipprob,0.0,0.0,,,100.0,,,
2024-07-30 13:00:00,,precipprob,0.0,0.0,,,100.0,,,
2024-07-31 01:00:00,,precipprob,0.0,0.0,,,100.0,,,
2024-07-31 13:00:00,,precipprob,0.0,0.0,,,100.0,,,
2024-07-31 19:00:00,,precipprob,0.0,0.0,,,100.0,,,
2024-08-01 19:00:00,,precipprob,0.0,0.0,,,100.0,,,
2024-08-02 07:00:00,,precipprob,0.0,0.0,,,100.0,,,
2024-08-02 13:00:00,,precipprob,0.0,0.0,,,100.0,,,
2024-08-02 19:00:00,,precipprob,0.0,0.0,,,100.0,,,
2024-08-03 07:00:00,,precipprob,0.0,0.0,,,100.0,,,
2024-08-04 11:00:00,,precipprob,0.0,0.0,,,100.0,,,
2024-08-04 14:00:00,,precipprob,0.0,0.0,,,100.0,,,
2024-08-04 15:00:00,,precipprob,0.0,0.0,,,100.0,,,
2024-08-04 17:00:00,,precipprob,0.0,0.0,,,100.0,,,
2024-08-05 05:00:00,,precipprob,0.0,0.0,,,100.0,,,
2024-08-05 06:00:00,,precipprob,0.0,0.0,,,100.0,,,
2024-08-05 17:00:00,,precipprob,0.0,0.0,,,100.0,,,
2024-08-06 03:00:00,,precipprob,0.0,0.0,,,100.0,,,
2024-08-06 05:00:00,,precipprob,0.0,0.0,,,100.0,,,
2024-08-06 08:00:00,,precipprob,0.0,0.0,,,100.0,,,
2024-08-06 09:00:00,,precipprob,0.0,0.0,,,100.0,,,
2024-08-06 11:00:00,,precipprob,0.0,0.0,,,100.0,,,
2024-08-06 12:00:00,,precipprob,0.0,0.0,,,100.0,,,
2024-08-06 17:00:00,,precipprob,0.0,0.0,,,100.0,,,
2024-08-07 11:00:00,,precipprob,0.0,0.0,,,100.0,,,
2024-08-07 12:00:00,,precipprob,0.0,0.0,,,100.0,,,
2024-08-07 14:00:00,,precipprob,0.0,0.0,,,100.0,,,
2024-08-07 17:00:00,,precipprob,0.0,0.0,,,100.0,,,
2024-08-07 20:00:00,,precipprob,0.0,0.0,,,100.0,,,
2024-08-08 11:00:00,,precipprob,0.0,0.0,,,100.0,,,
2024-08-10 18:00:00,,precipprob,0.0,0.0,,,100.0,,,
2024-08-10 19:00:00,,precipprob,0.0,0.0,,,100.0,,,
2024-08-10 21:00:00,,precipprob,0.0,0.0,,,100.0,,,
2024-08-10 22:00:00,,precipprob,0.0,0.0,,,100.0,,,
2024-08-11 06:00:00,,precipprob,0.0,0.0,,,100.0,,,
2024-08-11 16:00:00,,precipprob,0.0,0.0,,,100.0,,,
2024-08-11 18:00:00,,precipprob,0.0,0.0,,,100.0,,,
2024-08-12 19:00:00,,precipprob,0.0,0.0,,,100.0,,,
2024-08-13 19:00:00,,precipprob,0.0,0.0,,,100.0,,,
2024-08-14 07:00:00,,precipprob,0.0,0.0,,,100.0,,,
2024-08-14 19:00:00,,precipprob,0.0,0.0,,,100.0,,,
2024-08-15 01:00:00,,precipprob,0.0,0.0,,,100.0,,,
2024-08-15 07:00:00,,precipprob,0.0,0.0,,,100.0,,,
2024-08-15 19:00:00,,precipprob,0.0,0.0,,,100.0,,,
2024-08-16 09:00:00,,precipprob,0.0,0.0,,,100.0,,,
2024-08-16 11:00:00,,precipprob,0.0,0.0,,,100.0,,,
2024-08-16 12:00:00,,precipprob,0.0,0.0,,,100.0,,,
2024-08-16 17:00:00,,precipprob,0.0,0.0,,,100.0,,,
2024-08-16 20:00:00,,precipprob,0.0,0.0,,,100.0,,,
2024-08-16 21:00:00,,precipprob,0.0,0.0,,,100.0,,,
2024-08-17 19:00:00,,precipprob,0.0,0.0,,,100.0,,,
2024-08-18 03:00:00,,precipprob,0.0,0.0,,,100.0,,,
2024-08-18 05:00:00,,precipprob,0.0,0.0,,,100.0,,,
2024-08-18 08:00:00,,precipprob,0.0,0.0,,,100.0,,,
2024-08-18 09:00:00,,precipprob,0.0,0.0,,,100.0,,,
2024-08-18 11:00:00,,precipprob,0.0,0.0,,,100.0,,,
2024-08-18 12:00:00,,precipprob,0.0,0.0,,,100.0,,,
2024-08-18 14:00:00,,precipprob,0.0,0.0,,,100.0,,,
2024-08-18 15:00:00,,precipprob,0.0,0.0,,,100.0,,,
2024-08-18 17:00:00,,precipprob,0.0,0.0,,,100.0,,,
2024-08-18 18:00:00,,precipprob,0.0,0.0,,,100.0,,,
2024-08-19 13:00:00,,precipprob,0.0,0.0,,,100.0,,,
2024-08-20 01:00:00,,precipprob,0.0,0.0,,,100.0,,,
2024-08-20 19:00:00,,precipprob,0.0,0.0,,,100.0,,,
2024-08-21 19:00:00,,precipprob,0.0,0.0,,,100.0,,,
2024-08-22 00:00:00,,precipprob,0.0,0.0,,,100.0,,,
2024-08-22 09:00:00,,precipprob,0.0,0.0,,,100.0,,,
2024-08-22 11:00:00,,precipprob,0.0,0.0,,,100.0,,,
2024-08-22 12:00:00,,precipprob,0.0,0.0,,,100.0,,,
2024-08-22 14:00:00,,precipprob,0.0,0.0,,,100.0,,,
2024-08-22 15:00:00,,precipprob,0.0,0.0,,,100.0,,,
2024-08-22 17:00:00,,precipprob,0.0,0.0,,,100.0,,,
2024-08-22 18:00:00,,precipprob,0.0,0.0,,,100.0,,,
2024-08-23 07:00:00,,precipprob,0.0,0.0,,,100.0,,,
2024-08-23 13:00:00,,precipprob,0.0,0.0,,,100.0,,,
2024-08-23 19:00:00,,precipprob,0.0,0.0,,,100.0,,,
2024-08-24 01:00:00,,precipprob,0.0,0.0,,,100.0,,,
2024-08-24 13:00:00,,precipprob,0.0,0.0,,,100.0,,,
2024-08-24 19:00:00,,precipprob,0.0,0.0,,,100.0,,,
2024-08-25 01:00:00,,precipprob,0.0,0.0,,,100.0,,,
2024-08-25 07:00:00,,precipprob,0.0,0.0,,,100.0,,,
2024-08-26 19:00:00,,precipprob,0.0,0.0,,,100.0,,,
2024-08-27 01:00:00,,precipprob,0.0,0.0,,,100.0,,,
2024-08-30 07:00:00,,precipprob,0.0,0.0,,,100.0,,,
2024-08-30 13:00:00,,precipprob,0.0,0.0,,,100.0,,,
2024-08-31 19:00:00,,precipprob,0.0,0.0,,,100.0,,,
2024-09-01 01:00:00,,precipprob,0.0,0.0,,,100.0,,,
2024-09-01 07:00:00,,precipprob,0.0,0.0,,,100.0,,,
2024-09-01 13:00:00,,precipprob,0.0,0.0,,,100.0,,,
2024-09-02 07:00:00,,precipprob,0.0,0.0,,,100.0,,,
2024-09-02 13:00:00,,precipprob,0.0,0.0,,,100.0,,,
2024-09-02 19:00:00,,precipprob,0.0,0.0,,,100.0,,,
2024-09-03 07:00:00,,precipprob,0.0,0.0,,,100.0,,,
2024-09-03 13:00:00,,precipprob,0.0,0.0,,,100.0,,,
2024-09-05 23:00:00,,precipprob,0.0,0.0,,,100.0,,,
2024-09-06 07:00:00,,precipprob,0.0,0.0,,,100.0,,,
2024-09-06 13:00:00,,precipprob,0.0,0.0,,,100.0,,,
2024-09-06 16:00:00,,precipprob,0.0,0.0,,,100.0,,,
2024-09-06 19:00:00,,precipprob,0.0,0.0,,,100.0,,,
2024-09-06 22:00:00,,precipprob,0.0,0.0,,,100.0,,,
2024-09-07 04:00:00,,precipprob,0.0,0.0,,,100.0,,,
2024-09-07 07:00:00,,precipprob,0.0,0.0,,,100.0,,,
2024-09-07 10:00:00,,precipprob,0.0,0.0,,,100.0,,,
2024-09-07 13:00:00,,precipprob,0.0,0.0,,,100.0,,,
2024-09-07 16:00:00,,precipprob,0.0,0.0,,,100.0,,,
2024-09-07 19:00:00,,precipprob,0.0,0.0,,,100.0,,,
2024-09-07 22:00:00,,precipprob,0.0,0.0,,,100.0,,,
2024-09-08 01:00:00,,precipprob,0.0,0.0,,,100.0,,,
2024-09-08 04:00:00,,precipprob,0.0,0.0,,,100.0,,,
2024-09-08 13:00:00,,precipprob,0.0,0.0,,,100.0,,,
2024-09-08 19:00:00,,precipprob,0.0,0.0,,,100.0,,,
2024-09-09 19:00:00,,precipprob,0.0,0.0,,,100.0,,,
2024-09-10 01:00:00,,precipprob,0.0,0.0,,,100.0,,,
2024-09-10 07:00:00,,precipprob,0.0,0.0,,,100.0,,,
2024-09-10 13:00:00,,precipprob,0.0,0.0,,,100.0,,,
2024-09-10 19:00:00,,precipprob,0.0,0.0,,,100.0,,,
2024-09-11 01:00:00,,precipprob,0.0,0.0,,,100.0,,,
2024-09-11 07:00:00,,precipprob,0.0,0.0,,,100.0,,,
2024-09-11 13:00:00,,precipprob,0.0,0.0,,,100.0,,,
2024-09-11 19:00:00,,precipprob,0.0,0.0,,,100.0,,,
2024-09-12 01:00:00,,precipprob,0.0,0.0,,,100.0,,,
2024-09-12 07:00:00,,precipprob,0.0,0.0,,,100.0,,,
2024-09-12 13:00:00,,precipprob,0.0,0.0,,,100.0,,,
2024-09-12 19:00:00,,precipprob,0.0,0.0,,,100.0,,,
2024-09-13 01:00:00,,precipprob,0.0,0.0,,,100.0,,,
2024-09-14 19:00:00,,precipprob,0.0,0.0,,,100.0,,,
2024-09-15 11:00:00,,precipprob,0.0,0.0,,,100.0,,,
2024-09-15 12:00:00,,precipprob,0.0,0.0,,,100.0,,,
2024-09-15 18:00:00,,precipprob,0.0,0.0,,,100.0,,,
2024-09-15 20:00:00,,precipprob,0.0,0.0,,,100.0,,,
2024-09-15 21:00:00,,precipprob,0.0,0.0,,,100.0,,,
2024-09-15 23:00:00,,precipprob,0.0,0.0,,,100.0,,,
2024-09-16 01:00:00,,precipprob,0.0,0.0,,,100.0,,,
2024-09-16 19:00:00,,precipprob,0.0,0.0,,,100.0,,,
2024-09-17 01:00:00,,precipprob,0.0,0.0,,,100.0,,,
2024-09-17 07:00:00,,precipprob,0.0,0.0,,,100.0,,,
2024-09-17 13:00:00,,precipprob,0.0,0.0,,,100.0,,,
2024-09-17 19:00:00,,precipprob,0.0,0.0,,,100.0,,,
2024-09-18 01:00:00,,precipprob,0.0,0.0,,,100.0,,,
2024-09-18 13:00:00,,precipprob,0.0,0.0,,,100.0,,,
2024-09-18 19:00:00,,precipprob,0.0,0.0,,,100.0,,,
2024-09-19 01:00:00,,precipprob,0.0,0.0,,,100.0,,,
2024-09-19 19:00:00,,precipprob,0.0,0.0,,,100.0,,,
2024-09-20 01:00:00,,precipprob,0.0,0.0,,,100.0,,,
2024-09-20 19:00:00,,precipprob,0.0,0.0,,,100.0,,,
2024-09-21 13:00:00,,precipprob,0.0,0.0,,,100.0,,,
2024-09-21 19:00:00,,precipprob,0.0,0.0,,,100.0,,,
2024-09-22 01:00:00,,precipprob,0.0,0.0,,,100.0,,,
2024-09-22 07:00:00,,precipprob,0.0,0.0,,,100.0,,,
2024-09-22 13:00:00,,precipprob,0.0,0.0,,,100.0,,,
2024-09-22 19:00:00,,precipprob,0.0,0.0,,,100.0,,,
2024-09-23 01:00:00,,precipprob,0.0,0.0,,,100.0,,,
2024-09-23 07:00:00,,precipprob,0.0,0.0,,,100.0,,,
2024-09-23 13:00:00,,precipprob,0.0,0.0,,,100.0,,,
2024-09-23 19:00:00,,precipprob,0.0,0.0,,,100.0,,,
2024-09-25 05:00:00,,precipprob,0.0,0.0,,,100.0,,,
2024-09-29 19:00:00,,precipprob,0.0,0.0,,,100.0,,,
2024-09-30 01:00:00,,precipprob,0.0,0.0,,,100.0,,,
2024-09-30 13:00:00,,precipprob,0.0,0.0,,,100.0,,,
2024-09-30 19:00:00,,precipprob,0.0,0.0,,,100.0,,,
2024-10-01 07:00:00,,precipprob,0.0,0.0,,,100.0,,,
2024-10-01 13:00:00,,precipprob,0.0,0.0,,,100.0,,,
2024-10-01 19:00:00,,precipprob,0.0,0.0,,,100.0,,,
2024-10-02 19:00:00,,precipprob,0.0,0.0,,,100.0,,,
2024-10-12 08:00:00,,precipprob,0.0,0.0,,,100.0,,,
2024-10-12 09:00:00,,precipprob,0.0,0.0,,,100.0,,,
2024-10-12 11:00:00,,precipprob,0.0,0.0,,,100.0,,,
2024-10-12 12:00:00,,precipprob,0.0,0.0,,,100.0,,,
2024-10-13 12:00:00,,precipprob,0.0,0.0,,,100.0,,,
2024-10-13 17:00:00,,precipprob,0.0,0.0,,,100.0,,,
2024-10-15 13:00:00,,precipprob,0.0,0.0,,,100.0,,,
2024-10-15 19:00:00,,precipprob,0.0,0.0,,,100.0,,,
2024-10-16 19:00:00,,precipprob,0.0,0.0,,,100.0,,,
2024-10-17 03:00:00,,precipprob,0.0,0.0,,,100.0,,,
2024-10-17 06:00:00,,precipprob,0.0,0.0,,,100.0,,,
2024-10-17 08:00:00,,precipprob,0.0,0.0,,,100.0,,,
2024-10-17 09:00:00,,precipprob,0.0,0.0,,,100.0,,,
2024-10-17 11:00:00,,precipprob,0.0,0.0,,,100.0,,,
2024-10-17 12:00:00,,precipprob,0.0,0.0,,,100.0,,,
2024-10-17 14:00:00,,precipprob,0.0,0.0,,,100.0,,,
2024-10-17 15:00:00,,precipprob,0.0,0.0,,,100.0,,,
2024-10-18 09:00:00,,precipprob,0.0,0.0,,,100.0,,,
2024-10-18 11:00:00,,precipprob,0.0,0.0,,,100.0,,,
2024-10-18 12:00:00,,precipprob,0.0,0.0,,,100.0,,,
2024-10-18 14:00:00,,precipprob,0.0,0.0,,,100.0,,,
2024-10-19 13:00:00,,precipprob,0.0,0.0,,,100.0,,,
2024-10-19 19:00:00,,precipprob,0.0,0.0,,,100.0,,,
2024-10-20 00:00:00,,precipprob,0.0,0.0,,,100.0,,,
2024-10-20 02:00:00,,precipprob,0.0,0.0,,,100.0,,,
2024-10-20 03:00:00,,precipprob,0.0,0.0,,,100.0,,,
2024-10-20 05:00:00,,precipprob,0.0,0.0,,,100.0,,,
2024-10-20 08:00:00,,precipprob,0.0,0.0,,,100.0,,,
2024-10-20 09:00:00,,precipprob,0.0,0.0,,,100.0,,,
2024-10-20 11:00:00,,precipprob,0.0,0.0,,,100.0,,,
2024-10-20 12:00:00,,precipprob,0.0,0.0,,,100.0,,,
2024-10-20 14:00:00,,precipprob,0.0,0.0,,,100.0,,,
2024-10-21 19:00:00,,precipprob,0.0,0.0,,,100.0,,,
2024-10-22 11:00:00,,precipprob,0.0,0.0,,,100.0,,,
2024-10-22 12:00:00,,precipprob,0.0,0.0,,,100.0,,,
2024-10-22 20:00:00,,precipprob,0.0,0.0,,,100.0,,,
2024-10-22 21:00:00,,precipprob,0.0,0.0,,,100.0,,,
2024-10-22 23:00:00,,precipprob,0.0,0.0,,,100.0,,,
2024-10-23 13:00:00,,precipprob,0.0,0.0,,,100.0,,,
2024-10-27 19:00:00,,precipprob,0.0,0.0,,,100.0,,,
2024-10-28 13:00:00,,precipprob,0.0,0.0,,,100.0,,,
2024-10-28 19:00:00,,precipprob,0.0,0.0,,,100.0,,,
2024-10-29 19:00:00,,precipprob,0.0,0.0,,,100.0,,,
2024-10-30 07:00:00,,precipprob,0.0,0.0,,,100.0,,,
2024-11-04 19:00:00,,precipprob,0.0,0.0,,,100.0,,,
2024-11-05 07:00:00,,precipprob,0.0,0.0,,,100.0,,,
2024-11-05 13:00:00,,precipprob,0.0,0.0,,,100.0,,,
2024-11-05 19:00:00,,precipprob,0.0,0.0,,,100.0,,,
2024-11-16 08:00:00,,precipprob,0.0,0.0,,,100.0,,,
2024-11-16 11:00:00,,precipprob,0.0,0.0,,,100.0,,,
2024-11-16 12:00:00,,precipprob,0.0,0.0,,,100.0,,,
2024-11-18 05:00:00,,precipprob,0.0,0.0,,,100.0,,,
2024-11-18 06:00:00,,precipprob,0.0,0.0,,,100.0,,,
2024-11-18 07:00:00,,precipprob,0.0,0.0,,,100.0,,,
2024-11-18 08:00:00,,precipprob,0.0,0.0,,,100.0,,,
2024-11-18 09:00:00,,precipprob,0.0,0.0,,,100.0,,,
2024-11-18 10:00:00,,precipprob,0.0,0.0,,,100.0,,,
2024-11-18 11:00:00,,precipprob,0.0,0.0,,,100.0,,,
2024-11-18 15:00:00,,precipprob,0.0,0.0,,,100.0,,,
2024-11-18 16:00:00,,precipprob,0.0,0.0,,,100.0,,,
2024-11-18 17:00:00,,precipprob,0.0,0.0,,,100.0,,,
2024-11-18 18:00:00,,precipprob,0.0,0.0,,,100.0,,,
2024-11-18 19:00:00,,precipprob,0.0,0.0,,,100.0,,,
2024-11-24 19:00:00,,precipprob,0.0,0.0,,,100.0,,,
2024-11-25 11:00:00,,precipprob,0.0,0.0,,,100.0,,,
2024-11-25 12:00:00,,precipprob,0.0,0.0,,,100.0,,,
2024-11-25 23:00:00,,precipprob,0.0,0.0,,,100.0,,,
2024-11-26 00:00:00,,precipprob,0.0,0.0,,,100.0,,,
2024-11-26 05:00:00,,precipprob,0.0,0.0,,,100.0,,,
2024-11-26 06:00:00,,precipprob,0.0,0.0,,,100.0,,,
2024-12-02 11:00:00,,precipprob,0.0,0.0,,,100.0,,,
2024-12-02 12:00:00,,precipprob,0.0,0.0,,,100.0,,,
2024-12-03 09:00:00,,precipprob,0.0,0.0,,,100.0,,,
2024-12-03 11:00:00,,precipprob,0.0,0.0,,,100.0,,,
2024-12-03 12:00:00,,precipprob,0.0,0.0,,,100.0,,,
2024-12-03 14:00:00,,precipprob,0.0,0.0,,,100.0,,,
2024-12-03 15:00:00,,precipprob,0.0,0.0,,,100.0,,,
2024-12-04 05:00:00,,precipprob,0.0,0.0,,,100.0,,,
2024-12-04 08:00:00,,precipprob,0.0,0.0,,,100.0,,,
2024-12-04 09:00:00,,precipprob,0.0,0.0,,,100.0,,,
2024-12-04 11:00:00,,precipprob,0.0,0.0,,,100.0,,,
2024-12-04 12:00:00,,precipprob,0.0,0.0,,,100.0,,,
2024-12-06 19:00:00,,precipprob,0.0,0.0,,,100.0,,,
2024-12-07 13:00:00,,precipprob,0.0,0.0,,,100.0,,,
2024-12-08 00:00:00,,precipprob,0.0,0.0,,,100.0,,,
2024-12-08 02:00:00,,precipprob,0.0,0.0,,,100.0,,,
2024-12-08 03:00:00,,precipprob,0.0,0.0,,,100.0,,,
2024-12-08 05:00:00,,precipprob,0.0,0.0,,,100.0,,,
2024-12-10 08:00:00,,precipprob,0.0,0.0,,,100.0,,,
2024-12-10 09:00:00,,precipprob,0.0,0.0,,,100.0,,,
2024-12-10 14:00:00,,precipprob,0.0,0.0,,,100.0,,,
2024-12-11 13:00:00,,precipprob,0.0,0.0,,,100.0,,,
2024-12-11 19:00:00,,precipprob,0.0,0.0,,,100.0,,,
2024-12-12 00:00:00,,precipprob,0.0,0.0,,,100.0,,,
2024-12-12 02:00:00,,precipprob,0.0,0.0,,,100.0,,,
2024-12-12 03:00:00,,precipprob,0.0,0.0,,,100.0,,,
2024-12-12 18:00:00,,precipprob,0.0,0.0,,,100.0,,,
2024-12-13 20:00:00,,precipprob,0.0,0.0,,,100.0,,,
2024-12-15 07:00:00,,precipprob,0.0,0.0,,,100.0,,,
2024-12-15 19:00:00,,precipprob,0.0,0.0,,,100.0,,,
2024-12-16 01:00:00,,precipprob,0.0,0.0,,,100.0,,,
2024-12-27 07:00:00,,precipprob,0.0,0.0,,,100.0,,,
2024-12-28 01:00:00,,precipprob,0.0,0.0,,,100.0,,,
2025-01-08 09:00:00,,precipprob,0.0,0.0,,,100.0,,,
2025-01-08 11:00:00,,precipprob,0.0,0.0,,,100.0,,,
2025-01-08 12:00:00,,precipprob,0.0,0.0,,,100.0,,,
2025-01-08 14:00:00,,precipprob,0.0,0.0,,,100.0,,,
2025-01-08 15:00:00,,precipprob,0.0,0.0,,,100.0,,,
2025-01-15 02:00:00,,precipprob,0.0,0.0,,,100.0,,,
2025-01-22 12:00:00,,precipprob,0.0,0.0,,,100.0,,,
2025-01-22 14:00:00,,precipprob,0.0,0.0,,,100.0,,,
2025-01-22 18:00:00,,precipprob,0.0,0.0,,,100.0,,,
2025-01-24 19:00:00,,precipprob,0.0,0.0,,,100.0,,,
2025-01-25 19:00:00,,precipprob,0.0,0.0,,,100.0,,,
2025-01-26 19:00:00,,precipprob,0.0,0.0,,,100.0,,,
2025-01-31 11:00:00,,precipprob,0.0,0.0,,,100.0,,,
2025-02-01 07:00:00,,precipprob,0.0,0.0,,,100.0,,,
2025-02-01 13:00:00,,precipprob,0.0,0.0,,,100.0,,,
2025-02-02 05:00:00,,precipprob,0.0,0.0,,,100.0,,,
2025-02-02 08:00:00,,precipprob,0.0,0.0,,,100.0,,,
2025-02-02 09:00:00,,precipprob,0.0,0.0,,,100.0,,,
2025-02-02 15:00:00,,precipprob,0.0,0.0,,,100.0,,,
2025-02-02 20:00:00,,precipprob,0.0,0.0,,,100.0,,,
2025-02-02 21:00:00,,precipprob,0.0,0.0,,,100.0,,,
2025-02-03 02:00:00,,precipprob,0.0,0.0,,,100.0,,,
2025-02-03 03:00:00,,precipprob,0.0,0.0,,,100.0,,,
2025-02-03 05:00:00,,precipprob,0.0,0.0,,,100.0,,,
2025-02-03 06:00:00,,precipprob,0.0,0.0,,,100.0,,,
2025-02-03 08:00:00,,precipprob,0.0,0.0,,,100.0,,,
2025-02-03 09:00:00,,precipprob,0.0,0.0,,,100.0,,,
2025-02-03 11:00:00,,precipprob,0.0,0.0,,,100.0,,,
2025-02-03 12:00:00,,precipprob,0.0,0.0,,,100.0,,,
2025-02-06 19:00:00,,precipprob,0.0,0.0,,,100.0,,,
2025-02-07 19:00:00,,precipprob,0.0,0.0,,,100.0,,,
2025-02-08 02:00:00,,precipprob,0.0,0.0,,,100.0,,,
2025-02-08 03:00:00,,precipprob,0.0,0.0,,,100.0,,,
2025-02-08 05:00:00,,precipprob,0.0,0.0,,,100.0,,,
2025-02-12 19:00:00,,precipprob,0.0,0.0,,,100.0,,,
2025-02-13 00:00:00,,precipprob,0.0,0.0,,,100.0,,,
2025-02-13 02:00:00,,precipprob,0.0,0.0,,,100.0,,,
2025-02-13 03:00:00,,precipprob,0.0,0.0,,,100.0,,,
2025-02-13 08:00:00,,precipprob,0.0,0.0,,,100.0,,,
2025-02-15 19:00:00,,precipprob,0.0,0.0,,,100.0,,,
2025-02-16 19:00:00,,precipprob,0.0,0.0,,,100.0,,,
2025-02-17 19:00:00,,precipprob,0.0,0.0,,,100.0,,,
2025-02-18 13:00:00,,precipprob,0.0,0.0,,,100.0,,,
2025-02-19 19:00:00,,precipprob,0.0,0.0,,,100.0,,,
2025-02-20 13:00:00,,precipprob,0.0,0.0,,,100.0,,,
2025-02-21 19:00:00,,precipprob,0.0,0.0,,,100.0,,,
2025-02-22 19:00:00,,precipprob,0.0,0.0,,,100.0,,,
2025-02-23 19:00:00,,precipprob,0.0,0.0,,,100.0,,,
2025-02-24 19:00:00,,precipprob,0.0,0.0,,,100.0,,,
2025-02-25 19:00:00,,precipprob,0.0,0.0,,,100.0,,,
2025-02-26 19:00:00,,precipprob,0.0,0.0,,,100.0,,,
2025-03-01 13:00:00,,precipprob,0.0,0.0,,,100.0,,,
2025-03-02 19:00:00,,precipprob,0.0,0.0,,,100.0,,,
2025-03-03 19:00:00,,precipprob,0.0,0.0,,,100.0,,,
2025-03-04 19:00:00,,precipprob,0.0,0.0,,,100.0,,,
2025-03-05 19:00:00,,precipprob,0.0,0.0,,,100.0,,,
2025-03-06 19:00:00,,precipprob,0.0,0.0,,,100.0,,,
2025-03-07 00:00:00,,precipprob,0.0,0.0,,,100.0,,,
2025-03-07 02:00:00,,precipprob,0.0,0.0,,,100.0,,,
2025-03-07 03:00:00,,precipprob,0.0,0.0,,,100.0,,,
2025-03-07 05:00:00,,precipprob,0.0,0.0,,,100.0,,,
2025-03-09 06:00:00,,precipprob,0.0,0.0,,,100.0,,,
2025-03-09 08:00:00,,precipprob,0.0,0.0,,,100.0,,,
2025-03-10 05:00:00,,precipprob,0.0,0.0,,,100.0,,,
2025-03-10 06:00:00,,precipprob,0.0,0.0,,,100.0,,,
2025-03-10 15:00:00,,precipprob,0.0,0.0,,,100.0,,,
2025-03-11 12:00:00,,precipprob,0.0,0.0,,,100.0,,,
2025-03-11 14:00:00,,precipprob,0.0,0.0,,,100.0,,,
2025-03-11 15:00:00,,precipprob,0.0,0.0,,,100.0,,,
2025-03-12 19:00:00,,precipprob,0.0,0.0,,,100.0,,,
2025-03-13 19:00:00,,precipprob,0.0,0.0,,,100.0,,,
2025-03-14 19:00:00,,precipprob,0.0,0.0,,,100.0,,,
2025-03-15 19:00:00,,precipprob,0.0,0.0,,,100.0,,,
2025-03-16 19:00:00,,precipprob,0.0,0.0,,,100.0,,,
2025-03-17 19:00:00,,precipprob,0.0,0.0,,,100.0,,,
2025-03-28 13:00:00,,precipprob,0.0,0.0,,,100.0,,,
2025-03-29 07:00:00,,precipprob,0.0,0.0,,,100.0,,,
2025-03-30 01:00:00,,precipprob,0.0,0.0,,,100.0,,,
2025-04-05 19:00:00,,precipprob,0.0,0.0,,,100.0,,,
2025-04-06 19:00:00,,precipprob,0.0,0.0,,,100.0,,,
2025-04-07 19:00:00,,precipprob,0.0,0.0,,,100.0,,,
2025-04-10 19:00:00,,precipprob,0.0,0.0,,,100.0,,,
2025-04-11 19:00:00,,precipprob,0.0,0.0,,,100.0,,,
2025-04-12 19:00:00,,precipprob,0.0,0.0,,,100.0,,,
2025-04-13 19:00:00,,precipprob,0.0,0.0,,,100.0,,,
2025-04-14 02:00:00,,precipprob,0.0,0.0,,,100.0,,,
2025-04-14 11:00:00,,precipprob,0.0,0.0,,,100.0,,,
2025-04-17 14:00:00,,precipprob,0.0,0.0,,,100.0,,,
2025-04-18 19:00:00,,precipprob,0.0,0.0,,,100.0,,,
2025-04-19 19:00:00,,precipprob,0.0,0.0,,,100.0,,,
2025-04-20 19:00:00,,precipprob,0.0,0.0,,,100.0,,,
2025-04-21 19:00:00,,precipprob,0.0,0.0,,,100.0,,,
2025-04-23 17:00:00,,precipprob,0.0,0.0,,,100.0,,,
2025-04-23 18:00:00,,precipprob,0.0,0.0,,,100.0,,,
2025-04-23 20:00:00,,precipprob,0.0,0.0,,,100.0,,,
2025-04-23 23:00:00,,precipprob,0.0,0.0,,,100.0,,,
2025-04-24 19:00:00,,precipprob,0.0,0.0,,,100.0,,,
2025-04-25 19:00:00,,precipprob,0.0,0.0,,,100.0,,,
2025-04-26 11:00:00,,precipprob,0.0,0.0,,,100.0,,,
2025-04-26 12:00:00,,precipprob,0.0,0.0,,,100.0,,,
2025-04-26 14:00:00,,precipprob,0.0,0.0,,,100.0,,,
2025-04-27 19:00:00,,precipprob,0.0,0.0,,,100.0,,,
2025-04-28 19:00:00,,precipprob,0.0,0.0,,,100.0,,,
2025-04-29 19:00:00,,precipprob,0.0,0.0,,,100.0,,,
2025-04-30 19:00:00,,precipprob,0.0,0.0,,,100.0,,,
2025-05-01 19:00:00,,precipprob,0.0,0.0,,,100.0,,,
2025-05-04 19:00:00,,precipprob,0.0,0.0,,,100.0,,,
2025-05-06 09:00:00,,precipprob,0.0,0.0,,,100.0,,,
2025-05-06 18:00:00,,precipprob,0.0,0.0,,,100.0,,,
2025-05-07 00:00:00,,precipprob,0.0,0.0,,,100.0,,,
2025-05-07 02:00:00,,precipprob,0.0,0.0,,,100.0,,,
2025-05-07 03:00:00,,precipprob,0.0,0.0,,,100.0,,,
2025-05-07 08:00:00,,precipprob,0.0,0.0,,,100.0,,,
2025-05-07 09:00:00,,precipprob,0.0,0.0,,,100.0,,,
2025-05-07 11:00:00,,precipprob,0.0,0.0,,,100.0,,,
2025-05-07 12:00:00,,precipprob,0.0,0.0,,,100.0,,,
2025-05-09 15:00:00,,precipprob,0.0,0.0,,,100.0,,,
2025-05-09 21:00:00,,precipprob,0.0,0.0,,,100.0,,,
2025-05-09 23:00:00,,precipprob,0.0,0.0,,,100.0,,,
2025-05-10 19:00:00,,precipprob,0.0,0.0,,,100.0,,,
2025-05-11 19:00:00,,precipprob,0.0,0.0,,,100.0,,,
2025-05-14 12:00:00,,precipprob,0.0,0.0,,,100.0,,,
2025-05-14 14:00:00,,precipprob,0.0,0.0,,,100.0,,,
2025-05-15 08:00:00,,precipprob,0.0,0.0,,,100.0,,,
2025-05-15 09:00:00,,precipprob,0.0,0.0,,,100.0,,,
2025-05-15 11:00:00,,precipprob,0.0,0.0,,,100.0,,,
2025-05-15 12:00:00,,precipprob,0.0,0.0,,,100.0,,,
2025-05-15 14:00:00,,precipprob,0.0,0.0,,,100.0,,,
2025-05-15 15:00:00,,precipprob,0.0,0.0,,,100.0,,,
2025-05-15 17:00:00,,precipprob,0.0,0.0,,,100.0,,,
2025-05-16 19:00:00,,precipprob,0.0,0.0,,,100.0,,,
2025-05-17 19:00:00,,precipprob,0.0,0.0,,,100.0,,,
2025-05-18 19:00:00,,precipprob,0.0,0.0,,,100.0,,,
2025-05-19 19:00:00,,precipprob,0.0,0.0,,,100.0,,,
2025-05-20 19:00:00,,precipprob,0.0,0.0,,,100.0,,,
2025-05-21 19:00:00,,precipprob,0.0,0.0,,,100.0,,,
2025-05-22 02:00:00,,precipprob,0.0,0.0,,,100.0,,,
2025-05-22 12:00:00,,precipprob,0.0,0.0,,,100.0,,,
2025-05-23 13:00:00,,precipprob,0.0,0.0,,,100.0,,,
2025-05-24 07:00:00,,precipprob,0.0,0.0,,,100.0,,,
2025-05-24 13:00:00,,precipprob,0.0,0.0,,,100.0,,,
2025-05-24 19:00:00,,precipprob,0.0,0.0,,,100.0,,,
2025-05-25 19:00:00,,precipprob,0.0,0.0,,,100.0,,,
2025-05-27 05:00:00,,precipprob,0.0,0.0,,,100.0,,,
2025-05-27 08:00:00,,precipprob,0.0,0.0,,,100.0,,,
2025-05-27 09:00:00,,precipprob,0.0,0.0,,,100.0,,,
2025-05-27 10:00:00,,precipprob,0.0,0.0,,,100.0,,,
2025-05-27 11:00:00,,precipprob,0.0,0.0,,,100.0,,,
2025-05-27 12:00:00,,precipprob,0.0,0.0,,,100.0,,,
2025-05-27 14:00:00,,precipprob,0.0,0.0,,,100.0,,,
2025-05-27 17:00:00,,precipprob,0.0,0.0,,,100.0,,,
2025-05-27 21:00:00,,precipprob,0.0,0.0,,,100.0,,,
2025-05-28 19:00:00,,precipprob,0.0,0.0,,,100.0,,,
2025-05-29 19:00:00,,precipprob,0.0,0.0,,,100.0,,,
2025-05-30 19:00:00,,precipprob,0.0,0.0,,,100.0,,,
2025-06-02 20:00:00,,precipprob,0.0,0.0,,,100.0,,,
2025-06-02 21:00:00,,precipprob,0.0,0.0,,,100.0,,,
2025-06-02 23:00:00,,precipprob,0.0,0.0,,,100.0,,,
2025-06-03 19:00:00,,precipprob,0.0,0.0,,,100.0,,,
2025-06-04 19:00:00,,precipprob,0.0,0.0,,,100.0,,,
2025-06-05 02:00:00,,precipprob,0.0,0.0,,,100.0,,,
2025-06-05 03:00:00,,precipprob,0.0,0.0,,,100.0,,,
2025-06-05 14:00:00,,precipprob,0.0,0.0,,,100.0,,,
2025-06-05 15:00:00,,precipprob,0.0,0.0,,,100.0,,,
2025-06-05 17:00:00,,precipprob,0.0,0.0,,,100.0,,,
2025-06-06 11:00:00,,precipprob,0.0,0.0,,,100.0,,,
2025-06-06 12:00:00,,precipprob,0.0,0.0,,,100.0,,,
2025-06-06 14:00:00,,precipprob,0.0,0.0,,,100.0,,,
2025-06-07 19:00:00,,precipprob,0.0,0.0,,,100.0,,,
2025-06-08 19:00:00,,precipprob,0.0,0.0,,,100.0,,,
2025-06-09 19:00:00,,precipprob,0.0,0.0,,,100.0,,,
2025-06-10 02:00:00,,precipprob,0.0,0.0,,,100.0,,,
2025-06-10 03:00:00,,precipprob,0.0,0.0,,,100.0,,,
2025-06-10 05:00:00,,precipprob,0.0,0.0,,,100.0,,,
2025-06-10 06:00:00,,precipprob,0.0,0.0,,,100.0,,,
2025-06-10 08:00:00,,precipprob,0.0,0.0,,,100.0,,,
2025-06-10 09:00:00,,precipprob,0.0,0.0,,,100.0,,,
2025-06-10 11:00:00,,precipprob,0.0,0.0,,,100.0,,,
2025-06-10 12:00:00,,precipprob,0.0,0.0,,,100.0,,,
2025-06-10 14:00:00,,precipprob,0.0,0.0,,,100.0,,,
2025-06-10 15:00:00,,precipprob,0.0,0.0,,,100.0,,,
2025-06-10 17:00:00,,precipprob,0.0,0.0,,,100.0,,,
2025-06-10 18:00:00,,precipprob,0.0,0.0,,,100.0,,,
2025-06-11 17:00:00,,precipprob,0.0,0.0,,,100.0,,,
2025-06-11 18:00:00,,precipprob,0.0,0.0,,,100.0,,,
2025-06-11 20:00:00,,precipprob,0.0,0.0,,,100.0,,,
2025-06-12 19:00:00,,precipprob,0.0,0.0,,,100.0,,,
2025-06-13 01:00:00,,precipprob,0.0,0.0,,,100.0,,,
2025-06-15 19:00:00,,precipprob,0.0,0.0,,,100.0,,,
2025-06-16 01:00:00,,precipprob,0.0,0.0,,,100.0,,,
2025-06-16 19:00:00,,precipprob,0.0,0.0,,,100.0,,,
2025-06-17 01:00:00,,precipprob,0.0,0.0,,,100.0,,,
2025-06-18 03:00:00,,precipprob,0.0,0.0,,,100.0,,,
2025-06-18 05:00:00,,precipprob,0.0,0.0,,,100.0,,,
2025-06-18 06:00:00,,precipprob,0.0,0.0,,,100.0,,,
2025-06-18 08:00:00,,precipprob,0.0,0.0,,,100.0,,,
2025-06-18 20:00:00,,precipprob,0.0,0.0,,,100.0,,,
2025-06-18 21:00:00,,precipprob,0.0,0.0,,,100.0,,,
2025-06-18 23:00:00,,precipprob,0.0,0.0,,,100.0,,,
2025-06-19 00:00:00,,precipprob,0.0,0.0,,,100.0,,,
2025-06-20 03:00:00,,precipprob,0.0,0.0,,,100.0,,,
2025-06-20 14:00:00,,precipprob,0.0,0.0,,,100.0,,,
2025-06-20 15:00:00,,precipprob,0.0,0.0,,,100.0,,,
2025-06-20 23:00:00,,precipprob,0.0,0.0,,,100.0,,,
2025-06-21 07:00:00,,precipprob,0.0,0.0,,,100.0,,,
2025-06-21 13:00:00,,precipprob,0.0,0.0,,,100.0,,,
2025-06-22 01:00:00,,precipprob,0.0,0.0,,,100.0,,,
2025-06-22 07:00:00,,precipprob,0.0,0.0,,,100.0,,,
2025-06-22 19:00:00,,precipprob,0.0,0.0,,,100.0,,,
2025-06-23 00:00:00,,precipprob,0.0,0.0,,,100.0,,,
2025-06-23 02:00:00,,precipprob,0.0,0.0,,,100.0,,,
2025-06-23 11:00:00,,precipprob,0.0,0.0,,,100.0,,,
2025-06-23 12:00:00,,precipprob,0.0,0.0,,,100.0,,,
2025-06-23 14:00:00,,precipprob,0.0,0.0,,,100.0,,,
2025-06-23 15:00:00,,precipprob,0.0,0.0,,,100.0,,,
2025-06-23 17:00:00,,precipprob,0.0,0.0,,,100.0,,,
2025-06-23 18:00:00,,precipprob,0.0,0.0,,,100.0,,,
2025-06-24 12:00:00,,precipprob,0.0,0.0,,,100.0,,,
2025-06-24 14:00:00,,precipprob,0.0,0.0,,,100.0,,,
2025-06-24 15:00:00,,precipprob,0.0,0.0,,,100.0,,,
2025-06-24 17:00:00,,precipprob,0.0,0.0,,,100.0,,,
2025-06-24 18:00:00,,precipprob,0.0,0.0,,,100.0,,,
2025-06-24 20:00:00,,precipprob,0.0,0.0,,,100.0,,,
2025-06-25 13:00:00,,precipprob,0.0,0.0,,,100.0,,,
2025-06-26 06:00:00,,precipprob,0.0,0.0,,,100.0,,,
2025-06-26 08:00:00,,precipprob,0.0,0.0,,,100.0,,,
2025-06-26 09:00:00,,precipprob,0.0,0.0,,,100.0,,,
2025-06-26 11:00:00,,precipprob,0.0,0.0,,,100.0,,,
2025-06-26 12:00:00,,precipprob,0.0,0.0,,,100.0,,,
2025-06-26 14:00:00,,precipprob,0.0,0.0,,,100.0,,,
2025-06-26 15:00:00,,precipprob,0.0,0.0,,,100.0,,,
2025-06-26 17:00:00,,precipprob,0.0,0.0,,,100.0,,,
2025-06-26 20:00:00,,precipprob,0.0,0.0,,,100.0,,,
2025-06-26 21:00:00,,precipprob,0.0,0.0,,,100.0,,,
2025-06-27 01:00:00,,precipprob,0.0,0.0,,,100.0,,,
2025-06-27 13:00:00,,precipprob,0.0,0.0,,,100.0,,,
2025-06-28 01:00:00,,precipprob,0.0,0.0,,,100.0,,,
2025-06-28 07:00:00,,precipprob,0.0,0.0,,,100.0,,,
2025-06-28 13:00:00,,precipprob,0.0,0.0,,,100.0,,,
2025-06-29 00:00:00,,precipprob,0.0,0.0,,,100.0,,,
2025-06-29 02:00:00,,precipprob,0.0,0.0,,,100.0,,,
2025-06-29 03:00:00,,precipprob,0.0,0.0,,,100.0,,,
2025-06-29 05:00:00,,precipprob,0.0,0.0,,,100.0,,,
2025-06-29 06:00:00,,precipprob,0.0,0.0,,,100.0,,,
2025-06-29 08:00:00,,precipprob,0.0,0.0,,,100.0,,,
2025-06-29 09:00:00,,precipprob,0.0,0.0,,,100.0,,,
2025-06-29 11:00:00,,precipprob,0.0,0.0,,,100.0,,,
2025-06-29 12:00:00,,precipprob,0.0,0.0,,,100.0,,,
2025-06-29 14:00:00,,precipprob,0.0,0.0,,,100.0,,,
2025-06-29 15:00:00,,precipprob,0.0,0.0,,,100.0,,,
2025-06-30 19:00:00,,precipprob,0.0,0.0,,,100.0,,,
2025-07-01 01:00:00,,precipprob,0.0,0.0,,,100.0,,,
2025-07-01 07:00:00,,precipprob,0.0,0.0,,,100.0,,,
2025-07-01 13:00:00,,precipprob,0.0,0.0,,,100.0,,,
2025-07-02 07:00:00,,precipprob,0.0,0.0,,,100.0,,,
2025-07-02 13:00:00,,precipprob,0.0,0.0,,,100.0,,,
2025-07-03 13:00:00,,precipprob,0.0,0.0,,,100.0,,,
2025-07-04 05:00:00,,precipprob,0.0,0.0,,,100.0,,,
2025-07-04 09:00:00,,precipprob,0.0,0.0,,,100.0,,,
2025-07-04 11:00:00,,precipprob,0.0,0.0,,,100.0,,,
2025-07-04 12:00:00,,precipprob,0.0,0.0,,,100.0,,,
2025-07-04 15:00:00,,precipprob,0.0,0.0,,,100.0,,,
2025-07-04 18:00:00,,precipprob,0.0,0.0,,,100.0,,,
2025-07-05 09:00:00,,precipprob,0.0,0.0,,,100.0,,,
2025-07-05 11:00:00,,precipprob,0.0,0.0,,,100.0,,,
2025-07-05 17:00:00,,precipprob,0.0,0.0,,,100.0,,,
2025-07-05 20:00:00,,precipprob,0.0,0.0,,,100.0,,,
2025-07-05 21:00:00,,precipprob,0.0,0.0,,,100.0,,,
2025-07-06 17:00:00,,precipprob,0.0,0.0,,,100.0,,,
2025-07-06 21:00:00,,precipprob,0.0,0.0,,,100.0,,,
2025-07-07 11:00:00,,precipprob,0.0,0.0,,,100.0,,,
2025-07-07 12:00:00,,precipprob,0.0,0.0,,,100.0,,,
2025-07-07 14:00:00,,precipprob,0.0,0.0,,,100.0,,,
2025-07-07 17:00:00,,precipprob,0.0,0.0,,,100.0,,,
2025-07-08 11:00:00,,precipprob,0.0,0.0,,,100.0,,,
2025-07-08 12:00:00,,precipprob,0.0,0.0,,,100.0,,,
2025-07-10 19:00:00,,precipprob,0.0,0.0,,,100.0,,,
2025-07-11 19:00:00,,precipprob,0.0,0.0,,,100.0,,,
2025-07-12 19:00:00,,precipprob,0.0,0.0,,,100.0,,,
2025-07-13 19:00:00,,precipprob,0.0,0.0,,,100.0,,,
2025-07-14 19:00:00,,precipprob,0.0,0.0,,,100.0,,,
2025-07-15 19:00:00,,precipprob,0.0,0.0,,,100.0,,,
2025-07-16 08:00:00,,precipprob,0.0,0.0,,,100.0,,,
2025-07-16 14:00:00,,precipprob,0.0,0.0,,,100.0,,,
2025-07-16 15:00:00,,precipprob,0.0,0.0,,,100.0,,,
2025-07-16 17:00:00,,precipprob,0.0,0.0,,,100.0,,,
2025-07-16 18:00:00,,precipprob,0.0,0.0,,,100.0,,,
2025-07-19 19:00:00,,precipprob,0.0,0.0,,,100.0,,,
2025-07-20 19:00:00,,precipprob,0.0,0.0,,,100.0,,,
2025-07-21 19:00:00,,precipprob,0.0,0.0,,,100.0,,,
2025-07-22 19:00:00,,precipprob,0.0,0.0,,,100.0,,,
2025-07-23 19:00:00,,precipprob,0.0,0.0,,,100.0,,,
2025-07-24 19:00:00,,precipprob,0.0,0.0,,,100.0,,,
2025-07-25 19:00:00,,precipprob,0.0,0.0,,,100.0,,,
2025-07-26 19:00:00,,precipprob,0.0,0.0,,,100.0,,,
2025-07-27 19:00:00,,precipprob,0.0,0.0,,,100.0,,,
2025-07-28 17:00:00,,precipprob,0.0,0.0,,,100.0,,,
2025-07-31 19:00:00,,precipprob,0.0,0.0,,,100.0,,,
2025-08-01 19:00:00,,precipprob,0.0,0.0,,,100.0,,,
2025-08-02 14:00:00,,precipprob,0.0,0.0,,,100.0,,,
2025-08-06 19:00:00,,precipprob,0.0,0.0,,,100.0,,,
2025-08-07 19:00:00,,precipprob,0.0,0.0,,,100.0,,,
2025-08-08 17:00:00,,precipprob,0.0,0.0,,,100.0,,,
2025-08-10 19:00:00,,precipprob,0.0,0.0,,,100.0,,,
2025-08-11 19:00:00,,precipprob,0.0,0.0,,,100.0,,,
2025-08-12 14:00:00,,precipprob,0.0,0.0,,,100.0,,,
2025-08-12 15:00:00,,precipprob,0.0,0.0,,,100.0,,,
2025-08-12 17:00:00,,precipprob,0.0,0.0,,,100.0,,,
2025-08-12 18:00:00,,precipprob,0.0,0.0,,,100.0,,,
2025-08-13 19:00:00,,precipprob,0.0,0.0,,,100.0,,,
2025-08-14 19:00:00,,precipprob,0.0,0.0,,,100.0,,,
2025-08-15 19:00:00,,precipprob,0.0,0.0,,,100.0,,,
2025-08-16 19:00:00,,precipprob,0.0,0.0,,,100.0,,,
2025-08-17 19:00:00,,precipprob,0.0,0.0,,,100.0,,,
2025-08-18 19:00:00,,precipprob,0.0,0.0,,,100.0,,,
2025-08-19 19:00:00,,precipprob,0.0,0.0,,,100.0,,,
2025-08-20 19:00:00,,precipprob,0.0,0.0,,,100.0,,,
2025-08-21 19:00:00,,precipprob,0.0,0.0,,,100.0,,,
2025-08-22 08:00:00,,precipprob,0.0,0.0,,,100.0,,,
2025-08-22 11:00:00,,precipprob,0.0,0.0,,,100.0,,,
2025-08-22 12:00:00,,precipprob,0.0,0.0,,,100.0,,,
2025-08-22 14:00:00,,precipprob,0.0,0.0,,,100.0,,,
2025-08-22 15:00:00,,precipprob,0.0,0.0,,,100.0,,,
2025-08-22 17:00:00,,precipprob,0.0,0.0,,,100.0,,,
2025-08-22 23:00:00,,precipprob,0.0,0.0,,,100.0,,,
2025-08-23 19:00:00,,precipprob,0.0,0.0,,,100.0,,,
2025-08-24 13:00:00,,precipprob,0.0,0.0,,,100.0,,,
2025-08-25 00:00:00,,precipprob,0.0,0.0,,,100.0,,,
2025-08-25 02:00:00,,precipprob,0.0,0.0,,,100.0,,,
2025-08-25 03:00:00,,precipprob,0.0,0.0,,,100.0,,,
2025-08-25 05:00:00,,precipprob,0.0,0.0,,,100.0,,,
2025-08-25 06:00:00,,precipprob,0.0,0.0,,,100.0,,,
2025-08-25 07:00:00,,precipprob,0.0,0.0,,,100.0,,,
2025-08-25 08:00:00,,precipprob,0.0,0.0,,,100.0,,,
2025-08-25 09:00:00,,precipprob,0.0,0.0,,,100.0,,,
2025-08-25 10:00:00,,precipprob,0.0,0.0,,,100.0,,,
2025-08-25 11:00:00,,precipprob,0.0,0.0,,,100.0,,,
2025-08-25 12:00:00,,precipprob,0.0,0.0,,,100.0,,,
2025-08-25 13:00:00,,precipprob,0.0,0.0,,,100.0,,,
2025-08-25 14:00:00,,precipprob,0.0,0.0,,,100.0,,,
2025-08-25 15:00:00,,precipprob,0.0,0.0,,,100.0,,,
2025-08-25 16:00:00,,precipprob,0.0,0.0,,,100.0,,,
2025-08-25 17:00:00,,precipprob,0.0,0.0,,,100.0,,,
2025-08-25 18:00:00,,precipprob,0.0,0.0,,,100.0,,,
2025-08-25 19:00:00,,precipprob,0.0,0.0,,,100.0,,,
2025-08-25 20:00:00,,precipprob,0.0,0.0,,,100.0,,,
2025-08-25 21:00:00,,precipprob,0.0,0.0,,,100.0,,,
2025-08-25 22:00:00,,precipprob,0.0,0.0,,,100.0,,,
2025-08-25 23:00:00,,precipprob,0.0,0.0,,,100.0,,,
2025-08-26 00:00:00,,precipprob,0.0,0.0,,,100.0,,,
2025-08-26 01:00:00,,precipprob,0.0,0.0,,,100.0,,,
2025-08-26 02:00:00,,precipprob,0.0,0.0,,,100.0,,,
2025-08-26 03:00:00,,precipprob,0.0,0.0,,,100.0,,,
2025-08-26 04:00:00,,precipprob,0.0,0.0,,,100.0,,,
2025-08-26 05:00:00,,precipprob,0.0,0.0,,,100.0,,,
2025-08-26 06:00:00,,precipprob,0.0,0.0,,,100.0,,,
2025-08-26 07:00:00,,precipprob,0.0,0.0,,,100.0,,,
2025-08-26 08:00:00,,precipprob,0.0,0.0,,,100.0,,,
2025-08-26 09:00:00,,precipprob,0.0,0.0,,,100.0,,,
2025-08-26 10:00:00,,precipprob,0.0,0.0,,,100.0,,,
2025-08-26 11:00:00,,precipprob,0.0,0.0,,,100.0,,,
2025-08-26 12:00:00,,precipprob,0.0,0.0,,,100.0,,,
2025-08-26 13:00:00,,precipprob,0.0,0.0,,,100.0,,,
2025-08-26 14:00:00,,precipprob,0.0,0.0,,,100.0,,,
2025-08-26 15:00:00,,precipprob,0.0,0.0,,,100.0,,,
2025-08-26 16:00:00,,precipprob,0.0,0.0,,,100.0,,,
2025-08-26 17:00:00,,precipprob,0.0,0.0,,,100.0,,,
2025-08-26 18:00:00,,precipprob,0.0,0.0,,,100.0,,,
2025-08-26 19:00:00,,precipprob,0.0,0.0,,,100.0,,,
2025-08-26 20:00:00,,precipprob,0.0,0.0,,,100.0,,,
2025-08-26 21:00:00,,precipprob,0.0,0.0,,,100.0,,,
2025-08-26 22:00:00,,precipprob,0.0,0.0,,,100.0,,,
2025-08-26 23:00:00,,precipprob,0.0,0.0,,,100.0,,,
2025-08-27 00:00:00,,precipprob,0.0,0.0,,,100.0,,,
2025-08-27 01:00:00,,precipprob,0.0,0.0,,,100.0,,,
2025-08-27 02:00:00,,precipprob,0.0,0.0,,,100.0,,,
2025-08-27 03:00:00,,precipprob,0.0,0.0,,,100.0,,,
2025-08-27 04:00:00,,precipprob,0.0,0.0,,,100.0,,,
2025-08-27 05:00:00,,precipprob,0.0,0.0,,,100.0,,,
2025-08-27 06:00:00,,precipprob,0.0,0.0,,,100.0,,,
2025-08-27 07:00:00,,precipprob,0.0,0.0,,,100.0,,,
2025-08-27 08:00:00,,precipprob,0.0,0.0,,,100.0,,,
2025-08-27 09:00:00,,precipprob,0.0,0.0,,,100.0,,,
2025-08-27 10:00:00,,precipprob,0.0,0.0,,,100.0,,,
2025-08-27 11:00:00,,precipprob,0.0,0.0,,,100.0,,,
2025-08-27 12:00:00,,precipprob,0.0,0.0,,,100.0,,,
2025-08-27 13:00:00,,precipprob,0.0,0.0,,,100.0,,,
2025-08-27 14:00:00,,precipprob,0.0,0.0,,,100.0,,,
2025-08-27 15:00:00,,precipprob,0.0,0.0,,,100.0,,,
2025-08-27 16:00:00,,precipprob,0.0,0.0,,,100.0,,,
2025-08-27 17:00:00,,precipprob,0.0,0.0,,,100.0,,,
2025-08-27 18:00:00,,precipprob,0.0,0.0,,,100.0,,,
2025-08-28 02:00:00,,precipprob,0.0,0.0,,,100.0,,,
2025-08-28 03:00:00,,precipprob,0.0,0.0,,,100.0,,,
2025-08-28 04:00:00,,precipprob,0.0,0.0,,,100.0,,,
2025-08-28 05:00:00,,precipprob,0.0,0.0,,,100.0,,,
2025-08-28 06:00:00,,precipprob,0.0,0.0,,,100.0,,,
2025-08-28 10:00:00,,precipprob,0.0,0.0,,,100.0,,,
2025-08-28 11:00:00,,precipprob,0.0,0.0,,,100.0,,,
2025-08-28 12:00:00,,precipprob,0.0,0.0,,,100.0,,,
2025-08-28 13:00:00,,precipprob,0.0,0.0,,,100.0,,,
2025-08-28 14:00:00,,precipprob,0.0,0.0,,,100.0,,,
2025-08-28 15:00:00,,precipprob,0.0,0.0,,,100.0,,,
2025-08-28 16:00:00,,precipprob,0.0,0.0,,,100.0,,,
2025-08-28 17:00:00,,precipprob,0.0,0.0,,,100.0,,,
2025-08-28 18:00:00,,precipprob,0.0,0.0,,,100.0,,,
2025-08-28 19:00:00,,precipprob,0.0,0.0,,,100.0,,,
2025-08-29 05:00:00,,precipprob,0.0,0.0,,,100.0,,,
2025-08-29 06:00:00,,precipprob,0.0,0.0,,,100.0,,,
2025-08-29 07:00:00,,precipprob,0.0,0.0,,,100.0,,,
2025-08-29 08:00:00,,precipprob,0.0,0.0,,,100.0,,,
2025-08-29 09:00:00,,precipprob,0.0,0.0,,,100.0,,,
2025-08-29 10:00:00,,precipprob,0.0,0.0,,,100.0,,,
2025-08-29 11:00:00,,precipprob,0.0,0.0,,,100.0,,,
2025-08-29 12:00:00,,precipprob,0.0,0.0,,,100.0,,,
2025-08-29 14:00:00,,precipprob,0.0,0.0,,,100.0,,,
2025-08-29 15:00:00,,precipprob,0.0,0.0,,,100.0,,,
2025-08-29 16:00:00,,precipprob,0.0,0.0,,,100.0,,,
2025-08-29 17:00:00,,precipprob,0.0,0.0,,,100.0,,,
2025-08-29 18:00:00,,precipprob,0.0,0.0,,,100.0,,,
2025-08-29 19:00:00,,precipprob,0.0,0.0,,,100.0,,,
2025-08-29 20:00:00,,precipprob,0.0,0.0,,,100.0,,,
2025-08-29 21:00:00,,precipprob,0.0,0.0,,,100.0,,,
2025-08-29 22:00:00,,precipprob,0.0,0.0,,,100.0,,,
2025-08-29 23:00:00,,precipprob,0.0,0.0,,,100.0,,,
2025-08-30 00:00:00,,precipprob,0.0,0.0,,,100.0,,,
2025-08-30 01:00:00,,precipprob,0.0,0.0,,,100.0,,,
2025-08-30 02:00:00,,precipprob,0.0,0.0,,,100.0,,,
2025-08-30 03:00:00,,precipprob,0.0,0.0,,,100.0,,,
2025-08-30 04:00:00,,precipprob,0.0,0.0,,,100.0,,,
2025-08-30 05:00:00,,precipprob,0.0,0.0,,,100.0,,,
2025-08-30 06:00:00,,precipprob,0.0,0.0,,,100.0,,,
2025-08-30 07:00:00,,precipprob,0.0,0.0,,,100.0,,,
2025-08-30 08:00:00,,precipprob,0.0,0.0,,,100.0,,,
2025-08-30 09:00:00,,precipprob,0.0,0.0,,,100.0,,,
2025-08-30 10:00:00,,precipprob,0.0,0.0,,,100.0,,,
2025-08-30 11:00:00,,precipprob,0.0,0.0,,,100.0,,,
2025-08-30 12:00:00,,precipprob,0.0,0.0,,,100.0,,,
2025-08-30 13:00:00,,precipprob,0.0,0.0,,,100.0,,,
2025-08-30 14:00:00,,precipprob,0.0,0.0,,,100.0,,,
2025-08-30 15:00:00,,precipprob,0.0,0.0,,,100.0,,,
2025-08-30 16:00:00,,precipprob,0.0,0.0,,,100.0,,,
2025-08-30 17:00:00,,precipprob,0.0,0.0,,,100.0,,,
2025-08-30 18:00:00,,precipprob,0.0,0.0,,,100.0,,,
2025-08-30 19:00:00,,precipprob,0.0,0.0,,,100.0,,,
2025-08-30 20:00:00,,precipprob,0.0,0.0,,,100.0,,,
2025-08-30 21:00:00,,precipprob,0.0,0.0,,,100.0,,,
2025-08-30 22:00:00,,precipprob,0.0,0.0,,,100.0,,,
2025-08-30 23:00:00,,precipprob,0.0,0.0,,,100.0,,,
2025-08-31 00:00:00,,precipprob,0.0,0.0,,,100.0,,,
2025-08-31 01:00:00,,precipprob,0.0,0.0,,,100.0,,,
2025-08-31 02:00:00,,precipprob,0.0,0.0,,,100.0,,,
2025-08-31 03:00:00,,precipprob,0.0,0.0,,,100.0,,,
2025-08-31 04:00:00,,precipprob,0.0,0.0,,,100.0,,,
2025-08-31 05:00:00,,precipprob,0.0,0.0,,,100.0,,,
2025-08-31 06:00:00,,precipprob,0.0,0.0,,,100.0,,,
2025-08-31 07:00:00,,precipprob,0.0,0.0,,,100.0,,,
2025-08-31 08:00:00,,precipprob,0.0,0.0,,,100.0,,,
2025-08-31 09:00:00,,precipprob,0.0,0.0,,,100.0,,,
2025-08-31 10:00:00,,precipprob,0.0,0.0,,,100.0,,,
2025-08-31 11:00:00,,precipprob,0.0,0.0,,,100.0,,,
2025-08-31 12:00:00,,precipprob,0.0,0.0,,,100.0,,,
2025-08-31 13:00:00,,precipprob,0.0,0.0,,,100.0,,,
2025-08-31 14:00:00,,precipprob,0.0,0.0,,,100.0,,,
2025-08-31 15:00:00,,precipprob,0.0,0.0,,,100.0,,,
2025-08-31 16:00:00,,precipprob,0.0,0.0,,,100.0,,,
2025-08-31 17:00:00,,precipprob,0.0,0.0,,,100.0,,,
2025-08-31 18:00:00,,precipprob,0.0,0.0,,,100.0,,,
2025-08-31 23:00:00,,precipprob,0.0,0.0,,,100.0,,,
2025-09-01 00:00:00,,precipprob,0.0,0.0,,,100.0,,,
2025-09-01 01:00:00,,precipprob,0.0,0.0,,,100.0,,,
2025-09-01 02:00:00,,precipprob,0.0,0.0,,,100.0,,,
2025-09-01 08:00:00,,precipprob,0.0,0.0,,,100.0,,,
2025-09-01 12:00:00,,precipprob,0.0,0.0,,,100.0,,,
2025-09-01 14:00:00,,precipprob,0.0,0.0,,,100.0,,,
2025-09-01 15:00:00,,precipprob,0.0,0.0,,,100.0,,,
2025-09-01 16:00:00,,precipprob,0.0,0.0,,,100.0,,,
2025-09-01 17:00:00,,precipprob,0.0,0.0,,,100.0,,,
2025-09-01 21:00:00,,precipprob,0.0,0.0,,,100.0,,,
2025-09-01 22:00:00,,precipprob,0.0,0.0,,,100.0,,,
2025-09-01 23:00:00,,precipprob,0.0,0.0,,,100.0,,,
2025-09-02 00:00:00,,precipprob,0.0,0.0,,,100.0,,,
2025-09-02 01:00:00,,precipprob,0.0,0.0,,,100.0,,,
2025-09-02 11:00:00,,precipprob,0.0,0.0,,,100.0,,,
2025-09-02 12:00:00,,precipprob,0.0,0.0,,,100.0,,,
2025-09-02 13:00:00,,precipprob,0.0,0.0,,,100.0,,,
2025-09-02 14:00:00,,precipprob,0.0,0.0,,,100.0,,,
2025-09-02 15:00:00,,precipprob,0.0,0.0,,,100.0,,,
2025-09-02 16:00:00,,precipprob,0.0,0.0,,,100.0,,,
2025-09-02 17:00:00,,precipprob,0.0,0.0,,,100.0,,,
2025-09-03 11:00:00,,precipprob,0.0,0.0,,,100.0,,,
2025-09-04 11:00:00,,precipprob,0.0,0.0,,,100.0,,,
2025-09-06 17:00:00,,precipprob,0.0,0.0,,,100.0,,,
2025-09-07 11:00:00,,precipprob,0.0,0.0,,,100.0,,,
2025-09-07 16:00:00,,precipprob,0.0,0.0,,,100.0,,,
2025-09-09 10:00:00,,precipprob,0.0,0.0,,,100.0,,,
2025-09-09 11:00:00,,precipprob,0.0,0.0,,,100.0,,,
2025-09-09 12:00:00,,precipprob,0.0,0.0,,,100.0,,,
2025-09-09 13:00:00,,precipprob,0.0,0.0,,,100.0,,,
2025-09-09 14:00:00,,precipprob,0.0,0.0,,,100.0,,,
2025-09-09 15:00:00,,precipprob,0.0,0.0,,,100.0,,,
2025-09-09 16:00:00,,precipprob,0.0,0.0,,,100.0,,,
2025-09-09 17:00:00,,precipprob,0.0,0.0,,,100.0,,,
2025-09-09 18:00:00,,precipprob,0.0,0.0,,,100.0,,,
2025-09-09 19:00:00,,precipprob,0.0,0.0,,,100.0,,,
2025-09-10 09:00:00,,precipprob,0.0,0.0,,,100.0,,,
2025-09-10 10:00:00,,precipprob,0.0,0.0,,,100.0,,,
2025-09-10 11:00:00,,precipprob,0.0,0.0,,,100.0,,,
2025-09-10 12:00:00,,precipprob,0.0,0.0,,,100.0,,,
2025-09-10 13:00:00,,precipprob,0.0,0.0,,,100.0,,,
2025-09-10 14:00:00,,precipprob,0.0,0.0,,,100.0,,,
2025-09-10 15:00:00,,precipprob,0.0,0.0,,,100.0,,,
2025-09-10 19:00:00,,precipprob,0.0,0.0,,,100.0,,,
2025-09-10 20:00:00,,precipprob,0.0,0.0,,,100.0,,,
2025-09-11 00:00:00,,precipprob,0.0,0.0,,,100.0,,,
2025-09-11 01:00:00,,precipprob,0.0,0.0,,,100.0,,,
2025-09-11 02:00:00,,precipprob,0.0,0.0,,,100.0,,,
2025-09-11 05:00:00,,precipprob,0.0,0.0,,,100.0,,,
2025-09-11 06:00:00,,precipprob,0.0,0.0,,,100.0,,,
2025-09-11 07:00:00,,precipprob,0.0,0.0,,,100.0,,,
2025-09-11 09:00:00,,precipprob,0.0,0.0,,,100.0,,,
2025-09-11 10:00:00,,precipprob,0.0,0.0,,,100.0,,,
2025-09-11 11:00:00,,precipprob,0.0,0.0,,,100.0,,,
2025-09-11 12:00:00,,precipprob,0.0,0.0,,,100.0,,,
2025-09-11 13:00:00,,precipprob,0.0,0.0,,,100.0,,,
2025-09-11 14:00:00,,precipprob,0.0,0.0,,,100.0,,,
2025-09-11 15:00:00,,precipprob,0.0,0.0,,,100.0,,,
2025-09-11 16:00:00,,precipprob,0.0,0.0,,,100.0,,,
2025-09-11 17:00:00,,precipprob,0.0,0.0,,,100.0,,,
2025-09-11 19:00:00,,precipprob,0.0,0.0,,,100.0,,,
2025-09-11 21:00:00,,precipprob,0.0,0.0,,,100.0,,,
2025-09-11 22:00:00,,precipprob,0.0,0.0,,,100.0,,,
2025-09-11 23:00:00,,precipprob,0.0,0.0,,,100.0,,,
2025-09-12 02:00:00,,precipprob,0.0,0.0,,,100.0,,,
2025-09-12 03:00:00,,precipprob,0.0,0.0,,,100.0,,,
2025-09-12 05:00:00,,precipprob,0.0,0.0,,,100.0,,,
2025-09-12 10:00:00,,precipprob,0.0,0.0,,,100.0,,,
2025-09-12 11:00:00,,precipprob,0.0,0.0,,,100.0,,,
2025-09-12 12:00:00,,precipprob,0.0,0.0,,,100.0,,,
2025-09-12 13:00:00,,precipprob,0.0,0.0,,,100.0,,,
2025-09-12 14:00:00,,precipprob,0.0,0.0,,,100.0,,,
2025-09-12 15:00:00,,precipprob,0.0,0.0,,,100.0,,,
2025-09-12 16:00:00,,precipprob,0.0,0.0,,,100.0,,,
2025-09-12 17:00:00,,precipprob,0.0,0.0,,,100.0,,,
2025-09-12 23:00:00,,precipprob,0.0,0.0,,,100.0,,,
2025-09-13 00:00:00,,precipprob,0.0,0.0,,,100.0,,,
2025-09-13 01:00:00,,precipprob,0.0,0.0,,,100.0,,,
2025-09-13 02:00:00,,precipprob,0.0,0.0,,,100.0,,,
2025-09-13 11:00:00,,precipprob,0.0,0.0,,,100.0,,,
2025-09-13 12:00:00,,precipprob,0.0,0.0,,,100.0,,,
2025-09-13 13:00:00,,precipprob,0.0,0.0,,,100.0,,,
2025-09-13 14:00:00,,precipprob,0.0,0.0,,,100.0,,,
2025-09-13 15:00:00,,precipprob,0.0,0.0,,,100.0,,,
2025-09-13 16:00:00,,precipprob,0.0,0.0,,,100.0,,,
2025-09-13 17:00:00,,precipprob,0.0,0.0,,,100.0,,,
2025-09-14 09:00:00,,precipprob,0.0,0.0,,,100.0,,,
2025-09-14 10:00:00,,precipprob,0.0,0.0,,,100.0,,,
2025-09-14 11:00:00,,precipprob,0.0,0.0,,,100.0,,,
2025-09-14 13:00:00,,precipprob,0.0,0.0,,,100.0,,,
2025-09-14 14:00:00,,precipprob,0.0,0.0,,,100.0,,,
2025-09-15 09:00:00,,precipprob,0.0,0.0,,,100.0,,,
2025-09-15 10:00:00,,precipprob,0.0,0.0,,,100.0,,,
2025-09-15 11:00:00,,precipprob,0.0,0.0,,,100.0,,,
2025-09-15 12:00:00,,precipprob,0.0,0.0,,,100.0,,,
2025-09-15 13:00:00,,precipprob,0.0,0.0,,,100.0,,,
2025-09-15 14:00:00,,precipprob,0.0,0.0,,,100.0,,,
2025-09-15 16:00:00,,precipprob,0.0,0.0,,,100.0,,,
2025-09-15 21:00:00,,precipprob,0.0,0.0,,,100.0,,,
2025-09-15 22:00:00,,precipprob,0.0,0.0,,,100.0,,,
2025-09-15 23:00:00,,precipprob,0.0,0.0,,,100.0,,,
2025-09-16 00:00:00,,precipprob,0.0,0.0,,,100.0,,,
2025-09-16 01:00:00,,precipprob,0.0,0.0,,,100.0,,,
2025-09-16 02:00:00,,precipprob,0.0,0.0,,,100.0,,,
2025-09-16 03:00:00,,precipprob,0.0,0.0,,,100.0,,,
2025-09-16 04:00:00,,precipprob,0.0,0.0,,,100.0,,,
2025-09-16 07:00:00,,precipprob,0.0,0.0,,,100.0,,,
2025-09-16 09:00:00,,precipprob,0.0,0.0,,,100.0,,,
2025-09-16 10:00:00,,precipprob,0.0,0.0,,,100.0,,,
2025-09-16 11:00:00,,precipprob,0.0,0.0,,,100.0,,,
2025-09-16 12:00:00,,precipprob,0.0,0.0,,,100.0,,,
2025-09-16 13:00:00,,precipprob,0.0,0.0,,,100.0,,,
2025-09-16 18:00:00,,precipprob,0.0,0.0,,,100.0,,,
2025-09-16 19:00:00,,precipprob,0.0,0.0,,,100.0,,,
2025-09-16 21:00:00,,precipprob,0.0,0.0,,,100.0,,,
2025-09-16 22:00:00,,precipprob,0.0,0.0,,,100.0,,,
2025-09-16 23:00:00,,precipprob,0.0,0.0,,,100.0,,,
2025-09-17 02:00:00,,precipprob,0.0,0.0,,,100.0,,,
2025-09-17 03:00:00,,precipprob,0.0,0.0,,,100.0,,,
2025-09-17 04:00:00,,precipprob,0.0,0.0,,,100.0,,,
2025-09-17 08:00:00,,precipprob,0.0,0.0,,,100.0,,,
2025-09-17 09:00:00,,precipprob,0.0,0.0,,,100.0,,,
2025-09-17 10:00:00,,precipprob,0.0,0.0,,,100.0,,,
2025-09-17 11:00:00,,precipprob,0.0,0.0,,,100.0,,,
2025-09-17 12:00:00,,precipprob,0.0,0.0,,,100.0,,,
2025-09-17 14:00:00,,precipprob,0.0,0.0,,,100.0,,,
2025-09-17 15:00:00,,precipprob,0.0,0.0,,,100.0,,,
2025-09-17 16:00:00,,precipprob,0.0,0.0,,,100.0,,,
2025-09-17 22:00:00,,precipprob,0.0,0.0,,,100.0,,,
2025-09-17 23:00:00,,precipprob,0.0,0.0,,,100.0,,,
2025-09-18 00:00:00,,precipprob,0.0,0.0,,,100.0,,,
2025-09-18 01:00:00,,precipprob,0.0,0.0,,,100.0,,,
2025-09-18 02:00:00,,precipprob,0.0,0.0,,,100.0,,,
2025-09-18 03:00:00,,precipprob,0.0,0.0,,,100.0,,,
2025-09-18 04:00:00,,precipprob,0.0,0.0,,,100.0,,,
2025-09-18 05:00:00,,precipprob,0.0,0.0,,,100.0,,,
2025-09-18 06:00:00,,precipprob,0.0,0.0,,,100.0,,,
2025-09-18 07:00:00,,precipprob,0.0,0.0,,,100.0,,,
2025-09-18 08:00:00,,precipprob,0.0,0.0,,,100.0,,,
2025-09-18 09:00:00,,precipprob,0.0,0.0,,,100.0,,,
2025-09-18 10:00:00,,precipprob,0.0,0.0,,,100.0,,,
2025-09-18 11:00:00,,precipprob,0.0,0.0,,,100.0,,,
2025-09-18 12:00:00,,precipprob,0.0,0.0,,,100.0,,,
2025-09-18 13:00:00,,precipprob,0.0,0.0,,,100.0,,,
2025-09-18 15:00:00,,precipprob,0.0,0.0,,,100.0,,,
2025-09-18 16:00:00,,precipprob,0.0,0.0,,,100.0,,,
2025-09-18 17:00:00,,precipprob,0.0,0.0,,,100.0,,,
2025-09-19 03:00:00,,precipprob,0.0,0.0,,,100.0,,,
2025-09-19 04:00:00,,precipprob,0.0,0.0,,,100.0,,,
2025-09-19 05:00:00,,precipprob,0.0,0.0,,,100.0,,,
2025-09-19 08:00:00,,precipprob,0.0,0.0,,,100.0,,,
2025-09-19 09:00:00,,precipprob,0.0,0.0,,,100.0,,,
2025-09-19 10:00:00,,precipprob,0.0,0.0,,,100.0,,,
2025-09-19 11:00:00,,precipprob,0.0,0.0,,,100.0,,,
2025-09-19 12:00:00,,precipprob,0.0,0.0,,,100.0,,,
2025-09-19 13:00:00,,precipprob,0.0,0.0,,,100.0,,,
2025-09-19 15:00:00,,precipprob,0.0,0.0,,,100.0,,,
2025-09-19 16:00:00,,precipprob,0.0,0.0,,,100.0,,,
2025-09-21 10:00:00,,precipprob,0.0,0.0,,,100.0,,,
2025-09-21 11:00:00,,precipprob,0.0,0.0,,,100.0,,,
2025-09-21 14:00:00,,precipprob,0.0,0.0,,,100.0,,,
2025-09-21 15:00:00,,precipprob,0.0,0.0,,,100.0,,,
2025-09-21 17:00:00,,precipprob,0.0,0.0,,,100.0,,,
2025-09-21 18:00:00,,precipprob,0.0,0.0,,,100.0,,,
2025-09-21 19:00:00,,precipprob,0.0,0.0,,,100.0,,,
2025-09-21 22:00:00,,precipprob,0.0,0.0,,,100.0,,,
2025-09-21 23:00:00,,precipprob,0.0,0.0,,,100.0,,,
2025-09-22 00:00:00,,precipprob,0.0,0.0,,,100.0,,,
2025-09-22 01:00:00,,precipprob,0.0,0.0,,,100.0,,,
2025-09-22 02:00:00,,precipprob,0.0,0.0,,,100.0,,,
2025-09-22 03:00:00,,precipprob,0.0,0.0,,,100.0,,,
2025-09-22 04:00:00,,precipprob,0.0,0.0,,,100.0,,,
2025-09-22 07:00:00,,precipprob,0.0,0.0,,,100.0,,,
2025-09-22 08:00:00,,precipprob,0.0,0.0,,,100.0,,,
2025-09-22 11:00:00,,precipprob,0.0,0.0,,,100.0,,,
2025-09-22 12:00:00,,precipprob,0.0,0.0,,,100.0,,,
2025-09-22 14:00:00,,precipprob,0.0,0.0,,,100.0,,,
2025-09-22 15:00:00,,precipprob,0.0,0.0,,,100.0,,,
2025-09-23 00:00:00,,precipprob,0.0,0.0,,,100.0,,,
2025-09-23 12:00:00,,precipprob,0.0,0.0,,,100.0,,,
2025-09-23 15:00:00,,precipprob,0.0,0.0,,,100.0,,,
2025-09-23 16:00:00,,precipprob,0.0,0.0,,,100.0,,,
2025-09-23 17:00:00,,precipprob,0.0,0.0,,,100.0,,,
2025-09-24 01:00:00,,precipprob,0.0,0.0,,,100.0,,,
2025-09-25 06:00:00,,precipprob,0.0,0.0,,,100.0,,,
2025-09-25 07:00:00,,precipprob,0.0,0.0,,,100.0,,,
2025-09-25 08:00:00,,precipprob,0.0,0.0,,,100.0,,,
2025-09-25 09:00:00,,precipprob,0.0,0.0,,,100.0,,,
2025-09-25 10:00:00,,precipprob,0.0,0.0,,,100.0,,,
2025-09-25 11:00:00,,precipprob,0.0,0.0,,,100.0,,,
2025-09-25 12:00:00,,precipprob,0.0,0.0,,,100.0,,,
2025-09-25 13:00:00,,precipprob,0.0,0.0,,,100.0,,,
2025-09-25 14:00:00,,precipprob,0.0,0.0,,,100.0,,,
2025-09-25 15:00:00,,precipprob,0.0,0.0,,,100.0,,,
2025-09-26 04:00:00,,precipprob,0.0,0.0,,,100.0,,,
2025-09-26 05:00:00,,precipprob,0.0,0.0,,,100.0,,,
2025-09-26 06:00:00,,precipprob,0.0,0.0,,,100.0,,,
2025-09-26 07:00:00,,precipprob,0.0,0.0,,,100.0,,,
2025-09-26 08:00:00,,precipprob,0.0,0.0,,,100.0,,,
2025-09-26 09:00:00,,precipprob,0.0,0.0,,,100.0,,,
2025-09-26 10:00:00,,precipprob,0.0,0.0,,,100.0,,,
2025-09-26 11:00:00,,precipprob,0.0,0.0,,,100.0,,,
2025-09-26 12:00:00,,precipprob,0.0,0.0,,,100.0,,,
2025-09-26 13:00:00,,precipprob,0.0,0.0,,,100.0,,,
2025-09-26 14:00:00,,precipprob,0.0,0.0,,,100.0,,,
2025-09-26 15:00:00,,precipprob,0.0,0.0,,,100.0,,,
2025-09-26 16:00:00,,precipprob,0.0,0.0,,,100.0,,,
2025-09-26 17:00:00,,precipprob,0.0,0.0,,,100.0,,,
2025-09-26 18:00:00,,precipprob,0.0,0.0,,,100.0,,,
2025-09-26 19:00:00,,precipprob,0.0,0.0,,,100.0,,,
2025-09-26 20:00:00,,precipprob,0.0,0.0,,,100.0,,,
2025-09-26 21:00:00,,precipprob,0.0,0.0,,,100.0,,,
2025-09-26 22:00:00,,precipprob,0.0,0.0,,,100.0,,,
2025-09-26 23:00:00,,precipprob,0.0,0.0,,,100.0,,,
2025-09-27 00:00:00,,precipprob,0.0,0.0,,,100.0,,,
2025-09-27 01:00:00,,precipprob,0.0,0.0,,,100.0,,,
2025-09-27 02:00:00,,precipprob,0.0,0.0,,,100.0,,,
2025-09-27 03:00:00,,precipprob,0.0,0.0,,,100.0,,,
2025-09-27 04:00:00,,precipprob,0.0,0.0,,,100.0,,,
2025-09-27 05:00:00,,precipprob,0.0,0.0,,,100.0,,,
2025-09-27 06:00:00,,precipprob,0.0,0.0,,,100.0,,,
2025-09-27 07:00:00,,precipprob,0.0,0.0,,,100.0,,,
2025-09-27 08:00:00,,precipprob,0.0,0.0,,,100.0,,,
2025-09-27 09:00:00,,precipprob,0.0,0.0,,,100.0,,,
2025-09-27 10:00:00,,precipprob,0.0,0.0,,,100.0,,,
2025-09-27 11:00:00,,precipprob,0.0,0.0,,,100.0,,,
2025-09-27 12:00:00,,precipprob,0.0,0.0,,,100.0,,,
2025-09-27 13:00:00,,precipprob,0.0,0.0,,,100.0,,,
2025-09-27 14:00:00,,precipprob,0.0,0.0,,,100.0,,,
2025-09-27 15:00:00,,precipprob,0.0,0.0,,,100.0,,,
2025-09-27 16:00:00,,precipprob,0.0,0.0,,,100.0,,,
2025-09-27 17:00:00,,precipprob,0.0,0.0,,,100.0,,,
2025-09-27 21:00:00,,precipprob,0.0,0.0,,,100.0,,,
2025-09-27 22:00:00,,precipprob,0.0,0.0,,,100.0,,,
2025-09-27 23:00:00,,precipprob,0.0,0.0,,,100.0,,,
2025-09-28 00:00:00,,precipprob,0.0,0.0,,,100.0,,,
2025-09-28 01:00:00,,precipprob,0.0,0.0,,,100.0,,,
2025-09-28 02:00:00,,precipprob,0.0,0.0,,,100.0,,,
2025-09-28 03:00:00,,precipprob,0.0,0.0,,,100.0,,,
2025-09-28 04:00:00,,precipprob,0.0,0.0,,,100.0,,,
2025-09-28 05:00:00,,precipprob,0.0,0.0,,,100.0,,,
2025-09-28 06:00:00,,precipprob,0.0,0.0,,,100.0,,,
2025-09-28 07:00:00,,precipprob,0.0,0.0,,,100.0,,,
2025-09-28 08:00:00,,precipprob,0.0,0.0,,,100.0,,,
2025-09-28 09:00:00,,precipprob,0.0,0.0,,,100.0,,,
2025-09-28 10:00:00,,precipprob,0.0,0.0,,,100.0,,,
2025-09-28 11:00:00,,precipprob,0.0,0.0,,,100.0,,,
2025-09-28 12:00:00,,precipprob,0.0,0.0,,,100.0,,,
2025-09-28 13:00:00,,precipprob,0.0,0.0,,,100.0,,,
2025-09-28 14:00:00,,precipprob,0.0,0.0,,,100.0,,,
2025-09-28 15:00:00,,precipprob,0.0,0.0,,,100.0,,,
2025-09-28 16:00:00,,precipprob,0.0,0.0,,,100.0,,,
2025-09-28 17:00:00,,precipprob,0.0,0.0,,,100.0,,,
2025-09-28 18:00:00,,precipprob,0.0,0.0,,,100.0,,,
2025-09-28 19:00:00,,precipprob,0.0,0.0,,,100.0,,,
2025-09-28 20:00:00,,precipprob,0.0,0.0,,,100.0,,,
2025-09-28 21:00:00,,precipprob,0.0,0.0,,,100.0,,,
2025-09-28 22:00:00,,precipprob,0.0,0.0,,,100.0,,,
2025-09-28 23:00:00,,precipprob,0.0,0.0,,,100.0,,,
2025-09-29 00:00:00,,precipprob,0.0,0.0,,,100.0,,,
2025-09-29 01:00:00,,precipprob,0.0,0.0,,,100.0,,,
2025-09-29 02:00:00,,precipprob,0.0,0.0,,,100.0,,,
2025-09-29 03:00:00,,precipprob,0.0,0.0,,,100.0,,,
2025-09-29 04:00:00,,precipprob,0.0,0.0,,,100.0,,,
2025-09-29 05:00:00,,precipprob,0.0,0.0,,,100.0,,,
2025-09-29 06:00:00,,precipprob,0.0,0.0,,,100.0,,,
2025-09-29 07:00:00,,precipprob,0.0,0.0,,,100.0,,,
2025-09-29 08:00:00,,precipprob,0.0,0.0,,,100.0,,,
2025-09-29 09:00:00,,precipprob,0.0,0.0,,,100.0,,,
2025-09-29 10:00:00,,precipprob,0.0,0.0,,,100.0,,,
2025-09-29 11:00:00,,precipprob,0.0,0.0,,,100.0,,,
2025-09-29 12:00:00,,precipprob,0.0,0.0,,,100.0,,,
2025-09-29 13:00:00,,precipprob,0.0,0.0,,,100.0,,,
2025-09-29 14:00:00,,precipprob,0.0,0.0,,,100.0,,,
2025-09-29 15:00:00,,precipprob,0.0,0.0,,,100.0,,,
2025-09-29 16:00:00,,precipprob,0.0,0.0,,,100.0,,,
2025-09-29 17:00:00,,precipprob,0.0,0.0,,,100.0,,,
2025-09-29 18:00:00,,precipprob,0.0,0.0,,,100.0,,,
2025-09-29 19:00:00,,precipprob,0.0,0.0,,,100.0,,,
2025-09-29 20:00:00,,precipprob,0.0,0.0,,,100.0,,,
2025-09-29 21:00:00,,precipprob,0.0,0.0,,,100.0,,,
2025-09-29 22:00:00,,precipprob,0.0,0.0,,,100.0,,,
2025-09-29 23:00:00,,precipprob,0.0,0.0,,,100.0,,,
2025-09-30 00:00:00,,precipprob,0.0,0.0,,,100.0,,,
2025-09-30 01:00:00,,precipprob,0.0,0.0,,,100.0,,,
2025-09-30 02:00:00,,precipprob,0.0,0.0,,,100.0,,,
2025-09-30 03:00:00,,precipprob,0.0,0.0,,,100.0,,,
2025-09-30 04:00:00,,precipprob,0.0,0.0,,,100.0,,,
2025-09-30 05:00:00,,precipprob,0.0,0.0,,,100.0,,,
2025-09-30 06:00:00,,precipprob,0.0,0.0,,,100.0,,,
2025-09-30 07:00:00,,precipprob,0.0,0.0,,,100.0,,,
2025-09-30 08:00:00,,precipprob,0.0,0.0,,,100.0,,,
2025-09-30 09:00:00,,precipprob,0.0,0.0,,,100.0,,,
2025-09-30 10:00:00,,precipprob,0.0,0.0,,,100.0,,,
2025-09-30 11:00:00,,precipprob,0.0,0.0,,,100.0,,,
2025-09-30 12:00:00,,precipprob,0.0,0.0,,,100.0,,,
2025-09-30 13:00:00,,precipprob,0.0,0.0,,,100.0,,,
2025-09-30 14:00:00,,precipprob,0.0,0.0,,,100.0,,,
2025-09-30 15:00:00,,precipprob,0.0,0.0,,,100.0,,,
2025-09-30 16:00:00,,precipprob,0.0,0.0,,,100.0,,,
2025-09-30 17:00:00,,precipprob,0.0,0.0,,,100.0,,,
2025-09-30 18:00:00,,precipprob,0.0,0.0,,,100.0,,,
2025-09-30 19:00:00,,precipprob,0.0,0.0,,,100.0,,,
2025-09-30 20:00:00,,precipprob,0.0,0.0,,,100.0,,,
2025-09-30 21:00:00,,precipprob,0.0,0.0,,,100.0,,,
2025-09-30 22:00:00,,precipprob,0.0,0.0,,,100.0,,,
2025-09-30 23:00:00,,precipprob,0.0,0.0,,,100.0,,,
2025-10-01 00:00:00,,precipprob,0.0,0.0,,,100.0,,,
2025-10-01 01:00:00,,precipprob,0.0,0.0,,,100.0,,,
2025-10-01 02:00:00,,precipprob,0.0,0.0,,,100.0,,,
2025-10-01 03:00:00,,precipprob,0.0,0.0,,,100.0,,,
2025-10-01 04:00:00,,precipprob,0.0,0.0,,,100.0,,,
2025-10-01 05:00:00,,precipprob,0.0,0.0,,,100.0,,,
2025-10-01 06:00:00,,precipprob,0.0,0.0,,,100.0,,,
2025-10-01 07:00:00,,precipprob,0.0,0.0,,,100.0,,,
2025-10-01 08:00:00,,precipprob,0.0,0.0,,,100.0,,,
2025-10-01 09:00:00,,precipprob,0.0,0.0,,,100.0,,,
2025-10-01 10:00:00,,precipprob,0.0,0.0,,,100.0,,,
2025-10-01 12:00:00,,precipprob,0.0,0.0,,,100.0,,,
2025-10-01 13:00:00,,precipprob,0.0,0.0,,,100.0,,,
2025-10-01 14:00:00,,precipprob,0.0,0.0,,,100.0,,,
2025-10-01 15:00:00,,precipprob,0.0,0.0,,,100.0,,,
2025-10-01 16:00:00,,precipprob,0.0,0.0,,,100.0,,,
2025-10-01 17:00:00,,precipprob,0.0,0.0,,,100.0,,,
2025-10-01 22:00:00,,precipprob,0.0,0.0,,,100.0,,,
2025-10-01 23:00:00,,precipprob,0.0,0.0,,,100.0,,,
2025-10-02 02:00:00,,precipprob,0.0,0.0,,,100.0,,,
2025-10-06 01:00:00,,precipprob,0.0,0.0,,,100.0,,,
2025-10-06 03:00:00,,precipprob,0.0,0.0,,,100.0,,,
2025-10-06 04:00:00,,precipprob,0.0,0.0,,,100.0,,,
2025-10-06 05:00:00,,precipprob,0.0,0.0,,,100.0,,,
2025-10-06 06:00:00,,precipprob,0.0,0.0,,,100.0,,,
2025-10-06 07:00:00,,precipprob,0.0,0.0,,,100.0,,,
2025-10-06 08:00:00,,precipprob,0.0,0.0,,,100.0,,,
2025-10-06 09:00:00,,precipprob,0.0,0.0,,,100.0,,,
2025-10-06 10:00:00,,precipprob,0.0,0.0,,,100.0,,,
2025-10-06 11:00:00,,precipprob,0.0,0.0,,,100.0,,,
2025-10-06 12:00:00,,precipprob,0.0,0.0,,,100.0,,,
2025-10-06 13:00:00,,precipprob,0.0,0.0,,,100.0,,,
2025-10-06 14:00:00,,precipprob,0.0,0.0,,,100.0,,,
2025-10-06 15:00:00,,precipprob,0.0,0.0,,,100.0,,,
2025-10-06 16:00:00,,precipprob,0.0,0.0,,,100.0,,,
2025-10-06 17:00:00,,precipprob,0.0,0.0,,,100.0,,,
2025-10-06 18:00:00,,precipprob,0.0,0.0,,,100.0,,,
2025-10-06 19:00:00,,precipprob,0.0,0.0,,,100.0,,,
2025-10-06 20:00:00,,precipprob,0.0,0.0,,,100.0,,,
2025-10-06 21:00:00,,precipprob,0.0,0.0,,,100.0,,,
2025-10-06 22:00:00,,precipprob,0.0,0.0,,,100.0,,,
2025-10-06 23:00:00,,precipprob,0.0,0.0,,,100.0,,,
2025-10-07 00:00:00,,precipprob,0.0,0.0,,,100.0,,,
2025-10-07 01:00:00,,precipprob,0.0,0.0,,,100.0,,,
2025-10-07 02:00:00,,precipprob,0.0,0.0,,,100.0,,,
2025-10-07 03:00:00,,precipprob,0.0,0.0,,,100.0,,,
2025-10-07 04:00:00,,precipprob,0.0,0.0,,,100.0,,,
2025-10-07 05:00:00,,precipprob,0.0,0.0,,,100.0,,,
2025-10-07 06:00:00,,precipprob,0.0,0.0,,,100.0,,,
2025-10-07 07:00:00,,precipprob,0.0,0.0,,,100.0,,,
2025-10-07 08:00:00,,precipprob,0.0,0.0,,,100.0,,,
2025-10-07 09:00:00,,precipprob,0.0,0.0,,,100.0,,,
2025-10-07 10:00:00,,precipprob,0.0,0.0,,,100.0,,,
2025-10-07 11:00:00,,precipprob,0.0,0.0,,,100.0,,,
2025-10-07 12:00:00,,precipprob,0.0,0.0,,,100.0,,,
2025-10-07 13:00:00,,precipprob,0.0,0.0,,,100.0,,,
2025-10-07 14:00:00,,precipprob,0.0,0.0,,,100.0,,,
2025-10-07 15:00:00,,precipprob,0.0,0.0,,,100.0,,,
2025-10-07 16:00:00,,precipprob,0.0,0.0,,,100.0,,,
2025-10-07 17:00:00,,precipprob,0.0,0.0,,,100.0,,,
2025-10-07 18:00:00,,precipprob,0.0,0.0,,,100.0,,,
2025-10-07 19:00:00,,precipprob,0.0,0.0,,,100.0,,,
2025-10-07 20:00:00,,precipprob,0.0,0.0,,,100.0,,,
2025-10-07 21:00:00,,precipprob,0.0,0.0,,,100.0,,,
2025-10-07 22:00:00,,precipprob,0.0,0.0,,,100.0,,,
2025-10-07 23:00:00,,precipprob,0.0,0.0,,,100.0,,,
2025-10-08 00:00:00,,precipprob,0.0,0.0,,,100.0,,,
2025-10-08 01:00:00,,precipprob,0.0,0.0,,,100.0,,,
2025-10-08 02:00:00,,precipprob,0.0,0.0,,,100.0,,,
2025-10-08 03:00:00,,precipprob,0.0,0.0,,,100.0,,,
2025-10-08 04:00:00,,precipprob,0.0,0.0,,,100.0,,,
2025-10-08 05:00:00,,precipprob,0.0,0.0,,,100.0,,,
2025-10-08 06:00:00,,precipprob,0.0,0.0,,,100.0,,,
2025-10-08 15:00:00,,precipprob,0.0,0.0,,,100.0,,,
2025-10-08 20:00:00,,precipprob,0.0,0.0,,,100.0,,,
2025-10-08 21:00:00,,precipprob,0.0,0.0,,,100.0,,,
2025-10-08 22:00:00,,precipprob,0.0,0.0,,,100.0,,,
2025-10-11 06:00:00,,precipprob,0.0,0.0,,,100.0,,,
2025-10-11 11:00:00,,precipprob,0.0,0.0,,,100.0,,,
2025-10-11 12:00:00,,precipprob,0.0,0.0,,,100.0,,,
2025-10-11 14:00:00,,precipprob,0.0,0.0,,,100.0,,,
2025-10-11 15:00:00,,precipprob,0.0,0.0,,,100.0,,,
2025-10-11 16:00:00,,precipprob,0.0,0.0,,,100.0,,,
2025-10-13 00:00:00,,precipprob,0.0,0.0,,,100.0,,,
2025-10-13 01:00:00,,precipprob,0.0,0.0,,,100.0,,,
2025-10-13 13:00:00,,precipprob,0.0,0.0,,,100.0,,,
2025-10-13 14:00:00,,precipprob,0.0,0.0,,,100.0,,,
2025-10-13 15:00:00,,precipprob,0.0,0.0,,,100.0,,,
2025-10-13 16:00:00,,precipprob,0.0,0.0,,,100.0,,,
2025-10-13 18:00:00,,precipprob,0.0,0.0,,,100.0,,,
2025-10-13 21:00:00,,precipprob,0.0,0.0,,,100.0,,,
2025-10-13 22:00:00,,precipprob,0.0,0.0,,,100.0,,,
2025-10-13 23:00:00,,precipprob,0.0,0.0,,,100.0,,,
2025-10-14 00:00:00,,precipprob,0.0,0.0,,,100.0,,,
2025-10-14 01:00:00,,precipprob,0.0,0.0,,,100.0,,,
2025-10-14 02:00:00,,precipprob,0.0,0.0,,,100.0,,,
2025-10-14 03:00:00,,precipprob,0.0,0.0,,,100.0,,,
2025-10-14 04:00:00,,precipprob,0.0,0.0,,,100.0,,,
2025-10-14 05:00:00,,precipprob,0.0,0.0,,,100.0,,,
2025-10-14 06:00:00,,precipprob,0.0,0.0,,,100.0,,,
2025-10-14 07:00:00,,precipprob,0.0,0.0,,,100.0,,,
2025-10-14 08:00:00,,precipprob,0.0,0.0,,,100.0,,,
2025-10-14 09:00:00,,precipprob,0.0,0.0,,,100.0,,,
2025-10-14 10:00:00,,precipprob,0.0,0.0,,,100.0,,,
2025-10-14 11:00:00,,precipprob,0.0,0.0,,,100.0,,,
2025-10-14 12:00:00,,precipprob,0.0,0.0,,,100.0,,,
2025-10-14 13:00:00,,precipprob,0.0,0.0,,,100.0,,,
2025-10-14 14:00:00,,precipprob,0.0,0.0,,,100.0,,,
2025-10-14 15:00:00,,precipprob,0.0,0.0,,,100.0,,,
2025-10-14 16:00:00,,precipprob,0.0,0.0,,,100.0,,,
2025-10-14 17:00:00,,precipprob,0.0,0.0,,,100.0,,,
2025-10-14 18:00:00,,precipprob,0.0,0.0,,,100.0,,,
2025-10-14 19:00:00,,precipprob,0.0,0.0,,,100.0,,,
2025-10-14 20:00:00,,precipprob,0.0,0.0,,,100.0,,,
2025-10-14 21:00:00,,precipprob,0.0,0.0,,,100.0,,,
2025-10-14 22:00:00,,precipprob,0.0,0.0,,,100.0,,,
2025-10-14 23:00:00,,precipprob,0.0,0.0,,,100.0,,,
2025-10-15 00:00:00,,precipprob,0.0,0.0,,,100.0,,,
2025-10-15 01:00:00,,precipprob,0.0,0.0,,,100.0,,,
2025-10-15 02:00:00,,precipprob,0.0,0.0,,,100.0,,,
2025-10-15 03:00:00,,precipprob,0.0,0.0,,,100.0,,,
2025-10-15 04:00:00,,precipprob,0.0,0.0,,,100.0,,,
2025-10-15 05:00:00,,precipprob,0.0,0.0,,,100.0,,,
2025-10-15 06:00:00,,precipprob,0.0,0.0,,,100.0,,,
2025-10-15 07:00:00,,precipprob,0.0,0.0,,,100.0,,,
2025-10-15 08:00:00,,precipprob,0.0,0.0,,,100.0,,,
2025-10-15 09:00:00,,precipprob,0.0,0.0,,,100.0,,,
2025-10-15 10:00:00,,precipprob,0.0,0.0,,,100.0,,,
2025-10-15 11:00:00,,precipprob,0.0,0.0,,,100.0,,,
2025-10-15 12:00:00,,precipprob,0.0,0.0,,,100.0,,,
2025-10-15 13:00:00,,precipprob,0.0,0.0,,,100.0,,,
2025-10-15 14:00:00,,precipprob,0.0,0.0,,,100.0,,,
2025-10-15 15:00:00,,precipprob,0.0,0.0,,,100.0,,,
2025-10-15 16:00:00,,precipprob,0.0,0.0,,,100.0,,,
2025-10-15 18:00:00,,precipprob,0.0,0.0,,,100.0,,,
2025-10-15 19:00:00,,precipprob,0.0,0.0,,,100.0,,,
2025-10-15 20:00:00,,precipprob,0.0,0.0,,,100.0,,,
2025-10-15 21:00:00,,precipprob,0.0,0.0,,,100.0,,,
2025-10-15 23:00:00,,precipprob,0.0,0.0,,,100.0,,,
2025-10-16 00:00:00,,precipprob,0.0,0.0,,,100.0,,,
2025-10-16 01:00:00,,precipprob,0.0,0.0,,,100.0,,,
2025-10-16 02:00:00,,precipprob,0.0,0.0,,,100.0,,,
2025-10-16 03:00:00,,precipprob,0.0,0.0,,,100.0,,,
2025-10-16 04:00:00,,precipprob,0.0,0.0,,,100.0,,,
2025-10-16 13:00:00,,precipprob,0.0,0.0,,,100.0,,,
2025-10-16 15:00:00,,precipprob,0.0,0.0,,,100.0,,,
2025-10-16 16:00:00,,precipprob,0.0,0.0,,,100.0,,,
2025-10-16 17:00:00,,precipprob,0.0,0.0,,,100.0,,,
2025-10-17 10:00:00,,precipprob,0.0,0.0,,,100.0,,,
2025-10-17 11:00:00,,precipprob,0.0,0.0,,,100.0,,,
2025-10-17 12:00:00,,precipprob,0.0,0.0,,,100.0,,,
2025-10-17 13:00:00,,precipprob,0.0,0.0,,,100.0,,,
2025-10-17 16:00:00,,precipprob,0.0,0.0,,,100.0,,,
2025-10-18 10:00:00,,precipprob,0.0,0.0,,,100.0,,,
2025-10-18 11:00:00,,precipprob,0.0,0.0,,,100.0,,,
2025-10-18 12:00:00,,precipprob,0.0,0.0,,,100.0,,,
2025-10-18 13:00:00,,precipprob,0.0,0.0,,,100.0,,,
2025-10-19 12:00:00,,precipprob,0.0,0.0,,,100.0,,,
2025-10-19 13:00:00,,precipprob,0.0,0.0,,,100.0,,,
2025-10-19 15:00:00,,precipprob,0.0,0.0,,,100.0,,,
2025-10-19 16:00:00,,precipprob,0.0,0.0,,,100.0,,,
2025-10-19 19:00:00,,precipprob,0.0,0.0,,,100.0,,,
2025-10-19 20:00:00,,precipprob,0.0,0.0,,,100.0,,,
2025-10-19 21:00:00,,precipprob,0.0,0.0,,,100.0,,,
2025-10-19 22:00:00,,precipprob,0.0,0.0,,,100.0,,,
2025-10-19 23:00:00,,precipprob,0.0,0.0,,,100.0,,,
2025-10-23 12:00:00,,precipprob,0.0,0.0,,,100.0,,,
2025-10-23 13:00:00,,precipprob,0.0,0.0,,,100.0,,,
2025-10-23 19:00:00,,precipprob,0.0,0.0,,,100.0,,,
2025-10-23 21:00:00,,precipprob,0.0,0.0,,,100.0,,,
2025-10-24 00:00:00,,precipprob,0.0,0.0,,,100.0,,,
2025-10-24 01:00:00,,precipprob,0.0,0.0,,,100.0,,,
2025-10-24 02:00:00,,precipprob,0.0,0.0,,,100.0,,,
2025-10-30 04:00:00,,precipprob,0.0,0.0,,,100.0,,,
2025-10-30 05:00:00,,precipprob,0.0,0.0,,,100.0,,,
2025-10-30 06:00:00,,precipprob,0.0,0.0,,,100.0,,,
2025-10-30 08:00:00,,precipprob,0.0,0.0,,,100.0,,,
2025-10-30 11:00:00,,precipprob,0.0,0.0,,,100.0,,,
2025-10-30 12:00:00,,precipprob,0.0,0.0,,,100.0,,,
2025-10-30 13:00:00,,precipprob,0.0,0.0,,,100.0,,,
2025-10-30 15:00:00,,precipprob,0.0,0.0,,,100.0,,,
2025-10-30 18:00:00,,precipprob,0.0,0.0,,,100.0,,,
2025-10-30 19:00:00,,precipprob,0.0,0.0,,,100.0,,,
2025-10-30 21:00:00,,precipprob,0.0,0.0,,,100.0,,,
2025-10-30 22:00:00,,precipprob,0.0,0.0,,,100.0,,,
2025-10-30 23:00:00,,precipprob,0.0,0.0,,,100.0,,,
2025-10-31 00:00:00,,precipprob,0.0,0.0,,,100.0,,,
2025-10-31 01:00:00,,precipprob,0.0,0.0,,,100.0,,,
2025-10-31 02:00:00,,precipprob,0.0,0.0,,,100.0,,,
2025-10-31 03:00:00,,precipprob,0.0,0.0,,,100.0,,,
2025-10-31 04:00:00,,precipprob,0.0,0.0,,,100.0,,,
2025-10-31 05:00:00,,precipprob,0.0,0.0,,,100.0,,,
2025-10-31 06:00:00,,precipprob,0.0,0.0,,,100.0,,,
2025-10-31 07:00:00,,precipprob,0.0,0.0,,,100.0,,,
2025-10-31 08:00:00,,precipprob,0.0,0.0,,,100.0,,,
2025-10-31 09:00:00,,precipprob,0.0,0.0,,,100.0,,,
2025-10-31 10:00:00,,precipprob,0.0,0.0,,,100.0,,,
2025-10-31 11:00:00,,precipprob,0.0,0.0,,,100.0,,,
2025-10-31 12:00:00,,precipprob,0.0,0.0,,,100.0,,,
2025-10-31 13:00:00,,precipprob,0.0,0.0,,,100.0,,,
2025-10-31 14:00:00,,precipprob,0.0,0.0,,,100.0,,,
2025-10-31 15:00:00,,precipprob,0.0,0.0,,,100.0,,,
2025-10-31 17:00:00,,precipprob,0.0,0.0,,,100.0,,,
2025-10-31 19:00:00,,precipprob,0.0,0.0,,,100.0,,,
2025-10-31 20:00:00,,precipprob,0.0,0.0,,,100.0,,,
2025-10-31 21:00:00,,precipprob,0.0,0.0,,,100.0,,,
2025-10-31 22:00:00,,precipprob,0.0,0.0,,,100.0,,,
2025-10-31 23:00:00,,precipprob,0.0,0.0,,,100.0,,,
2025-11-01 00:00:00,,precipprob,0.0,0.0,,,100.0,,,
2025-11-01 01:00:00,,precipprob,0.0,0.0,,,100.0,,,
2025-11-01 02:00:00,,precipprob,0.0,0.0,,,100.0,,,
2025-11-01 03:00:00,,precipprob,0.0,0.0,,,100.0,,,
2025-11-01 04:00:00,,precipprob,0.0,0.0,,,100.0,,,
2025-11-01 05:00:00,,precipprob,0.0,0.0,,,100.0,,,
2025-11-01 06:00:00,,precipprob,0.0,0.0,,,100.0,,,
2025-11-01 07:00:00,,precipprob,0.0,0.0,,,100.0,,,
2025-11-01 08:00:00,,precipprob,0.0,0.0,,,100.0,,,
2025-11-01 09:00:00,,precipprob,0.0,0.0,,,100.0,,,
2025-11-01 10:00:00,,precipprob,0.0,0.0,,,100.0,,,
2025-11-01 11:00:00,,precipprob,0.0,0.0,,,100.0,,,
2025-11-01 12:00:00,,precipprob,0.0,0.0,,,100.0,,,
2025-11-01 13:00:00,,precipprob,0.0,0.0,,,100.0,,,
2025-11-01 14:00:00,,precipprob,0.0,0.0,,,100.0,,,
2025-11-01 15:00:00,,precipprob,0.0,0.0,,,100.0,,,
2025-11-02 12:00:00,,precipprob,0.0,0.0,,,100.0,,,
2025-11-02 14:00:00,,precipprob,0.0,0.0,,,100.0,,,
2025-11-02 18:00:00,,precipprob,0.0,0.0,,,100.0,,,
2025-11-02 20:00:00,,precipprob,0.0,0.0,,,100.0,,,
2025-11-02 21:00:00,,precipprob,0.0,0.0,,,100.0,,,
2025-11-02 22:00:00,,precipprob,0.0,0.0,,,100.0,,,
2025-11-03 00:00:00,,precipprob,0.0,0.0,,,100.0,,,
2025-11-03 10:00:00,,precipprob,0.0,0.0,,,100.0,,,
2025-11-03 12:00:00,,precipprob,0.0,0.0,,,100.0,,,
2025-11-03 13:00:00,,precipprob,0.0,0.0,,,100.0,,,
2025-11-03 14:00:00,,precipprob,0.0,0.0,,,100.0,,,
2025-11-03 15:00:00,,precipprob,0.0,0.0,,,100.0,,,
2025-11-03 16:00:00,,precipprob,0.0,0.0,,,100.0,,,
2025-11-03 17:00:00,,precipprob,0.0,0.0,,,100.0,,,
2025-11-03 18:00:00,,precipprob,0.0,0.0,,,100.0,,,
2025-11-03 21:00:00,,precipprob,0.0,0.0,,,100.0,,,
2025-11-03 22:00:00,,precipprob,0.0,0.0,,,100.0,,,
2025-11-03 23:00:00,,precipprob,0.0,0.0,,,100.0,,,
2025-11-04 00:00:00,,precipprob,0.0,0.0,,,100.0,,,
2025-11-04 01:00:00,,precipprob,0.0,0.0,,,100.0,,,
2025-11-04 03:00:00,,precipprob,0.0,0.0,,,100.0,,,
2025-11-04 04:00:00,,precipprob,0.0,0.0,,,100.0,,,
2025-11-04 07:00:00,,precipprob,0.0,0.0,,,100.0,,,
2025-11-04 08:00:00,,precipprob,0.0,0.0,,,100.0,,,
2025-11-04 09:00:00,,precipprob,0.0,0.0,,,100.0,,,
2025-11-04 10:00:00,,precipprob,0.0,0.0,,,100.0,,,
2025-11-04 11:00:00,,precipprob,0.0,0.0,,,100.0,,,
2025-11-04 12:00:00,,precipprob,0.0,0.0,,,100.0,,,
2025-11-04 13:00:00,,precipprob,0.0,0.0,,,100.0,,,
2025-11-04 14:00:00,,precipprob,0.0,0.0,,,100.0,,,
2025-11-04 15:00:00,,precipprob,0.0,0.0,,,100.0,,,
2025-11-04 16:00:00,,precipprob,0.0,0.0,,,100.0,,,
2025-11-04 17:00:00,,precipprob,0.0,0.0,,,100.0,,,
2025-11-04 18:00:00,,precipprob,0.0,0.0,,,100.0,,,
2025-11-04 19:00:00,,precipprob,0.0,0.0,,,100.0,,,
2025-11-04 20:00:00,,precipprob,0.0,0.0,,,100.0,,,
2025-11-07 06:00:00,,precipprob,0.0,0.0,,,100.0,,,
2025-11-07 07:00:00,,precipprob,0.0,0.0,,,100.0,,,
2025-11-07 08:00:00,,precipprob,0.0,0.0,,,100.0,,,
2025-11-07 09:00:00,,precipprob,0.0,0.0,,,100.0,,,
2025-11-07 10:00:00,,precipprob,0.0,0.0,,,100.0,,,
2025-11-07 11:00:00,,precipprob,0.0,0.0,,,100.0,,,
2025-11-07 12:00:00,,precipprob,0.0,0.0,,,100.0,,,
2025-11-07 13:00:00,,precipprob,0.0,0.0,,,100.0,,,
2025-11-07 14:00:00,,precipprob,0.0,0.0,,,100.0,,,
2025-11-07 15:00:00,,precipprob,0.0,0.0,,,100.0,,,
2025-11-07 16:00:00,,precipprob,0.0,0.0,,,100.0,,,
2025-11-07 17:00:00,,precipprob,0.0,0.0,,,100.0,,,
2025-11-07 18:00:00,,precipprob,0.0,0.0,,,100.0,,,
2025-11-07 19:00:00,,precipprob,0.0,0.0,,,100.0,,,
2025-11-07 20:00:00,,precipprob,0.0,0.0,,,100.0,,,
2025-11-07 21:00:00,,precipprob,0.0,0.0,,,100.0,,,
2025-11-07 22:00:00,,precipprob,0.0,0.0,,,100.0,,,
2025-11-07 23:00:00,,precipprob,0.0,0.0,,,100.0,,,
2025-11-08 00:00:00,,precipprob,0.0,0.0,,,100.0,,,
2025-11-08 01:00:00,,precipprob,0.0,0.0,,,100.0,,,
2025-11-08 02:00:00,,precipprob,0.0,0.0,,,100.0,,,
2025-11-08 03:00:00,,precipprob,0.0,0.0,,,100.0,,,
2025-11-08 04:00:00,,precipprob,0.0,0.0,,,100.0,,,
2025-11-08 05:00:00,,precipprob,0.0,0.0,,,100.0,,,
2025-11-08 06:00:00,,precipprob,0.0,0.0,,,100.0,,,
2025-11-08 07:00:00,,precipprob,0.0,0.0,,,100.0,,,
2025-11-08 08:00:00,,precipprob,0.0,0.0,,,100.0,,,
2025-11-08 09:00:00,,precipprob,0.0,0.0,,,100.0,,,
2025-11-08 10:00:00,,precipprob,0.0,0.0,,,100.0,,,
2025-11-08 11:00:00,,precipprob,0.0,0.0,,,100.0,,,
2025-11-08 12:00:00,,precipprob,0.0,0.0,,,100.0,,,
2025-11-08 13:00:00,,precipprob,0.0,0.0,,,100.0,,,
2025-11-08 14:00:00,,precipprob,0.0,0.0,,,100.0,,,
2025-11-08 15:00:00,,precipprob,0.0,0.0,,,100.0,,,
2025-11-08 16:00:00,,precipprob,0.0,0.0,,,100.0,,,
2025-11-08 17:00:00,,precipprob,0.0,0.0,,,100.0,,,
2025-11-08 18:00:00,,precipprob,0.0,0.0,,,100.0,,,
2025-11-08 19:00:00,,precipprob,0.0,0.0,,,100.0,,,
2025-11-08 20:00:00,,precipprob,0.0,0.0,,,100.0,,,
2025-11-08 21:00:00,,precipprob,0.0,0.0,,,100.0,,,
2025-11-08 22:00:00,,precipprob,0.0,0.0,,,100.0,,,
2025-11-08 23:00:00,,precipprob,0.0,0.0,,,100.0,,,
2025-11-09 00:00:00,,precipprob,0.0,0.0,,,100.0,,,
2025-11-09 01:00:00,,precipprob,0.0,0.0,,,100.0,,,
2025-11-09 02:00:00,,precipprob,0.0,0.0,,,100.0,,,
2025-11-09 03:00:00,,precipprob,0.0,0.0,,,100.0,,,
2025-11-09 04:00:00,,precipprob,0.0,0.0,,,100.0,,,
2025-11-09 05:00:00,,precipprob,0.0,0.0,,,100.0,,,
2025-11-09 06:00:00,,precipprob,0.0,0.0,,,100.0,,,
2025-11-09 07:00:00,,precipprob,0.0,0.0,,,100.0,,,
2025-11-09 08:00:00,,precipprob,0.0,0.0,,,100.0,,,
2025-11-09 09:00:00,,precipprob,0.0,0.0,,,100.0,,,
2025-11-09 10:00:00,,precipprob,0.0,0.0,,,100.0,,,
2025-11-09 11:00:00,,precipprob,0.0,0.0,,,100.0,,,
2025-11-09 12:00:00,,precipprob,0.0,0.0,,,100.0,,,
2025-11-09 13:00:00,,precipprob,0.0,0.0,,,100.0,,,
2025-11-09 14:00:00,,precipprob,0.0,0.0,,,100.0,,,
2025-11-09 15:00:00,,precipprob,0.0,0.0,,,100.0,,,
2025-11-09 16:00:00,,precipprob,0.0,0.0,,,100.0,,,
2025-11-09 17:00:00,,precipprob,0.0,0.0,,,100.0,,,
2025-11-09 18:00:00,,precipprob,0.0,0.0,,,100.0,,,
2025-11-09 19:00:00,,precipprob,0.0,0.0,,,100.0,,,
2025-11-09 20:00:00,,precipprob,0.0,0.0,,,100.0,,,
2025-11-09 21:00:00,,precipprob,0.0,0.0,,,100.0,,,
2025-11-09 22:00:00,,precipprob,0.0,0.0,,,100.0,,,
2025-11-09 23:00:00,,precipprob,0.0,0.0,,,100.0,,,
2025-11-10 00:00:00,,precipprob,0.0,0.0,,,100.0,,,
2025-11-10 20:00:00,,precipprob,0.0,0.0,,,100.0,,,
2025-11-10 21:00:00,,precipprob,0.0,0.0,,,100.0,,,
2025-11-10 23:00:00,,precipprob,0.0,0.0,,,100.0,,,
2025-11-11 00:00:00,,precipprob,0.0,0.0,,,100.0,,,
2025-11-11 01:00:00,,precipprob,0.0,0.0,,,100.0,,,
2025-11-11 02:00:00,,precipprob,0.0,0.0,,,100.0,,,
2025-11-11 03:00:00,,precipprob,0.0,0.0,,,100.0,,,
2025-11-11 04:00:00,,precipprob,0.0,0.0,,,100.0,,,
2025-11-11 05:00:00,,precipprob,0.0,0.0,,,100.0,,,
2025-11-11 07:00:00,,precipprob,0.0,0.0,,,100.0,,,
2025-11-11 08:00:00,,precipprob,0.0,0.0,,,100.0,,,
2025-11-11 09:00:00,,precipprob,0.0,0.0,,,100.0,,,
2025-11-11 10:00:00,,precipprob,0.0,0.0,,,100.0,,,
2025-11-16 13:00:00,,precipprob,0.0,0.0,,,100.0,,,
2025-11-17 13:00:00,,precipprob,0.0,0.0,,,100.0,,,
2025-11-17 14:00:00,,precipprob,0.0,0.0,,,100.0,,,
2025-11-17 15:00:00,,precipprob,0.0,0.0,,,100.0,,,
2025-11-17 16:00:00,,precipprob,0.0,0.0,,,100.0,,,
2025-11-17 17:00:00,,precipprob,0.0,0.0,,,100.0,,,
2025-11-17 18:00:00,,precipprob,0.0,0.0,,,100.0,,,
2025-11-17 19:00:00,,precipprob,0.0,0.0,,,100.0,,,
2025-11-17 20:00:00,,precipprob,0.0,0.0,,,100.0,,,
2025-11-17 21:00:00,,precipprob,0.0,0.0,,,100.0,,,
2025-11-17 22:00:00,,precipprob,0.0,0.0,,,100.0,,,
2025-11-17 23:00:00,,precipprob,0.0,0.0,,,100.0,,,
2025-11-18 00:00:00,,precipprob,0.0,0.0,,,100.0,,,
2025-11-18 01:00:00,,precipprob,0.0,0.0,,,100.0,,,
2025-11-18 02:00:00,,precipprob,0.0,0.0,,,100.0,,,
2025-11-18 03:00:00,,precipprob,0.0,0.0,,,100.0,,,
2025-11-18 04:00:00,,precipprob,0.0,0.0,,,100.0,,,
2025-11-18 05:00:00,,precipprob,0.0,0.0,,,100.0,,,
2025-11-18 06:00:00,,precipprob,0.0,0.0,,,100.0,,,
2025-11-18 07:00:00,,precipprob,0.0,0.0,,,100.0,,,
2025-11-18 08:00:00,,precipprob,0.0,0.0,,,100.0,,,
2025-11-18 09:00:00,,precipprob,0.0,0.0,,,100.0,,,
2025-11-18 10:00:00,,precipprob,0.0,0.0,,,100.0,,,
2025-11-18 11:00:00,,precipprob,0.0,0.0,,,100.0,,,
2025-11-18 12:00:00,,precipprob,0.0,0.0,,,100.0,,,
2025-11-18 13:00:00,,precipprob,0.0,0.0,,,100.0,,,
2025-11-18 14:00:00,,precipprob,0.0,0.0,,,100.0,,,
2025-11-18 15:00:00,,precipprob,0.0,0.0,,,100.0,,,
2025-11-18 16:00:00,,precipprob,0.0,0.0,,,100.0,,,
2025-11-18 17:00:00,,precipprob,0.0,0.0,,,100.0,,,
2025-11-18 18:00:00,,precipprob,0.0,0.0,,,100.0,,,
2025-11-18 19:00:00,,precipprob,0.0,0.0,,,100.0,,,
2025-11-18 20:00:00,,precipprob,0.0,0.0,,,100.0,,,
2025-11-18 21:00:00,,precipprob,0.0,0.0,,,100.0,,,
2025-11-18 22:00:00,,precipprob,0.0,0.0,,,100.0,,,
2025-11-18 23:00:00,,precipprob,0.0,0.0,,,100.0,,,
2025-12-02 01:00:00,,precipprob,0.0,0.0,,,100.0,,,
2025-12-02 11:00:00,,precipprob,0.0,0.0,,,100.0,,,
2025-12-02 12:00:00,,precipprob,0.0,0.0,,,100.0,,,
2025-12-02 13:00:00,,precipprob,0.0,0.0,,,100.0,,,
2025-12-02 14:00:00,,precipprob,0.0,0.0,,,100.0,,,
2025-12-03 03:00:00,,precipprob,0.0,0.0,,,100.0,,,
2025-12-03 04:00:00,,precipprob,0.0,0.0,,,100.0,,,
2025-12-03 05:00:00,,precipprob,0.0,0.0,,,100.0,,,
2025-12-03 06:00:00,,precipprob,0.0,0.0,,,100.0,,,
2025-12-03 07:00:00,,precipprob,0.0,0.0,,,100.0,,,
2025-12-03 08:00:00,,precipprob,0.0,0.0,,,100.0,,,
2025-12-03 09:00:00,,precipprob,0.0,0.0,,,100.0,,,
2025-12-03 10:00:00,,precipprob,0.0,0.0,,,100.0,,,
2025-12-03 12:00:00,,precipprob,0.0,0.0,,,100.0,,,
2025-12-03 13:00:00,,precipprob,0.0,0.0,,,100.0,,,
2025-12-05 03:00:00,,precipprob,0.0,0.0,,,100.0,,,
2025-12-05 04:00:00,,precipprob,0.0,0.0,,,100.0,,,
2025-12-05 05:00:00,,precipprob,0.0,0.0,,,100.0,,,
2025-12-05 06:00:00,,precipprob,0.0,0.0,,,100.0,,,
2025-12-05 07:00:00,,precipprob,0.0,0.0,,,100.0,,,
2025-12-05 08:00:00,,precipprob,0.0,0.0,,,100.0,,,
2025-12-05 09:00:00,,precipprob,0.0,0.0,,,100.0,,,
2025-12-05 10:00:00,,precipprob,0.0,0.0,,,100.0,,,
2025-12-05 11:00:00,,precipprob,0.0,0.0,,,100.0,,,
2025-12-05 12:00:00,,precipprob,0.0,0.0,,,100.0,,,
2025-12-05 13:00:00,,precipprob,0.0,0.0,,,100.0,,,
2025-12-05 14:00:00,,precipprob,0.0,0.0,,,100.0,,,
2025-12-05 21:00:00,,precipprob,0.0,0.0,,,100.0,,,
2025-12-05 22:00:00,,precipprob,0.0,0.0,,,100.0,,,
2025-12-07 07:00:00,,precipprob,0.0,0.0,,,100.0,,,
2025-12-07 10:00:00,,precipprob,0.0,0.0,,,100.0,,,
2025-12-07 11:00:00,,precipprob,0.0,0.0,,,100.0,,,
2025-12-07 12:00:00,,precipprob,0.0,0.0,,,100.0,,,
2025-12-07 13:00:00,,precipprob,0.0,0.0,,,100.0,,,
2025-12-07 14:00:00,,precipprob,0.0,0.0,,,100.0,,,
2025-12-07 21:00:00,,precipprob,0.0,0.0,,,100.0,,,
2025-12-07 22:00:00,,precipprob,0.0,0.0,,,100.0,,,
2025-12-07 23:00:00,,precipprob,0.0,0.0,,,100.0,,,
2025-12-08 00:00:00,,precipprob,0.0,0.0,,,100.0,,,
2025-12-08 01:00:00,,precipprob,0.0,0.0,,,100.0,,,
2025-12-08 02:00:00,,precipprob,0.0,0.0,,,100.0,,,
2025-12-08 03:00:00,,precipprob,0.0,0.0,,,100.0,,,
2025-12-08 08:00:00,,precipprob,0.0,0.0,,,100.0,,,
2025-12-11 14:00:00,,precipprob,0.0,0.0,,,100.0,,,
2025-12-11 15:00:00,,precipprob,0.0,0.0,,,100.0,,,
2025-12-12 09:00:00,,precipprob,0.0,0.0,,,100.0,,,
2025-12-12 17:00:00,,precipprob,0.0,0.0,,,100.0,,,
2025-12-12 18:00:00,,precipprob,0.0,0.0,,,100.0,,,
2025-12-12 19:00:00,,precipprob,0.0,0.0,,,100.0,,,
2025-12-12 20:00:00,,precipprob,0.0,0.0,,,100.0,,,
2025-12-12 21:00:00,,precipprob,0.0,0.0,,,100.0,,,
2025-12-12 22:00:00,,precipprob,0.0,0.0,,,100.0,,,
2025-12-12 23:00:00,,precipprob,0.0,0.0,,,100.0,,,
2025-12-13 00:00:00,,precipprob,0.0,0.0,,,100.0,,,
2025-12-13 01:00:00,,precipprob,0.0,0.0,,,100.0,,,
2025-12-13 02:00:00,,precipprob,0.0,0.0,,,100.0,,,
2025-12-13 03:00:00,,precipprob,0.0,0.0,,,100.0,,,
2025-12-13 04:00:00,,precipprob,0.0,0.0,,,100.0,,,
2025-12-13 05:00:00,,precipprob,0.0,0.0,,,100.0,,,
2025-12-13 06:00:00,,precipprob,0.0,0.0,,,100.0,,,
2025-12-13 07:00:00,,precipprob,0.0,0.0,,,100.0,,,
2025-12-13 08:00:00,,precipprob,0.0,0.0,,,100.0,,,
2025-12-13 09:00:00,,precipprob,0.0,0.0,,,100.0,,,
2025-12-13 10:00:00,,precipprob,0.0,0.0,,,100.0,,,
2025-12-13 11:00:00,,precipprob,0.0,0.0,,,100.0,,,
2025-12-13 12:00:00,,precipprob,0.0,0.0,,,100.0,,,
2025-12-13 13:00:00,,precipprob,0.0,0.0,,,100.0,,,
2025-12-13 14:00:00,,precipprob,0.0,0.0,,,100.0,,,
2025-12-13 15:00:00,,precipprob,0.0,0.0,,,100.0,,,
2025-12-13 16:00:00,,precipprob,0.0,0.0,,,100.0,,,
2025-12-13 17:00:00,,precipprob,0.0,0.0,,,100.0,,,
2025-12-13 18:00:00,,precipprob,0.0,0.0,,,100.0,,,
2025-12-13 19:00:00,,precipprob,0.0,0.0,,,100.0,,,
2025-12-13 20:00:00,,precipprob,0.0,0.0,,,100.0,,,
2025-12-13 21:00:00,,precipprob,0.0,0.0,,,100.0,,,
2025-12-14 12:00:00,,precipprob,0.0,0.0,,,100.0,,,
2025-12-16 15:00:00,,precipprob,0.0,0.0,,,100.0,,,
2025-12-17 01:00:00,,precipprob,0.0,0.0,,,100.0,,,
2025-12-17 02:00:00,,precipprob,0.0,0.0,,,100.0,,,
2025-12-17 03:00:00,,precipprob,0.0,0.0,,,100.0,,,
2025-12-17 04:00:00,,precipprob,0.0,0.0,,,100.0,,,
2025-12-17 05:00:00,,precipprob,0.0,0.0,,,100.0,,,
2025-12-17 06:00:00,,precipprob,0.0,0.0,,,100.0,,,
2025-12-17 07:00:00,,precipprob,0.0,0.0,,,100.0,,,
2025-12-17 08:00:00,,precipprob,0.0,0.0,,,100.0,,,
2025-12-17 09:00:00,,precipprob,0.0,0.0,,,100.0,,,
2025-12-17 10:00:00,,precipprob,0.0,0.0,,,100.0,,,
2025-12-17 11:00:00,,precipprob,0.0,0.0,,,100.0,,,
2025-12-17 12:00:00,,precipprob,0.0,0.0,,,100.0,,,
2025-12-17 13:00:00,,precipprob,0.0,0.0,,,100.0,,,
2025-12-17 14:00:00,,precipprob,0.0,0.0,,,100.0,,,
2025-12-17 16:00:00,,precipprob,0.0,0.0,,,100.0,,,
2025-12-17 21:00:00,,precipprob,0.0,0.0,,,100.0,,,
2025-12-20 07:00:00,,precipprob,0.0,0.0,,,100.0,,,
2025-12-20 08:00:00,,precipprob,0.0,0.0,,,100.0,,,
2025-12-20 09:00:00,,precipprob,0.0,0.0,,,100.0,,,
2025-12-20 10:00:00,,precipprob,0.0,0.0,,,100.0,,,
2025-12-20 11:00:00,,precipprob,0.0,0.0,,,100.0,,,
2025-12-20 12:00:00,,precipprob,0.0,0.0,,,100.0,,,
2025-12-20 14:00:00,,precipprob,0.0,0.0,,,100.0,,,
2025-12-20 15:00:00,,precipprob,0.0,0.0,,,100.0,,,
2025-12-20 16:00:00,,precipprob,0.0,0.0,,,100.0,,,
2025-12-21 02:00:00,,precipprob,0.0,0.0,,,100.0,,,
2025-12-21 03:00:00,,precipprob,0.0,0.0,,,100.0,,,
2025-12-21 04:00:00,,precipprob,0.0,0.0,,,100.0,,,
2025-12-21 19:00:00,,precipprob,0.0,0.0,,,100.0,,,
2025-12-21 20:00:00,,precipprob,0.0,0.0,,,100.0,,,
2025-12-22 02:00:00,,precipprob,0.0,0.0,,,100.0,,,
2025-12-22 12:00:00,,precipprob,0.0,0.0,,,100.0,,,
2025-12-22 13:00:00,,precipprob,0.0,0.0,,,100.0,,,
2025-12-22 14:00:00,,precipprob,0.0,0.0,,,100.0,,,
2025-12-23 10:00:00,,precipprob,0.0,0.0,,,100.0,,,
2025-12-23 11:00:00,,precipprob,0.0,0.0,,,100.0,,,
2025-12-23 13:00:00,,precipprob,0.0,0.0,,,100.0,,,
2025-12-23 16:00:00,,precipprob,0.0,0.0,,,100.0,,,
2025-12-24 04:00:00,,precipprob,0.0,0.0,,,100.0,,,
2025-12-24 09:00:00,,precipprob,0.0,0.0,,,100.0,,,
2025-12-24 10:00:00,,precipprob,0.0,0.0,,,100.0,,,
2025-12-24 11:00:00,,precipprob,0.0,0.0,,,100.0,,,
2025-12-24 12:00:00,,precipprob,0.0,0.0,,,100.0,,,
2025-12-24 13:00:00,,precipprob,0.0,0.0,,,100.0,,,
2025-12-24 14:00:00,,precipprob,0.0,0.0,,,100.0,,,
2025-12-24 15:00:00,,precipprob,0.0,0.0,,,100.0,,,
2025-12-24 22:00:00,,precipprob,0.0,0.0,,,100.0,,,
2025-12-25 00:00:00,,precipprob,0.0,0.0,,,100.0,,,
2025-12-25 01:00:00,,precipprob,0.0,0.0,,,100.0,,,
2025-12-25 02:00:00,,precipprob,0.0,0.0,,,100.0,,,
2025-12-25 03:00:00,,precipprob,0.0,0.0,,,100.0,,,
2025-12-25 04:00:00,,precipprob,0.0,0.0,,,100.0,,,
2025-12-25 05:00:00,,precipprob,0.0,0.0,,,100.0,,,
2025-12-25 06:00:00,,precipprob,0.0,0.0,,,100.0,,,
2025-12-25 07:00:00,,precipprob,0.0,0.0,,,100.0,,,
2025-12-29 10:00:00,,precipprob,0.0,0.0,,,100.0,,,
2025-12-29 11:00:00,,precipprob,0.0,0.0,,,100.0,,,
2025-12-29 12:00:00,,precipprob,0.0,0.0,,,100.0,,,
2025-12-29 13:00:00,,precipprob,0.0,0.0,,,100.0,,,
2025-12-29 15:00:00,,precipprob,0.0,0.0,,,100.0,,,
2025-12-29 22:00:00,,precipprob,0.0,0.0,,,100.0,,,
2025-12-29 23:00:00,,precipprob,0.0,0.0,,,100.0,,,
2025-12-30 13:00:00,,precipprob,0.0,0.0,,,100.0,,,
2025-12-31 10:00:00,,precipprob,0.0,0.0,,,100.0,,,
2025-12-31 11:00:00,,precipprob,0.0,0.0,,,100.0,,,
2025-12-31 12:00:00,,precipprob,0.0,0.0,,,100.0,,,
2025-12-31 13:00:00,,precipprob,0.0,0.0,,,100.0,,,
2025-12-31 14:00:00,,precipprob,0.0,0.0,,,100.0,,,
2025-12-31 15:00:00,,precipprob,0.0,0.0,,,100.0,,,
2026-01-01 01:00:00,,precipprob,0.0,0.0,,,100.0,,,
2026-01-01 02:00:00,,precipprob,0.0,0.0,,,100.0,,,
2026-01-01 03:00:00,,precipprob,0.0,0.0,,,100.0,,,
2026-01-01 04:00:00,,precipprob,0.0,0.0,,,100.0,,,
2026-01-01 05:00:00,,precipprob,0.0,0.0,,,100.0,,,
2026-01-01 06:00:00,,precipprob,0.0,0.0,,,100.0,,,
2026-01-01 07:00:00,,precipprob,0.0,0.0,,,100.0,,,
2026-01-01 08:00:00,,precipprob,0.0,0.0,,,100.0,,,
2026-01-01 09:00:00,,precipprob,0.0,0.0,,,100.0,,,
2026-01-01 10:00:00,,precipprob,0.0,0.0,,,100.0,,,
2026-01-01 11:00:00,,precipprob,0.0,0.0,,,100.0,,,
2026-01-01 12:00:00,,precipprob,0.0,0.0,,,100.0,,,
2026-01-01 13:00:00,,precipprob,0.0,0.0,,,100.0,,,
2026-01-01 14:00:00,,precipprob,0.0,0.0,,,100.0,,,
2026-01-01 15:00:00,,precipprob,0.0,0.0,,,100.0,,,
2026-01-01 16:00:00,,precipprob,0.0,0.0,,,100.0,,,
2026-01-01 17:00:00,,precipprob,0.0,0.0,,,100.0,,,
2026-01-01 18:00:00,,precipprob,0.0,0.0,,,100.0,,,
2026-01-01 19:00:00,,precipprob,0.0,0.0,,,100.0,,,
2026-01-01 20:00:00,,precipprob,0.0,0.0,,,100.0,,,
2026-01-01 21:00:00,,precipprob,0.0,0.0,,,100.0,,,
2026-01-01 22:00:00,,precipprob,0.0,0.0,,,100.0,,,
2026-01-01 23:00:00,,precipprob,0.0,0.0,,,100.0,,,
2026-01-02 00:00:00,,precipprob,0.0,0.0,,,100.0,,,
2026-01-02 01:00:00,,precipprob,0.0,0.0,,,100.0,,,
2026-01-02 02:00:00,,precipprob,0.0,0.0,,,100.0,,,
2026-01-02 03:00:00,,precipprob,0.0,0.0,,,100.0,,,
2026-01-02 04:00:00,,precipprob,0.0,0.0,,,100.0,,,
2026-01-02 05:00:00,,precipprob,0.0,0.0,,,100.0,,,
2026-01-02 06:00:00,,precipprob,0.0,0.0,,,100.0,,,
2026-01-02 07:00:00,,precipprob,0.0,0.0,,,100.0,,,
2026-01-02 08:00:00,,precipprob,0.0,0.0,,,100.0,,,
2026-01-02 09:00:00,,precipprob,0.0,0.0,,,100.0,,,
2026-01-02 10:00:00,,precipprob,0.0,0.0,,,100.0,,,
2026-01-02 11:00:00,,precipprob,0.0,0.0,,,100.0,,,
2026-01-02 12:00:00,,precipprob,0.0,0.0,,,100.0,,,
2026-01-02 13:00:00,,precipprob,0.0,0.0,,,100.0,,,
2026-01-04 16:00:00,,precipprob,0.0,0.0,,,100.0,,,
2026-01-05 01:00:00,,precipprob,0.0,0.0,,,100.0,,,
2026-01-05 03:00:00,,precipprob,0.0,0.0,,,100.0,,,
2026-01-05 04:00:00,,precipprob,0.0,0.0,,,100.0,,,
2026-01-05 05:00:00,,precipprob,0.0,0.0,,,100.0,,,
2026-01-05 06:00:00,,precipprob,0.0,0.0,,,100.0,,,
2026-01-05 07:00:00,,precipprob,0.0,0.0,,,100.0,,,
2026-01-05 08:00:00,,precipprob,0.0,0.0,,,100.0,,,
2026-01-15 12:00:00,,precipprob,0.0,0.0,,,100.0,,,
2026-01-15 13:00:00,,precipprob,0.0,0.0,,,100.0,,,
2026-01-17 06:00:00,,precipprob,0.0,0.0,,,100.0,,,
2026-01-17 08:00:00,,precipprob,0.0,0.0,,,100.0,,,
2026-01-17 09:00:00,,precipprob,0.0,0.0,,,100.0,,,
2026-01-17 12:00:00,,precipprob,0.0,0.0,,,100.0,,,
2026-01-17 14:00:00,,precipprob,0.0,0.0,,,100.0,,,
2026-01-17 15:00:00,,precipprob,0.0,0.0,,,100.0,,,
2026-01-19 05:00:00,,precipprob,0.0,0.0,,,100.0,,,
2026-01-19 06:00:00,,precipprob,0.0,0.0,,,100.0,,,
2026-01-19 07:00:00,,precipprob,0.0,0.0,,,100.0,,,
2026-01-19 08:00:00,,precipprob,0.0,0.0,,,100.0,,,
2026-01-19 09:00:00,,precipprob,0.0,0.0,,,100.0,,,
2026-01-19 10:00:00,,precipprob,0.0,0.0,,,100.0,,,
2026-01-19 11:00:00,,precipprob,0.0,0.0,,,100.0,,,
2026-01-19 13:00:00,,precipprob,0.0,0.0,,,100.0,,,
2026-01-19 14:00:00,,precipprob,0.0,0.0,,,100.0,,,
2026-01-19 15:00:00,,precipprob,0.0,0.0,,,100.0,,,
2026-01-20 06:00:00,,precipprob,0.0,0.0,,,100.0,,,
2026-01-20 07:00:00,,precipprob,0.0,0.0,,,100.0,,,
2026-01-20 08:00:00,,precipprob,0.0,0.0,,,100.0,,,
2026-01-20 09:00:00,,precipprob,0.0,0.0,,,100.0,,,
2026-01-20 10:00:00,,precipprob,0.0,0.0,,,100.0,,,
2026-01-20 11:00:00,,precipprob,0.0,0.0,,,100.0,,,
2026-01-20 12:00:00,,precipprob,0.0,0.0,,,100.0,,,
2026-01-20 13:00:00,,precipprob,0.0,0.0,,,100.0,,,
2026-01-20 14:00:00,,precipprob,0.0,0.0,,,100.0,,,
2026-01-20 15:00:00,,precipprob,0.0,0.0,,,100.0,,,
2026-01-20 16:00:00,,precipprob,0.0,0.0,,,100.0,,,
2026-01-20 17:00:00,,precipprob,0.0,0.0,,,100.0,,,
2026-01-20 18:00:00,,precipprob,0.0,0.0,,,100.0,,,
2026-01-20 19:00:00,,precipprob,0.0,0.0,,,100.0,,,
2026-01-20 20:00:00,,precipprob,0.0,0.0,,,100.0,,,
2026-01-20 21:00:00,,precipprob,0.0,0.0,,,100.0,,,
2026-01-20 22:00:00,,precipprob,0.0,0.0,,,100.0,,,
2026-01-20 23:00:00,,precipprob,0.0,0.0,,,100.0,,,
2026-01-21 00:00:00,,precipprob,0.0,0.0,,,100.0,,,
2026-01-21 01:00:00,,precipprob,0.0,0.0,,,100.0,,,
2026-01-21 02:00:00,,precipprob,0.0,0.0,,,100.0,,,
2026-01-21 03:00:00,,precipprob,0.0,0.0,,,100.0,,,
2026-01-21 04:00:00,,precipprob,0.0,0.0,,,100.0,,,
2026-01-21 08:00:00,,precipprob,0.0,0.0,,,100.0,,,
2026-01-21 09:00:00,,precipprob,0.0,0.0,,,100.0,,,
2026-01-21 10:00:00,,precipprob,0.0,0.0,,,100.0,,,
2026-01-21 11:00:00,,precipprob,0.0,0.0,,,100.0,,,
2026-01-21 12:00:00,,precipprob,0.0,0.0,,,100.0,,,
2026-01-21 13:00:00,,precipprob,0.0,0.0,,,100.0,,,
2026-01-22 00:00:00,,precipprob,0.0,0.0,,,100.0,,,
2026-01-22 01:00:00,,precipprob,0.0,0.0,,,100.0,,,
2026-01-22 02:00:00,,precipprob,0.0,0.0,,,100.0,,,
2026-01-22 03:00:00,,precipprob,0.0,0.0,,,100.0,,,
2026-01-22 04:00:00,,precipprob,0.0,0.0,,,100.0,,,
2026-01-22 05:00:00,,precipprob,0.0,0.0,,,100.0,,,
2026-01-22 06:00:00,,precipprob,0.0,0.0,,,100.0,,,
2026-01-22 07:00:00,,precipprob,0.0,0.0,,,100.0,,,
2026-01-22 08:00:00,,precipprob,0.0,0.0,,,100.0,,,
2026-01-22 09:00:00,,precipprob,0.0,0.0,,,100.0,,,
2026-01-22 11:00:00,,precipprob,0.0,0.0,,,100.0,,,
2026-01-22 12:00:00,,precipprob,0.0,0.0,,,100.0,,,
2026-01-22 23:00:00,,precipprob,0.0,0.0,,,100.0,,,
2026-01-23 02:00:00,,precipprob,0.0,0.0,,,100.0,,,
2026-01-25 02:00:00,,precipprob,0.0,0.0,,,100.0,,,
2026-01-25 05:00:00,,precipprob,0.0,0.0,,,100.0,,,
2026-01-25 06:00:00,,precipprob,0.0,0.0,,,100.0,,,
2026-01-25 07:00:00,,precipprob,0.0,0.0,,,100.0,,,
2026-01-25 23:00:00,,precipprob,0.0,0.0,,,100.0,,,
2026-01-26 05:00:00,,precipprob,0.0,0.0,,,100.0,,,
2026-01-26 06:00:00,,precipprob,0.0,0.0,,,100.0,,,
2026-01-26 07:00:00,,precipprob,0.0,0.0,,,100.0,,,
2026-01-26 08:00:00,,precipprob,0.0,0.0,,,100.0,,,
2026-01-26 09:00:00,,precipprob,0.0,0.0,,,100.0,,,
2026-01-26 10:00:00,,precipprob,0.0,0.0,,,100.0,,,
2026-01-26 11:00:00,,precipprob,0.0,0.0,,,100.0,,,
2026-01-27 12:00:00,,precipprob,0.0,0.0,,,100.0,,,
2026-01-27 13:00:00,,precipprob,0.0,0.0,,,100.0,,,
2026-01-30 10:00:00,,precipprob,0.0,0.0,,,100.0,,,
2026-01-30 11:00:00,,precipprob,0.0,0.0,,,100.0,,,
2026-01-30 12:00:00,,precipprob,0.0,0.0,,,100.0,,,
2026-01-30 13:00:00,,precipprob,0.0,0.0,,,100.0,,,
2026-01-30 15:00:00,,precipprob,0.0,0.0,,,100.0,,,
2026-01-31 07:00:00,,precipprob,0.0,0.0,,,100.0,,,
2026-01-31 08:00:00,,precipprob,0.0,0.0,,,100.0,,,
2026-02-05 10:00:00,,precipprob,0.0,0.0,,,100.0,,,
2026-02-06 02:00:00,,precipprob,0.0,0.0,,,100.0,,,
2026-02-06 03:00:00,,precipprob,0.0,0.0,,,100.0,,,
2026-02-06 04:00:00,,precipprob,0.0,0.0,,,100.0,,,
2026-02-06 09:00:00,,precipprob,0.0,0.0,,,100.0,,,
2026-02-06 16:00:00,,precipprob,0.0,0.0,,,100.0,,,
2026-02-07 06:00:00,,precipprob,0.0,0.0,,,100.0,,,
2026-02-07 09:00:00,,precipprob,0.0,0.0,,,100.0,,,
2026-02-07 10:00:00,,precipprob,0.0,0.0,,,100.0,,,
2026-02-07 11:00:00,,precipprob,0.0,0.0,,,100.0,,,
2026-02-07 14:00:00,,precipprob,0.0,0.0,,,100.0,,,
2026-02-07 15:00:00,,precipprob,0.0,0.0,,,100.0,,,
2026-02-07 22:00:00,,precipprob,0.0,0.0,,,100.0,,,
2026-02-07 23:00:00,,precipprob,0.0,0.0,,,100.0,,,
2026-02-08 00:00:00,,precipprob,0.0,0.0,,,100.0,,,
2026-02-08 01:00:00,,precipprob,0.0,0.0,,,100.0,,,
2026-02-08 02:00:00,,precipprob,0.0,0.0,,,100.0,,,
2026-02-08 03:00:00,,precipprob,0.0,0.0,,,100.0,,,
2026-02-08 04:00:00,,precipprob,0.0,0.0,,,100.0,,,
2026-02-08 05:00:00,,precipprob,0.0,0.0,,,100.0,,,
2026-02-08 06:00:00,,precipprob,0.0,0.0,,,100.0,,,
2026-02-08 07:00:00,,precipprob,0.0,0.0,,,100.0,,,
2026-02-08 08:00:00,,precipprob,0.0,0.0,,,100.0,,,
2026-02-08 09:00:00,,precipprob,0.0,0.0,,,100.0,,,
2026-02-08 10:00:00,,precipprob,0.0,0.0,,,100.0,,,
2026-02-08 11:00:00,,precipprob,0.0,0.0,,,100.0,,,
2026-02-08 12:00:00,,precipprob,0.0,0.0,,,100.0,,,
2026-02-08 13:00:00,,precipprob,0.0,0.0,,,100.0,,,
2026-02-08 14:00:00,,precipprob,0.0,0.0,,,100.0,,,
2026-02-08 15:00:00,,precipprob,0.0,0.0,,,100.0,,,
2026-02-08 16:00:00,,precipprob,0.0,0.0,,,100.0,,,
2026-02-08 17:00:00,,precipprob,0.0,0.0,,,100.0,,,
2026-02-08 18:00:00,,precipprob,0.0,0.0,,,100.0,,,
2026-02-08 19:00:00,,precipprob,0.0,0.0,,,100.0,,,
2026-02-08 20:00:00,,precipprob,0.0,0.0,,,100.0,,,
2026-02-08 21:00:00,,precipprob,0.0,0.0,,,100.0,,,
2026-02-08 22:00:00,,precipprob,0.0,0.0,,,100.0,,,
2026-02-08 23:00:00,,precipprob,0.0,0.0,,,100.0,,,
2026-02-09 00:00:00,,precipprob,0.0,0.0,,,100.0,,,
2026-02-09 01:00:00,,precipprob,0.0,0.0,,,100.0,,,
2026-02-09 02:00:00,,precipprob,0.0,0.0,,,100.0,,,
2026-02-09 03:00:00,,precipprob,0.0,0.0,,,100.0,,,
2026-02-09 04:00:00,,precipprob,0.0,0.0,,,100.0,,,
2026-02-09 05:00:00,,precipprob,0.0,0.0,,,100.0,,,
2026-02-11 05:00:00,,precipprob,0.0,0.0,,,100.0,,,
2026-02-11 06:00:00,,precipprob,0.0,0.0,,,100.0,,,
2026-02-11 07:00:00,,precipprob,0.0,0.0,,,100.0,,,
2026-02-11 08:00:00,,precipprob,0.0,0.0,,,100.0,,,
2026-02-11 09:00:00,,precipprob,0.0,0.0,,,100.0,,,
2026-02-11 10:00:00,,precipprob,0.0,0.0,,,100.0,,,
2026-02-11 11:00:00,,precipprob,0.0,0.0,,,100.0,,,
2026-02-11 12:00:00,,precipprob,0.0,0.0,,,100.0,,,
2026-02-11 13:00:00,,precipprob,0.0,0.0,,,100.0,,,
2026-02-11 14:00:00,,precipprob,0.0,0.0,,,100.0,,,
2026-02-11 15:00:00,,precipprob,0.0,0.0,,,100.0,,,
2026-02-12 06:00:00,,precipprob,0.0,0.0,,,100.0,,,
2026-02-12 08:00:00,,precipprob,0.0,0.0,,,100.0,,,
2026-02-12 09:00:00,,precipprob,0.0,0.0,,,100.0,,,
2026-02-12 13:00:00,,precipprob,0.0,0.0,,,100.0,,,
2026-02-13 09:00:00,,precipprob,0.0,0.0,,,100.0,,,
2026-02-13 10:00:00,,precipprob,0.0,0.0,,,100.0,,,
2026-02-13 11:00:00,,precipprob,0.0,0.0,,,100.0,,,
2026-02-13 12:00:00,,precipprob,0.0,0.0,,,100.0,,,
2026-02-13 13:00:00,,precipprob,0.0,0.0,,,100.0,,,
2026-02-13 14:00:00,,precipprob,0.0,0.0,,,100.0,,,
2026-02-13 15:00:00,,precipprob,0.0,0.0,,,100.0,,,
2026-02-13 16:00:00,,precipprob,0.0,0.0,,,100.0,,,
2026-02-14 09:00:00,,precipprob,0.0,0.0,,,100.0,,,
2026-02-14 10:00:00,,precipprob,0.0,0.0,,,100.0,,,
2026-02-14 11:00:00,,precipprob,0.0,0.0,,,100.0,,,
2026-02-14 12:00:00,,precipprob,0.0,0.0,,,100.0,,,
2026-02-15 08:00:00,,precipprob,0.0,0.0,,,100.0,,,
2026-02-16 08:00:00,,precipprob,0.0,0.0,,,100.0,,,
2026-02-17 08:00:00,,precipprob,0.0,0.0,,,100.0,,,
2026-02-18 01:00:00,,precipprob,0.0,0.0,,,100.0,,,
2026-02-18 02:00:00,,precipprob,0.0,0.0,,,100.0,,,
2026-02-18 03:00:00,,precipprob,0.0,0.0,,,100.0,,,
2026-02-18 04:00:00,,precipprob,0.0,0.0,,,100.0,,,
2026-02-18 05:00:00,,precipprob,0.0,0.0,,,100.0,,,
2026-02-18 06:00:00,,precipprob,0.0,0.0,,,100.0,,,
2026-02-18 07:00:00,,precipprob,0.0,0.0,,,100.0,,,
2026-02-18 08:00:00,,precipprob,0.0,0.0,,,100.0,,,
2026-02-18 09:00:00,,precipprob,0.0,0.0,,,100.0,,,
2026-02-18 10:00:00,,precipprob,0.0,0.0,,,100.0,,,
2026-02-20 02:00:00,,precipprob,0.0,0.0,,,100.0,,,
2026-02-22 04:00:00,,precipprob,0.0,0.0,,,100.0,,,
2026-02-22 05:00:00,,precipprob,0.0,0.0,,,100.0,,,
2026-02-22 06:00:00,,precipprob,0.0,0.0,,,100.0,,,
2026-02-22 07:00:00,,precipprob,0.0,0.0,,,100.0,,,
2026-02-22 08:00:00,,precipprob,0.0,0.0,,,100.0,,,
2026-02-22 09:00:00,,precipprob,0.0,0.0,,,100.0,,,
2026-02-22 10:00:00,,precipprob,0.0,0.0,,,100.0,,,
2026-02-22 11:00:00,,precipprob,0.0,0.0,,,100.0,,,
2026-02-22 12:00:00,,precipprob,0.0,0.0,,,100.0,,,
2026-02-22 13:00:00,,precipprob,0.0,0.0,,,100.0,,,
2026-02-22 14:00:00,,precipprob,0.0,0.0,,,100.0,,,
2026-02-22 15:00:00,,precipprob,0.0,0.0,,,100.0,,,
2026-02-22 16:00:00,,precipprob,0.0,0.0,,,100.0,,,
2026-02-22 17:00:00,,precipprob,0.0,0.0,,,100.0,,,
2026-02-22 18:00:00,,precipprob,0.0,0.0,,,100.0,,,
2026-02-22 23:00:00,,precipprob,0.0,0.0,,,100.0,,,
2026-02-23 00:00:00,,precipprob,0.0,0.0,,,100.0,,,
2026-02-23 11:00:00,,precipprob,0.0,0.0,,,100.0,,,
2026-02-23 12:00:00,,precipprob,0.0,0.0,,,100.0,,,
2026-02-23 14:00:00,,precipprob,0.0,0.0,,,100.0,,,
2026-02-24 05:00:00,,precipprob,0.0,0.0,,,100.0,,,
2026-02-24 06:00:00,,precipprob,0.0,0.0,,,100.0,,,
2026-02-24 09:00:00,,precipprob,0.0,0.0,,,100.0,,,
2026-02-24 10:00:00,,precipprob,0.0,0.0,,,100.0,,,
2026-02-24 11:00:00,,precipprob,0.0,0.0,,,100.0,,,
2026-02-24 12:00:00,,precipprob,0.0,0.0,,,100.0,,,
2026-02-24 13:00:00,,precipprob,0.0,0.0,,,100.0,,,
2026-02-24 14:00:00,,precipprob,0.0,0.0,,,100.0,,,
2026-02-25 05:00:00,,precipprob,0.0,0.0,,,100.0,,,
2026-02-25 06:00:00,,precipprob,0.0,0.0,,,100.0,,,
2026-02-25 07:00:00,,precipprob,0.0,0.0,,,100.0,,,
2026-02-25 08:00:00,,precipprob,0.0,0.0,,,100.0,,,
2026-02-25 09:00:00,,precipprob,0.0,0.0,,,100.0,,,
2026-02-25 10:00:00,,precipprob,0.0,0.0,,,100.0,,,
2026-02-25 11:00:00,,precipprob,0.0,0.0,,,100.0,,,
2026-02-25 12:00:00,,precipprob,0.0,0.0,,,100.0,,,
2026-02-25 13:00:00,,precipprob,0.0,0.0,,,100.0,,,
2026-02-25 14:00:00,,precipprob,0.0,0.0,,,100.0,,,
2026-02-25 15:00:00,,precipprob,0.0,0.0,,,100.0,,,
2026-02-25 16:00:00,,precipprob,0.0,0.0,,,100.0,,,
2026-02-25 17:00:00,,precipprob,0.0,0.0,,,100.0,,,
2026-02-25 18:00:00,,precipprob,0.0,0.0,,,100.0,,,
2026-02-25 22:00:00,,precipprob,0.0,0.0,,,100.0,,,
2026-02-25 23:00:00,,precipprob,0.0,0.0,,,100.0,,,
2026-02-26 09:00:00,,precipprob,0.0,0.0,,,100.0,,,
2026-02-26 10:00:00,,precipprob,0.0,0.0,,,100.0,,,
2026-02-26 11:00:00,,precipprob,0.0,0.0,,,100.0,,,
2026-02-26 12:00:00,,precipprob,0.0,0.0,,,100.0,,,
2026-02-26 13:00:00,,precipprob,0.0,0.0,,,100.0,,,
2026-02-26 14:00:00,,precipprob,0.0,0.0,,,100.0,,,
2026-02-28 07:00:00,,precipprob,0.0,0.0,,,100.0,,,
2026-02-28 08:00:00,,precipprob,0.0,0.0,,,100.0,,,
2026-02-28 09:00:00,,precipprob,0.0,0.0,,,100.0,,,
2026-02-28 10:00:00,,precipprob,0.0,0.0,,,100.0,,,
2026-02-28 11:00:00,,precipprob,0.0,0.0,,,100.0,,,
2026-03-02 20:00:00,,precipprob,0.0,0.0,,,100.0,,,
2026-03-02 21:00:00,,precipprob,0.0,0.0,,,100.0,,,
2026-03-02 22:00:00,,precipprob,0.0,0.0,,,100.0,,,
2026-03-02 23:00:00,,precipprob,0.0,0.0,,,100.0,,,
2026-03-03 00:00:00,,precipprob,0.0,0.0,,,100.0,,,
2026-03-03 01:00:00,,precipprob,0.0,0.0,,,100.0,,,
2026-03-03 02:00:00,,precipprob,0.0,0.0,,,100.0,,,
2026-03-03 03:00:00,,precipprob,0.0,0.0,,,100.0,,,
2026-03-03 04:00:00,,precipprob,0.0,0.0,,,100.0,,,
2026-03-03 05:00:00,,precipprob,0.0,0.0,,,100.0,,,
2026-03-03 06:00:00,,precipprob,0.0,0.0,,,100.0,,,
2026-03-03 07:00:00,,precipprob,0.0,0.0,,,100.0,,,
2026-03-03 08:00:00,,precipprob,0.0,0.0,,,100.0,,,
2026-03-03 09:00:00,,precipprob,0.0,0.0,,,100.0,,,
2026-03-03 10:00:00,,precipprob,0.0,0.0,,,100.0,,,
2026-03-03 11:00:00,,precipprob,0.0,0.0,,,100.0,,,
2026-03-03 22:00:00,,precipprob,0.0,0.0,,,100.0,,,
2026-03-04 01:00:00,,precipprob,0.0,0.0,,,100.0,,,
2026-03-05 21:00:00,,precipprob,0.0,0.0,,,100.0,,,
2026-03-05 22:00:00,,precipprob,0.0,0.0,,,100.0,,,
2026-03-06 01:00:00,,precipprob,0.0,0.0,,,100.0,,,
2026-03-06 03:00:00,,precipprob,0.0,0.0,,,100.0,,,
2026-03-06 04:00:00,,precipprob,0.0,0.0,,,100.0,,,
2026-03-06 05:00:00,,precipprob,0.0,0.0,,,100.0,,,
2026-03-06 06:00:00,,precipprob,0.0,0.0,,,100.0,,,
2026-03-06 07:00:00,,precipprob,0.0,0.0,,,100.0,,,
2026-03-06 08:00:00,,precipprob,0.0,0.0,,,100.0,,,
2026-03-07 13:00:00,,precipprob,0.0,0.0,,,100.0,,,
2026-03-08 06:00:00,,precipprob,0.0,0.0,,,100.0,,,
2026-03-08 07:00:00,,precipprob,0.0,0.0,,,100.0,,,
2026-03-08 08:00:00,,precipprob,0.0,0.0,,,100.0,,,
2026-03-08 09:00:00,,precipprob,0.0,0.0,,,100.0,,,
2026-03-08 10:00:00,,precipprob,0.0,0.0,,,100.0,,,
2026-03-08 11:00:00,,precipprob,0.0,0.0,,,100.0,,,
2026-03-08 12:00:00,,precipprob,0.0,0.0,,,100.0,,,
2026-03-08 13:00:00,,precipprob,0.0,0.0,,,100.0,,,
2026-03-08 15:00:00,,precipprob,0.0,0.0,,,100.0,,,
2026-03-08 16:00:00,,precipprob,0.0,0.0,,,100.0,,,
2026-03-08 17:00:00,,precipprob,0.0,0.0,,,100.0,,,
2026-03-08 18:00:00,,precipprob,0.0,0.0,,,100.0,,,
2026-03-09 07:00:00,,precipprob,0.0,0.0,,,100.0,,,
2026-03-09 08:00:00,,precipprob,0.0,0.0,,,100.0,,,
2026-03-09 09:00:00,,precipprob,0.0,0.0,,,100.0,,,
2026-03-09 10:00:00,,precipprob,0.0,0.0,,,100.0,,,
2026-03-09 11:00:00,,precipprob,0.0,0.0,,,100.0,,,
2026-03-09 12:00:00,,precipprob,0.0,0.0,,,100.0,,,
2026-03-09 13:00:00,,precipprob,0.0,0.0,,,100.0,,,
2026-03-09 15:00:00,,precipprob,0.0,0.0,,,100.0,,,
2026-03-09 16:00:00,,precipprob,0.0,0.0,,,100.0,,,
2026-03-09 17:00:00,,precipprob,0.0,0.0,,,100.0,,,
2026-03-09 18:00:00,,precipprob,0.0,0.0,,,100.0,,,
2023-03-12 21:00:00,,windspeed,-4.049999999999999,21.15,,,,25.9,,
2023-03-13 02:00:00,,windspeed,-4.049999999999999,21.15,,,,22.3,,
2023-03-13 03:00:00,,windspeed,-4.049999999999999,21.15,,,,22.3,,
2023-03-20 17:00:00,,windspeed,-4.049999999999999,21.15,,,,22.3,,
2023-03-24 17:00:00,,windspeed,-4.049999999999999,21.15,,,,22.3,,
2023-03-24 20:00:00,,windspeed,-4.049999999999999,21.15,,,,22.3,,
2023-04-08 08:00:00,,windspeed,-4.049999999999999,21.15,,,,22.3,,
2023-04-24 15:00:00,,windspeed,-4.049999999999999,21.15,,,,22.3,,
2023-04-24 17:00:00,,windspeed,-4.049999999999999,21.15,,,,24.1,,
2023-04-24 18:00:00,,windspeed,-4.049999999999999,21.15,,,,22.3,,
2023-04-25 08:00:00,,windspeed,-4.049999999999999,21.15,,,,25.9,,
2023-04-25 09:00:00,,windspeed,-4.049999999999999,21.15,,,,24.1,,
2023-04-25 11:00:00,,windspeed,-4.049999999999999,21.15,,,,22.3,,
2023-04-25 12:00:00,,windspeed,-4.049999999999999,21.15,,,,24.1,,
2023-04-27 15:00:00,,windspeed,-4.049999999999999,21.15,,,,22.3,,
2023-04-27 17:00:00,,windspeed,-4.049999999999999,21.15,,,,24.1,,
2023-04-28 14:00:00,,windspeed,-4.049999999999999,21.15,,,,22.3,,
2023-04-28 18:00:00,,windspeed,-4.049999999999999,21.15,,,,22.3,,
2023-05-03 14:00:00,,windspeed,-4.049999999999999,21.15,,,,22.3,,
2023-05-03 15:00:00,,windspeed,-4.049999999999999,21.15,,,,24.1,,
2023-05-03 17:00:00,,windspeed,-4.049999999999999,21.15,,,,25.9,,
2023-05-04 14:00:00,,windspeed,-4.049999999999999,21.15,,,,24.1,,
2023-05-04 15:00:00,,windspeed,-4.049999999999999,21.15,,,,22.3,,
2023-05-04 17:00:00,,windspeed,-4.049999999999999,21.15,,,,25.9,,
2023-05-04 18:00:00,,windspeed,-4.049999999999999,21.15,,,,24.1,,
2023-05-06 18:00:00,,windspeed,-4.049999999999999,21.15,,,,22.3,,
2023-05-07 18:00:00,,windspeed,-4.049999999999999,21.15,,,,24.1,,
2023-05-07 20:00:00,,windspeed,-4.049999999999999,21.15,,,,27.7,,
2023-05-07 21:00:00,,windspeed,-4.049999999999999,21.15,,,,27.7,,
2023-05-11 17:00:00,,windspeed,-4.049999999999999,21.15,,,,25.9,,
2023-05-11 18:00:00,,windspeed,-4.049999999999999,21.15,,,,22.3,,
2023-05-12 11:00:00,,windspeed,-4.049999999999999,21.15,,,,22.3,,
2023-05-15 18:00:00,,windspeed,-4.049999999999999,21.15,,,,24.1,,
2023-05-20 17:00:00,,windspeed,-4.049999999999999,21.15,,,,22.3,,
2023-05-21 17:00:00,,windspeed,-4.049999999999999,21.15,,,,24.1,,
2023-05-21 18:00:00,,windspeed,-4.049999999999999,21.15,,,,22.3,,
2023-05-22 20:00:00,,windspeed,-4.049999999999999,21.15,,,,22.3,,
2023-05-23 17:00:00,,windspeed,-4.049999999999999,21.15,,,,22.3,,
2023-05-23 18:00:00,,windspeed,-4.049999999999999,21.15,,,,22.3,,
2023-05-23 20:00:00,,windspeed,-4.049999999999999,21.15,,,,22.3,,
2023-05-24 21:00:00,,windspeed,-4.049999999999999,21.15,,,,22.3,,
2023-05-26 14:00:00,,windspeed,-4.049999999999999,21.15,,,,22.3,,
2023-05-27 15:00:00,,windspeed,-4.049999999999999,21.15,,,,22.3,,
2023-05-27 17:00:00,,windspeed,-4.049999999999999,21.15,,,,24.1,,
2023-05-27 18:00:00,,windspeed,-4.049999999999999,21.15,,,,24.1,,
2023-05-31 18:00:00,,windspeed,-4.049999999999999,21.15,,,,22.3,,
2023-06-01 18:00:00,,windspeed,-4.049999999999999,21.15,,,,25.9,,
2023-06-01 20:00:00,,windspeed,-4.049999999999999,21.15,,,,22.3,,
2023-06-02 17:00:00,,windspeed,-4.049999999999999,21.15,,,,22.3,,
2023-06-02 18:00:00,,windspeed,-4.049999999999999,21.15,,,,22.3,,
2023-06-02 20:00:00,,windspeed,-4.049999999999999,21.15,,,,22.3,,
2023-06-03 17:00:00,,windspeed,-4.049999999999999,21.15,,,,25.9,,
2023-06-03 18:00:00,,windspeed,-4.049999999999999,21.15,,,,22.3,,
2023-06-04 20:00:00,,windspeed,-4.049999999999999,21.15,,,,22.3,,
2023-06-07 21:00:00,,windspeed,-4.049999999999999,21.15,,,,22.3,,
2023-06-08 23:00:00,,windspeed,-4.049999999999999,21.15,,,,27.7,,
2023-06-17 18:00:00,,windspeed,-4.049999999999999,21.15,,,,24.1,,
2023-06-20 18:00:00,,windspeed,-4.049999999999999,21.15,,,,22.3,,
2023-06-21 02:00:00,,windspeed,-4.049999999999999,21.15,,,,37.1,,
2023-06-27 11:00:00,,windspeed,-4.049999999999999,21.15,,,,22.3,,
2023-06-29 18:00:00,,windspeed,-4.049999999999999,21.15,,,,22.3,,
2023-06-29 20:00:00,,windspeed,-4.049999999999999,21.15,,,,24.1,,
2023-06-29 21:00:00,,windspeed,-4.049999999999999,21.15,,,,22.3,,
2023-07-03 18:00:00,,windspeed,-4.049999999999999,21.15,,,,22.3,,
2023-07-04 18:00:00,,windspeed,-4.049999999999999,21.15,,,,22.3,,
2023-07-05 17:00:00,,windspeed,-4.049999999999999,21.15,,,,22.3,,
2023-07-06 20:00:00,,windspeed,-4.049999999999999,21.15,,,,24.1,,
2023-07-06 21:00:00,,windspeed,-4.049999999999999,21.15,,,,22.3,,
2023-07-07 17:00:00,,windspeed,-4.049999999999999,21.15,,,,22.3,,
2023-07-07 18:00:00,,windspeed,-4.049999999999999,21.15,,,,25.9,,
2023-07-07 20:00:00,,windspeed,-4.049999999999999,21.15,,,,22.3,,
2023-07-07 21:00:00,,windspeed,-4.049999999999999,21.15,,,,22.3,,
2023-07-08 12:00:00,,windspeed,-4.049999999999999,21.15,,,,22.3,,
2023-07-10 18:00:00,,windspeed,-4.049999999999999,21.15,,,,25.9,,
2023-07-10 21:00:00,,windspeed,-4.049999999999999,21.15,,,,22.3,,
2023-07-11 18:00:00,,windspeed,-4.049999999999999,21.15,,,,27.7,,
2023-07-12 23:00:00,,windspeed,-4.049999999999999,21.15,,,,31.7,,
2023-07-14 12:00:00,,windspeed,-4.049999999999999,21.15,,,,25.9,,
2023-07-18 11:00:00,,windspeed,-4.049999999999999,21.15,,,,22.3,,
2023-07-18 14:00:00,,windspeed,-4.049999999999999,21.15,,,,24.1,,
2023-07-26 20:00:00,,windspeed,-4.049999999999999,21.15,,,,22.3,,
2023-07-31 15:00:00,,windspeed,-4.049999999999999,21.15,,,,35.3,,
2023-08-08 17:00:00,,windspeed,-4.049999999999999,21.15,,,,22.3,,
2023-08-12 17:00:00,,windspeed,-4.049999999999999,21.15,,,,25.9,,
2023-08-20 09:00:00,,windspeed,-4.049999999999999,21.15,,,,25.9,,
2023-08-23 21:00:00,,windspeed,-4.049999999999999,21.15,,,,27.7,,
2023-08-28 02:00:00,,windspeed,-4.049999999999999,21.15,,,,33.5,,
2023-09-08 00:00:00,,windspeed,-4.049999999999999,21.15,,,,25.9,,
2023-09-16 18:00:00,,windspeed,-4.049999999999999,21.15,,,,22.3,,
2023-10-07 11:00:00,,windspeed,-4.049999999999999,21.15,,,,21.4,,
2023-10-07 12:00:00,,windspeed,-4.049999999999999,21.15,,,,24.1,,
2023-10-07 14:00:00,,windspeed,-4.049999999999999,21.15,,,,22.1,,
2023-10-14 14:00:00,,windspeed,-4.049999999999999,21.15,,,,21.4,,
2023-10-14 15:00:00,,windspeed,-4.049999999999999,21.15,,,,25.0,,
2023-10-14 17:00:00,,windspeed,-4.049999999999999,21.15,,,,23.2,,
2023-10-20 11:00:00,,windspeed,-4.049999999999999,21.15,,,,21.4,,
2023-10-20 12:00:00,,windspeed,-4.049999999999999,21.15,,,,21.2,,
2023-10-20 14:00:00,,windspeed,-4.049999999999999,21.15,,,,22.1,,
2023-11-13 02:00:00,,windspeed,-4.049999999999999,21.15,,,,22.3,,
2023-11-13 03:00:00,,windspeed,-4.049999999999999,21.15,,,,25.9,,
2023-11-13 05:00:00,,windspeed,-4.049999999999999,21.15,,,,23.1,,
2023-11-13 06:00:00,,windspeed,-4.049999999999999,21.15,,,,25.0,,
2023-11-13 09:00:00,,windspeed,-4.049999999999999,21.15,,,,21.4,,
2023-11-13 11:00:00,,windspeed,-4.049999999999999,21.15,,,,21.4,,
2023-11-13 14:00:00,,windspeed,-4.049999999999999,21.15,,,,24.1,,
2023-11-13 15:00:00,,windspeed,-4.049999999999999,21.15,,,,22.3,,
2023-11-16 08:00:00,,windspeed,-4.049999999999999,21.15,,,,25.9,,
2023-11-16 09:00:00,,windspeed,-4.049999999999999,21.15,,,,25.0,,
2023-12-16 11:00:00,,windspeed,-4.049999999999999,21.15,,,,31.7,,
2023-12-16 12:00:00,,windspeed,-4.049999999999999,21.15,,,,33.5,,
2023-12-16 13:00:00,,windspeed,-4.049999999999999,21.15,,,,21.5,,
2023-12-16 14:00:00,,windspeed,-4.049999999999999,21.15,,,,27.0,,
2023-12-16 15:00:00,,windspeed,-4.049999999999999,21.15,,,,26.8,,
2023-12-19 15:00:00,,windspeed,-4.049999999999999,21.15,,,,21.4,,
2024-01-03 08:00:00,,windspeed,-4.049999999999999,21.15,,,,22.3,,
2024-01-03 09:00:00,,windspeed,-4.049999999999999,21.15,,,,24.1,,
2024-01-03 11:00:00,,windspeed,-4.049999999999999,21.15,,,,24.1,,
2024-01-19 17:00:00,,windspeed,-4.049999999999999,21.15,,,,22.3,,
2024-01-22 06:00:00,,windspeed,-4.049999999999999,21.15,,,,22.3,,
2024-01-22 09:00:00,,windspeed,-4.049999999999999,21.15,,,,22.3,,
2024-01-22 15:00:00,,windspeed,-4.049999999999999,21.15,,,,22.3,,
2024-02-02 17:00:00,,windspeed,-4.049999999999999,21.15,,,,22.3,,
2024-02-03 15:00:00,,windspeed,-4.049999999999999,21.15,,,,22.3,,
2024-02-05 17:00:00,,windspeed,-4.049999999999999,21.15,,,,22.3,,
2024-02-05 18:00:00,,windspeed,-4.049999999999999,21.15,,,,22.3,,
2024-02-07 09:00:00,,windspeed,-4.049999999999999,21.15,,,,22.3,,
2024-02-07 14:00:00,,windspeed,-4.049999999999999,21.15,,,,22.3,,
2024-02-08 02:00:00,,windspeed,-4.049999999999999,21.15,,,,22.3,,
2024-02-17 18:00:00,,windspeed,-4.049999999999999,21.15,,,,22.3,,
2024-02-19 17:00:00,,windspeed,-4.049999999999999,21.15,,,,22.3,,
2024-02-20 15:00:00,,windspeed,-4.049999999999999,21.15,,,,22.3,,
2024-02-23 11:00:00,,windspeed,-4.049999999999999,21.15,,,,22.3,,
2024-02-24 06:00:00,,windspeed,-4.049999999999999,21.15,,,,22.3,,
2024-03-19 06:00:00,,windspeed,-4.049999999999999,21.15,,,,29.5,,
2024-03-19 08:00:00,,windspeed,-4.049999999999999,21.15,,,,33.5,,
2024-03-19 09:00:00,,windspeed,-4.049999999999999,21.15,,,,22.3,,
2024-03-21 17:00:00,,windspeed,-4.049999999999999,21.15,,,,22.3,,
2024-03-23 15:00:00,,windspeed,-4.049999999999999,21.15,,,,24.1,,
2024-03-23 17:00:00,,windspeed,-4.049999999999999,21.15,,,,22.3,,
2024-03-23 18:00:00,,windspeed,-4.049999999999999,21.15,,,,22.3,,
2024-03-25 18:00:00,,windspeed,-4.049999999999999,21.15,,,,22.3,,
2024-03-26 15:00:00,,windspeed,-4.049999999999999,21.15,,,,24.1,,
2024-03-27 17:00:00,,windspeed,-4.049999999999999,21.15,,,,24.1,,
2024-03-29 13:00:00,,windspeed,-4.049999999999999,21.15,,,,25.9,,
2024-04-05 14:00:00,,windspeed,-4.049999999999999,21.15,,,,22.3,,
2024-04-05 17:00:00,,windspeed,-4.049999999999999,21.15,,,,24.1,,
2024-04-05 18:00:00,,windspeed,-4.049999999999999,21.15,,,,22.3,,
2024-04-06 02:00:00,,windspeed,-4.049999999999999,21.15,,,,22.3,,
2024-04-08 06:00:00,,windspeed,-4.049999999999999,21.15,,,,24.1,,
2024-04-13 17:00:00,,windspeed,-4.049999999999999,21.15,,,,22.3,,
2024-04-14 17:00:00,,windspeed,-4.049999999999999,21.15,,,,22.3,,
2024-04-16 05:00:00,,windspeed,-4.049999999999999,21.15,,,,22.3,,
2024-04-16 12:00:00,,windspeed,-4.049999999999999,21.15,,,,22.3,,
2024-04-16 14:00:00,,windspeed,-4.049999999999999,21.15,,,,25.9,,
2024-04-16 15:00:00,,windspeed,-4.049999999999999,21.15,,,,22.3,,
2024-04-16 17:00:00,,windspeed,-4.049999999999999,21.15,,,,25.9,,
2024-04-16 18:00:00,,windspeed,-4.049999999999999,21.15,,,,24.1,,
2024-04-18 18:00:00,,windspeed,-4.049999999999999,21.15,,,,24.1,,
2024-04-18 20:00:00,,windspeed,-4.049999999999999,21.15,,,,22.3,,
2024-04-19 18:00:00,,windspeed,-4.049999999999999,21.15,,,,24.1,,
2024-04-20 17:00:00,,windspeed,-4.049999999999999,21.15,,,,22.3,,
2024-04-20 23:00:00,,windspeed,-4.049999999999999,21.15,,,,38.9,,
2024-04-21 17:00:00,,windspeed,-4.049999999999999,21.15,,,,22.3,,
2024-04-21 18:00:00,,windspeed,-4.049999999999999,21.15,,,,22.3,,
2024-05-03 15:00:00,,windspeed,-4.049999999999999,21.15,,,,22.3,,
2024-05-04 17:00:00,,windspeed,-4.049999999999999,21.15,,,,22.3,,
2024-05-10 17:00:00,,windspeed,-4.049999999999999,21.15,,,,24.1,,
2024-05-12 17:00:00,,windspeed,-4.049999999999999,21.15,,,,22.3,,
2024-05-12 18:00:00,,windspeed,-4.049999999999999,21.15,,,,24.1,,
2024-05-15 17:00:00,,windspeed,-4.049999999999999,21.15,,,,22.3,,
2024-05-15 18:00:00,,windspeed,-4.049999999999999,21.15,,,,22.3,,
2024-05-18 20:00:00,,windspeed,-4.049999999999999,21.15,,,,22.3,,
2024-05-19 17:00:00,,windspeed,-4.049999999999999,21.15,,,,25.9,,
2024-05-24 18:00:00,,windspeed,-4.049999999999999,21.15,,,,22.3,,
2024-05-29 20:00:00,,windspeed,-4.049999999999999,21.15,,,,24.1,,
2024-05-29 21:00:00,,windspeed,-4.049999999999999,21.15,,,,22.3,,
2024-05-30 17:00:00,,windspeed,-4.049999999999999,21.15,,,,29.5,,
2024-06-02 17:00:00,,windspeed,-4.049999999999999,21.15,,,,22.3,,
2024-06-02 18:00:00,,windspeed,-4.049999999999999,21.15,,,,22.3,,
2024-06-03 21:00:00,,windspeed,-4.049999999999999,21.15,,,,29.5,,
2024-06-07 18:00:00,,windspeed,-4.049999999999999,21.15,,,,22.3,,
2024-06-17 20:00:00,,windspeed,-4.049999999999999,21.15,,,,37.1,,
2024-06-19 18:00:00,,windspeed,-4.049999999999999,21.15,,,,24.1,,
2024-06-23 17:00:00,,windspeed,-4.049999999999999,21.15,,,,22.3,,
2024-06-28 11:00:00,,windspeed,-4.049999999999999,21.15,,,,22.3,,
2024-06-28 12:00:00,,windspeed,-4.049999999999999,21.15,,,,24.1,,
2024-06-28 15:00:00,,windspeed,-4.049999999999999,21.15,,,,22.3,,
2024-06-28 17:00:00,,windspeed,-4.049999999999999,21.15,,,,22.3,,
2024-07-03 12:00:00,,windspeed,-4.049999999999999,21.15,,,,22.3,,
2024-07-04 18:00:00,,windspeed,-4.049999999999999,21.15,,,,25.9,,
2024-07-05 17:00:00,,windspeed,-4.049999999999999,21.15,,,,25.9,,
2024-07-05 18:00:00,,windspeed,-4.049999999999999,21.15,,,,22.3,,
2024-07-07 17:00:00,,windspeed,-4.049999999999999,21.15,,,,25.9,,
2024-07-07 18:00:00,,windspeed,-4.049999999999999,21.15,,,,22.3,,
2024-07-08 21:00:00,,windspeed,-4.049999999999999,21.15,,,,22.3,,
2024-07-09 15:00:00,,windspeed,-4.049999999999999,21.15,,,,22.3,,
2024-07-13 14:00:00,,windspeed,-4.049999999999999,21.15,,,,24.1,,
2024-07-13 15:00:00,,windspeed,-4.049999999999999,21.15,,,,25.9,,
2024-07-13 16:00:00,,windspeed,-4.049999999999999,21.15,,,,24.1,,
2024-07-13 18:00:00,,windspeed,-4.049999999999999,21.15,,,,24.1,,
2024-07-18 15:00:00,,windspeed,-4.049999999999999,21.15,,,,22.3,,
2024-07-20 15:00:00,,windspeed,-4.049999999999999,21.15,,,,25.9,,
2024-07-23 21:00:00,,windspeed,-4.049999999999999,21.15,,,,22.3,,
2024-07-27 20:00:00,,windspeed,-4.049999999999999,21.15,,,,24.1,,
2024-07-27 23:00:00,,windspeed,-4.049999999999999,21.15,,,,27.7,,
2024-07-28 02:00:00,,windspeed,-4.049999999999999,21.15,,,,22.3,,
2024-07-30 14:00:00,,windspeed,-4.049999999999999,21.15,,,,22.3,,
2024-08-04 18:00:00,,windspeed,-4.049999999999999,21.15,,,,24.1,,
2024-08-06 17:00:00,,windspeed,-4.049999999999999,21.15,,,,25.9,,
2024-08-07 14:00:00,,windspeed,-4.049999999999999,21.15,,,,22.3,,
2024-08-07 17:00:00,,windspeed,-4.049999999999999,21.15,,,,24.1,,
2024-08-10 22:00:00,,windspeed,-4.049999999999999,21.15,,,,31.7,,
2024-08-11 02:00:00,,windspeed,-4.049999999999999,21.15,,,,31.7,,
2024-09-03 11:00:00,,windspeed,-4.049999999999999,21.15,,,,22.3,,
2024-09-06 15:00:00,,windspeed,-4.049999999999999,21.15,,,,25.9,,
2024-09-07 08:00:00,,windspeed,-4.049999999999999,21.15,,,,27.7,,
2024-09-07 09:00:00,,windspeed,-4.049999999999999,21.15,,,,24.1,,
2024-09-07 11:00:00,,windspeed,-4.049999999999999,21.15,,,,33.5,,
2024-09-07 12:00:00,,windspeed,-4.049999999999999,21.15,,,,31.7,,
2024-09-07 13:00:00,,windspeed,-4.049999999999999,21.15,,,,36.3,,
2024-09-07 14:00:00,,windspeed,-4.049999999999999,21.15,,,,44.6,,
2024-09-07 15:00:00,,windspeed,-4.049999999999999,21.15,,,,48.2,,
2024-09-07 16:00:00,,windspeed,-4.049999999999999,21.15,,,,38.9,,
2024-09-07 17:00:00,,windspeed,-4.049999999999999,21.15,,,,50.0,,
2024-09-07 18:00:00,,windspeed,-4.049999999999999,21.15,,,,53.6,,
2024-09-07 19:00:00,,windspeed,-4.049999999999999,21.15,,,,49.6,,
2024-09-07 20:00:00,,windspeed,-4.049999999999999,21.15,,,,50.0,,
2024-09-07 21:00:00,,windspeed,-4.049999999999999,21.15,,,,51.8,,
2024-09-07 23:00:00,,windspeed,-4.049999999999999,21.15,,,,46.4,,
2024-09-08 00:00:00,,windspeed,-4.049999999999999,21.15,,,,38.9,,
2024-09-08 02:00:00,,windspeed,-4.049999999999999,21.15,,,,31.7,,
2024-09-08 03:00:00,,windspeed,-4.049999999999999,21.15,,,,23.4,,
2024-09-08 05:00:00,,windspeed,-4.049999999999999,21.15,,,,25.9,,
2024-09-08 06:00:00,,windspeed,-4.049999999999999,21.15,,,,24.1,,
2024-09-08 08:00:00,,windspeed,-4.049999999999999,21.15,,,,22.3,,
2024-09-08 09:00:00,,windspeed,-4.049999999999999,21.15,,,,24.1,,
2024-09-08 12:00:00,,windspeed,-4.049999999999999,21.15,,,,25.9,,
2024-09-08 23:00:00,,windspeed,-4.049999999999999,21.15,,,,22.3,,
2024-09-09 01:00:00,,windspeed,-4.049999999999999,21.15,,,,30.6,,
2024-09-20 15:00:00,,windspeed,-4.049999999999999,21.15,,,,24.1,,
2024-09-21 18:00:00,,windspeed,-4.049999999999999,21.15,,,,37.1,,
2024-09-29 14:00:00,,windspeed,-4.049999999999999,21.15,,,,25.9,,
2024-09-29 15:00:00,,windspeed,-4.049999999999999,21.15,,,,24.1,,
2024-09-29 17:00:00,,windspeed,-4.049999999999999,21.15,,,,25.9,,
2024-10-01 14:00:00,,windspeed,-4.049999999999999,21.15,,,,25.9,,
2024-10-01 15:00:00,,windspeed,-4.049999999999999,21.15,,,,27.7,,
2024-10-01 23:00:00,,windspeed,-4.049999999999999,21.15,,,,22.3,,
2024-10-23 09:00:00,,windspeed,-4.049999999999999,21.15,,,,24.1,,
2024-10-23 10:00:00,,windspeed,-4.049999999999999,21.15,,,,27.1,,
2024-10-27 05:00:00,,windspeed,-4.049999999999999,21.15,,,,25.9,,
2024-11-18 14:00:00,,windspeed,-4.049999999999999,21.15,,,,25.9,,
2024-11-18 15:00:00,,windspeed,-4.049999999999999,21.15,,,,24.1,,
2024-11-26 05:00:00,,windspeed,-4.049999999999999,21.15,,,,22.3,,
2024-12-05 13:00:00,,windspeed,-4.049999999999999,21.15,,,,22.0,,
2024-12-07 18:00:00,,windspeed,-4.049999999999999,21.15,,,,22.3,,
2024-12-11 15:00:00,,windspeed,-4.049999999999999,21.15,,,,24.1,,
2024-12-13 11:00:00,,windspeed,-4.049999999999999,21.15,,,,22.3,,
2024-12-14 12:00:00,,windspeed,-4.049999999999999,21.15,,,,22.3,,
2025-01-11 09:00:00,,windspeed,-4.049999999999999,21.15,,,,22.3,,
2025-01-26 03:00:00,,windspeed,-4.049999999999999,21.15,,,,38.9,,
2025-01-26 04:00:00,,windspeed,-4.049999999999999,21.15,,,,21.6,,
2025-01-26 05:00:00,,windspeed,-4.049999999999999,21.15,,,,29.5,,
2025-01-26 06:00:00,,windspeed,-4.049999999999999,21.15,,,,33.5,,
2025-01-26 08:00:00,,windspeed,-4.049999999999999,21.15,,,,24.1,,
2025-01-26 11:00:00,,windspeed,-4.049999999999999,21.15,,,,25.9,,
2025-01-26 12:00:00,,windspeed,-4.049999999999999,21.15,,,,24.1,,
2025-01-26 13:00:00,,windspeed,-4.049999999999999,21.15,,,,22.9,,
2025-01-26 14:00:00,,windspeed,-4.049999999999999,21.15,,,,25.9,,
2025-01-26 15:00:00,,windspeed,-4.049999999999999,21.15,,,,25.9,,
2025-01-26 17:00:00,,windspeed,-4.049999999999999,21.15,,,,22.3,,
2025-01-27 11:00:00,,windspeed,-4.049999999999999,21.15,,,,22.3,,
2025-02-03 02:00:00,,windspeed,-4.049999999999999,21.15,,,,22.3,,
2025-02-03 03:00:00,,windspeed,-4.049999999999999,21.15,,,,22.3,,
2025-02-03 05:00:00,,windspeed,-4.049999999999999,21.15,,,,22.3,,
2025-02-03 06:00:00,,windspeed,-4.049999999999999,21.15,,,,27.7,,
2025-02-03 14:00:00,,windspeed,-4.049999999999999,21.15,,,,24.1,,
2025-02-16 14:00:00,,windspeed,-4.049999999999999,21.15,,,,22.3,,
2025-02-23 08:00:00,,windspeed,-4.049999999999999,21.15,,,,24.1,,
2025-02-23 09:00:00,,windspeed,-4.049999999999999,21.15,,,,22.3,,
2025-02-23 14:00:00,,windspeed,-4.049999999999999,21.15,,,,22.3,,
2025-03-05 23:00:00,,windspeed,-4.049999999999999,21.15,,,,22.3,,
2025-03-06 00:00:00,,windspeed,-4.049999999999999,21.15,,,,22.3,,
2025-03-06 02:00:00,,windspeed,-4.049999999999999,21.15,,,,22.3,,
2025-03-06 03:00:00,,windspeed,-4.049999999999999,21.15,,,,24.1,,
2025-03-06 05:00:00,,windspeed,-4.049999999999999,21.15,,,,27.7,,
2025-03-06 06:00:00,,windspeed,-4.049999999999999,21.15,,,,27.7,,
2025-03-14 15:00:00,,windspeed,-4.049999999999999,21.15,,,,22.3,,
2025-03-14 21:00:00,,windspeed,-4.049999999999999,21.15,,,,22.3,,
2025-03-15 20:00:00,,windspeed,-4.049999999999999,21.15,,,,25.9,,
2025-03-15 21:00:00,,windspeed,-4.049999999999999,21.15,,,,29.5,,
2025-03-16 11:00:00,,windspeed,-4.049999999999999,21.15,,,,22.3,,
2025-03-29 05:00:00,,windspeed,-4.049999999999999,21.15,,,,27.7,,
2025-03-29 06:00:00,,windspeed,-4.049999999999999,21.15,,,,31.7,,
2025-03-29 08:00:00,,windspeed,-4.049999999999999,21.15,,,,27.7,,
2025-03-29 09:00:00,,windspeed,-4.049999999999999,21.15,,,,25.9,,
2025-03-29 11:00:00,,windspeed,-4.049999999999999,21.15,,,,27.7,,
2025-03-29 12:00:00,,windspeed,-4.049999999999999,21.15,,,,27.7,,
2025-03-29 14:00:00,,windspeed,-4.049999999999999,21.15,,,,25.9,,
2025-04-10 18:00:00,,windspeed,-4.049999999999999,21.15,,,,22.3,,
2025-04-12 18:00:00,,windspeed,-4.049999999999999,21.15,,,,25.9,,
2025-04-16 17:00:00,,windspeed,-4.049999999999999,21.15,,,,24.1,,
2025-04-16 18:00:00,,windspeed,-4.049999999999999,21.15,,,,22.3,,
2025-04-19 18:00:00,,windspeed,-4.049999999999999,21.15,,,,22.3,,
2025-04-20 15:00:00,,windspeed,-4.049999999999999,21.15,,,,25.9,,
2025-04-20 17:00:00,,windspeed,-4.049999999999999,21.15,,,,27.7,,
2025-04-20 18:00:00,,windspeed,-4.049999999999999,21.15,,,,24.1,,
2025-04-21 02:00:00,,windspeed,-4.049999999999999,21.15,,,,22.3,,
2025-04-21 14:00:00,,windspeed,-4.049999999999999,21.15,,,,22.3,,
2025-04-23 17:00:00,,windspeed,-4.049999999999999,21.15,,,,24.1,,
2025-04-23 18:00:00,,windspeed,-4.049999999999999,21.15,,,,24.1,,
2025-04-26 20:00:00,,windspeed,-4.049999999999999,21.15,,,,22.3,,
2025-04-27 17:00:00,,windspeed,-4.049999999999999,21.15,,,,22.3,,
2025-04-28 09:00:00,,windspeed,-4.049999999999999,21.15,,,,25.9,,
2025-04-28 14:00:00,,windspeed,-4.049999999999999,21.15,,,,22.3,,
2025-04-29 12:00:00,,windspeed,-4.049999999999999,21.15,,,,22.3,,
2025-05-01 06:00:00,,windspeed,-4.049999999999999,21.15,,,,27.7,,
2025-05-03 17:00:00,,windspeed,-4.049999999999999,21.15,,,,25.9,,
2025-05-05 17:00:00,,windspeed,-4.049999999999999,21.15,,,,22.3,,
2025-05-05 18:00:00,,windspeed,-4.049999999999999,21.15,,,,24.1,,
2025-05-06 18:00:00,,windspeed,-4.049999999999999,21.15,,,,22.3,,
2025-05-07 17:00:00,,windspeed,-4.049999999999999,21.15,,,,22.3,,
2025-05-07 18:00:00,,windspeed,-4.049999999999999,21.15,,,,22.3,,
2025-05-08 18:00:00,,windspeed,-4.049999999999999,21.15,,,,22.3,,
2025-05-08 21:00:00,,windspeed,-4.049999999999999,21.15,,,,22.3,,
2025-05-12 21:00:00,,windspeed,-4.049999999999999,21.15,,,,22.3,,
2025-05-13 18:00:00,,windspeed,-4.049999999999999,21.15,,,,24.1,,
2025-05-13 20:00:00,,windspeed,-4.049999999999999,21.15,,,,22.3,,
2025-05-17 15:00:00,,windspeed,-4.049999999999999,21.15,,,,22.3,,
2025-05-20 18:00:00,,windspeed,-4.049999999999999,21.15,,,,22.3,,
2025-05-21 14:00:00,,windspeed,-4.049999999999999,21.15,,,,27.7,,
2025-05-21 18:00:00,,windspeed,-4.049999999999999,21.15,,,,24.1,,
2025-05-22 18:00:00,,windspeed,-4.049999999999999,21.15,,,,22.3,,
2025-05-25 14:00:00,,windspeed,-4.049999999999999,21.15,,,,24.1,,
2025-05-29 15:00:00,,windspeed,-4.049999999999999,21.15,,,,24.1,,
2025-05-29 17:00:00,,windspeed,-4.049999999999999,21.15,,,,22.3,,
2025-05-29 18:00:00,,windspeed,-4.049999999999999,21.15,,,,22.3,,
2025-05-31 18:00:00,,windspeed,-4.049999999999999,21.15,,,,22.3,,
2025-06-01 15:00:00,,windspeed,-4.049999999999999,21.15,,,,25.9,,
2025-06-05 18:00:00,,windspeed,-4.049999999999999,21.15,,,,22.3,,
2025-06-10 15:00:00,,windspeed,-4.049999999999999,21.15,,,,25.9,,
2025-06-15 18:00:00,,windspeed,-4.049999999999999,21.15,,,,24.1,,
2025-06-21 14:00:00,,windspeed,-4.049999999999999,21.15,,,,22.3,,
2025-06-26 20:00:00,,windspeed,-4.049999999999999,21.15,,,,33.5,,
2025-07-03 11:00:00,,windspeed,-4.049999999999999,21.15,,,,25.9,,
2025-07-10 23:00:00,,windspeed,-4.049999999999999,21.15,,,,33.5,,
2025-07-21 11:00:00,,windspeed,-4.049999999999999,21.15,,,,22.3,,
2025-07-21 12:00:00,,windspeed,-4.049999999999999,21.15,,,,22.3,,
2025-07-21 15:00:00,,windspeed,-4.049999999999999,21.15,,,,24.1,,
2025-07-21 20:00:00,,windspeed,-4.049999999999999,21.15,,,,24.1,,
2025-07-21 21:00:00,,windspeed,-4.049999999999999,21.15,,,,25.9,,
2025-07-21 23:00:00,,windspeed,-4.049999999999999,21.15,,,,27.7,,
2025-07-22 03:00:00,,windspeed,-4.049999999999999,21.15,,,,22.3,,
2025-07-22 05:00:00,,windspeed,-4.049999999999999,21.15,,,,27.7,,
2025-07-22 06:00:00,,windspeed,-4.049999999999999,21.15,,,,29.5,,
2025-07-22 08:00:00,,windspeed,-4.049999999999999,21.15,,,,29.5,,
2025-07-22 09:00:00,,windspeed,-4.049999999999999,21.15,,,,29.5,,
2025-07-22 11:00:00,,windspeed,-4.049999999999999,21.15,,,,35.3,,
2025-07-22 12:00:00,,windspeed,-4.049999999999999,21.15,,,,27.7,,
2025-07-22 14:00:00,,windspeed,-4.049999999999999,21.15,,,,29.5,,
2025-07-22 17:00:00,,windspeed,-4.049999999999999,21.15,,,,29.5,,
2025-07-22 18:00:00,,windspeed,-4.049999999999999,21.15,,,,24.1,,
2025-07-22 20:00:00,,windspeed,-4.049999999999999,21.15,,,,24.1,,
2025-07-22 21:00:00,,windspeed,-4.049999999999999,21.15,,,,24.1,,
2025-07-30 20:00:00,,windspeed,-4.049999999999999,21.15,,,,24.1,,
2025-08-01 00:00:00,,windspeed,-4.049999999999999,21.15,,,,25.9,,
2025-08-06 23:00:00,,windspeed,-4.049999999999999,21.15,,,,31.7,,
2025-08-09 21:00:00,,windspeed,-4.049999999999999,21.15,,,,24.1,,
2025-08-21 14:00:00,,windspeed,-4.049999999999999,21.15,,,,22.3,,
2025-08-22 15:00:00,,windspeed,-4.049999999999999,21.15,,,,22.3,,
2025-08-25 11:00:00,,windspeed,-4.049999999999999,21.15,,,,22.3,,
2025-08-25 12:00:00,,windspeed,-4.049999999999999,21.15,,,,24.1,,
2025-08-25 15:00:00,,windspeed,-4.049999999999999,21.15,,,,22.3,,
2025-08-26 02:00:00,,windspeed,-4.049999999999999,21.15,,,,22.3,,
2025-08-26 03:00:00,,windspeed,-4.049999999999999,21.15,,,,24.1,,
2025-08-26 04:00:00,,windspeed,-4.049999999999999,21.15,,,,22.3,,
2025-08-29 14:00:00,,windspeed,-4.049999999999999,21.15,,,,22.3,,
2025-09-09 11:00:00,,windspeed,-4.049999999999999,21.15,,,,31.7,,
2025-09-12 14:00:00,,windspeed,-4.049999999999999,21.15,,,,24.1,,
2025-09-29 03:00:00,,windspeed,-4.049999999999999,21.15,,,,22.3,,
2025-09-29 05:00:00,,windspeed,-4.049999999999999,21.15,,,,22.3,,
2025-09-29 06:00:00,,windspeed,-4.049999999999999,21.15,,,,22.3,,
2025-09-29 08:00:00,,windspeed,-4.049999999999999,21.15,,,,25.9,,
2025-09-29 09:00:00,,windspeed,-4.049999999999999,21.15,,,,27.7,,
2025-09-29 11:00:00,,windspeed,-4.049999999999999,21.15,,,,27.7,,
2025-09-29 12:00:00,,windspeed,-4.049999999999999,21.15,,,,22.3,,
2025-09-29 14:00:00,,windspeed,-4.049999999999999,21.15,,,,25.9,,
2025-09-29 15:00:00,,windspeed,-4.049999999999999,21.15,,,,26.6,,
2025-09-29 17:00:00,,windspeed,-4.049999999999999,21.15,,,,27.7,,
2025-09-29 18:00:00,,windspeed,-4.049999999999999,21.15,,,,29.5,,
2025-09-29 20:00:00,,windspeed,-4.049999999999999,21.15,,,,33.5,,
2025-09-29 21:00:00,,windspeed,-4.049999999999999,21.15,,,,25.9,,
2025-09-29 23:00:00,,windspeed,-4.049999999999999,21.15,,,,27.7,,
2025-09-30 00:00:00,,windspeed,-4.049999999999999,21.15,,,,25.9,,
2025-09-30 11:00:00,,windspeed,-4.049999999999999,21.15,,,,24.1,,
2025-10-07 05:00:00,,windspeed,-4.049999999999999,21.15,,,,25.9,,
2025-10-13 15:00:00,,windspeed,-4.049999999999999,21.15,,,,25.9,,
2025-10-19 14:00:00,,windspeed,-4.049999999999999,21.15,,,,33.5,,
2025-10-21 11:00:00,,windspeed,-4.049999999999999,21.15,,,,24.1,,
2025-10-21 12:00:00,,windspeed,-4.049999999999999,21.15,,,,24.1,,
2025-10-21 15:00:00,,windspeed,-4.049999999999999,21.15,,,,22.3,,
2025-10-22 11:00:00,,windspeed,-4.049999999999999,21.15,,,,22.3,,
2025-10-22 12:00:00,,windspeed,-4.049999999999999,21.15,,,,24.1,,
2025-10-23 03:00:00,,windspeed,-4.049999999999999,21.15,,,,22.3,,
2025-11-08 14:00:00,,windspeed,-4.049999999999999,21.15,,,,22.3,,
2025-11-18 11:00:00,,windspeed,-4.049999999999999,21.15,,,,22.3,,
2025-11-18 14:00:00,,windspeed,-4.049999999999999,21.15,,,,27.7,,
2025-11-18 15:00:00,,windspeed,-4.049999999999999,21.15,,,,22.3,,
2025-11-18 17:00:00,,windspeed,-4.049999999999999,21.15,,,,22.3,,
2025-11-18 18:00:00,,windspeed,-4.049999999999999,21.15,,,,25.9,,
2025-11-18 23:00:00,,windspeed,-4.049999999999999,21.15,,,,24.1,,
2025-11-19 00:00:00,,windspeed,-4.049999999999999,21.15,,,,25.9,,
2025-12-24 23:00:00,,windspeed,-4.049999999999999,21.15,,,,22.3,,
2025-12-25 03:00:00,,windspeed,-4.049999999999999,21.15,,,,24.1,,
2025-12-25 05:00:00,,windspeed,-4.049999999999999,21.15,,,,24.1,,
2025-12-25 08:00:00,,windspeed,-4.049999999999999,21.15,,,,25.9,,
2025-12-25 11:00:00,,windspeed,-4.049999999999999,21.15,,,,25.9,,
2026-01-02 00:00:00,,windspeed,-4.049999999999999,21.15,,,,22.3,,
2026-01-05 09:00:00,,windspeed,-4.049999999999999,21.15,,,,25.9,,
2026-01-05 11:00:00,,windspeed,-4.049999999999999,21.15,,,,24.1,,
2026-01-05 12:00:00,,windspeed,-4.049999999999999,21.15,,,,25.9,,
2026-01-05 14:00:00,,windspeed,-4.049999999999999,21.15,,,,24.1,,
2026-01-20 17:00:00,,windspeed,-4.049999999999999,21.15,,,,25.9,,
2026-01-21 08:00:00,,windspeed,-4.049999999999999,21.15,,,,24.1,,
2026-01-21 09:00:00,,windspeed,-4.049999999999999,21.15,,,,24.1,,
2026-01-21 11:00:00,,windspeed,-4.049999999999999,21.15,,,,24.1,,
2026-01-21 14:00:00,,windspeed,-4.049999999999999,21.15,,,,25.9,,
2026-01-21 15:00:00,,windspeed,-4.049999999999999,21.15,,,,27.7,,
2026-01-29 21:00:00,,windspeed,-4.049999999999999,21.15,,,,22.3,,
2026-02-08 06:00:00,,windspeed,-4.049999999999999,21.15,,,,22.3,,
2026-02-08 08:00:00,,windspeed,-4.049999999999999,21.15,,,,22.3,,
2026-02-08 11:00:00,,windspeed,-4.049999999999999,21.15,,,,22.3,,
2026-02-11 12:00:00,,windspeed,-4.049999999999999,21.15,,,,22.3,,
2026-02-15 17:00:00,,windspeed,-4.049999999999999,21.15,,,,22.3,,
2026-02-16 20:00:00,,windspeed,-4.049999999999999,21.15,,,,22.3,,
2026-02-28 15:00:00,,windspeed,-4.049999999999999,21.15,,,,22.3,,
2026-02-28 16:00:00,,windspeed,-4.049999999999999,21.15,,,,24.1,,
2026-03-02 17:00:00,,windspeed,-4.049999999999999,21.15,,,,22.3,,
2026-03-03 07:00:00,,windspeed,-4.049999999999999,21.15,,,,22.3,,
2026-03-03 09:00:00,,windspeed,-4.049999999999999,21.15,,,,27.7,,
2026-03-03 11:00:00,,windspeed,-4.049999999999999,21.15,,,,22.3,,
2026-03-03 12:00:00,,windspeed,-4.049999999999999,21.15,,,,25.9,,
2026-03-03 14:00:00,,windspeed,-4.049999999999999,21.15,,,,25.9,,
2026-03-03 15:00:00,,windspeed,-4.049999999999999,21.15,,,,22.3,,
2026-03-07 17:00:00,,windspeed,-4.049999999999999,21.15,,,,22.3,,
2026-03-07 19:00:00,,windspeed,-4.049999999999999,21.15,,,,22.3,,
2026-03-08 15:00:00,,windspeed,-4.049999999999999,21.15,,,,24.1,,
2026-03-09 14:00:00,,windspeed,-4.049999999999999,21.15,,,,29.5,,
2023-03-14 10:00:00,,solarradiation,-374.7375,624.5625,,,,,637.0,
2023-03-14 11:00:00,,solarradiation,-374.7375,624.5625,,,,,809.9,
2023-03-14 12:00:00,,solarradiation,-374.7375,624.5625,,,,,909.4,
2023-03-14 13:00:00,,solarradiation,-374.7375,624.5625,,,,,912.0,
2023-03-14 14:00:00,,solarradiation,-374.7375,624.5625,,,,,630.3,
2023-03-21 11:00:00,,solarradiation,-374.7375,624.5625,,,,,635.6,
2023-03-21 12:00:00,,solarradiation,-374.7375,624.5625,,,,,762.3,
2023-03-21 13:00:00,,solarradiation,-374.7375,624.5625,,,,,726.7,
2023-03-21 14:00:00,,solarradiation,-374.7375,624.5625,,,,,641.6,
2023-03-22 10:00:00,,solarradiation,-374.7375,624.5625,,,,,654.8,
2023-03-22 11:00:00,,solarradiation,-374.7375,624.5625,,,,,819.0,
2023-03-22 12:00:00,,solarradiation,-374.7375,624.5625,,,,,920.5,
2023-03-22 13:00:00,,solarradiation,-374.7375,624.5625,,,,,940.0,
2023-03-22 14:00:00,,solarradiation,-374.7375,624.5625,,,,,834.0,
2023-03-22 15:00:00,,solarradiation,-374.7375,624.5625,,,,,673.2,
2023-03-23 10:00:00,,solarradiation,-374.7375,624.5625,,,,,659.2,
2023-03-23 11:00:00,,solarradiation,-374.7375,624.5625,,,,,809.5,
2023-03-23 12:00:00,,solarradiation,-374.7375,624.5625,,,,,926.9,
2023-03-23 13:00:00,,solarradiation,-374.7375,624.5625,,,,,935.3,
2023-03-23 14:00:00,,solarradiation,-374.7375,624.5625,,,,,789.2,
2023-03-23 15:00:00,,solarradiation,-374.7375,624.5625,,,,,692.2,
2023-03-24 10:00:00,,solarradiation,-374.7375,624.5625,,,,,704.7,
2023-03-24 11:00:00,,solarradiation,-374.7375,624.5625,,,,,853.4,
2023-03-24 12:00:00,,solarradiation,-374.7375,624.5625,,,,,924.4,
2023-03-24 13:00:00,,solarradiation,-374.7375,624.5625,,,,,944.7,
2023-03-24 14:00:00,,solarradiation,-374.7375,624.5625,,,,,850.5,
2023-04-03 11:00:00,,solarradiation,-374.7375,624.5625,,,,,684.6,
2023-04-03 12:00:00,,solarradiation,-374.7375,624.5625,,,,,843.8,
2023-04-03 13:00:00,,solarradiation,-374.7375,624.5625,,,,,796.7,
2023-04-03 14:00:00,,solarradiation,-374.7375,624.5625,,,,,768.2,
2023-04-03 15:00:00,,solarradiation,-374.7375,624.5625,,,,,680.6,
2023-04-04 11:00:00,,solarradiation,-374.7375,624.5625,,,,,739.7,
2023-04-04 12:00:00,,solarradiation,-374.7375,624.5625,,,,,877.8,
2023-04-04 13:00:00,,solarradiation,-374.7375,624.5625,,,,,909.9,
2023-04-04 14:00:00,,solarradiation,-374.7375,624.5625,,,,,750.5,
2023-04-04 15:00:00,,solarradiation,-374.7375,624.5625,,,,,668.5,
2023-04-05 10:00:00,,solarradiation,-374.7375,624.5625,,,,,702.5,
2023-04-05 11:00:00,,solarradiation,-374.7375,624.5625,,,,,855.4,
2023-04-05 12:00:00,,solarradiation,-374.7375,624.5625,,,,,967.0,
2023-04-05 13:00:00,,solarradiation,-374.7375,624.5625,,,,,967.5,
2023-04-05 14:00:00,,solarradiation,-374.7375,624.5625,,,,,849.2,
2023-04-05 15:00:00,,solarradiation,-374.7375,624.5625,,,,,691.4,
2023-04-06 14:00:00,,solarradiation,-374.7375,624.5625,,,,,630.9,
2023-04-16 11:00:00,,solarradiation,-374.7375,624.5625,,,,,662.0,
2023-04-16 12:00:00,,solarradiation,-374.7375,624.5625,,,,,830.9,
2023-04-16 13:00:00,,solarradiation,-374.7375,624.5625,,,,,634.6,
2023-04-18 11:00:00,,solarradiation,-374.7375,624.5625,,,,,769.9,
2023-04-18 12:00:00,,solarradiation,-374.7375,624.5625,,,,,830.8,
2023-04-18 13:00:00,,solarradiation,-374.7375,624.5625,,,,,818.8,
2023-04-18 14:00:00,,solarradiation,-374.7375,624.5625,,,,,839.7,
2023-04-18 15:00:00,,solarradiation,-374.7375,624.5625,,,,,679.4,
2023-04-19 10:00:00,,solarradiation,-374.7375,624.5625,,,,,675.2,
2023-04-19 11:00:00,,solarradiation,-374.7375,624.5625,,,,,743.6,
2023-04-19 12:00:00,,solarradiation,-374.7375,624.5625,,,,,942.3,
2023-04-19 13:00:00,,solarradiation,-374.7375,624.5625,,,,,894.3,
2023-04-19 14:00:00,,solarradiation,-374.7375,624.5625,,,,,867.0,
2023-04-19 15:00:00,,solarradiation,-374.7375,624.5625,,,,,716.4,
2023-04-20 13:00:00,,solarradiation,-374.7375,624.5625,,,,,742.9,
2023-04-21 11:00:00,,solarradiation,-374.7375,624.5625,,,,,642.2,
2023-04-21 12:00:00,,solarradiation,-374.7375,624.5625,,,,,819.7,
2023-04-21 13:00:00,,solarradiation,-374.7375,624.5625,,,,,883.3,
2023-04-21 14:00:00,,solarradiation,-374.7375,624.5625,,,,,743.6,
2023-04-21 15:00:00,,solarradiation,-374.7375,624.5625,,,,,725.8,
2023-04-22 10:00:00,,solarradiation,-374.7375,624.5625,,,,,730.1,
2023-04-22 11:00:00,,solarradiation,-374.7375,624.5625,,,,,837.3,
2023-04-22 12:00:00,,solarradiation,-374.7375,624.5625,,,,,928.4,
2023-04-22 13:00:00,,solarradiation,-374.7375,624.5625,,,,,949.9,
2023-04-22 14:00:00,,solarradiation,-374.7375,624.5625,,,,,731.6,
2023-04-23 12:00:00,,solarradiation,-374.7375,624.5625,,,,,703.7,
2023-04-23 13:00:00,,solarradiation,-374.7375,624.5625,,,,,812.6,
2023-04-23 14:00:00,,solarradiation,-374.7375,624.5625,,,,,720.3,
2023-04-24 14:00:00,,solarradiation,-374.7375,624.5625,,,,,777.0,
2023-04-26 11:00:00,,solarradiation,-374.7375,624.5625,,,,,648.4,
2023-04-26 12:00:00,,solarradiation,-374.7375,624.5625,,,,,778.8,
2023-04-26 13:00:00,,solarradiation,-374.7375,624.5625,,,,,788.4,
2023-04-27 10:00:00,,solarradiation,-374.7375,624.5625,,,,,635.5,
2023-04-27 11:00:00,,solarradiation,-374.7375,624.5625,,,,,747.0,
2023-04-27 12:00:00,,solarradiation,-374.7375,624.5625,,,,,685.0,
2023-04-30 11:00:00,,solarradiation,-374.7375,624.5625,,,,,676.1,
2023-04-30 12:00:00,,solarradiation,-374.7375,624.5625,,,,,700.3,
2023-04-30 13:00:00,,solarradiation,-374.7375,624.5625,,,,,928.4,
2023-05-01 10:00:00,,solarradiation,-374.7375,624.5625,,,,,736.4,
2023-05-01 11:00:00,,solarradiation,-374.7375,624.5625,,,,,825.8,
2023-05-01 12:00:00,,solarradiation,-374.7375,624.5625,,,,,771.8,
2023-05-04 11:00:00,,solarradiation,-374.7375,624.5625,,,,,788.0,
2023-05-04 12:00:00,,solarradiation,-374.7375,624.5625,,,,,930.2,
2023-05-04 13:00:00,,solarradiation,-374.7375,624.5625,,,,,908.0,
2023-05-04 14:00:00,,solarradiation,-374.7375,624.5625,,,,,817.0,
2023-05-04 15:00:00,,solarradiation,-374.7375,624.5625,,,,,625.0,
2023-05-05 10:00:00,,solarradiation,-374.7375,624.5625,,,,,775.5,
2023-05-05 11:00:00,,solarradiation,-374.7375,624.5625,,,,,902.0,
2023-05-05 12:00:00,,solarradiation,-374.7375,624.5625,,,,,976.6,
2023-05-05 13:00:00,,solarradiation,-374.7375,624.5625,,,,,969.7,
2023-05-05 14:00:00,,solarradiation,-374.7375,624.5625,,,,,882.4,
2023-05-05 15:00:00,,solarradiation,-374.7375,624.5625,,,,,745.1,
2023-05-06 10:00:00,,solarradiation,-374.7375,624.5625,,,,,791.4,
2023-05-06 11:00:00,,solarradiation,-374.7375,624.5625,,,,,921.9,
2023-05-06 12:00:00,,solarradiation,-374.7375,624.5625,,,,,982.0,
2023-05-06 13:00:00,,solarradiation,-374.7375,624.5625,,,,,971.9,
2023-05-06 14:00:00,,solarradiation,-374.7375,624.5625,,,,,891.5,
2023-05-06 15:00:00,,solarradiation,-374.7375,624.5625,,,,,752.8,
2023-05-07 10:00:00,,solarradiation,-374.7375,624.5625,,,,,732.5,
2023-05-07 11:00:00,,solarradiation,-374.7375,624.5625,,,,,853.1,
2023-05-07 12:00:00,,solarradiation,-374.7375,624.5625,,,,,848.2,
2023-05-07 13:00:00,,solarradiation,-374.7375,624.5625,,,,,926.3,
2023-05-07 14:00:00,,solarradiation,-374.7375,624.5625,,,,,786.7,
2023-05-07 15:00:00,,solarradiation,-374.7375,624.5625,,,,,697.3,
2023-05-10 13:00:00,,solarradiation,-374.7375,624.5625,,,,,751.0,
2023-05-10 14:00:00,,solarradiation,-374.7375,624.5625,,,,,667.5,
2023-05-12 14:00:00,,solarradiation,-374.7375,624.5625,,,,,628.9,
2023-05-14 12:00:00,,solarradiation,-374.7375,624.5625,,,,,734.5,
2023-05-14 13:00:00,,solarradiation,-374.7375,624.5625,,,,,857.6,
2023-05-15 10:00:00,,solarradiation,-374.7375,624.5625,,,,,759.9,
2023-05-15 11:00:00,,solarradiation,-374.7375,624.5625,,,,,849.7,
2023-05-15 12:00:00,,solarradiation,-374.7375,624.5625,,,,,697.8,
2023-05-16 10:00:00,,solarradiation,-374.7375,624.5625,,,,,750.8,
2023-05-16 11:00:00,,solarradiation,-374.7375,624.5625,,,,,834.5,
2023-05-16 12:00:00,,solarradiation,-374.7375,624.5625,,,,,934.6,
2023-05-16 13:00:00,,solarradiation,-374.7375,624.5625,,,,,907.1,
2023-05-16 14:00:00,,solarradiation,-374.7375,624.5625,,,,,816.5,
2023-05-16 15:00:00,,solarradiation,-374.7375,624.5625,,,,,645.0,
2023-05-17 10:00:00,,solarradiation,-374.7375,624.5625,,,,,799.9,
2023-05-17 11:00:00,,solarradiation,-374.7375,624.5625,,,,,924.5,
2023-05-17 12:00:00,,solarradiation,-374.7375,624.5625,,,,,985.4,
2023-05-17 13:00:00,,solarradiation,-374.7375,624.5625,,,,,971.6,
2023-05-17 14:00:00,,solarradiation,-374.7375,624.5625,,,,,896.6,
2023-05-17 15:00:00,,solarradiation,-374.7375,624.5625,,,,,752.7,
2023-05-18 10:00:00,,solarradiation,-374.7375,624.5625,,,,,799.0,
2023-05-18 11:00:00,,solarradiation,-374.7375,624.5625,,,,,923.4,
2023-05-18 12:00:00,,solarradiation,-374.7375,624.5625,,,,,986.9,
2023-05-18 13:00:00,,solarradiation,-374.7375,624.5625,,,,,978.0,
2023-05-18 14:00:00,,solarradiation,-374.7375,624.5625,,,,,859.7,
2023-05-18 15:00:00,,solarradiation,-374.7375,624.5625,,,,,685.3,
2023-05-19 10:00:00,,solarradiation,-374.7375,624.5625,,,,,733.5,
2023-05-19 11:00:00,,solarradiation,-374.7375,624.5625,,,,,836.9,
2023-05-19 12:00:00,,solarradiation,-374.7375,624.5625,,,,,820.1,
2023-05-19 13:00:00,,solarradiation,-374.7375,624.5625,,,,,874.1,
2023-05-19 14:00:00,,solarradiation,-374.7375,624.5625,,,,,819.7,
2023-05-19 15:00:00,,solarradiation,-374.7375,624.5625,,,,,672.3,
2023-05-20 10:00:00,,solarradiation,-374.7375,624.5625,,,,,657.7,
2023-05-20 11:00:00,,solarradiation,-374.7375,624.5625,,,,,831.5,
2023-05-20 12:00:00,,solarradiation,-374.7375,624.5625,,,,,849.0,
2023-05-20 13:00:00,,solarradiation,-374.7375,624.5625,,,,,900.7,
2023-05-20 14:00:00,,solarradiation,-374.7375,624.5625,,,,,739.5,
2023-05-21 10:00:00,,solarradiation,-374.7375,624.5625,,,,,718.3,
2023-05-21 11:00:00,,solarradiation,-374.7375,624.5625,,,,,869.6,
2023-05-21 12:00:00,,solarradiation,-374.7375,624.5625,,,,,971.8,
2023-05-21 13:00:00,,solarradiation,-374.7375,624.5625,,,,,960.2,
2023-05-21 14:00:00,,solarradiation,-374.7375,624.5625,,,,,822.8,
2023-05-21 15:00:00,,solarradiation,-374.7375,624.5625,,,,,663.0,
2023-05-22 10:00:00,,solarradiation,-374.7375,624.5625,,,,,791.8,
2023-05-22 11:00:00,,solarradiation,-374.7375,624.5625,,,,,915.7,
2023-05-22 12:00:00,,solarradiation,-374.7375,624.5625,,,,,975.1,
2023-05-22 13:00:00,,solarradiation,-374.7375,624.5625,,,,,968.9,
2023-05-22 14:00:00,,solarradiation,-374.7375,624.5625,,,,,886.9,
2023-05-22 15:00:00,,solarradiation,-374.7375,624.5625,,,,,734.6,
2023-05-24 14:00:00,,solarradiation,-374.7375,624.5625,,,,,649.8,
2023-05-25 11:00:00,,solarradiation,-374.7375,624.5625,,,,,722.8,
2023-05-25 12:00:00,,solarradiation,-374.7375,624.5625,,,,,731.5,
2023-05-25 13:00:00,,solarradiation,-374.7375,624.5625,,,,,672.6,
2023-05-25 14:00:00,,solarradiation,-374.7375,624.5625,,,,,739.8,
2023-05-27 11:00:00,,solarradiation,-374.7375,624.5625,,,,,644.9,
2023-05-27 13:00:00,,solarradiation,-374.7375,624.5625,,,,,708.8,
2023-05-28 11:00:00,,solarradiation,-374.7375,624.5625,,,,,857.0,
2023-05-28 12:00:00,,solarradiation,-374.7375,624.5625,,,,,935.9,
2023-05-28 13:00:00,,solarradiation,-374.7375,624.5625,,,,,835.0,
2023-05-28 14:00:00,,solarradiation,-374.7375,624.5625,,,,,777.2,
2023-05-29 10:00:00,,solarradiation,-374.7375,624.5625,,,,,735.1,
2023-05-29 11:00:00,,solarradiation,-374.7375,624.5625,,,,,882.1,
2023-05-29 12:00:00,,solarradiation,-374.7375,624.5625,,,,,867.7,
2023-05-29 13:00:00,,solarradiation,-374.7375,624.5625,,,,,864.6,
2023-05-29 14:00:00,,solarradiation,-374.7375,624.5625,,,,,866.8,
2023-05-29 15:00:00,,solarradiation,-374.7375,624.5625,,,,,704.0,
2023-05-30 10:00:00,,solarradiation,-374.7375,624.5625,,,,,737.0,
2023-05-30 11:00:00,,solarradiation,-374.7375,624.5625,,,,,861.2,
2023-05-30 12:00:00,,solarradiation,-374.7375,624.5625,,,,,934.0,
2023-05-30 13:00:00,,solarradiation,-374.7375,624.5625,,,,,943.1,
2023-05-30 14:00:00,,solarradiation,-374.7375,624.5625,,,,,887.2,
2023-05-30 15:00:00,,solarradiation,-374.7375,624.5625,,,,,746.1,
2023-05-31 10:00:00,,solarradiation,-374.7375,624.5625,,,,,779.9,
2023-05-31 11:00:00,,solarradiation,-374.7375,624.5625,,,,,898.6,
2023-05-31 12:00:00,,solarradiation,-374.7375,624.5625,,,,,956.1,
2023-05-31 13:00:00,,solarradiation,-374.7375,624.5625,,,,,941.7,
2023-05-31 14:00:00,,solarradiation,-374.7375,624.5625,,,,,870.4,
2023-05-31 15:00:00,,solarradiation,-374.7375,624.5625,,,,,710.6,
2023-06-01 10:00:00,,solarradiation,-374.7375,624.5625,,,,,660.4,
2023-06-01 11:00:00,,solarradiation,-374.7375,624.5625,,,,,783.2,
2023-06-01 12:00:00,,solarradiation,-374.7375,624.5625,,,,,811.4,
2023-06-01 13:00:00,,solarradiation,-374.7375,624.5625,,,,,725.6,
2023-06-01 14:00:00,,solarradiation,-374.7375,624.5625,,,,,728.3,
2023-06-02 11:00:00,,solarradiation,-374.7375,624.5625,,,,,769.1,
2023-06-02 12:00:00,,solarradiation,-374.7375,624.5625,,,,,831.5,
2023-06-02 13:00:00,,solarradiation,-374.7375,624.5625,,,,,946.3,
2023-06-02 14:00:00,,solarradiation,-374.7375,624.5625,,,,,722.3,
2023-06-03 10:00:00,,solarradiation,-374.7375,624.5625,,,,,723.2,
2023-06-03 11:00:00,,solarradiation,-374.7375,624.5625,,,,,837.9,
2023-06-03 12:00:00,,solarradiation,-374.7375,624.5625,,,,,864.8,
2023-06-03 13:00:00,,solarradiation,-374.7375,624.5625,,,,,861.0,
2023-06-03 14:00:00,,solarradiation,-374.7375,624.5625,,,,,783.1,
2023-06-03 15:00:00,,solarradiation,-374.7375,624.5625,,,,,708.4,
2023-06-05 14:00:00,,solarradiation,-374.7375,624.5625,,,,,700.6,
2023-06-06 12:00:00,,solarradiation,-374.7375,624.5625,,,,,732.6,
2023-06-06 13:00:00,,solarradiation,-374.7375,624.5625,,,,,656.9,
2023-06-07 10:00:00,,solarradiation,-374.7375,624.5625,,,,,627.2,
2023-06-07 11:00:00,,solarradiation,-374.7375,624.5625,,,,,708.7,
2023-06-07 12:00:00,,solarradiation,-374.7375,624.5625,,,,,757.3,
2023-06-07 13:00:00,,solarradiation,-374.7375,624.5625,,,,,804.1,
2023-06-07 14:00:00,,solarradiation,-374.7375,624.5625,,,,,668.6,
2023-06-08 11:00:00,,solarradiation,-374.7375,624.5625,,,,,716.4,
2023-06-08 12:00:00,,solarradiation,-374.7375,624.5625,,,,,831.7,
2023-06-08 13:00:00,,solarradiation,-374.7375,624.5625,,,,,795.8,
2023-06-10 10:00:00,,solarradiation,-374.7375,624.5625,,,,,680.5,
2023-06-10 11:00:00,,solarradiation,-374.7375,624.5625,,,,,818.6,
2023-06-10 12:00:00,,solarradiation,-374.7375,624.5625,,,,,884.7,
2023-06-10 13:00:00,,solarradiation,-374.7375,624.5625,,,,,933.8,
2023-06-10 14:00:00,,solarradiation,-374.7375,624.5625,,,,,812.9,
2023-06-10 15:00:00,,solarradiation,-374.7375,624.5625,,,,,648.2,
2023-06-11 10:00:00,,solarradiation,-374.7375,624.5625,,,,,770.2,
2023-06-11 11:00:00,,solarradiation,-374.7375,624.5625,,,,,883.3,
2023-06-11 12:00:00,,solarradiation,-374.7375,624.5625,,,,,893.4,
2023-06-11 13:00:00,,solarradiation,-374.7375,624.5625,,,,,863.4,
2023-06-11 14:00:00,,solarradiation,-374.7375,624.5625,,,,,857.5,
2023-06-11 15:00:00,,solarradiation,-374.7375,624.5625,,,,,657.8,
2023-06-12 11:00:00,,solarradiation,-374.7375,624.5625,,,,,703.6,
2023-06-12 12:00:00,,solarradiation,-374.7375,624.5625,,,,,720.1,
2023-06-12 13:00:00,,solarradiation,-374.7375,624.5625,,,,,718.1,
2023-06-12 14:00:00,,solarradiation,-374.7375,624.5625,,,,,810.3,
2023-06-13 13:00:00,,solarradiation,-374.7375,624.5625,,,,,714.9,
2023-06-14 14:00:00,,solarradiation,-374.7375,624.5625,,,,,648.8,
2023-06-15 14:00:00,,solarradiation,-374.7375,624.5625,,,,,728.6,
2023-06-16 11:00:00,,solarradiation,-374.7375,624.5625,,,,,706.6,
2023-06-16 12:00:00,,solarradiation,-374.7375,624.5625,,,,,715.8,
2023-06-16 13:00:00,,solarradiation,-374.7375,624.5625,,,,,734.3,
2023-06-17 10:00:00,,solarradiation,-374.7375,624.5625,,,,,654.7,
2023-06-17 11:00:00,,solarradiation,-374.7375,624.5625,,,,,687.5,
2023-06-17 12:00:00,,solarradiation,-374.7375,624.5625,,,,,768.6,
2023-06-17 13:00:00,,solarradiation,-374.7375,624.5625,,,,,641.5,
2023-06-18 12:00:00,,solarradiation,-374.7375,624.5625,,,,,706.1,
2023-06-19 13:00:00,,solarradiation,-374.7375,624.5625,,,,,797.5,
2023-06-20 12:00:00,,solarradiation,-374.7375,624.5625,,,,,751.0,
2023-06-20 13:00:00,,solarradiation,-374.7375,624.5625,,,,,709.2,
2023-06-21 11:00:00,,solarradiation,-374.7375,624.5625,,,,,705.4,
2023-06-21 12:00:00,,solarradiation,-374.7375,624.5625,,,,,731.0,
2023-06-21 13:00:00,,solarradiation,-374.7375,624.5625,,,,,815.2,
2023-06-21 14:00:00,,solarradiation,-374.7375,624.5625,,,,,651.6,
2023-06-22 11:00:00,,solarradiation,-374.7375,624.5625,,,,,673.3,
2023-06-22 12:00:00,,solarradiation,-374.7375,624.5625,,,,,709.9,
2023-06-28 11:00:00,,solarradiation,-374.7375,624.5625,,,,,764.5,
2023-06-28 12:00:00,,solarradiation,-374.7375,624.5625,,,,,761.2,
2023-06-28 13:00:00,,solarradiation,-374.7375,624.5625,,,,,850.3,
2023-06-28 14:00:00,,solarradiation,-374.7375,624.5625,,,,,643.1,
2023-06-29 10:00:00,,solarradiation,-374.7375,624.5625,,,,,662.3,
2023-06-29 11:00:00,,solarradiation,-374.7375,624.5625,,,,,813.4,
2023-06-29 12:00:00,,solarradiation,-374.7375,624.5625,,,,,909.2,
2023-06-29 13:00:00,,solarradiation,-374.7375,624.5625,,,,,843.0,
2023-06-29 14:00:00,,solarradiation,-374.7375,624.5625,,,,,791.8,
2023-06-29 15:00:00,,solarradiation,-374.7375,624.5625,,,,,700.0,
2023-06-30 10:00:00,,solarradiation,-374.7375,624.5625,,,,,635.9,
2023-06-30 11:00:00,,solarradiation,-374.7375,624.5625,,,,,846.9,
2023-06-30 12:00:00,,solarradiation,-374.7375,624.5625,,,,,914.3,
2023-06-30 13:00:00,,solarradiation,-374.7375,624.5625,,,,,800.3,
2023-06-30 14:00:00,,solarradiation,-374.7375,624.5625,,,,,727.3,
2023-06-30 15:00:00,,solarradiation,-374.7375,624.5625,,,,,709.8,
2023-07-01 10:00:00,,solarradiation,-374.7375,624.5625,,,,,626.0,
2023-07-01 11:00:00,,solarradiation,-374.7375,624.5625,,,,,783.8,
2023-07-01 12:00:00,,solarradiation,-374.7375,624.5625,,,,,696.5,
2023-07-01 13:00:00,,solarradiation,-374.7375,624.5625,,,,,776.5,
2023-07-01 14:00:00,,solarradiation,-374.7375,624.5625,,,,,661.6,
2023-07-02 10:00:00,,solarradiation,-374.7375,624.5625,,,,,696.1,
2023-07-02 11:00:00,,solarradiation,-374.7375,624.5625,,,,,775.3,
2023-07-02 12:00:00,,solarradiation,-374.7375,624.5625,,,,,889.3,
2023-07-02 13:00:00,,solarradiation,-374.7375,624.5625,,,,,798.4,
2023-07-02 14:00:00,,solarradiation,-374.7375,624.5625,,,,,820.9,
2023-07-04 10:00:00,,solarradiation,-374.7375,624.5625,,,,,723.5,
2023-07-04 11:00:00,,solarradiation,-374.7375,624.5625,,,,,690.1,
2023-07-04 12:00:00,,solarradiation,-374.7375,624.5625,,,,,837.9,
2023-07-04 13:00:00,,solarradiation,-374.7375,624.5625,,,,,826.5,
2023-07-04 14:00:00,,solarradiation,-374.7375,624.5625,,,,,758.5,
2023-07-04 15:00:00,,solarradiation,-374.7375,624.5625,,,,,662.3,
2023-07-05 10:00:00,,solarradiation,-374.7375,624.5625,,,,,668.8,
2023-07-05 11:00:00,,solarradiation,-374.7375,624.5625,,,,,798.0,
2023-07-05 13:00:00,,solarradiation,-374.7375,624.5625,,,,,929.6,
2023-07-05 14:00:00,,solarradiation,-374.7375,624.5625,,,,,761.7,
2023-07-05 15:00:00,,solarradiation,-374.7375,624.5625,,,,,705.8,
2023-07-06 10:00:00,,solarradiation,-374.7375,624.5625,,,,,751.2,
2023-07-06 11:00:00,,solarradiation,-374.7375,624.5625,,,,,872.1,
2023-07-06 12:00:00,,solarradiation,-374.7375,624.5625,,,,,932.5,
2023-07-06 13:00:00,,solarradiation,-374.7375,624.5625,,,,,923.4,
2023-07-06 14:00:00,,solarradiation,-374.7375,624.5625,,,,,730.0,
2023-07-06 15:00:00,,solarradiation,-374.7375,624.5625,,,,,735.9,
2023-07-07 10:00:00,,solarradiation,-374.7375,624.5625,,,,,758.6,
2023-07-07 11:00:00,,solarradiation,-374.7375,624.5625,,,,,890.4,
2023-07-07 12:00:00,,solarradiation,-374.7375,624.5625,,,,,928.3,
2023-07-07 13:00:00,,solarradiation,-374.7375,624.5625,,,,,886.6,
2023-07-07 14:00:00,,solarradiation,-374.7375,624.5625,,,,,794.6,
2023-07-07 15:00:00,,solarradiation,-374.7375,624.5625,,,,,656.6,
2023-07-08 10:00:00,,solarradiation,-374.7375,624.5625,,,,,698.0,
2023-07-08 11:00:00,,solarradiation,-374.7375,624.5625,,,,,890.2,
2023-07-08 12:00:00,,solarradiation,-374.7375,624.5625,,,,,883.0,
2023-07-08 13:00:00,,solarradiation,-374.7375,624.5625,,,,,887.1,
2023-07-08 14:00:00,,solarradiation,-374.7375,624.5625,,,,,826.6,
2023-07-08 15:00:00,,solarradiation,-374.7375,624.5625,,,,,638.7,
2023-07-09 11:00:00,,solarradiation,-374.7375,624.5625,,,,,633.3,
2023-07-09 12:00:00,,solarradiation,-374.7375,624.5625,,,,,766.7,
2023-07-09 13:00:00,,solarradiation,-374.7375,624.5625,,,,,687.0,
2023-07-09 14:00:00,,solarradiation,-374.7375,624.5625,,,,,717.2,
2023-07-10 10:00:00,,solarradiation,-374.7375,624.5625,,,,,658.4,
2023-07-10 11:00:00,,solarradiation,-374.7375,624.5625,,,,,819.6,
2023-07-10 12:00:00,,solarradiation,-374.7375,624.5625,,,,,879.2,
2023-07-10 13:00:00,,solarradiation,-374.7375,624.5625,,,,,851.0,
2023-07-10 14:00:00,,solarradiation,-374.7375,624.5625,,,,,686.0,
2023-07-10 15:00:00,,solarradiation,-374.7375,624.5625,,,,,704.2,
2023-07-11 10:00:00,,solarradiation,-374.7375,624.5625,,,,,761.1,
2023-07-11 11:00:00,,solarradiation,-374.7375,624.5625,,,,,862.0,
2023-07-11 12:00:00,,solarradiation,-374.7375,624.5625,,,,,942.2,
2023-07-11 13:00:00,,solarradiation,-374.7375,624.5625,,,,,880.1,
2023-07-11 14:00:00,,solarradiation,-374.7375,624.5625,,,,,781.0,
2023-07-11 15:00:00,,solarradiation,-374.7375,624.5625,,,,,658.0,
2023-07-12 10:00:00,,solarradiation,-374.7375,624.5625,,,,,757.4,
2023-07-12 11:00:00,,solarradiation,-374.7375,624.5625,,,,,878.7,
2023-07-12 12:00:00,,solarradiation,-374.7375,624.5625,,,,,910.1,
2023-07-12 13:00:00,,solarradiation,-374.7375,624.5625,,,,,910.7,
2023-07-12 14:00:00,,solarradiation,-374.7375,624.5625,,,,,818.8,
2023-07-12 15:00:00,,solarradiation,-374.7375,624.5625,,,,,649.6,
2023-07-13 10:00:00,,solarradiation,-374.7375,624.5625,,,,,758.5,
2023-07-13 11:00:00,,solarradiation,-374.7375,624.5625,,,,,885.2,
2023-07-13 12:00:00,,solarradiation,-374.7375,624.5625,,,,,949.3,
2023-07-13 13:00:00,,solarradiation,-374.7375,624.5625,,,,,920.2,
2023-07-13 14:00:00,,solarradiation,-374.7375,624.5625,,,,,807.7,
2023-07-13 15:00:00,,solarradiation,-374.7375,624.5625,,,,,714.6,
2023-07-14 10:00:00,,solarradiation,-374.7375,624.5625,,,,,671.9,
2023-07-14 11:00:00,,solarradiation,-374.7375,624.5625,,,,,782.1,
2023-07-14 12:00:00,,solarradiation,-374.7375,624.5625,,,,,745.0,
2023-07-14 13:00:00,,solarradiation,-374.7375,624.5625,,,,,767.5,
2023-07-14 14:00:00,,solarradiation,-374.7375,624.5625,,,,,651.1,
2023-07-14 15:00:00,,solarradiation,-374.7375,624.5625,,,,,663.6,
2023-07-15 12:00:00,,solarradiation,-374.7375,624.5625,,,,,769.6,
2023-07-15 13:00:00,,solarradiation,-374.7375,624.5625,,,,,659.5,
2023-07-15 14:00:00,,solarradiation,-374.7375,624.5625,,,,,685.3,
2023-07-16 11:00:00,,solarradiation,-374.7375,624.5625,,,,,811.3,
2023-07-16 12:00:00,,solarradiation,-374.7375,624.5625,,,,,932.1,
2023-07-16 13:00:00,,solarradiation,-374.7375,624.5625,,,,,872.2,
2023-07-16 14:00:00,,solarradiation,-374.7375,624.5625,,,,,877.1,
2023-07-16 15:00:00,,solarradiation,-374.7375,624.5625,,,,,719.4,
2023-07-17 11:00:00,,solarradiation,-374.7375,624.5625,,,,,720.6,
2023-07-17 12:00:00,,solarradiation,-374.7375,624.5625,,,,,684.8,
2023-07-17 13:00:00,,solarradiation,-374.7375,624.5625,,,,,776.4,
2023-07-17 14:00:00,,solarradiation,-374.7375,624.5625,,,,,741.4,
2023-07-17 15:00:00,,solarradiation,-374.7375,624.5625,,,,,639.6,
2023-07-22 10:00:00,,solarradiation,-374.7375,624.5625,,,,,636.2,
2023-07-22 11:00:00,,solarradiation,-374.7375,624.5625,,,,,710.9,
2023-07-22 12:00:00,,solarradiation,-374.7375,624.5625,,,,,770.2,
2023-07-22 13:00:00,,solarradiation,-374.7375,624.5625,,,,,877.8,
2023-07-22 14:00:00,,solarradiation,-374.7375,624.5625,,,,,816.9,
2023-07-22 15:00:00,,solarradiation,-374.7375,624.5625,,,,,685.5,
2023-07-23 10:00:00,,solarradiation,-374.7375,624.5625,,,,,746.8,
2023-07-23 11:00:00,,solarradiation,-374.7375,624.5625,,,,,864.6,
2023-07-23 12:00:00,,solarradiation,-374.7375,624.5625,,,,,765.8,
2023-07-23 13:00:00,,solarradiation,-374.7375,624.5625,,,,,863.8,
2023-07-23 14:00:00,,solarradiation,-374.7375,624.5625,,,,,807.8,
2023-07-23 15:00:00,,solarradiation,-374.7375,624.5625,,,,,671.5,
2023-07-24 10:00:00,,solarradiation,-374.7375,624.5625,,,,,749.8,
2023-07-24 11:00:00,,solarradiation,-374.7375,624.5625,,,,,877.4,
2023-07-24 12:00:00,,solarradiation,-374.7375,624.5625,,,,,784.2,
2023-07-24 13:00:00,,solarradiation,-374.7375,624.5625,,,,,898.3,
2023-07-24 14:00:00,,solarradiation,-374.7375,624.5625,,,,,862.2,
2023-07-24 15:00:00,,solarradiation,-374.7375,624.5625,,,,,697.8,
2023-07-25 10:00:00,,solarradiation,-374.7375,624.5625,,,,,716.4,
2023-07-25 11:00:00,,solarradiation,-374.7375,624.5625,,,,,660.7,
2023-07-25 12:00:00,,solarradiation,-374.7375,624.5625,,,,,799.5,
2023-07-25 13:00:00,,solarradiation,-374.7375,624.5625,,,,,814.2,
2023-07-25 14:00:00,,solarradiation,-374.7375,624.5625,,,,,782.3,
2023-07-25 15:00:00,,solarradiation,-374.7375,624.5625,,,,,697.7,
2023-07-26 10:00:00,,solarradiation,-374.7375,624.5625,,,,,757.2,
2023-07-26 11:00:00,,solarradiation,-374.7375,624.5625,,,,,884.4,
2023-07-26 12:00:00,,solarradiation,-374.7375,624.5625,,,,,951.2,
2023-07-26 13:00:00,,solarradiation,-374.7375,624.5625,,,,,939.5,
2023-07-26 14:00:00,,solarradiation,-374.7375,624.5625,,,,,843.1,
2023-07-26 15:00:00,,solarradiation,-374.7375,624.5625,,,,,739.0,
2023-07-27 10:00:00,,solarradiation,-374.7375,624.5625,,,,,706.2,
2023-07-27 11:00:00,,solarradiation,-374.7375,624.5625,,,,,844.7,
2023-07-27 12:00:00,,solarradiation,-374.7375,624.5625,,,,,875.5,
2023-07-27 13:00:00,,solarradiation,-374.7375,624.5625,,,,,926.6,
2023-07-27 14:00:00,,solarradiation,-374.7375,624.5625,,,,,781.7,
2023-07-27 15:00:00,,solarradiation,-374.7375,624.5625,,,,,629.7,
2023-07-28 10:00:00,,solarradiation,-374.7375,624.5625,,,,,642.8,
2023-07-28 11:00:00,,solarradiation,-374.7375,624.5625,,,,,738.6,
2023-07-28 12:00:00,,solarradiation,-374.7375,624.5625,,,,,839.1,
2023-07-28 13:00:00,,solarradiation,-374.7375,624.5625,,,,,831.9,
2023-07-29 14:00:00,,solarradiation,-374.7375,624.5625,,,,,767.1,
2023-08-08 10:00:00,,solarradiation,-374.7375,624.5625,,,,,625.2,
2023-08-08 11:00:00,,solarradiation,-374.7375,624.5625,,,,,704.2,
2023-08-08 12:00:00,,solarradiation,-374.7375,624.5625,,,,,694.0,
2023-08-08 13:00:00,,solarradiation,-374.7375,624.5625,,,,,732.4,
2023-08-08 14:00:00,,solarradiation,-374.7375,624.5625,,,,,850.9,
2023-08-09 11:00:00,,solarradiation,-374.7375,624.5625,,,,,788.9,
2023-08-09 12:00:00,,solarradiation,-374.7375,624.5625,,,,,842.7,
2023-08-09 13:00:00,,solarradiation,-374.7375,624.5625,,,,,695.3,
2023-08-09 14:00:00,,solarradiation,-374.7375,624.5625,,,,,790.3,
2023-08-12 11:00:00,,solarradiation,-374.7375,624.5625,,,,,689.1,
2023-08-12 12:00:00,,solarradiation,-374.7375,624.5625,,,,,792.0,
2023-08-12 14:00:00,,solarradiation,-374.7375,624.5625,,,,,779.1,
2023-08-13 11:00:00,,solarradiation,-374.7375,624.5625,,,,,760.1,
2023-08-13 12:00:00,,solarradiation,-374.7375,624.5625,,,,,816.9,
2023-08-13 13:00:00,,solarradiation,-374.7375,624.5625,,,,,700.3,
2023-08-13 14:00:00,,solarradiation,-374.7375,624.5625,,,,,782.9,
2023-08-13 15:00:00,,solarradiation,-374.7375,624.5625,,,,,626.7,
2023-08-14 13:00:00,,solarradiation,-374.7375,624.5625,,,,,682.2,
2023-08-14 14:00:00,,solarradiation,-374.7375,624.5625,,,,,756.5,
2023-08-16 13:00:00,,solarradiation,-374.7375,624.5625,,,,,647.6,
2023-08-17 10:00:00,,solarradiation,-374.7375,624.5625,,,,,627.7,
2023-08-17 11:00:00,,solarradiation,-374.7375,624.5625,,,,,736.3,
2023-08-17 12:00:00,,solarradiation,-374.7375,624.5625,,,,,868.4,
2023-08-17 13:00:00,,solarradiation,-374.7375,624.5625,,,,,719.7,
2023-08-17 14:00:00,,solarradiation,-374.7375,624.5625,,,,,637.5,
2023-08-18 11:00:00,,solarradiation,-374.7375,624.5625,,,,,683.4,
2023-08-18 12:00:00,,solarradiation,-374.7375,624.5625,,,,,813.8,
2023-08-18 13:00:00,,solarradiation,-374.7375,624.5625,,,,,754.2,
2023-08-18 14:00:00,,solarradiation,-374.7375,624.5625,,,,,653.0,
2023-08-21 10:00:00,,solarradiation,-374.7375,624.5625,,,,,637.6,
2023-08-21 11:00:00,,solarradiation,-374.7375,624.5625,,,,,741.6,
2023-08-21 12:00:00,,solarradiation,-374.7375,624.5625,,,,,739.6,
2023-08-21 13:00:00,,solarradiation,-374.7375,624.5625,,,,,748.5,
2023-08-21 14:00:00,,solarradiation,-374.7375,624.5625,,,,,694.5,
2023-08-22 11:00:00,,solarradiation,-374.7375,624.5625,,,,,645.4,
2023-08-22 12:00:00,,solarradiation,-374.7375,624.5625,,,,,798.4,
2023-08-22 13:00:00,,solarradiation,-374.7375,624.5625,,,,,742.8,
2023-08-22 14:00:00,,solarradiation,-374.7375,624.5625,,,,,718.3,
2023-08-22 15:00:00,,solarradiation,-374.7375,624.5625,,,,,646.7,
2023-08-23 11:00:00,,solarradiation,-374.7375,624.5625,,,,,635.3,
2023-08-23 12:00:00,,solarradiation,-374.7375,624.5625,,,,,636.6,
2023-08-24 14:00:00,,solarradiation,-374.7375,624.5625,,,,,712.4,
2023-08-25 13:00:00,,solarradiation,-374.7375,624.5625,,,,,789.0,
2023-08-25 14:00:00,,solarradiation,-374.7375,624.5625,,,,,635.2,
2023-08-26 11:00:00,,solarradiation,-374.7375,624.5625,,,,,677.8,
2023-08-26 12:00:00,,solarradiation,-374.7375,624.5625,,,,,714.1,
2023-08-26 13:00:00,,solarradiation,-374.7375,624.5625,,,,,625.8,
2023-08-26 14:00:00,,solarradiation,-374.7375,624.5625,,,,,679.4,
2023-08-27 10:00:00,,solarradiation,-374.7375,624.5625,,,,,674.3,
2023-08-27 11:00:00,,solarradiation,-374.7375,624.5625,,,,,807.0,
2023-08-27 12:00:00,,solarradiation,-374.7375,624.5625,,,,,891.1,
2023-08-27 13:00:00,,solarradiation,-374.7375,624.5625,,,,,809.3,
2023-08-29 10:00:00,,solarradiation,-374.7375,624.5625,,,,,644.4,
2023-08-29 11:00:00,,solarradiation,-374.7375,624.5625,,,,,812.2,
2023-08-29 12:00:00,,solarradiation,-374.7375,624.5625,,,,,682.4,
2023-08-29 13:00:00,,solarradiation,-374.7375,624.5625,,,,,705.8,
2023-08-30 10:00:00,,solarradiation,-374.7375,624.5625,,,,,727.1,
2023-08-30 11:00:00,,solarradiation,-374.7375,624.5625,,,,,839.9,
2023-08-30 12:00:00,,solarradiation,-374.7375,624.5625,,,,,788.8,
2023-08-30 13:00:00,,solarradiation,-374.7375,624.5625,,,,,766.6,
2023-08-30 14:00:00,,solarradiation,-374.7375,624.5625,,,,,740.6,
2023-08-31 11:00:00,,solarradiation,-374.7375,624.5625,,,,,684.7,
2023-08-31 12:00:00,,solarradiation,-374.7375,624.5625,,,,,773.6,
2023-08-31 13:00:00,,solarradiation,-374.7375,624.5625,,,,,874.6,
2023-08-31 14:00:00,,solarradiation,-374.7375,624.5625,,,,,818.2,
2023-08-31 15:00:00,,solarradiation,-374.7375,624.5625,,,,,711.9,
2023-09-01 11:00:00,,solarradiation,-374.7375,624.5625,,,,,736.9,
2023-09-01 12:00:00,,solarradiation,-374.7375,624.5625,,,,,836.7,
2023-09-01 13:00:00,,solarradiation,-374.7375,624.5625,,,,,672.7,
2023-09-01 14:00:00,,solarradiation,-374.7375,624.5625,,,,,832.1,
2023-09-02 10:00:00,,solarradiation,-374.7375,624.5625,,,,,632.9,
2023-09-02 11:00:00,,solarradiation,-374.7375,624.5625,,,,,673.3,
2023-09-02 12:00:00,,solarradiation,-374.7375,624.5625,,,,,796.1,
2023-09-02 13:00:00,,solarradiation,-374.7375,624.5625,,,,,875.2,
2023-09-02 14:00:00,,solarradiation,-374.7375,624.5625,,,,,823.3,
2023-09-02 15:00:00,,solarradiation,-374.7375,624.5625,,,,,719.6,
2023-09-05 13:00:00,,solarradiation,-374.7375,624.5625,,,,,817.0,
2023-09-05 14:00:00,,solarradiation,-374.7375,624.5625,,,,,643.4,
2023-09-05 15:00:00,,solarradiation,-374.7375,624.5625,,,,,634.5,
2023-09-06 11:00:00,,solarradiation,-374.7375,624.5625,,,,,707.6,
2023-09-06 12:00:00,,solarradiation,-374.7375,624.5625,,,,,719.9,
2023-09-06 13:00:00,,solarradiation,-374.7375,624.5625,,,,,822.5,
2023-09-06 14:00:00,,solarradiation,-374.7375,624.5625,,,,,752.6,
2023-09-07 11:00:00,,solarradiation,-374.7375,624.5625,,,,,754.0,
2023-09-07 12:00:00,,solarradiation,-374.7375,624.5625,,,,,910.6,
2023-09-07 13:00:00,,solarradiation,-374.7375,624.5625,,,,,714.0,
2023-09-07 14:00:00,,solarradiation,-374.7375,624.5625,,,,,650.2,
2023-09-08 11:00:00,,solarradiation,-374.7375,624.5625,,,,,644.6,
2023-09-08 12:00:00,,solarradiation,-374.7375,624.5625,,,,,822.6,
2023-09-08 13:00:00,,solarradiation,-374.7375,624.5625,,,,,915.3,
2023-09-09 12:00:00,,solarradiation,-374.7375,624.5625,,,,,652.6,
2023-09-10 13:00:00,,solarradiation,-374.7375,624.5625,,,,,733.7,
2023-09-17 13:00:00,,solarradiation,-374.7375,624.5625,,,,,658.2,
2023-09-18 14:00:00,,solarradiation,-374.7375,624.5625,,,,,634.4,
2023-09-19 12:00:00,,solarradiation,-374.7375,624.5625,,,,,719.9,
2023-09-19 13:00:00,,solarradiation,-374.7375,624.5625,,,,,672.4,
2023-09-19 14:00:00,,solarradiation,-374.7375,624.5625,,,,,705.4,
2023-09-20 10:00:00,,solarradiation,-374.7375,624.5625,,,,,636.5,
2023-09-20 11:00:00,,solarradiation,-374.7375,624.5625,,,,,762.3,
2023-09-20 12:00:00,,solarradiation,-374.7375,624.5625,,,,,675.7,
2023-09-20 13:00:00,,solarradiation,-374.7375,624.5625,,,,,736.8,
2023-09-20 14:00:00,,solarradiation,-374.7375,624.5625,,,,,754.5,
2023-09-21 12:00:00,,solarradiation,-374.7375,624.5625,,,,,640.7,
2023-09-21 13:00:00,,solarradiation,-374.7375,624.5625,,,,,784.4,
2023-09-22 11:00:00,,solarradiation,-374.7375,624.5625,,,,,648.9,
2023-09-22 12:00:00,,solarradiation,-374.7375,624.5625,,,,,744.2,
2023-09-22 14:00:00,,solarradiation,-374.7375,624.5625,,,,,693.1,
2023-09-23 11:00:00,,solarradiation,-374.7375,624.5625,,,,,731.9,
2023-09-23 12:00:00,,solarradiation,-374.7375,624.5625,,,,,771.8,
2023-09-23 13:00:00,,solarradiation,-374.7375,624.5625,,,,,842.3,
2023-09-23 14:00:00,,solarradiation,-374.7375,624.5625,,,,,758.5,
2023-09-24 10:00:00,,solarradiation,-374.7375,624.5625,,,,,684.2,
2023-09-24 11:00:00,,solarradiation,-374.7375,624.5625,,,,,768.8,
2023-09-24 12:00:00,,solarradiation,-374.7375,624.5625,,,,,814.1,
2023-09-24 13:00:00,,solarradiation,-374.7375,624.5625,,,,,671.0,
2023-09-24 14:00:00,,solarradiation,-374.7375,624.5625,,,,,690.5,
2023-09-30 12:00:00,,solarradiation,-374.7375,624.5625,,,,,703.9,
2023-09-30 13:00:00,,solarradiation,-374.7375,624.5625,,,,,797.1,
2023-10-01 10:00:00,,solarradiation,-374.7375,624.5625,,,,,666.3,
2023-10-01 11:00:00,,solarradiation,-374.7375,624.5625,,,,,692.2,
2023-10-01 12:00:00,,solarradiation,-374.7375,624.5625,,,,,713.1,
2023-10-01 13:00:00,,solarradiation,-374.7375,624.5625,,,,,691.4,
2023-10-01 14:00:00,,solarradiation,-374.7375,624.5625,,,,,686.5,
2023-10-02 10:00:00,,solarradiation,-374.7375,624.5625,,,,,629.3,
2023-10-02 11:00:00,,solarradiation,-374.7375,624.5625,,,,,689.4,
2023-10-02 12:00:00,,solarradiation,-374.7375,624.5625,,,,,779.4,
2023-10-02 13:00:00,,solarradiation,-374.7375,624.5625,,,,,650.9,
2023-10-02 14:00:00,,solarradiation,-374.7375,624.5625,,,,,633.0,
2023-10-03 11:00:00,,solarradiation,-374.7375,624.5625,,,,,779.0,
2023-10-03 12:00:00,,solarradiation,-374.7375,624.5625,,,,,879.7,
2023-10-03 13:00:00,,solarradiation,-374.7375,624.5625,,,,,760.9,
2023-10-03 14:00:00,,solarradiation,-374.7375,624.5625,,,,,723.9,
2023-10-04 10:00:00,,solarradiation,-374.7375,624.5625,,,,,645.1,
2023-10-04 11:00:00,,solarradiation,-374.7375,624.5625,,,,,807.4,
2023-10-04 12:00:00,,solarradiation,-374.7375,624.5625,,,,,880.8,
2023-10-04 13:00:00,,solarradiation,-374.7375,624.5625,,,,,835.7,
2023-10-04 14:00:00,,solarradiation,-374.7375,624.5625,,,,,777.7,
2023-10-05 10:00:00,,solarradiation,-374.7375,624.5625,,,,,669.4,
2023-10-05 11:00:00,,solarradiation,-374.7375,624.5625,,,,,764.6,
2023-10-05 12:00:00,,solarradiation,-374.7375,624.5625,,,,,834.7,
2023-10-05 13:00:00,,solarradiation,-374.7375,624.5625,,,,,718.0,
2023-10-05 14:00:00,,solarradiation,-374.7375,624.5625,,,,,711.8,
2023-10-06 12:00:00,,solarradiation,-374.7375,624.5625,,,,,628.1,
2023-10-08 14:00:00,,solarradiation,-374.7375,624.5625,,,,,681.4,
2023-10-09 10:00:00,,solarradiation,-374.7375,624.5625,,,,,690.8,
2023-10-09 11:00:00,,solarradiation,-374.7375,624.5625,,,,,816.0,
2023-10-09 12:00:00,,solarradiation,-374.7375,624.5625,,,,,856.2,
2023-10-09 13:00:00,,solarradiation,-374.7375,624.5625,,,,,854.5,
2023-10-13 12:00:00,,solarradiation,-374.7375,624.5625,,,,,720.8,
2023-10-13 13:00:00,,solarradiation,-374.7375,624.5625,,,,,777.0,
2023-10-15 13:00:00,,solarradiation,-374.7375,624.5625,,,,,632.7,
2023-10-15 14:00:00,,solarradiation,-374.7375,624.5625,,,,,654.3,
2023-10-16 11:00:00,,solarradiation,-374.7375,624.5625,,,,,714.5,
2023-10-16 12:00:00,,solarradiation,-374.7375,624.5625,,,,,799.3,
2023-10-17 10:00:00,,solarradiation,-374.7375,624.5625,,,,,657.9,
2023-10-17 11:00:00,,solarradiation,-374.7375,624.5625,,,,,757.9,
2023-10-17 12:00:00,,solarradiation,-374.7375,624.5625,,,,,820.6,
2023-10-17 13:00:00,,solarradiation,-374.7375,624.5625,,,,,760.1,
2023-10-18 10:00:00,,solarradiation,-374.7375,624.5625,,,,,651.7,
2023-10-18 11:00:00,,solarradiation,-374.7375,624.5625,,,,,756.1,
2023-10-18 12:00:00,,solarradiation,-374.7375,624.5625,,,,,835.1,
2023-10-18 13:00:00,,solarradiation,-374.7375,624.5625,,,,,773.2,
2023-10-19 10:00:00,,solarradiation,-374.7375,624.5625,,,,,663.5,
2023-10-19 11:00:00,,solarradiation,-374.7375,624.5625,,,,,790.5,
2023-10-19 12:00:00,,solarradiation,-374.7375,624.5625,,,,,760.8,
2023-10-19 13:00:00,,solarradiation,-374.7375,624.5625,,,,,691.4,
2023-10-20 14:00:00,,solarradiation,-374.7375,624.5625,,,,,708.9,
2023-10-24 11:00:00,,solarradiation,-374.7375,624.5625,,,,,685.6,
2023-10-26 14:00:00,,solarradiation,-374.7375,624.5625,,,,,717.0,
2023-10-27 11:00:00,,solarradiation,-374.7375,624.5625,,,,,751.9,
2023-10-27 12:00:00,,solarradiation,-374.7375,624.5625,,,,,720.4,
2023-10-27 13:00:00,,solarradiation,-374.7375,624.5625,,,,,716.6,
2023-10-31 11:00:00,,solarradiation,-374.7375,624.5625,,,,,687.8,
2023-10-31 12:00:00,,solarradiation,-374.7375,624.5625,,,,,739.2,
2023-11-01 11:00:00,,solarradiation,-374.7375,624.5625,,,,,704.7,
2023-11-01 12:00:00,,solarradiation,-374.7375,624.5625,,,,,736.7,
2023-11-01 13:00:00,,solarradiation,-374.7375,624.5625,,,,,673.2,
2023-11-02 11:00:00,,solarradiation,-374.7375,624.5625,,,,,716.2,
2023-11-02 12:00:00,,solarradiation,-374.7375,624.5625,,,,,677.4,
2023-11-02 13:00:00,,solarradiation,-374.7375,624.5625,,,,,630.0,
2023-11-03 13:00:00,,solarradiation,-374.7375,624.5625,,,,,634.0,
2023-11-05 12:00:00,,solarradiation,-374.7375,624.5625,,,,,646.7,
2023-11-10 11:00:00,,solarradiation,-374.7375,624.5625,,,,,682.2,
2023-11-10 13:00:00,,solarradiation,-374.7375,624.5625,,,,,649.2,
2023-11-11 13:00:00,,solarradiation,-374.7375,624.5625,,,,,626.3,
2023-11-17 11:00:00,,solarradiation,-374.7375,624.5625,,,,,711.1,
2023-11-17 12:00:00,,solarradiation,-374.7375,624.5625,,,,,762.4,
2023-11-17 13:00:00,,solarradiation,-374.7375,624.5625,,,,,738.7,
2023-11-17 14:00:00,,solarradiation,-374.7375,624.5625,,,,,644.9,
2023-11-18 11:00:00,,solarradiation,-374.7375,624.5625,,,,,714.1,
2023-11-18 12:00:00,,solarradiation,-374.7375,624.5625,,,,,764.4,
2023-11-18 13:00:00,,solarradiation,-374.7375,624.5625,,,,,741.6,
2023-11-18 14:00:00,,solarradiation,-374.7375,624.5625,,,,,648.1,
2023-11-19 11:00:00,,solarradiation,-374.7375,624.5625,,,,,663.3,
2023-11-19 12:00:00,,solarradiation,-374.7375,624.5625,,,,,660.8,
2023-11-19 13:00:00,,solarradiation,-374.7375,624.5625,,,,,682.5,
2023-11-20 11:00:00,,solarradiation,-374.7375,624.5625,,,,,703.6,
2023-11-20 12:00:00,,solarradiation,-374.7375,624.5625,,,,,756.0,
2023-11-20 13:00:00,,solarradiation,-374.7375,624.5625,,,,,733.9,
2023-11-20 14:00:00,,solarradiation,-374.7375,624.5625,,,,,641.2,
2023-11-21 11:00:00,,solarradiation,-374.7375,624.5625,,,,,708.3,
2023-11-21 12:00:00,,solarradiation,-374.7375,624.5625,,,,,712.1,
2023-11-21 13:00:00,,solarradiation,-374.7375,624.5625,,,,,712.4,
2023-11-21 14:00:00,,solarradiation,-374.7375,624.5625,,,,,630.0,
2023-11-24 13:00:00,,solarradiation,-374.7375,624.5625,,,,,627.7,
2023-11-27 11:00:00,,solarradiation,-374.7375,624.5625,,,,,648.9,
2023-11-28 11:00:00,,solarradiation,-374.7375,624.5625,,,,,667.3,
2023-11-28 12:00:00,,solarradiation,-374.7375,624.5625,,,,,725.0,
2023-11-28 13:00:00,,solarradiation,-374.7375,624.5625,,,,,666.8,
2023-12-07 11:00:00,,solarradiation,-374.7375,624.5625,,,,,629.0,
2023-12-07 12:00:00,,solarradiation,-374.7375,624.5625,,,,,697.7,
2023-12-07 13:00:00,,solarradiation,-374.7375,624.5625,,,,,682.6,
2023-12-08 11:00:00,,solarradiation,-374.7375,624.5625,,,,,638.5,
2023-12-08 12:00:00,,solarradiation,-374.7375,624.5625,,,,,696.5,
2023-12-08 13:00:00,,solarradiation,-374.7375,624.5625,,,,,679.7,
2023-12-21 12:00:00,,solarradiation,-374.7375,624.5625,,,,,634.8,
2023-12-21 13:00:00,,solarradiation,-374.7375,624.5625,,,,,677.6,
2023-12-21 14:00:00,,solarradiation,-374.7375,624.5625,,,,,634.5,
2023-12-22 11:00:00,,solarradiation,-374.7375,624.5625,,,,,639.4,
2023-12-22 12:00:00,,solarradiation,-374.7375,624.5625,,,,,714.8,
2023-12-22 13:00:00,,solarradiation,-374.7375,624.5625,,,,,721.6,
2023-12-22 14:00:00,,solarradiation,-374.7375,624.5625,,,,,643.2,
2023-12-23 12:00:00,,solarradiation,-374.7375,624.5625,,,,,658.4,
2023-12-23 13:00:00,,solarradiation,-374.7375,624.5625,,,,,691.2,
2023-12-23 14:00:00,,solarradiation,-374.7375,624.5625,,,,,637.2,
2023-12-25 12:00:00,,solarradiation,-374.7375,624.5625,,,,,692.1,
2023-12-25 13:00:00,,solarradiation,-374.7375,624.5625,,,,,701.3,
2023-12-25 14:00:00,,solarradiation,-374.7375,624.5625,,,,,631.1,
2023-12-26 13:00:00,,solarradiation,-374.7375,624.5625,,,,,639.6,
2023-12-26 14:00:00,,solarradiation,-374.7375,624.5625,,,,,634.1,
2023-12-27 12:00:00,,solarradiation,-374.7375,624.5625,,,,,666.1,
2023-12-27 13:00:00,,solarradiation,-374.7375,624.5625,,,,,677.0,
2023-12-28 11:00:00,,solarradiation,-374.7375,624.5625,,,,,635.4,
2023-12-28 12:00:00,,solarradiation,-374.7375,624.5625,,,,,668.5,
2023-12-28 13:00:00,,solarradiation,-374.7375,624.5625,,,,,641.2,
2024-02-04 13:00:00,,solarradiation,-374.7375,624.5625,,,,,635.8,
2024-02-04 14:00:00,,solarradiation,-374.7375,624.5625,,,,,658.8,
2024-02-12 11:00:00,,solarradiation,-374.7375,624.5625,,,,,725.6,
2024-02-12 12:00:00,,solarradiation,-374.7375,624.5625,,,,,806.9,
2024-02-12 13:00:00,,solarradiation,-374.7375,624.5625,,,,,802.0,
2024-02-12 14:00:00,,solarradiation,-374.7375,624.5625,,,,,754.8,
2024-02-18 12:00:00,,solarradiation,-374.7375,624.5625,,,,,633.0,
2024-02-18 13:00:00,,solarradiation,-374.7375,624.5625,,,,,756.4,
2024-02-19 12:00:00,,solarradiation,-374.7375,624.5625,,,,,661.0,
2024-02-19 13:00:00,,solarradiation,-374.7375,624.5625,,,,,779.5,
2024-02-19 14:00:00,,solarradiation,-374.7375,624.5625,,,,,685.2,
2024-02-20 11:00:00,,solarradiation,-374.7375,624.5625,,,,,643.8,
2024-02-20 12:00:00,,solarradiation,-374.7375,624.5625,,,,,801.6,
2024-02-20 13:00:00,,solarradiation,-374.7375,624.5625,,,,,658.6,
2024-02-20 14:00:00,,solarradiation,-374.7375,624.5625,,,,,626.6,
2024-02-21 11:00:00,,solarradiation,-374.7375,624.5625,,,,,681.2,
2024-02-21 12:00:00,,solarradiation,-374.7375,624.5625,,,,,827.0,
2024-02-21 13:00:00,,solarradiation,-374.7375,624.5625,,,,,835.4,
2024-02-21 14:00:00,,solarradiation,-374.7375,624.5625,,,,,645.0,
2024-03-03 11:00:00,,solarradiation,-374.7375,624.5625,,,,,664.1,
2024-03-03 12:00:00,,solarradiation,-374.7375,624.5625,,,,,632.8,
2024-03-04 11:00:00,,solarradiation,-374.7375,624.5625,,,,,738.9,
2024-03-04 12:00:00,,solarradiation,-374.7375,624.5625,,,,,861.5,
2024-03-04 13:00:00,,solarradiation,-374.7375,624.5625,,,,,880.7,
2024-03-04 14:00:00,,solarradiation,-374.7375,624.5625,,,,,811.4,
2024-03-04 15:00:00,,solarradiation,-374.7375,624.5625,,,,,688.4,
2024-03-05 11:00:00,,solarradiation,-374.7375,624.5625,,,,,806.1,
2024-03-05 12:00:00,,solarradiation,-374.7375,624.5625,,,,,898.8,
2024-03-05 13:00:00,,solarradiation,-374.7375,624.5625,,,,,909.8,
2024-03-05 14:00:00,,solarradiation,-374.7375,624.5625,,,,,840.5,
2024-03-05 15:00:00,,solarradiation,-374.7375,624.5625,,,,,701.7,
2024-03-06 11:00:00,,solarradiation,-374.7375,624.5625,,,,,731.8,
2024-03-06 12:00:00,,solarradiation,-374.7375,624.5625,,,,,824.8,
2024-03-06 13:00:00,,solarradiation,-374.7375,624.5625,,,,,889.7,
2024-03-06 14:00:00,,solarradiation,-374.7375,624.5625,,,,,779.7,
2024-03-06 15:00:00,,solarradiation,-374.7375,624.5625,,,,,661.8,
2024-03-12 10:00:00,,solarradiation,-374.7375,624.5625,,,,,654.6,
2024-03-12 11:00:00,,solarradiation,-374.7375,624.5625,,,,,796.9,
2024-03-12 12:00:00,,solarradiation,-374.7375,624.5625,,,,,687.2,
2024-03-21 10:00:00,,solarradiation,-374.7375,624.5625,,,,,692.1,
2024-03-21 11:00:00,,solarradiation,-374.7375,624.5625,,,,,845.8,
2024-03-21 12:00:00,,solarradiation,-374.7375,624.5625,,,,,919.8,
2024-03-21 13:00:00,,solarradiation,-374.7375,624.5625,,,,,916.7,
2024-03-21 14:00:00,,solarradiation,-374.7375,624.5625,,,,,682.2,
2024-03-21 15:00:00,,solarradiation,-374.7375,624.5625,,,,,662.8,
2024-03-23 11:00:00,,solarradiation,-374.7375,624.5625,,,,,720.5,
2024-03-23 12:00:00,,solarradiation,-374.7375,624.5625,,,,,809.8,
2024-03-23 13:00:00,,solarradiation,-374.7375,624.5625,,,,,807.7,
2024-03-24 12:00:00,,solarradiation,-374.7375,624.5625,,,,,700.9,
2024-03-24 13:00:00,,solarradiation,-374.7375,624.5625,,,,,760.7,
2024-03-27 12:00:00,,solarradiation,-374.7375,624.5625,,,,,714.9,
2024-03-27 13:00:00,,solarradiation,-374.7375,624.5625,,,,,812.4,
2024-03-31 11:00:00,,solarradiation,-374.7375,624.5625,,,,,749.6,
2024-03-31 12:00:00,,solarradiation,-374.7375,624.5625,,,,,929.7,
2024-03-31 13:00:00,,solarradiation,-374.7375,624.5625,,,,,925.6,
2024-03-31 14:00:00,,solarradiation,-374.7375,624.5625,,,,,769.9,
2024-03-31 15:00:00,,solarradiation,-374.7375,624.5625,,,,,650.6,
2024-04-01 10:00:00,,solarradiation,-374.7375,624.5625,,,,,728.6,
2024-04-01 11:00:00,,solarradiation,-374.7375,624.5625,,,,,858.7,
2024-04-01 12:00:00,,solarradiation,-374.7375,624.5625,,,,,930.4,
2024-04-01 13:00:00,,solarradiation,-374.7375,624.5625,,,,,907.5,
2024-04-01 14:00:00,,solarradiation,-374.7375,624.5625,,,,,868.6,
2024-04-01 15:00:00,,solarradiation,-374.7375,624.5625,,,,,718.2,
2024-04-02 10:00:00,,solarradiation,-374.7375,624.5625,,,,,747.7,
2024-04-02 11:00:00,,solarradiation,-374.7375,624.5625,,,,,893.0,
2024-04-02 12:00:00,,solarradiation,-374.7375,624.5625,,,,,970.5,
2024-04-02 13:00:00,,solarradiation,-374.7375,624.5625,,,,,965.8,
2024-04-02 14:00:00,,solarradiation,-374.7375,624.5625,,,,,853.9,
2024-04-02 15:00:00,,solarradiation,-374.7375,624.5625,,,,,730.4,
2024-04-03 10:00:00,,solarradiation,-374.7375,624.5625,,,,,732.4,
2024-04-03 11:00:00,,solarradiation,-374.7375,624.5625,,,,,878.1,
2024-04-03 12:00:00,,solarradiation,-374.7375,624.5625,,,,,955.9,
2024-04-03 13:00:00,,solarradiation,-374.7375,624.5625,,,,,955.4,
2024-04-03 14:00:00,,solarradiation,-374.7375,624.5625,,,,,785.6,
2024-04-03 15:00:00,,solarradiation,-374.7375,624.5625,,,,,710.4,
2024-04-04 10:00:00,,solarradiation,-374.7375,624.5625,,,,,727.3,
2024-04-04 11:00:00,,solarradiation,-374.7375,624.5625,,,,,873.2,
2024-04-04 12:00:00,,solarradiation,-374.7375,624.5625,,,,,950.8,
2024-04-04 13:00:00,,solarradiation,-374.7375,624.5625,,,,,951.1,
2024-04-04 14:00:00,,solarradiation,-374.7375,624.5625,,,,,860.1,
2024-04-04 15:00:00,,solarradiation,-374.7375,624.5625,,,,,725.7,
2024-04-11 12:00:00,,solarradiation,-374.7375,624.5625,,,,,651.5,
2024-04-13 12:00:00,,solarradiation,-374.7375,624.5625,,,,,670.7,
2024-04-14 12:00:00,,solarradiation,-374.7375,624.5625,,,,,721.8,
2024-04-14 13:00:00,,solarradiation,-374.7375,624.5625,,,,,716.8,
2024-04-16 14:00:00,,solarradiation,-374.7375,624.5625,,,,,855.2,
2024-04-16 15:00:00,,solarradiation,-374.7375,624.5625,,,,,645.5,
2024-04-17 11:00:00,,solarradiation,-374.7375,624.5625,,,,,655.0,
2024-04-17 12:00:00,,solarradiation,-374.7375,624.5625,,,,,759.3,
2024-04-17 13:00:00,,solarradiation,-374.7375,624.5625,,,,,817.7,
2024-04-18 14:00:00,,solarradiation,-374.7375,624.5625,,,,,800.0,
2024-04-19 10:00:00,,solarradiation,-374.7375,624.5625,,,,,698.8,
2024-04-19 11:00:00,,solarradiation,-374.7375,624.5625,,,,,897.3,
2024-04-19 12:00:00,,solarradiation,-374.7375,624.5625,,,,,956.1,
2024-04-19 13:00:00,,solarradiation,-374.7375,624.5625,,,,,926.5,
2024-04-19 14:00:00,,solarradiation,-374.7375,624.5625,,,,,861.9,
2024-04-19 15:00:00,,solarradiation,-374.7375,624.5625,,,,,653.1,
2024-04-20 10:00:00,,solarradiation,-374.7375,624.5625,,,,,682.2,
2024-04-20 11:00:00,,solarradiation,-374.7375,624.5625,,,,,886.0,
2024-04-20 12:00:00,,solarradiation,-374.7375,624.5625,,,,,941.7,
2024-04-20 13:00:00,,solarradiation,-374.7375,624.5625,,,,,894.8,
2024-04-20 14:00:00,,solarradiation,-374.7375,624.5625,,,,,803.4,
2024-04-21 10:00:00,,solarradiation,-374.7375,624.5625,,,,,633.9,
2024-04-21 11:00:00,,solarradiation,-374.7375,624.5625,,,,,854.2,
2024-04-21 12:00:00,,solarradiation,-374.7375,624.5625,,,,,902.6,
2024-04-21 13:00:00,,solarradiation,-374.7375,624.5625,,,,,886.5,
2024-04-21 14:00:00,,solarradiation,-374.7375,624.5625,,,,,672.2,
2024-04-23 13:00:00,,solarradiation,-374.7375,624.5625,,,,,665.7,
2024-04-25 12:00:00,,solarradiation,-374.7375,624.5625,,,,,703.8,
2024-04-25 13:00:00,,solarradiation,-374.7375,624.5625,,,,,844.3,
2024-04-25 14:00:00,,solarradiation,-374.7375,624.5625,,,,,822.3,
2024-04-25 15:00:00,,solarradiation,-374.7375,624.5625,,,,,639.1,
2024-04-26 10:00:00,,solarradiation,-374.7375,624.5625,,,,,713.8,
2024-04-26 11:00:00,,solarradiation,-374.7375,624.5625,,,,,867.8,
2024-04-26 12:00:00,,solarradiation,-374.7375,624.5625,,,,,966.6,
2024-04-26 13:00:00,,solarradiation,-374.7375,624.5625,,,,,955.7,
2024-04-26 14:00:00,,solarradiation,-374.7375,624.5625,,,,,879.6,
2024-04-26 15:00:00,,solarradiation,-374.7375,624.5625,,,,,746.8,
2024-04-27 10:00:00,,solarradiation,-374.7375,624.5625,,,,,798.3,
2024-04-27 11:00:00,,solarradiation,-374.7375,624.5625,,,,,934.4,
2024-04-27 12:00:00,,solarradiation,-374.7375,624.5625,,,,,1002.8,
2024-04-27 13:00:00,,solarradiation,-374.7375,624.5625,,,,,978.8,
2024-04-27 14:00:00,,solarradiation,-374.7375,624.5625,,,,,913.6,
2024-04-27 15:00:00,,solarradiation,-374.7375,624.5625,,,,,782.1,
2024-04-28 10:00:00,,solarradiation,-374.7375,624.5625,,,,,791.1,
2024-04-28 11:00:00,,solarradiation,-374.7375,624.5625,,,,,922.6,
2024-04-28 12:00:00,,solarradiation,-374.7375,624.5625,,,,,962.2,
2024-04-28 13:00:00,,solarradiation,-374.7375,624.5625,,,,,941.6,
2024-04-28 14:00:00,,solarradiation,-374.7375,624.5625,,,,,863.2,
2024-04-28 15:00:00,,solarradiation,-374.7375,624.5625,,,,,670.7,
2024-04-29 10:00:00,,solarradiation,-374.7375,624.5625,,,,,787.1,
2024-04-29 11:00:00,,solarradiation,-374.7375,624.5625,,,,,919.3,
2024-04-29 12:00:00,,solarradiation,-374.7375,624.5625,,,,,980.9,
2024-04-29 13:00:00,,solarradiation,-374.7375,624.5625,,,,,963.1,
2024-04-29 14:00:00,,solarradiation,-374.7375,624.5625,,,,,785.9,
2024-04-30 10:00:00,,solarradiation,-374.7375,624.5625,,,,,794.4,
2024-04-30 11:00:00,,solarradiation,-374.7375,624.5625,,,,,926.5,
2024-04-30 12:00:00,,solarradiation,-374.7375,624.5625,,,,,977.8,
2024-04-30 13:00:00,,solarradiation,-374.7375,624.5625,,,,,934.2,
2024-04-30 14:00:00,,solarradiation,-374.7375,624.5625,,,,,873.2,
2024-04-30 15:00:00,,solarradiation,-374.7375,624.5625,,,,,748.3,
2024-05-04 11:00:00,,solarradiation,-374.7375,624.5625,,,,,738.2,
2024-05-04 12:00:00,,solarradiation,-374.7375,624.5625,,,,,856.1,
2024-05-04 13:00:00,,solarradiation,-374.7375,624.5625,,,,,921.7,
2024-05-04 14:00:00,,solarradiation,-374.7375,624.5625,,,,,868.2,
2024-05-04 15:00:00,,solarradiation,-374.7375,624.5625,,,,,701.4,
2024-05-10 11:00:00,,solarradiation,-374.7375,624.5625,,,,,734.4,
2024-05-10 12:00:00,,solarradiation,-374.7375,624.5625,,,,,819.8,
2024-05-10 13:00:00,,solarradiation,-374.7375,624.5625,,,,,834.2,
2024-05-10 14:00:00,,solarradiation,-374.7375,624.5625,,,,,754.7,
2024-05-11 12:00:00,,solarradiation,-374.7375,624.5625,,,,,722.9,
2024-05-11 13:00:00,,solarradiation,-374.7375,624.5625,,,,,768.6,
2024-05-11 14:00:00,,solarradiation,-374.7375,624.5625,,,,,660.1,
2024-05-14 10:00:00,,solarradiation,-374.7375,624.5625,,,,,648.3,
2024-05-14 11:00:00,,solarradiation,-374.7375,624.5625,,,,,767.5,
2024-05-14 14:00:00,,solarradiation,-374.7375,624.5625,,,,,726.2,
2024-05-15 11:00:00,,solarradiation,-374.7375,624.5625,,,,,671.0,
2024-05-15 12:00:00,,solarradiation,-374.7375,624.5625,,,,,832.1,
2024-05-15 13:00:00,,solarradiation,-374.7375,624.5625,,,,,689.8,
2024-05-17 11:00:00,,solarradiation,-374.7375,624.5625,,,,,650.0,
2024-05-17 12:00:00,,solarradiation,-374.7375,624.5625,,,,,627.0,
2024-05-17 13:00:00,,solarradiation,-374.7375,624.5625,,,,,662.1,
2024-05-18 13:00:00,,solarradiation,-374.7375,624.5625,,,,,768.6,
2024-05-19 12:00:00,,solarradiation,-374.7375,624.5625,,,,,660.5,
2024-05-19 13:00:00,,solarradiation,-374.7375,624.5625,,,,,655.7,
2024-05-20 11:00:00,,solarradiation,-374.7375,624.5625,,,,,639.8,
2024-05-20 12:00:00,,solarradiation,-374.7375,624.5625,,,,,688.8,
2024-05-20 14:00:00,,solarradiation,-374.7375,624.5625,,,,,673.6,
2024-05-21 11:00:00,,solarradiation,-374.7375,624.5625,,,,,703.1,
2024-05-21 12:00:00,,solarradiation,-374.7375,624.5625,,,,,787.6,
2024-05-21 13:00:00,,solarradiation,-374.7375,624.5625,,,,,758.6,
2024-05-22 11:00:00,,solarradiation,-374.7375,624.5625,,,,,641.9,
2024-05-22 12:00:00,,solarradiation,-374.7375,624.5625,,,,,771.8,
2024-05-22 13:00:00,,solarradiation,-374.7375,624.5625,,,,,741.5,
2024-05-22 14:00:00,,solarradiation,-374.7375,624.5625,,,,,696.9,
2024-05-22 15:00:00,,solarradiation,-374.7375,624.5625,,,,,645.4,
2024-05-23 11:00:00,,solarradiation,-374.7375,624.5625,,,,,654.8,
2024-05-23 12:00:00,,solarradiation,-374.7375,624.5625,,,,,654.7,
2024-05-23 13:00:00,,solarradiation,-374.7375,624.5625,,,,,828.7,
2024-05-24 10:00:00,,solarradiation,-374.7375,624.5625,,,,,755.8,
2024-05-24 11:00:00,,solarradiation,-374.7375,624.5625,,,,,714.1,
2024-05-24 12:00:00,,solarradiation,-374.7375,624.5625,,,,,726.0,
2024-05-24 13:00:00,,solarradiation,-374.7375,624.5625,,,,,713.1,
2024-05-24 14:00:00,,solarradiation,-374.7375,624.5625,,,,,790.0,
2024-05-26 11:00:00,,solarradiation,-374.7375,624.5625,,,,,740.8,
2024-05-26 12:00:00,,solarradiation,-374.7375,624.5625,,,,,765.4,
2024-05-26 13:00:00,,solarradiation,-374.7375,624.5625,,,,,751.9,
2024-05-27 10:00:00,,solarradiation,-374.7375,624.5625,,,,,630.5,
2024-05-27 11:00:00,,solarradiation,-374.7375,624.5625,,,,,703.8,
2024-05-28 12:00:00,,solarradiation,-374.7375,624.5625,,,,,686.5,
2024-05-29 10:00:00,,solarradiation,-374.7375,624.5625,,,,,640.0,
2024-05-29 11:00:00,,solarradiation,-374.7375,624.5625,,,,,724.2,
2024-05-29 12:00:00,,solarradiation,-374.7375,624.5625,,,,,676.9,
2024-05-29 13:00:00,,solarradiation,-374.7375,624.5625,,,,,756.7,
2024-05-29 14:00:00,,solarradiation,-374.7375,624.5625,,,,,704.1,
2024-06-01 11:00:00,,solarradiation,-374.7375,624.5625,,,,,787.1,
2024-06-01 12:00:00,,solarradiation,-374.7375,624.5625,,,,,743.3,
2024-06-01 13:00:00,,solarradiation,-374.7375,624.5625,,,,,685.9,
2024-06-01 14:00:00,,solarradiation,-374.7375,624.5625,,,,,761.4,
2024-06-01 15:00:00,,solarradiation,-374.7375,624.5625,,,,,689.6,
2024-06-02 11:00:00,,solarradiation,-374.7375,624.5625,,,,,736.6,
2024-06-02 13:00:00,,solarradiation,-374.7375,624.5625,,,,,677.9,
2024-06-02 14:00:00,,solarradiation,-374.7375,624.5625,,,,,728.0,
2024-06-03 11:00:00,,solarradiation,-374.7375,624.5625,,,,,668.2,
2024-06-03 12:00:00,,solarradiation,-374.7375,624.5625,,,,,685.4,
2024-06-03 13:00:00,,solarradiation,-374.7375,624.5625,,,,,764.0,
2024-06-07 14:00:00,,solarradiation,-374.7375,624.5625,,,,,626.4,
2024-06-10 11:00:00,,solarradiation,-374.7375,624.5625,,,,,653.2,
2024-06-11 11:00:00,,solarradiation,-374.7375,624.5625,,,,,626.2,
2024-06-11 12:00:00,,solarradiation,-374.7375,624.5625,,,,,741.7,
2024-06-11 14:00:00,,solarradiation,-374.7375,624.5625,,,,,774.6,
2024-06-12 10:00:00,,solarradiation,-374.7375,624.5625,,,,,633.6,
2024-06-12 11:00:00,,solarradiation,-374.7375,624.5625,,,,,785.6,
2024-06-12 12:00:00,,solarradiation,-374.7375,624.5625,,,,,821.3,
2024-06-12 13:00:00,,solarradiation,-374.7375,624.5625,,,,,732.9,
2024-06-12 14:00:00,,solarradiation,-374.7375,624.5625,,,,,669.9,
2024-06-12 15:00:00,,solarradiation,-374.7375,624.5625,,,,,668.2,
2024-06-13 10:00:00,,solarradiation,-374.7375,624.5625,,,,,684.8,
2024-06-13 11:00:00,,solarradiation,-374.7375,624.5625,,,,,757.8,
2024-06-13 12:00:00,,solarradiation,-374.7375,624.5625,,,,,804.7,
2024-06-13 13:00:00,,solarradiation,-374.7375,624.5625,,,,,783.3,
2024-06-13 14:00:00,,solarradiation,-374.7375,624.5625,,,,,687.0,
2024-06-14 11:00:00,,solarradiation,-374.7375,624.5625,,,,,683.2,
2024-06-14 12:00:00,,solarradiation,-374.7375,624.5625,,,,,646.9,
2024-06-14 13:00:00,,solarradiation,-374.7375,624.5625,,,,,701.6,
2024-06-14 14:00:00,,solarradiation,-374.7375,624.5625,,,,,657.2,
2024-06-16 11:00:00,,solarradiation,-374.7375,624.5625,,,,,753.2,
2024-06-16 12:00:00,,solarradiation,-374.7375,624.5625,,,,,797.1,
2024-06-16 13:00:00,,solarradiation,-374.7375,624.5625,,,,,674.2,
2024-06-16 14:00:00,,solarradiation,-374.7375,624.5625,,,,,657.5,
2024-06-17 11:00:00,,solarradiation,-374.7375,624.5625,,,,,631.6,
2024-06-17 12:00:00,,solarradiation,-374.7375,624.5625,,,,,779.9,
2024-06-17 13:00:00,,solarradiation,-374.7375,624.5625,,,,,835.3,
2024-06-17 14:00:00,,solarradiation,-374.7375,624.5625,,,,,673.5,
2024-06-19 10:00:00,,solarradiation,-374.7375,624.5625,,,,,632.0,
2024-06-19 11:00:00,,solarradiation,-374.7375,624.5625,,,,,709.1,
2024-06-19 12:00:00,,solarradiation,-374.7375,624.5625,,,,,817.2,
2024-06-19 13:00:00,,solarradiation,-374.7375,624.5625,,,,,665.8,
2024-06-19 14:00:00,,solarradiation,-374.7375,624.5625,,,,,712.7,
2024-06-19 15:00:00,,solarradiation,-374.7375,624.5625,,,,,686.0,
2024-06-20 10:00:00,,solarradiation,-374.7375,624.5625,,,,,667.9,
2024-06-20 11:00:00,,solarradiation,-374.7375,624.5625,,,,,726.1,
2024-06-20 12:00:00,,solarradiation,-374.7375,624.5625,,,,,760.3,
2024-06-20 13:00:00,,solarradiation,-374.7375,624.5625,,,,,726.5,
2024-06-20 14:00:00,,solarradiation,-374.7375,624.5625,,,,,656.4,
2024-06-21 10:00:00,,solarradiation,-374.7375,624.5625,,,,,670.0,
2024-06-21 11:00:00,,solarradiation,-374.7375,624.5625,,,,,798.9,
2024-06-21 12:00:00,,solarradiation,-374.7375,624.5625,,,,,782.3,
2024-06-21 13:00:00,,solarradiation,-374.7375,624.5625,,,,,799.9,
2024-06-21 14:00:00,,solarradiation,-374.7375,624.5625,,,,,704.0,
2024-06-22 11:00:00,,solarradiation,-374.7375,624.5625,,,,,709.0,
2024-06-22 12:00:00,,solarradiation,-374.7375,624.5625,,,,,852.2,
2024-06-22 13:00:00,,solarradiation,-374.7375,624.5625,,,,,666.7,
2024-06-22 14:00:00,,solarradiation,-374.7375,624.5625,,,,,644.0,
2024-06-23 10:00:00,,solarradiation,-374.7375,624.5625,,,,,627.1,
2024-06-23 11:00:00,,solarradiation,-374.7375,624.5625,,,,,821.9,
2024-06-23 12:00:00,,solarradiation,-374.7375,624.5625,,,,,938.8,
2024-06-23 13:00:00,,solarradiation,-374.7375,624.5625,,,,,700.2,
2024-06-23 14:00:00,,solarradiation,-374.7375,624.5625,,,,,746.5,
2024-06-28 10:00:00,,solarradiation,-374.7375,624.5625,,,,,639.0,
2024-06-28 13:00:00,,solarradiation,-374.7375,624.5625,,,,,775.3,
2024-06-29 10:00:00,,solarradiation,-374.7375,624.5625,,,,,729.6,
2024-06-29 11:00:00,,solarradiation,-374.7375,624.5625,,,,,840.5,
2024-06-29 12:00:00,,solarradiation,-374.7375,624.5625,,,,,910.8,
2024-06-29 13:00:00,,solarradiation,-374.7375,624.5625,,,,,804.0,
2024-06-29 14:00:00,,solarradiation,-374.7375,624.5625,,,,,762.2,
2024-06-30 10:00:00,,solarradiation,-374.7375,624.5625,,,,,670.3,
2024-06-30 11:00:00,,solarradiation,-374.7375,624.5625,,,,,800.6,
2024-06-30 12:00:00,,solarradiation,-374.7375,624.5625,,,,,903.1,
2024-06-30 13:00:00,,solarradiation,-374.7375,624.5625,,,,,863.4,
2024-07-01 12:00:00,,solarradiation,-374.7375,624.5625,,,,,632.5,
2024-07-02 11:00:00,,solarradiation,-374.7375,624.5625,,,,,639.9,
2024-07-04 11:00:00,,solarradiation,-374.7375,624.5625,,,,,660.0,
2024-07-04 12:00:00,,solarradiation,-374.7375,624.5625,,,,,735.5,
2024-07-04 14:00:00,,solarradiation,-374.7375,624.5625,,,,,638.7,
2024-07-05 10:00:00,,solarradiation,-374.7375,624.5625,,,,,645.6,
2024-07-05 11:00:00,,solarradiation,-374.7375,624.5625,,,,,691.0,
2024-07-05 12:00:00,,solarradiation,-374.7375,624.5625,,,,,743.4,
2024-07-05 13:00:00,,solarradiation,-374.7375,624.5625,,,,,807.7,
2024-07-05 14:00:00,,solarradiation,-374.7375,624.5625,,,,,805.3,
2024-07-06 10:00:00,,solarradiation,-374.7375,624.5625,,,,,648.0,
2024-07-06 12:00:00,,solarradiation,-374.7375,624.5625,,,,,660.8,
2024-07-06 14:00:00,,solarradiation,-374.7375,624.5625,,,,,707.5,
2024-07-06 15:00:00,,solarradiation,-374.7375,624.5625,,,,,667.5,
2024-07-07 10:00:00,,solarradiation,-374.7375,624.5625,,,,,629.7,
2024-07-07 11:00:00,,solarradiation,-374.7375,624.5625,,,,,830.9,
2024-07-07 12:00:00,,solarradiation,-374.7375,624.5625,,,,,874.3,
2024-07-07 13:00:00,,solarradiation,-374.7375,624.5625,,,,,867.4,
2024-07-07 14:00:00,,solarradiation,-374.7375,624.5625,,,,,822.9,
2024-07-07 15:00:00,,solarradiation,-374.7375,624.5625,,,,,691.1,
2024-07-08 10:00:00,,solarradiation,-374.7375,624.5625,,,,,736.4,
2024-07-08 11:00:00,,solarradiation,-374.7375,624.5625,,,,,851.8,
2024-07-08 12:00:00,,solarradiation,-374.7375,624.5625,,,,,920.7,
2024-07-08 13:00:00,,solarradiation,-374.7375,624.5625,,,,,854.3,
2024-07-08 14:00:00,,solarradiation,-374.7375,624.5625,,,,,777.0,
2024-07-08 15:00:00,,solarradiation,-374.7375,624.5625,,,,,660.0,
2024-07-09 10:00:00,,solarradiation,-374.7375,624.5625,,,,,689.8,
2024-07-09 11:00:00,,solarradiation,-374.7375,624.5625,,,,,807.9,
2024-07-09 12:00:00,,solarradiation,-374.7375,624.5625,,,,,932.9,
2024-07-09 13:00:00,,solarradiation,-374.7375,624.5625,,,,,795.6,
2024-07-09 14:00:00,,solarradiation,-374.7375,624.5625,,,,,752.9,
2024-07-09 15:00:00,,solarradiation,-374.7375,624.5625,,,,,642.6,
2024-07-10 10:00:00,,solarradiation,-374.7375,624.5625,,,,,628.8,
2024-07-10 11:00:00,,solarradiation,-374.7375,624.5625,,,,,830.0,
2024-07-10 12:00:00,,solarradiation,-374.7375,624.5625,,,,,917.1,
2024-07-10 13:00:00,,solarradiation,-374.7375,624.5625,,,,,796.2,
2024-07-10 14:00:00,,solarradiation,-374.7375,624.5625,,,,,685.3,
2024-07-11 10:00:00,,solarradiation,-374.7375,624.5625,,,,,648.7,
2024-07-11 11:00:00,,solarradiation,-374.7375,624.5625,,,,,802.2,
2024-07-11 12:00:00,,solarradiation,-374.7375,624.5625,,,,,879.4,
2024-07-11 13:00:00,,solarradiation,-374.7375,624.5625,,,,,756.1,
2024-07-11 14:00:00,,solarradiation,-374.7375,624.5625,,,,,762.8,
2024-07-11 15:00:00,,solarradiation,-374.7375,624.5625,,,,,697.2,
2024-07-12 11:00:00,,solarradiation,-374.7375,624.5625,,,,,834.5,
2024-07-12 12:00:00,,solarradiation,-374.7375,624.5625,,,,,637.1,
2024-07-12 13:00:00,,solarradiation,-374.7375,624.5625,,,,,777.7,
2024-07-12 14:00:00,,solarradiation,-374.7375,624.5625,,,,,683.0,
2024-07-13 11:00:00,,solarradiation,-374.7375,624.5625,,,,,727.2,
2024-07-13 12:00:00,,solarradiation,-374.7375,624.5625,,,,,661.1,
2024-07-13 13:00:00,,solarradiation,-374.7375,624.5625,,,,,710.0,
2024-07-13 14:00:00,,solarradiation,-374.7375,624.5625,,,,,725.8,
2024-07-20 11:00:00,,solarradiation,-374.7375,624.5625,,,,,645.7,
2024-07-21 11:00:00,,solarradiation,-374.7375,624.5625,,,,,638.7,
2024-07-21 12:00:00,,solarradiation,-374.7375,624.5625,,,,,805.8,
2024-07-21 13:00:00,,solarradiation,-374.7375,624.5625,,,,,687.4,
2024-07-21 14:00:00,,solarradiation,-374.7375,624.5625,,,,,817.9,
2024-07-22 11:00:00,,solarradiation,-374.7375,624.5625,,,,,658.6,
2024-07-22 13:00:00,,solarradiation,-374.7375,624.5625,,,,,633.6,
2024-07-25 12:00:00,,solarradiation,-374.7375,624.5625,,,,,737.7,
2024-07-25 13:00:00,,solarradiation,-374.7375,624.5625,,,,,693.1,
2024-07-26 10:00:00,,solarradiation,-374.7375,624.5625,,,,,752.8,
2024-07-26 11:00:00,,solarradiation,-374.7375,624.5625,,,,,885.6,
2024-07-26 12:00:00,,solarradiation,-374.7375,624.5625,,,,,954.7,
2024-07-26 13:00:00,,solarradiation,-374.7375,624.5625,,,,,956.6,
2024-07-26 14:00:00,,solarradiation,-374.7375,624.5625,,,,,889.4,
2024-07-26 15:00:00,,solarradiation,-374.7375,624.5625,,,,,757.7,
2024-07-27 10:00:00,,solarradiation,-374.7375,624.5625,,,,,717.2,
2024-07-27 11:00:00,,solarradiation,-374.7375,624.5625,,,,,779.2,
2024-07-27 12:00:00,,solarradiation,-374.7375,624.5625,,,,,929.7,
2024-07-27 13:00:00,,solarradiation,-374.7375,624.5625,,,,,929.8,
2024-07-27 14:00:00,,solarradiation,-374.7375,624.5625,,,,,840.7,
2024-07-27 15:00:00,,solarradiation,-374.7375,624.5625,,,,,646.1,
2024-08-03 13:00:00,,solarradiation,-374.7375,624.5625,,,,,662.3,
2024-08-03 14:00:00,,solarradiation,-374.7375,624.5625,,,,,685.0,
2024-08-03 15:00:00,,solarradiation,-374.7375,624.5625,,,,,710.1,
2024-08-04 10:00:00,,solarradiation,-374.7375,624.5625,,,,,648.0,
2024-08-04 11:00:00,,solarradiation,-374.7375,624.5625,,,,,789.6,
2024-08-04 12:00:00,,solarradiation,-374.7375,624.5625,,,,,913.2,
2024-08-04 13:00:00,,solarradiation,-374.7375,624.5625,,,,,891.8,
2024-08-04 14:00:00,,solarradiation,-374.7375,624.5625,,,,,696.1,
2024-08-04 15:00:00,,solarradiation,-374.7375,624.5625,,,,,646.3,
2024-08-05 12:00:00,,solarradiation,-374.7375,624.5625,,,,,782.2,
2024-08-05 13:00:00,,solarradiation,-374.7375,624.5625,,,,,822.8,
2024-08-05 14:00:00,,solarradiation,-374.7375,624.5625,,,,,837.8,
2024-08-05 15:00:00,,solarradiation,-374.7375,624.5625,,,,,680.2,
2024-08-06 11:00:00,,solarradiation,-374.7375,624.5625,,,,,663.0,
2024-08-06 12:00:00,,solarradiation,-374.7375,624.5625,,,,,786.1,
2024-08-06 13:00:00,,solarradiation,-374.7375,624.5625,,,,,856.4,
2024-08-06 14:00:00,,solarradiation,-374.7375,624.5625,,,,,846.9,
2024-08-06 15:00:00,,solarradiation,-374.7375,624.5625,,,,,692.8,
2024-08-07 10:00:00,,solarradiation,-374.7375,624.5625,,,,,711.8,
2024-08-07 11:00:00,,solarradiation,-374.7375,624.5625,,,,,804.4,
2024-08-07 12:00:00,,solarradiation,-374.7375,624.5625,,,,,862.5,
2024-08-07 13:00:00,,solarradiation,-374.7375,624.5625,,,,,854.5,
2024-08-07 14:00:00,,solarradiation,-374.7375,624.5625,,,,,742.4,
2024-08-08 10:00:00,,solarradiation,-374.7375,624.5625,,,,,677.9,
2024-08-08 11:00:00,,solarradiation,-374.7375,624.5625,,,,,848.4,
2024-08-08 12:00:00,,solarradiation,-374.7375,624.5625,,,,,898.0,
2024-08-08 13:00:00,,solarradiation,-374.7375,624.5625,,,,,926.1,
2024-08-08 14:00:00,,solarradiation,-374.7375,624.5625,,,,,829.2,
2024-08-08 15:00:00,,solarradiation,-374.7375,624.5625,,,,,686.0,
2024-08-09 10:00:00,,solarradiation,-374.7375,624.5625,,,,,750.9,
2024-08-09 11:00:00,,solarradiation,-374.7375,624.5625,,,,,887.9,
2024-08-09 12:00:00,,solarradiation,-374.7375,624.5625,,,,,929.1,
2024-08-09 13:00:00,,solarradiation,-374.7375,624.5625,,,,,855.5,
2024-08-09 14:00:00,,solarradiation,-374.7375,624.5625,,,,,849.1,
2024-08-09 15:00:00,,solarradiation,-374.7375,624.5625,,,,,729.7,
2024-08-10 10:00:00,,solarradiation,-374.7375,624.5625,,,,,726.3,
2024-08-10 11:00:00,,solarradiation,-374.7375,624.5625,,,,,865.6,
2024-08-10 12:00:00,,solarradiation,-374.7375,624.5625,,,,,938.7,
2024-08-10 13:00:00,,solarradiation,-374.7375,624.5625,,,,,919.9,
2024-08-10 14:00:00,,solarradiation,-374.7375,624.5625,,,,,860.1,
2024-08-10 15:00:00,,solarradiation,-374.7375,624.5625,,,,,689.7,
2024-08-11 11:00:00,,solarradiation,-374.7375,624.5625,,,,,663.8,
2024-08-15 12:00:00,,solarradiation,-374.7375,624.5625,,,,,766.7,
2024-08-15 13:00:00,,solarradiation,-374.7375,624.5625,,,,,822.0,
2024-08-15 14:00:00,,solarradiation,-374.7375,624.5625,,,,,720.0,
2024-08-16 11:00:00,,solarradiation,-374.7375,624.5625,,,,,686.5,
2024-08-16 12:00:00,,solarradiation,-374.7375,624.5625,,,,,787.5,
2024-08-16 13:00:00,,solarradiation,-374.7375,624.5625,,,,,677.2,
2024-08-16 14:00:00,,solarradiation,-374.7375,624.5625,,,,,751.8,
2024-08-16 15:00:00,,solarradiation,-374.7375,624.5625,,,,,632.7,
2024-08-17 11:00:00,,solarradiation,-374.7375,624.5625,,,,,687.1,
2024-08-17 12:00:00,,solarradiation,-374.7375,624.5625,,,,,717.3,
2024-08-17 13:00:00,,solarradiation,-374.7375,624.5625,,,,,638.3,
2024-08-17 14:00:00,,solarradiation,-374.7375,624.5625,,,,,673.9,
2024-08-17 15:00:00,,solarradiation,-374.7375,624.5625,,,,,647.9,
2024-08-19 12:00:00,,solarradiation,-374.7375,624.5625,,,,,636.9,
2024-08-19 13:00:00,,solarradiation,-374.7375,624.5625,,,,,740.6,
2024-08-19 14:00:00,,solarradiation,-374.7375,624.5625,,,,,645.3,
2024-08-20 11:00:00,,solarradiation,-374.7375,624.5625,,,,,722.4,
2024-08-20 12:00:00,,solarradiation,-374.7375,624.5625,,,,,799.0,
2024-08-20 13:00:00,,solarradiation,-374.7375,624.5625,,,,,824.7,
2024-08-22 12:00:00,,solarradiation,-374.7375,624.5625,,,,,688.9,
2024-08-22 13:00:00,,solarradiation,-374.7375,624.5625,,,,,695.2,
2024-08-25 12:00:00,,solarradiation,-374.7375,624.5625,,,,,634.3,
2024-08-25 13:00:00,,solarradiation,-374.7375,624.5625,,,,,690.1,
2024-08-26 14:00:00,,solarradiation,-374.7375,624.5625,,,,,649.6,
2024-08-27 12:00:00,,solarradiation,-374.7375,624.5625,,,,,672.6,
2024-08-27 13:00:00,,solarradiation,-374.7375,624.5625,,,,,760.2,
2024-08-27 14:00:00,,solarradiation,-374.7375,624.5625,,,,,752.1,
2024-08-27 15:00:00,,solarradiation,-374.7375,624.5625,,,,,640.2,
2024-08-28 10:00:00,,solarradiation,-374.7375,624.5625,,,,,693.4,
2024-08-28 11:00:00,,solarradiation,-374.7375,624.5625,,,,,825.1,
2024-08-28 12:00:00,,solarradiation,-374.7375,624.5625,,,,,895.4,
2024-08-28 13:00:00,,solarradiation,-374.7375,624.5625,,,,,883.0,
2024-08-29 10:00:00,,solarradiation,-374.7375,624.5625,,,,,625.9,
2024-08-29 11:00:00,,solarradiation,-374.7375,624.5625,,,,,756.2,
2024-08-29 12:00:00,,solarradiation,-374.7375,624.5625,,,,,853.9,
2024-08-29 13:00:00,,solarradiation,-374.7375,624.5625,,,,,751.5,
2024-08-29 14:00:00,,solarradiation,-374.7375,624.5625,,,,,691.9,
2024-08-31 13:00:00,,solarradiation,-374.7375,624.5625,,,,,722.2,
2024-09-01 12:00:00,,solarradiation,-374.7375,624.5625,,,,,781.5,
2024-09-01 13:00:00,,solarradiation,-374.7375,624.5625,,,,,655.3,
2024-09-02 11:00:00,,solarradiation,-374.7375,624.5625,,,,,662.5,
2024-09-02 12:00:00,,solarradiation,-374.7375,624.5625,,,,,704.4,
2024-09-02 13:00:00,,solarradiation,-374.7375,624.5625,,,,,723.7,
2024-09-02 14:00:00,,solarradiation,-374.7375,624.5625,,,,,658.1,
2024-09-03 11:00:00,,solarradiation,-374.7375,624.5625,,,,,693.4,
2024-09-03 12:00:00,,solarradiation,-374.7375,624.5625,,,,,750.7,
2024-09-03 13:00:00,,solarradiation,-374.7375,624.5625,,,,,852.6,
2024-09-03 14:00:00,,solarradiation,-374.7375,624.5625,,,,,838.4,
2024-09-03 15:00:00,,solarradiation,-374.7375,624.5625,,,,,660.7,
2024-09-04 10:00:00,,solarradiation,-374.7375,624.5625,,,,,714.7,
2024-09-04 11:00:00,,solarradiation,-374.7375,624.5625,,,,,853.8,
2024-09-04 12:00:00,,solarradiation,-374.7375,624.5625,,,,,866.5,
2024-09-04 13:00:00,,solarradiation,-374.7375,624.5625,,,,,875.8,
2024-09-04 14:00:00,,solarradiation,-374.7375,624.5625,,,,,741.2,
2024-09-04 15:00:00,,solarradiation,-374.7375,624.5625,,,,,693.1,
2024-09-05 10:00:00,,solarradiation,-374.7375,624.5625,,,,,711.4,
2024-09-05 11:00:00,,solarradiation,-374.7375,624.5625,,,,,823.8,
2024-09-05 12:00:00,,solarradiation,-374.7375,624.5625,,,,,876.4,
2024-09-05 13:00:00,,solarradiation,-374.7375,624.5625,,,,,904.9,
2024-09-05 14:00:00,,solarradiation,-374.7375,624.5625,,,,,823.0,
2024-09-05 15:00:00,,solarradiation,-374.7375,624.5625,,,,,687.6,
2024-09-06 11:00:00,,solarradiation,-374.7375,624.5625,,,,,717.5,
2024-09-06 12:00:00,,solarradiation,-374.7375,624.5625,,,,,880.9,
2024-09-06 13:00:00,,solarradiation,-374.7375,624.5625,,,,,837.7,
2024-09-06 14:00:00,,solarradiation,-374.7375,624.5625,,,,,658.6,
2024-09-13 11:00:00,,solarradiation,-374.7375,624.5625,,,,,715.4,
2024-09-13 12:00:00,,solarradiation,-374.7375,624.5625,,,,,629.2,
2024-09-14 10:00:00,,solarradiation,-374.7375,624.5625,,,,,636.7,
2024-09-14 11:00:00,,solarradiation,-374.7375,624.5625,,,,,637.5,
2024-09-14 12:00:00,,solarradiation,-374.7375,624.5625,,,,,747.2,
2024-09-14 13:00:00,,solarradiation,-374.7375,624.5625,,,,,688.8,
2024-09-15 10:00:00,,solarradiation,-374.7375,624.5625,,,,,635.4,
2024-09-15 11:00:00,,solarradiation,-374.7375,624.5625,,,,,814.2,
2024-09-15 12:00:00,,solarradiation,-374.7375,624.5625,,,,,810.5,
2024-09-15 13:00:00,,solarradiation,-374.7375,624.5625,,,,,868.9,
2024-09-15 14:00:00,,solarradiation,-374.7375,624.5625,,,,,776.1,
2024-09-16 12:00:00,,solarradiation,-374.7375,624.5625,,,,,753.5,
2024-09-16 13:00:00,,solarradiation,-374.7375,624.5625,,,,,812.4,
2024-09-18 13:00:00,,solarradiation,-374.7375,624.5625,,,,,651.1,
2024-09-19 11:00:00,,solarradiation,-374.7375,624.5625,,,,,793.0,
2024-09-19 12:00:00,,solarradiation,-374.7375,624.5625,,,,,801.6,
2024-09-19 13:00:00,,solarradiation,-374.7375,624.5625,,,,,711.3,
2024-09-20 12:00:00,,solarradiation,-374.7375,624.5625,,,,,713.9,
2024-09-24 10:00:00,,solarradiation,-374.7375,624.5625,,,,,659.3,
2024-09-24 11:00:00,,solarradiation,-374.7375,624.5625,,,,,787.8,
2024-09-24 12:00:00,,solarradiation,-374.7375,624.5625,,,,,855.1,
2024-09-24 13:00:00,,solarradiation,-374.7375,624.5625,,,,,820.8,
2024-09-24 14:00:00,,solarradiation,-374.7375,624.5625,,,,,686.6,
2024-09-26 10:00:00,,solarradiation,-374.7375,624.5625,,,,,681.8,
2024-09-26 11:00:00,,solarradiation,-374.7375,624.5625,,,,,805.5,
2024-09-26 12:00:00,,solarradiation,-374.7375,624.5625,,,,,835.4,
2024-09-26 13:00:00,,solarradiation,-374.7375,624.5625,,,,,771.3,
2024-09-26 14:00:00,,solarradiation,-374.7375,624.5625,,,,,706.6,
2024-09-27 11:00:00,,solarradiation,-374.7375,624.5625,,,,,628.4,
2024-09-27 12:00:00,,solarradiation,-374.7375,624.5625,,,,,648.6,
2024-09-27 13:00:00,,solarradiation,-374.7375,624.5625,,,,,715.9,
2024-09-27 14:00:00,,solarradiation,-374.7375,624.5625,,,,,680.7,
2024-09-28 12:00:00,,solarradiation,-374.7375,624.5625,,,,,743.1,
2024-09-28 13:00:00,,solarradiation,-374.7375,624.5625,,,,,651.8,
2024-10-02 10:00:00,,solarradiation,-374.7375,624.5625,,,,,642.0,
2024-10-02 11:00:00,,solarradiation,-374.7375,624.5625,,,,,856.0,
2024-10-02 12:00:00,,solarradiation,-374.7375,624.5625,,,,,909.0,
2024-10-02 13:00:00,,solarradiation,-374.7375,624.5625,,,,,881.0,
2024-10-02 14:00:00,,solarradiation,-374.7375,624.5625,,,,,784.0,
2024-10-03 10:00:00,,solarradiation,-374.7375,624.5625,,,,,706.5,
2024-10-03 11:00:00,,solarradiation,-374.7375,624.5625,,,,,842.7,
2024-10-03 12:00:00,,solarradiation,-374.7375,624.5625,,,,,898.5,
2024-10-03 13:00:00,,solarradiation,-374.7375,624.5625,,,,,884.9,
2024-10-03 14:00:00,,solarradiation,-374.7375,624.5625,,,,,796.7,
2024-10-03 15:00:00,,solarradiation,-374.7375,624.5625,,,,,638.5,
2024-10-04 10:00:00,,solarradiation,-374.7375,624.5625,,,,,709.5,
2024-10-04 11:00:00,,solarradiation,-374.7375,624.5625,,,,,836.3,
2024-10-04 12:00:00,,solarradiation,-374.7375,624.5625,,,,,894.6,
2024-10-04 13:00:00,,solarradiation,-374.7375,624.5625,,,,,877.1,
2024-10-04 14:00:00,,solarradiation,-374.7375,624.5625,,,,,787.8,
2024-10-04 15:00:00,,solarradiation,-374.7375,624.5625,,,,,628.9,
2024-10-05 10:00:00,,solarradiation,-374.7375,624.5625,,,,,736.0,
2024-10-05 11:00:00,,solarradiation,-374.7375,624.5625,,,,,862.0,
2024-10-05 12:00:00,,solarradiation,-374.7375,624.5625,,,,,918.0,
2024-10-05 13:00:00,,solarradiation,-374.7375,624.5625,,,,,899.0,
2024-10-05 14:00:00,,solarradiation,-374.7375,624.5625,,,,,808.0,
2024-10-05 15:00:00,,solarradiation,-374.7375,624.5625,,,,,653.0,
2024-10-06 10:00:00,,solarradiation,-374.7375,624.5625,,,,,700.8,
2024-10-06 11:00:00,,solarradiation,-374.7375,624.5625,,,,,826.1,
2024-10-06 12:00:00,,solarradiation,-374.7375,624.5625,,,,,881.2,
2024-10-06 13:00:00,,solarradiation,-374.7375,624.5625,,,,,864.2,
2024-10-06 14:00:00,,solarradiation,-374.7375,624.5625,,,,,775.0,
2024-10-07 10:00:00,,solarradiation,-374.7375,624.5625,,,,,628.5,
2024-10-07 11:00:00,,solarradiation,-374.7375,624.5625,,,,,753.5,
2024-10-07 12:00:00,,solarradiation,-374.7375,624.5625,,,,,853.3,
2024-10-07 13:00:00,,solarradiation,-374.7375,624.5625,,,,,812.4,
2024-10-07 14:00:00,,solarradiation,-374.7375,624.5625,,,,,741.8,
2024-10-08 10:00:00,,solarradiation,-374.7375,624.5625,,,,,682.1,
2024-10-08 11:00:00,,solarradiation,-374.7375,624.5625,,,,,804.9,
2024-10-08 12:00:00,,solarradiation,-374.7375,624.5625,,,,,866.6,
2024-10-08 13:00:00,,solarradiation,-374.7375,624.5625,,,,,861.5,
2024-10-08 14:00:00,,solarradiation,-374.7375,624.5625,,,,,782.6,
2024-10-09 10:00:00,,solarradiation,-374.7375,624.5625,,,,,662.3,
2024-10-09 11:00:00,,solarradiation,-374.7375,624.5625,,,,,778.4,
2024-10-09 12:00:00,,solarradiation,-374.7375,624.5625,,,,,842.8,
2024-10-09 13:00:00,,solarradiation,-374.7375,624.5625,,,,,758.3,
2024-10-09 14:00:00,,solarradiation,-374.7375,624.5625,,,,,645.8,
2024-10-10 10:00:00,,solarradiation,-374.7375,624.5625,,,,,669.1,
2024-10-10 11:00:00,,solarradiation,-374.7375,624.5625,,,,,803.8,
2024-10-10 12:00:00,,solarradiation,-374.7375,624.5625,,,,,811.6,
2024-10-10 13:00:00,,solarradiation,-374.7375,624.5625,,,,,848.6,
2024-10-11 10:00:00,,solarradiation,-374.7375,624.5625,,,,,671.9,
2024-10-11 11:00:00,,solarradiation,-374.7375,624.5625,,,,,794.4,
2024-10-11 12:00:00,,solarradiation,-374.7375,624.5625,,,,,853.1,
2024-10-11 13:00:00,,solarradiation,-374.7375,624.5625,,,,,782.0,
2024-10-11 14:00:00,,solarradiation,-374.7375,624.5625,,,,,718.5,
2024-10-12 12:00:00,,solarradiation,-374.7375,624.5625,,,,,696.0,
2024-10-13 10:00:00,,solarradiation,-374.7375,624.5625,,,,,698.0,
2024-10-13 11:00:00,,solarradiation,-374.7375,624.5625,,,,,819.0,
2024-10-13 12:00:00,,solarradiation,-374.7375,624.5625,,,,,730.0,
2024-10-14 12:00:00,,solarradiation,-374.7375,624.5625,,,,,669.8,
2024-10-14 13:00:00,,solarradiation,-374.7375,624.5625,,,,,686.0,
2024-10-14 14:00:00,,solarradiation,-374.7375,624.5625,,,,,684.2,
2024-10-15 12:00:00,,solarradiation,-374.7375,624.5625,,,,,654.5,
2024-10-17 13:00:00,,solarradiation,-374.7375,624.5625,,,,,652.2,
2024-10-20 11:00:00,,solarradiation,-374.7375,624.5625,,,,,702.6,
2024-10-20 12:00:00,,solarradiation,-374.7375,624.5625,,,,,693.8,
2024-10-22 11:00:00,,solarradiation,-374.7375,624.5625,,,,,635.5,
2024-10-22 12:00:00,,solarradiation,-374.7375,624.5625,,,,,752.7,
2024-10-23 11:00:00,,solarradiation,-374.7375,624.5625,,,,,655.6,
2024-10-23 12:00:00,,solarradiation,-374.7375,624.5625,,,,,691.6,
2024-10-23 13:00:00,,solarradiation,-374.7375,624.5625,,,,,703.7,
2024-10-23 14:00:00,,solarradiation,-374.7375,624.5625,,,,,702.0,
2024-10-24 10:00:00,,solarradiation,-374.7375,624.5625,,,,,669.7,
2024-10-24 11:00:00,,solarradiation,-374.7375,624.5625,,,,,800.0,
2024-10-24 12:00:00,,solarradiation,-374.7375,624.5625,,,,,834.1,
2024-10-24 13:00:00,,solarradiation,-374.7375,624.5625,,,,,828.7,
2024-10-24 14:00:00,,solarradiation,-374.7375,624.5625,,,,,728.9,
2024-10-25 10:00:00,,solarradiation,-374.7375,624.5625,,,,,671.4,
2024-10-25 11:00:00,,solarradiation,-374.7375,624.5625,,,,,792.5,
2024-10-25 12:00:00,,solarradiation,-374.7375,624.5625,,,,,814.5,
2024-10-25 13:00:00,,solarradiation,-374.7375,624.5625,,,,,813.8,
2024-10-25 14:00:00,,solarradiation,-374.7375,624.5625,,,,,719.9,
2024-10-26 10:00:00,,solarradiation,-374.7375,624.5625,,,,,677.2,
2024-10-26 11:00:00,,solarradiation,-374.7375,624.5625,,,,,799.7,
2024-10-26 12:00:00,,solarradiation,-374.7375,624.5625,,,,,831.4,
2024-10-26 13:00:00,,solarradiation,-374.7375,624.5625,,,,,822.8,
2024-10-26 14:00:00,,solarradiation,-374.7375,624.5625,,,,,715.4,
2024-10-30 11:00:00,,solarradiation,-374.7375,624.5625,,,,,683.5,
2024-10-30 12:00:00,,solarradiation,-374.7375,624.5625,,,,,681.7,
2024-10-31 11:00:00,,solarradiation,-374.7375,624.5625,,,,,736.8,
2024-10-31 12:00:00,,solarradiation,-374.7375,624.5625,,,,,775.2,
2024-10-31 13:00:00,,solarradiation,-374.7375,624.5625,,,,,730.0,
2024-10-31 14:00:00,,solarradiation,-374.7375,624.5625,,,,,676.2,
2024-11-01 10:00:00,,solarradiation,-374.7375,624.5625,,,,,636.4,
2024-11-01 11:00:00,,solarradiation,-374.7375,624.5625,,,,,765.4,
2024-11-01 12:00:00,,solarradiation,-374.7375,624.5625,,,,,814.0,
2024-11-01 13:00:00,,solarradiation,-374.7375,624.5625,,,,,791.4,
2024-11-01 14:00:00,,solarradiation,-374.7375,624.5625,,,,,688.4,
2024-11-02 10:00:00,,solarradiation,-374.7375,624.5625,,,,,646.8,
2024-11-02 11:00:00,,solarradiation,-374.7375,624.5625,,,,,764.6,
2024-11-02 12:00:00,,solarradiation,-374.7375,624.5625,,,,,818.0,
2024-11-02 13:00:00,,solarradiation,-374.7375,624.5625,,,,,794.2,
2024-11-02 14:00:00,,solarradiation,-374.7375,624.5625,,,,,692.9,
2024-11-03 12:00:00,,solarradiation,-374.7375,624.5625,,,,,647.7,
2024-11-03 13:00:00,,solarradiation,-374.7375,624.5625,,,,,681.3,
2024-11-07 11:00:00,,solarradiation,-374.7375,624.5625,,,,,703.9,
2024-11-07 12:00:00,,solarradiation,-374.7375,624.5625,,,,,744.8,
2024-11-07 13:00:00,,solarradiation,-374.7375,624.5625,,,,,723.4,
2024-11-08 11:00:00,,solarradiation,-374.7375,624.5625,,,,,730.1,
2024-11-08 12:00:00,,solarradiation,-374.7375,624.5625,,,,,773.8,
2024-11-08 13:00:00,,solarradiation,-374.7375,624.5625,,,,,735.0,
2024-11-08 14:00:00,,solarradiation,-374.7375,624.5625,,,,,629.4,
2024-11-09 11:00:00,,solarradiation,-374.7375,624.5625,,,,,732.4,
2024-11-09 12:00:00,,solarradiation,-374.7375,624.5625,,,,,782.8,
2024-11-09 13:00:00,,solarradiation,-374.7375,624.5625,,,,,759.8,
2024-11-09 14:00:00,,solarradiation,-374.7375,624.5625,,,,,661.9,
2024-11-10 11:00:00,,solarradiation,-374.7375,624.5625,,,,,727.2,
2024-11-10 12:00:00,,solarradiation,-374.7375,624.5625,,,,,777.3,
2024-11-10 13:00:00,,solarradiation,-374.7375,624.5625,,,,,753.8,
2024-11-10 14:00:00,,solarradiation,-374.7375,624.5625,,,,,659.3,
2024-11-11 11:00:00,,solarradiation,-374.7375,624.5625,,,,,701.6,
2024-11-11 12:00:00,,solarradiation,-374.7375,624.5625,,,,,749.4,
2024-11-11 13:00:00,,solarradiation,-374.7375,624.5625,,,,,734.9,
2024-11-11 14:00:00,,solarradiation,-374.7375,624.5625,,,,,646.7,
2024-11-12 11:00:00,,solarradiation,-374.7375,624.5625,,,,,693.7,
2024-11-12 12:00:00,,solarradiation,-374.7375,624.5625,,,,,745.1,
2024-11-12 13:00:00,,solarradiation,-374.7375,624.5625,,,,,717.4,
2024-11-13 11:00:00,,solarradiation,-374.7375,624.5625,,,,,691.2,
2024-11-13 12:00:00,,solarradiation,-374.7375,624.5625,,,,,737.8,
2024-11-13 13:00:00,,solarradiation,-374.7375,624.5625,,,,,721.4,
2024-11-13 14:00:00,,solarradiation,-374.7375,624.5625,,,,,632.0,
2024-11-14 12:00:00,,solarradiation,-374.7375,624.5625,,,,,632.2,
2024-11-17 11:00:00,,solarradiation,-374.7375,624.5625,,,,,730.0,
2024-11-17 12:00:00,,solarradiation,-374.7375,624.5625,,,,,781.0,
2024-11-17 13:00:00,,solarradiation,-374.7375,624.5625,,,,,761.0,
2024-11-17 14:00:00,,solarradiation,-374.7375,624.5625,,,,,672.0,
2024-11-19 11:00:00,,solarradiation,-374.7375,624.5625,,,,,654.5,
2024-11-19 13:00:00,,solarradiation,-374.7375,624.5625,,,,,672.9,
2024-11-21 11:00:00,,solarradiation,-374.7375,624.5625,,,,,663.4,
2024-11-21 12:00:00,,solarradiation,-374.7375,624.5625,,,,,684.1,
2024-11-21 13:00:00,,solarradiation,-374.7375,624.5625,,,,,688.1,
2024-11-22 11:00:00,,solarradiation,-374.7375,624.5625,,,,,646.0,
2024-11-22 12:00:00,,solarradiation,-374.7375,624.5625,,,,,768.0,
2024-11-22 13:00:00,,solarradiation,-374.7375,624.5625,,,,,755.0,
2024-11-22 14:00:00,,solarradiation,-374.7375,624.5625,,,,,664.0,
2024-11-28 12:00:00,,solarradiation,-374.7375,624.5625,,,,,660.6,
2024-11-28 13:00:00,,solarradiation,-374.7375,624.5625,,,,,695.8,
2024-11-29 11:00:00,,solarradiation,-374.7375,624.5625,,,,,650.6,
2024-11-29 12:00:00,,solarradiation,-374.7375,624.5625,,,,,720.9,
2024-11-29 13:00:00,,solarradiation,-374.7375,624.5625,,,,,689.8,
2024-11-30 11:00:00,,solarradiation,-374.7375,624.5625,,,,,668.4,
2024-11-30 12:00:00,,solarradiation,-374.7375,624.5625,,,,,720.4,
2024-11-30 13:00:00,,solarradiation,-374.7375,624.5625,,,,,693.4,
2024-12-01 11:00:00,,solarradiation,-374.7375,624.5625,,,,,668.6,
2024-12-01 13:00:00,,solarradiation,-374.7375,624.5625,,,,,636.3,
2024-12-17 12:00:00,,solarradiation,-374.7375,624.5625,,,,,679.3,
2024-12-17 13:00:00,,solarradiation,-374.7375,624.5625,,,,,688.2,
2024-12-20 12:00:00,,solarradiation,-374.7375,624.5625,,,,,701.3,
2024-12-20 13:00:00,,solarradiation,-374.7375,624.5625,,,,,710.9,
2024-12-22 11:00:00,,solarradiation,-374.7375,624.5625,,,,,651.0,
2024-12-22 12:00:00,,solarradiation,-374.7375,624.5625,,,,,700.4,
2024-12-22 13:00:00,,solarradiation,-374.7375,624.5625,,,,,710.2,
2024-12-22 14:00:00,,solarradiation,-374.7375,624.5625,,,,,627.9,
2024-12-23 11:00:00,,solarradiation,-374.7375,624.5625,,,,,651.0,
2024-12-23 12:00:00,,solarradiation,-374.7375,624.5625,,,,,717.1,
2024-12-23 13:00:00,,solarradiation,-374.7375,624.5625,,,,,715.1,
2024-12-23 14:00:00,,solarradiation,-374.7375,624.5625,,,,,645.6,
2024-12-24 12:00:00,,solarradiation,-374.7375,624.5625,,,,,709.4,
2024-12-24 13:00:00,,solarradiation,-374.7375,624.5625,,,,,672.0,
2024-12-25 12:00:00,,solarradiation,-374.7375,624.5625,,,,,662.9,
2024-12-25 13:00:00,,solarradiation,-374.7375,624.5625,,,,,698.8,
2024-12-29 11:00:00,,solarradiation,-374.7375,624.5625,,,,,636.1,
2024-12-29 12:00:00,,solarradiation,-374.7375,624.5625,,,,,696.2,
2024-12-29 13:00:00,,solarradiation,-374.7375,624.5625,,,,,696.8,
2024-12-29 14:00:00,,solarradiation,-374.7375,624.5625,,,,,641.6,
2025-01-01 11:00:00,,solarradiation,-374.7375,624.5625,,,,,646.9,
2025-01-01 12:00:00,,solarradiation,-374.7375,624.5625,,,,,710.2,
2025-01-01 13:00:00,,solarradiation,-374.7375,624.5625,,,,,712.7,
2025-01-01 14:00:00,,solarradiation,-374.7375,624.5625,,,,,639.0,
2025-01-02 11:00:00,,solarradiation,-374.7375,624.5625,,,,,629.2,
2025-01-02 12:00:00,,solarradiation,-374.7375,624.5625,,,,,704.6,
2025-01-02 13:00:00,,solarradiation,-374.7375,624.5625,,,,,719.1,
2025-01-03 11:00:00,,solarradiation,-374.7375,624.5625,,,,,645.2,
2025-01-03 12:00:00,,solarradiation,-374.7375,624.5625,,,,,722.8,
2025-01-03 13:00:00,,solarradiation,-374.7375,624.5625,,,,,719.3,
2025-01-03 14:00:00,,solarradiation,-374.7375,624.5625,,,,,642.3,
2025-01-04 11:00:00,,solarradiation,-374.7375,624.5625,,,,,638.5,
2025-01-04 12:00:00,,solarradiation,-374.7375,624.5625,,,,,708.7,
2025-01-04 13:00:00,,solarradiation,-374.7375,624.5625,,,,,663.7,
2025-01-05 11:00:00,,solarradiation,-374.7375,624.5625,,,,,647.2,
2025-01-05 12:00:00,,solarradiation,-374.7375,624.5625,,,,,729.2,
2025-01-05 13:00:00,,solarradiation,-374.7375,624.5625,,,,,732.4,
2025-01-05 14:00:00,,solarradiation,-374.7375,624.5625,,,,,634.5,
2025-01-06 11:00:00,,solarradiation,-374.7375,624.5625,,,,,650.3,
2025-01-06 12:00:00,,solarradiation,-374.7375,624.5625,,,,,733.8,
2025-01-06 13:00:00,,solarradiation,-374.7375,624.5625,,,,,733.5,
2025-01-06 14:00:00,,solarradiation,-374.7375,624.5625,,,,,665.3,
2025-01-12 11:00:00,,solarradiation,-374.7375,624.5625,,,,,684.0,
2025-01-12 12:00:00,,solarradiation,-374.7375,624.5625,,,,,763.9,
2025-01-12 13:00:00,,solarradiation,-374.7375,624.5625,,,,,772.2,
2025-01-12 14:00:00,,solarradiation,-374.7375,624.5625,,,,,701.7,
2025-01-13 11:00:00,,solarradiation,-374.7375,624.5625,,,,,683.0,
2025-01-13 12:00:00,,solarradiation,-374.7375,624.5625,,,,,765.5,
2025-01-13 13:00:00,,solarradiation,-374.7375,624.5625,,,,,771.8,
2025-01-13 14:00:00,,solarradiation,-374.7375,624.5625,,,,,703.9,
2025-01-14 11:00:00,,solarradiation,-374.7375,624.5625,,,,,674.7,
2025-01-14 12:00:00,,solarradiation,-374.7375,624.5625,,,,,751.3,
2025-01-14 13:00:00,,solarradiation,-374.7375,624.5625,,,,,749.3,
2025-01-14 14:00:00,,solarradiation,-374.7375,624.5625,,,,,652.0,
2025-01-16 13:00:00,,solarradiation,-374.7375,624.5625,,,,,626.7,
2025-01-16 14:00:00,,solarradiation,-374.7375,624.5625,,,,,629.2,
2025-01-17 11:00:00,,solarradiation,-374.7375,624.5625,,,,,676.5,
2025-01-17 12:00:00,,solarradiation,-374.7375,624.5625,,,,,758.4,
2025-01-17 13:00:00,,solarradiation,-374.7375,624.5625,,,,,767.1,
2025-01-17 14:00:00,,solarradiation,-374.7375,624.5625,,,,,705.3,
2025-01-19 12:00:00,,solarradiation,-374.7375,624.5625,,,,,688.7,
2025-01-19 13:00:00,,solarradiation,-374.7375,624.5625,,,,,699.8,
2025-01-20 11:00:00,,solarradiation,-374.7375,624.5625,,,,,664.5,
2025-01-20 12:00:00,,solarradiation,-374.7375,624.5625,,,,,708.3,
2025-01-20 13:00:00,,solarradiation,-374.7375,624.5625,,,,,749.5,
2025-01-20 14:00:00,,solarradiation,-374.7375,624.5625,,,,,663.4,
2025-01-21 11:00:00,,solarradiation,-374.7375,624.5625,,,,,669.5,
2025-01-21 12:00:00,,solarradiation,-374.7375,624.5625,,,,,759.8,
2025-01-21 13:00:00,,solarradiation,-374.7375,624.5625,,,,,755.6,
2025-01-21 14:00:00,,solarradiation,-374.7375,624.5625,,,,,688.9,
2025-01-28 13:00:00,,solarradiation,-374.7375,624.5625,,,,,629.5,
2025-01-29 11:00:00,,solarradiation,-374.7375,624.5625,,,,,624.6,
2025-01-29 13:00:00,,solarradiation,-374.7375,624.5625,,,,,669.2,
2025-01-30 11:00:00,,solarradiation,-374.7375,624.5625,,,,,649.9,
2025-02-10 13:00:00,,solarradiation,-374.7375,624.5625,,,,,732.5,
2025-03-02 13:00:00,,solarradiation,-374.7375,624.5625,,,,,635.0,
2025-03-03 13:00:00,,solarradiation,-374.7375,624.5625,,,,,656.3,
2025-03-04 14:00:00,,solarradiation,-374.7375,624.5625,,,,,635.8,
2025-03-04 15:00:00,,solarradiation,-374.7375,624.5625,,,,,628.3,
2025-03-19 11:00:00,,solarradiation,-374.7375,624.5625,,,,,794.6,
2025-03-19 12:00:00,,solarradiation,-374.7375,624.5625,,,,,828.0,
2025-03-19 13:00:00,,solarradiation,-374.7375,624.5625,,,,,919.3,
2025-03-19 14:00:00,,solarradiation,-374.7375,624.5625,,,,,766.6,
2025-03-19 15:00:00,,solarradiation,-374.7375,624.5625,,,,,651.6,
2025-03-20 10:00:00,,solarradiation,-374.7375,624.5625,,,,,664.2,
2025-03-20 11:00:00,,solarradiation,-374.7375,624.5625,,,,,853.2,
2025-03-20 12:00:00,,solarradiation,-374.7375,624.5625,,,,,937.1,
2025-03-20 13:00:00,,solarradiation,-374.7375,624.5625,,,,,945.3,
2025-03-20 14:00:00,,solarradiation,-374.7375,624.5625,,,,,878.3,
2025-03-20 15:00:00,,solarradiation,-374.7375,624.5625,,,,,738.5,
2025-03-21 10:00:00,,solarradiation,-374.7375,624.5625,,,,,698.8,
2025-03-21 11:00:00,,solarradiation,-374.7375,624.5625,,,,,837.0,
2025-03-21 12:00:00,,solarradiation,-374.7375,624.5625,,,,,944.4,
2025-03-21 13:00:00,,solarradiation,-374.7375,624.5625,,,,,946.8,
2025-03-21 14:00:00,,solarradiation,-374.7375,624.5625,,,,,878.4,
2025-03-21 15:00:00,,solarradiation,-374.7375,624.5625,,,,,736.6,
2025-03-22 10:00:00,,solarradiation,-374.7375,624.5625,,,,,708.9,
2025-03-22 11:00:00,,solarradiation,-374.7375,624.5625,,,,,857.1,
2025-03-22 12:00:00,,solarradiation,-374.7375,624.5625,,,,,936.0,
2025-03-22 13:00:00,,solarradiation,-374.7375,624.5625,,,,,940.4,
2025-03-22 14:00:00,,solarradiation,-374.7375,624.5625,,,,,869.8,
2025-03-22 15:00:00,,solarradiation,-374.7375,624.5625,,,,,728.8,
2025-03-23 10:00:00,,solarradiation,-374.7375,624.5625,,,,,702.4,
2025-03-23 11:00:00,,solarradiation,-374.7375,624.5625,,,,,850.0,
2025-03-23 12:00:00,,solarradiation,-374.7375,624.5625,,,,,928.0,
2025-03-23 13:00:00,,solarradiation,-374.7375,624.5625,,,,,930.0,
2025-03-23 14:00:00,,solarradiation,-374.7375,624.5625,,,,,786.6,
2025-03-23 15:00:00,,solarradiation,-374.7375,624.5625,,,,,712.1,
2025-03-24 11:00:00,,solarradiation,-374.7375,624.5625,,,,,819.0,
2025-03-24 12:00:00,,solarradiation,-374.7375,624.5625,,,,,922.6,
2025-03-24 13:00:00,,solarradiation,-374.7375,624.5625,,,,,939.7,
2025-03-24 14:00:00,,solarradiation,-374.7375,624.5625,,,,,835.2,
2025-03-24 15:00:00,,solarradiation,-374.7375,624.5625,,,,,706.9,
2025-03-25 11:00:00,,solarradiation,-374.7375,624.5625,,,,,689.0,
2025-03-25 12:00:00,,solarradiation,-374.7375,624.5625,,,,,807.3,
2025-03-25 13:00:00,,solarradiation,-374.7375,624.5625,,,,,894.9,
2025-03-25 14:00:00,,solarradiation,-374.7375,624.5625,,,,,695.3,
2025-03-26 11:00:00,,solarradiation,-374.7375,624.5625,,,,,794.6,
2025-03-26 12:00:00,,solarradiation,-374.7375,624.5625,,,,,830.1,
2025-03-26 13:00:00,,solarradiation,-374.7375,624.5625,,,,,923.5,
2025-03-26 14:00:00,,solarradiation,-374.7375,624.5625,,,,,777.1,
2025-03-26 15:00:00,,solarradiation,-374.7375,624.5625,,,,,686.0,
2025-03-27 12:00:00,,solarradiation,-374.7375,624.5625,,,,,901.4,
2025-03-27 13:00:00,,solarradiation,-374.7375,624.5625,,,,,904.4,
2025-03-27 14:00:00,,solarradiation,-374.7375,624.5625,,,,,836.6,
2025-03-27 15:00:00,,solarradiation,-374.7375,624.5625,,,,,719.1,
2025-04-01 13:00:00,,solarradiation,-374.7375,624.5625,,,,,627.3,
2025-04-01 14:00:00,,solarradiation,-374.7375,624.5625,,,,,787.6,
2025-04-01 15:00:00,,solarradiation,-374.7375,624.5625,,,,,683.0,
2025-04-02 10:00:00,,solarradiation,-374.7375,624.5625,,,,,645.9,
2025-04-02 11:00:00,,solarradiation,-374.7375,624.5625,,,,,645.4,
2025-04-02 12:00:00,,solarradiation,-374.7375,624.5625,,,,,897.3,
2025-04-02 13:00:00,,solarradiation,-374.7375,624.5625,,,,,938.1,
2025-04-02 14:00:00,,solarradiation,-374.7375,624.5625,,,,,833.6,
2025-04-02 15:00:00,,solarradiation,-374.7375,624.5625,,,,,717.4,
2025-04-03 10:00:00,,solarradiation,-374.7375,624.5625,,,,,721.1,
2025-04-03 11:00:00,,solarradiation,-374.7375,624.5625,,,,,869.0,
2025-04-03 12:00:00,,solarradiation,-374.7375,624.5625,,,,,925.3,
2025-04-03 13:00:00,,solarradiation,-374.7375,624.5625,,,,,900.8,
2025-04-03 14:00:00,,solarradiation,-374.7375,624.5625,,,,,871.8,
2025-04-03 15:00:00,,solarradiation,-374.7375,624.5625,,,,,719.6,
2025-04-04 13:00:00,,solarradiation,-374.7375,624.5625,,,,,634.0,
2025-04-11 12:00:00,,solarradiation,-374.7375,624.5625,,,,,812.2,
2025-04-11 13:00:00,,solarradiation,-374.7375,624.5625,,,,,871.2,
2025-04-12 11:00:00,,solarradiation,-374.7375,624.5625,,,,,727.9,
2025-04-12 12:00:00,,solarradiation,-374.7375,624.5625,,,,,928.0,
2025-04-12 13:00:00,,solarradiation,-374.7375,624.5625,,,,,897.8,
2025-04-12 14:00:00,,solarradiation,-374.7375,624.5625,,,,,823.5,
2025-04-12 15:00:00,,solarradiation,-374.7375,624.5625,,,,,631.4,
2025-04-13 11:00:00,,solarradiation,-374.7375,624.5625,,,,,744.6,
2025-04-13 12:00:00,,solarradiation,-374.7375,624.5625,,,,,726.6,
2025-04-13 13:00:00,,solarradiation,-374.7375,624.5625,,,,,714.2,
2025-04-13 14:00:00,,solarradiation,-374.7375,624.5625,,,,,857.7,
2025-04-13 15:00:00,,solarradiation,-374.7375,624.5625,,,,,685.3,
2025-04-15 10:00:00,,solarradiation,-374.7375,624.5625,,,,,743.2,
2025-04-15 11:00:00,,solarradiation,-374.7375,624.5625,,,,,883.9,
2025-04-15 12:00:00,,solarradiation,-374.7375,624.5625,,,,,938.2,
2025-04-15 13:00:00,,solarradiation,-374.7375,624.5625,,,,,947.8,
2025-04-15 14:00:00,,solarradiation,-374.7375,624.5625,,,,,887.4,
2025-04-15 15:00:00,,solarradiation,-374.7375,624.5625,,,,,751.6,
2025-04-16 10:00:00,,solarradiation,-374.7375,624.5625,,,,,742.2,
2025-04-16 11:00:00,,solarradiation,-374.7375,624.5625,,,,,866.3,
2025-04-16 12:00:00,,solarradiation,-374.7375,624.5625,,,,,937.3,
2025-04-16 13:00:00,,solarradiation,-374.7375,624.5625,,,,,929.5,
2025-04-16 14:00:00,,solarradiation,-374.7375,624.5625,,,,,764.5,
2025-04-16 15:00:00,,solarradiation,-374.7375,624.5625,,,,,655.2,
2025-04-17 10:00:00,,solarradiation,-374.7375,624.5625,,,,,641.5,
2025-04-17 11:00:00,,solarradiation,-374.7375,624.5625,,,,,837.0,
2025-04-17 12:00:00,,solarradiation,-374.7375,624.5625,,,,,907.0,
2025-04-17 13:00:00,,solarradiation,-374.7375,624.5625,,,,,868.2,
2025-04-17 14:00:00,,solarradiation,-374.7375,624.5625,,,,,784.9,
2025-04-17 15:00:00,,solarradiation,-374.7375,624.5625,,,,,648.3,
2025-04-18 14:00:00,,solarradiation,-374.7375,624.5625,,,,,807.0,
2025-04-19 10:00:00,,solarradiation,-374.7375,624.5625,,,,,745.7,
2025-04-19 11:00:00,,solarradiation,-374.7375,624.5625,,,,,881.6,
2025-04-19 12:00:00,,solarradiation,-374.7375,624.5625,,,,,948.2,
2025-04-19 13:00:00,,solarradiation,-374.7375,624.5625,,,,,878.3,
2025-04-20 11:00:00,,solarradiation,-374.7375,624.5625,,,,,745.6,
2025-04-20 12:00:00,,solarradiation,-374.7375,624.5625,,,,,877.6,
2025-04-20 13:00:00,,solarradiation,-374.7375,624.5625,,,,,868.6,
2025-04-20 14:00:00,,solarradiation,-374.7375,624.5625,,,,,805.7,
2025-04-20 15:00:00,,solarradiation,-374.7375,624.5625,,,,,656.7,
2025-04-21 10:00:00,,solarradiation,-374.7375,624.5625,,,,,684.2,
2025-04-21 11:00:00,,solarradiation,-374.7375,624.5625,,,,,723.5,
2025-04-21 12:00:00,,solarradiation,-374.7375,624.5625,,,,,752.2,
2025-04-21 13:00:00,,solarradiation,-374.7375,624.5625,,,,,821.6,
2025-04-21 14:00:00,,solarradiation,-374.7375,624.5625,,,,,767.5,
2025-04-21 15:00:00,,solarradiation,-374.7375,624.5625,,,,,629.3,
2025-04-22 10:00:00,,solarradiation,-374.7375,624.5625,,,,,658.6,
2025-04-22 11:00:00,,solarradiation,-374.7375,624.5625,,,,,768.3,
2025-04-22 12:00:00,,solarradiation,-374.7375,624.5625,,,,,922.7,
2025-04-22 13:00:00,,solarradiation,-374.7375,624.5625,,,,,909.4,
2025-04-22 14:00:00,,solarradiation,-374.7375,624.5625,,,,,688.0,
2025-04-23 10:00:00,,solarradiation,-374.7375,624.5625,,,,,716.8,
2025-04-23 11:00:00,,solarradiation,-374.7375,624.5625,,,,,839.4,
2025-04-23 12:00:00,,solarradiation,-374.7375,624.5625,,,,,951.4,
2025-04-23 13:00:00,,solarradiation,-374.7375,624.5625,,,,,950.1,
2025-04-23 14:00:00,,solarradiation,-374.7375,624.5625,,,,,790.5,
2025-04-24 12:00:00,,solarradiation,-374.7375,624.5625,,,,,700.5,
2025-04-24 13:00:00,,solarradiation,-374.7375,624.5625,,,,,627.9,
2025-04-29 12:00:00,,solarradiation,-374.7375,624.5625,,,,,648.3,
2025-04-29 13:00:00,,solarradiation,-374.7375,624.5625,,,,,692.3,
2025-04-29 15:00:00,,solarradiation,-374.7375,624.5625,,,,,643.1,
2025-04-30 11:00:00,,solarradiation,-374.7375,624.5625,,,,,744.8,
2025-04-30 12:00:00,,solarradiation,-374.7375,624.5625,,,,,846.0,
2025-04-30 13:00:00,,solarradiation,-374.7375,624.5625,,,,,807.0,
2025-05-02 10:00:00,,solarradiation,-374.7375,624.5625,,,,,769.9,
2025-05-02 11:00:00,,solarradiation,-374.7375,624.5625,,,,,916.7,
2025-05-02 12:00:00,,solarradiation,-374.7375,624.5625,,,,,984.1,
2025-05-02 13:00:00,,solarradiation,-374.7375,624.5625,,,,,934.7,
2025-05-02 14:00:00,,solarradiation,-374.7375,624.5625,,,,,778.8,
2025-05-03 11:00:00,,solarradiation,-374.7375,624.5625,,,,,743.4,
2025-05-03 12:00:00,,solarradiation,-374.7375,624.5625,,,,,830.7,
2025-05-03 13:00:00,,solarradiation,-374.7375,624.5625,,,,,779.7,
2025-05-04 11:00:00,,solarradiation,-374.7375,624.5625,,,,,830.0,
2025-05-04 12:00:00,,solarradiation,-374.7375,624.5625,,,,,898.6,
2025-05-04 13:00:00,,solarradiation,-374.7375,624.5625,,,,,812.7,
2025-05-04 14:00:00,,solarradiation,-374.7375,624.5625,,,,,794.4,
2025-05-04 15:00:00,,solarradiation,-374.7375,624.5625,,,,,667.8,
2025-05-05 10:00:00,,solarradiation,-374.7375,624.5625,,,,,702.6,
2025-05-05 11:00:00,,solarradiation,-374.7375,624.5625,,,,,881.4,
2025-05-05 12:00:00,,solarradiation,-374.7375,624.5625,,,,,952.0,
2025-05-05 13:00:00,,solarradiation,-374.7375,624.5625,,,,,929.1,
2025-05-05 14:00:00,,solarradiation,-374.7375,624.5625,,,,,822.7,
2025-05-06 11:00:00,,solarradiation,-374.7375,624.5625,,,,,658.4,
2025-05-06 13:00:00,,solarradiation,-374.7375,624.5625,,,,,847.7,
2025-05-06 14:00:00,,solarradiation,-374.7375,624.5625,,,,,643.2,
2025-05-07 12:00:00,,solarradiation,-374.7375,624.5625,,,,,643.5,
2025-05-07 14:00:00,,solarradiation,-374.7375,624.5625,,,,,635.0,
2025-05-08 10:00:00,,solarradiation,-374.7375,624.5625,,,,,774.2,
2025-05-08 11:00:00,,solarradiation,-374.7375,624.5625,,,,,916.6,
2025-05-08 12:00:00,,solarradiation,-374.7375,624.5625,,,,,969.8,
2025-05-08 13:00:00,,solarradiation,-374.7375,624.5625,,,,,794.6,
2025-05-08 14:00:00,,solarradiation,-374.7375,624.5625,,,,,662.7,
2025-05-08 15:00:00,,solarradiation,-374.7375,624.5625,,,,,647.6,
2025-05-09 12:00:00,,solarradiation,-374.7375,624.5625,,,,,756.2,
2025-05-09 13:00:00,,solarradiation,-374.7375,624.5625,,,,,720.2,
2025-05-10 12:00:00,,solarradiation,-374.7375,624.5625,,,,,761.7,
2025-05-10 13:00:00,,solarradiation,-374.7375,624.5625,,,,,732.5,
2025-05-11 15:00:00,,solarradiation,-374.7375,624.5625,,,,,643.6,
2025-05-12 09:00:00,,solarradiation,-374.7375,624.5625,,,,,631.3,
2025-05-12 10:00:00,,solarradiation,-374.7375,624.5625,,,,,813.0,
2025-05-12 11:00:00,,solarradiation,-374.7375,624.5625,,,,,936.3,
2025-05-12 12:00:00,,solarradiation,-374.7375,624.5625,,,,,1003.4,
2025-05-12 13:00:00,,solarradiation,-374.7375,624.5625,,,,,993.4,
2025-05-12 14:00:00,,solarradiation,-374.7375,624.5625,,,,,895.2,
2025-05-12 15:00:00,,solarradiation,-374.7375,624.5625,,,,,761.3,
2025-05-13 10:00:00,,solarradiation,-374.7375,624.5625,,,,,679.3,
2025-05-13 11:00:00,,solarradiation,-374.7375,624.5625,,,,,648.3,
2025-05-13 14:00:00,,solarradiation,-374.7375,624.5625,,,,,855.9,
2025-05-14 11:00:00,,solarradiation,-374.7375,624.5625,,,,,675.4,
2025-05-14 12:00:00,,solarradiation,-374.7375,624.5625,,,,,635.6,
2025-05-14 13:00:00,,solarradiation,-374.7375,624.5625,,,,,710.1,
2025-05-17 14:00:00,,solarradiation,-374.7375,624.5625,,,,,655.6,
2025-05-20 10:00:00,,solarradiation,-374.7375,624.5625,,,,,738.7,
2025-05-20 11:00:00,,solarradiation,-374.7375,624.5625,,,,,831.4,
2025-05-20 12:00:00,,solarradiation,-374.7375,624.5625,,,,,891.6,
2025-05-20 13:00:00,,solarradiation,-374.7375,624.5625,,,,,864.0,
2025-05-21 10:00:00,,solarradiation,-374.7375,624.5625,,,,,643.1,
2025-05-21 11:00:00,,solarradiation,-374.7375,624.5625,,,,,722.7,
2025-05-21 12:00:00,,solarradiation,-374.7375,624.5625,,,,,826.6,
2025-05-21 13:00:00,,solarradiation,-374.7375,624.5625,,,,,818.4,
2025-05-21 14:00:00,,solarradiation,-374.7375,624.5625,,,,,683.3,
2025-05-22 12:00:00,,solarradiation,-374.7375,624.5625,,,,,738.5,
2025-05-22 13:00:00,,solarradiation,-374.7375,624.5625,,,,,743.8,
2025-05-28 12:00:00,,solarradiation,-374.7375,624.5625,,,,,662.5,
2025-05-28 13:00:00,,solarradiation,-374.7375,624.5625,,,,,634.3,
2025-05-28 14:00:00,,solarradiation,-374.7375,624.5625,,,,,676.9,
2025-05-31 11:00:00,,solarradiation,-374.7375,624.5625,,,,,773.6,
2025-05-31 12:00:00,,solarradiation,-374.7375,624.5625,,,,,807.6,
2025-05-31 13:00:00,,solarradiation,-374.7375,624.5625,,,,,696.7,
2025-05-31 14:00:00,,solarradiation,-374.7375,624.5625,,,,,690.9,
2025-06-01 10:00:00,,solarradiation,-374.7375,624.5625,,,,,765.7,
2025-06-01 11:00:00,,solarradiation,-374.7375,624.5625,,,,,887.8,
2025-06-01 12:00:00,,solarradiation,-374.7375,624.5625,,,,,899.7,
2025-06-01 13:00:00,,solarradiation,-374.7375,624.5625,,,,,868.7,
2025-06-01 14:00:00,,solarradiation,-374.7375,624.5625,,,,,845.2,
2025-06-01 15:00:00,,solarradiation,-374.7375,624.5625,,,,,750.7,
2025-06-02 10:00:00,,solarradiation,-374.7375,624.5625,,,,,747.7,
2025-06-02 11:00:00,,solarradiation,-374.7375,624.5625,,,,,887.3,
2025-06-02 12:00:00,,solarradiation,-374.7375,624.5625,,,,,942.9,
2025-06-02 13:00:00,,solarradiation,-374.7375,624.5625,,,,,930.0,
2025-06-02 14:00:00,,solarradiation,-374.7375,624.5625,,,,,790.4,
2025-06-02 15:00:00,,solarradiation,-374.7375,624.5625,,,,,690.8,
2025-06-03 14:00:00,,solarradiation,-374.7375,624.5625,,,,,635.4,
2025-06-05 13:00:00,,solarradiation,-374.7375,624.5625,,,,,828.0,
2025-06-05 14:00:00,,solarradiation,-374.7375,624.5625,,,,,779.9,
2025-06-06 10:00:00,,solarradiation,-374.7375,624.5625,,,,,655.8,
2025-06-06 11:00:00,,solarradiation,-374.7375,624.5625,,,,,724.8,
2025-06-06 12:00:00,,solarradiation,-374.7375,624.5625,,,,,778.1,
2025-06-06 13:00:00,,solarradiation,-374.7375,624.5625,,,,,696.5,
2025-06-07 11:00:00,,solarradiation,-374.7375,624.5625,,,,,735.8,
2025-06-07 12:00:00,,solarradiation,-374.7375,624.5625,,,,,710.6,
2025-06-07 13:00:00,,solarradiation,-374.7375,624.5625,,,,,720.3,
2025-06-07 14:00:00,,solarradiation,-374.7375,624.5625,,,,,635.8,
2025-06-11 10:00:00,,solarradiation,-374.7375,624.5625,,,,,690.2,
2025-06-11 11:00:00,,solarradiation,-374.7375,624.5625,,,,,762.9,
2025-06-11 12:00:00,,solarradiation,-374.7375,624.5625,,,,,877.5,
2025-06-11 13:00:00,,solarradiation,-374.7375,624.5625,,,,,724.1,
2025-06-11 14:00:00,,solarradiation,-374.7375,624.5625,,,,,867.3,
2025-06-11 15:00:00,,solarradiation,-374.7375,624.5625,,,,,694.8,
2025-06-14 10:00:00,,solarradiation,-374.7375,624.5625,,,,,640.2,
2025-06-14 11:00:00,,solarradiation,-374.7375,624.5625,,,,,671.0,
2025-06-14 12:00:00,,solarradiation,-374.7375,624.5625,,,,,757.7,
2025-06-14 13:00:00,,solarradiation,-374.7375,624.5625,,,,,917.5,
2025-06-14 14:00:00,,solarradiation,-374.7375,624.5625,,,,,771.1,
2025-06-14 15:00:00,,solarradiation,-374.7375,624.5625,,,,,692.6,
2025-06-15 10:00:00,,solarradiation,-374.7375,624.5625,,,,,701.9,
2025-06-15 11:00:00,,solarradiation,-374.7375,624.5625,,,,,767.6,
2025-06-15 12:00:00,,solarradiation,-374.7375,624.5625,,,,,843.5,
2025-06-15 13:00:00,,solarradiation,-374.7375,624.5625,,,,,737.7,
2025-06-15 14:00:00,,solarradiation,-374.7375,624.5625,,,,,733.8,
2025-06-15 15:00:00,,solarradiation,-374.7375,624.5625,,,,,625.1,
2025-06-19 11:00:00,,solarradiation,-374.7375,624.5625,,,,,743.1,
2025-06-19 12:00:00,,solarradiation,-374.7375,624.5625,,,,,849.1,
2025-06-19 13:00:00,,solarradiation,-374.7375,624.5625,,,,,864.5,
2025-06-20 12:00:00,,solarradiation,-374.7375,624.5625,,,,,630.2,
2025-06-20 13:00:00,,solarradiation,-374.7375,624.5625,,,,,708.6,
2025-06-22 11:00:00,,solarradiation,-374.7375,624.5625,,,,,647.3,
2025-06-22 12:00:00,,solarradiation,-374.7375,624.5625,,,,,712.7,
2025-06-22 13:00:00,,solarradiation,-374.7375,624.5625,,,,,635.7,
2025-06-23 11:00:00,,solarradiation,-374.7375,624.5625,,,,,755.5,
2025-06-23 12:00:00,,solarradiation,-374.7375,624.5625,,,,,682.7,
2025-06-23 13:00:00,,solarradiation,-374.7375,624.5625,,,,,654.6,
2025-06-24 10:00:00,,solarradiation,-374.7375,624.5625,,,,,645.2,
2025-06-24 11:00:00,,solarradiation,-374.7375,624.5625,,,,,790.6,
2025-06-24 12:00:00,,solarradiation,-374.7375,624.5625,,,,,898.0,
2025-06-24 13:00:00,,solarradiation,-374.7375,624.5625,,,,,840.5,
2025-06-25 11:00:00,,solarradiation,-374.7375,624.5625,,,,,692.6,
2025-06-25 12:00:00,,solarradiation,-374.7375,624.5625,,,,,852.7,
2025-06-25 13:00:00,,solarradiation,-374.7375,624.5625,,,,,748.9,
2025-06-25 14:00:00,,solarradiation,-374.7375,624.5625,,,,,635.4,
2025-06-26 11:00:00,,solarradiation,-374.7375,624.5625,,,,,651.4,
2025-06-26 13:00:00,,solarradiation,-374.7375,624.5625,,,,,632.0,
2025-06-26 14:00:00,,solarradiation,-374.7375,624.5625,,,,,804.8,
2025-07-04 13:00:00,,solarradiation,-374.7375,624.5625,,,,,715.7,
2025-07-04 14:00:00,,solarradiation,-374.7375,624.5625,,,,,785.5,
2025-07-04 15:00:00,,solarradiation,-374.7375,624.5625,,,,,734.8,
2025-07-05 10:00:00,,solarradiation,-374.7375,624.5625,,,,,636.2,
2025-07-05 11:00:00,,solarradiation,-374.7375,624.5625,,,,,806.4,
2025-07-05 12:00:00,,solarradiation,-374.7375,624.5625,,,,,894.4,
2025-07-05 13:00:00,,solarradiation,-374.7375,624.5625,,,,,900.7,
2025-07-06 10:00:00,,solarradiation,-374.7375,624.5625,,,,,714.8,
2025-07-06 11:00:00,,solarradiation,-374.7375,624.5625,,,,,836.8,
2025-07-06 12:00:00,,solarradiation,-374.7375,624.5625,,,,,842.0,
2025-07-06 13:00:00,,solarradiation,-374.7375,624.5625,,,,,938.4,
2025-07-06 14:00:00,,solarradiation,-374.7375,624.5625,,,,,785.0,
2025-07-06 15:00:00,,solarradiation,-374.7375,624.5625,,,,,657.7,
2025-07-07 10:00:00,,solarradiation,-374.7375,624.5625,,,,,713.0,
2025-07-07 11:00:00,,solarradiation,-374.7375,624.5625,,,,,836.4,
2025-07-07 12:00:00,,solarradiation,-374.7375,624.5625,,,,,707.7,
2025-07-07 13:00:00,,solarradiation,-374.7375,624.5625,,,,,827.4,
2025-07-07 14:00:00,,solarradiation,-374.7375,624.5625,,,,,760.4,
2025-07-07 15:00:00,,solarradiation,-374.7375,624.5625,,,,,667.6,
2025-07-08 10:00:00,,solarradiation,-374.7375,624.5625,,,,,682.3,
2025-07-08 11:00:00,,solarradiation,-374.7375,624.5625,,,,,805.3,
2025-07-08 12:00:00,,solarradiation,-374.7375,624.5625,,,,,868.2,
2025-07-08 13:00:00,,solarradiation,-374.7375,624.5625,,,,,827.8,
2025-07-08 14:00:00,,solarradiation,-374.7375,624.5625,,,,,648.4,
2025-07-09 10:00:00,,solarradiation,-374.7375,624.5625,,,,,697.9,
2025-07-09 11:00:00,,solarradiation,-374.7375,624.5625,,,,,823.6,
2025-07-09 12:00:00,,solarradiation,-374.7375,624.5625,,,,,857.1,
2025-07-09 13:00:00,,solarradiation,-374.7375,624.5625,,,,,718.1,
2025-07-09 14:00:00,,solarradiation,-374.7375,624.5625,,,,,785.1,
2025-07-09 15:00:00,,solarradiation,-374.7375,624.5625,,,,,644.2,
2025-07-10 11:00:00,,solarradiation,-374.7375,624.5625,,,,,668.4,
2025-07-10 14:00:00,,solarradiation,-374.7375,624.5625,,,,,644.0,
2025-07-17 11:00:00,,solarradiation,-374.7375,624.5625,,,,,683.5,
2025-07-17 12:00:00,,solarradiation,-374.7375,624.5625,,,,,832.6,
2025-07-17 13:00:00,,solarradiation,-374.7375,624.5625,,,,,869.0,
2025-07-17 14:00:00,,solarradiation,-374.7375,624.5625,,,,,771.9,
2025-07-17 15:00:00,,solarradiation,-374.7375,624.5625,,,,,633.4,
2025-07-18 10:00:00,,solarradiation,-374.7375,624.5625,,,,,740.6,
2025-07-18 11:00:00,,solarradiation,-374.7375,624.5625,,,,,810.8,
2025-07-18 12:00:00,,solarradiation,-374.7375,624.5625,,,,,882.4,
2025-07-18 13:00:00,,solarradiation,-374.7375,624.5625,,,,,902.4,
2025-07-18 14:00:00,,solarradiation,-374.7375,624.5625,,,,,820.9,
2025-07-18 15:00:00,,solarradiation,-374.7375,624.5625,,,,,681.2,
2025-07-19 10:00:00,,solarradiation,-374.7375,624.5625,,,,,634.8,
2025-07-19 12:00:00,,solarradiation,-374.7375,624.5625,,,,,670.4,
2025-07-19 13:00:00,,solarradiation,-374.7375,624.5625,,,,,637.3,
2025-07-24 12:00:00,,solarradiation,-374.7375,624.5625,,,,,670.1,
2025-07-25 14:00:00,,solarradiation,-374.7375,624.5625,,,,,725.3,
2025-07-26 12:00:00,,solarradiation,-374.7375,624.5625,,,,,696.7,
2025-07-27 11:00:00,,solarradiation,-374.7375,624.5625,,,,,650.3,
2025-07-27 12:00:00,,solarradiation,-374.7375,624.5625,,,,,723.5,
2025-07-27 13:00:00,,solarradiation,-374.7375,624.5625,,,,,831.3,
2025-07-27 14:00:00,,solarradiation,-374.7375,624.5625,,,,,784.0,
2025-07-28 10:00:00,,solarradiation,-374.7375,624.5625,,,,,707.8,
2025-07-28 11:00:00,,solarradiation,-374.7375,624.5625,,,,,800.9,
2025-07-28 12:00:00,,solarradiation,-374.7375,624.5625,,,,,906.1,
2025-07-28 13:00:00,,solarradiation,-374.7375,624.5625,,,,,857.6,
2025-07-28 14:00:00,,solarradiation,-374.7375,624.5625,,,,,811.3,
2025-07-28 15:00:00,,solarradiation,-374.7375,624.5625,,,,,717.8,
2025-07-29 10:00:00,,solarradiation,-374.7375,624.5625,,,,,718.3,
2025-07-29 11:00:00,,solarradiation,-374.7375,624.5625,,,,,865.8,
2025-07-29 12:00:00,,solarradiation,-374.7375,624.5625,,,,,922.9,
2025-07-29 13:00:00,,solarradiation,-374.7375,624.5625,,,,,868.8,
2025-07-29 14:00:00,,solarradiation,-374.7375,624.5625,,,,,838.4,
2025-07-29 15:00:00,,solarradiation,-374.7375,624.5625,,,,,722.1,
2025-07-30 10:00:00,,solarradiation,-374.7375,624.5625,,,,,678.4,
2025-07-30 11:00:00,,solarradiation,-374.7375,624.5625,,,,,759.9,
2025-07-30 12:00:00,,solarradiation,-374.7375,624.5625,,,,,788.0,
2025-07-30 13:00:00,,solarradiation,-374.7375,624.5625,,,,,889.2,
2025-07-30 14:00:00,,solarradiation,-374.7375,624.5625,,,,,722.6,
2025-07-30 15:00:00,,solarradiation,-374.7375,624.5625,,,,,680.2,
2025-07-31 14:00:00,,solarradiation,-374.7375,624.5625,,,,,646.4,
2025-08-02 11:00:00,,solarradiation,-374.7375,624.5625,,,,,680.7,
2025-08-02 12:00:00,,solarradiation,-374.7375,624.5625,,,,,725.7,
2025-08-02 13:00:00,,solarradiation,-374.7375,624.5625,,,,,848.6,
2025-08-02 14:00:00,,solarradiation,-374.7375,624.5625,,,,,761.0,
2025-08-03 10:00:00,,solarradiation,-374.7375,624.5625,,,,,726.2,
2025-08-03 11:00:00,,solarradiation,-374.7375,624.5625,,,,,868.9,
2025-08-03 12:00:00,,solarradiation,-374.7375,624.5625,,,,,943.7,
2025-08-03 13:00:00,,solarradiation,-374.7375,624.5625,,,,,921.8,
2025-08-03 14:00:00,,solarradiation,-374.7375,624.5625,,,,,854.9,
2025-08-03 15:00:00,,solarradiation,-374.7375,624.5625,,,,,740.3,
2025-08-04 10:00:00,,solarradiation,-374.7375,624.5625,,,,,708.6,
2025-08-04 11:00:00,,solarradiation,-374.7375,624.5625,,,,,805.9,
2025-08-04 12:00:00,,solarradiation,-374.7375,624.5625,,,,,911.2,
2025-08-04 13:00:00,,solarradiation,-374.7375,624.5625,,,,,924.2,
2025-08-04 14:00:00,,solarradiation,-374.7375,624.5625,,,,,774.3,
2025-08-04 15:00:00,,solarradiation,-374.7375,624.5625,,,,,659.2,
2025-08-05 12:00:00,,solarradiation,-374.7375,624.5625,,,,,633.0,
2025-08-07 11:00:00,,solarradiation,-374.7375,624.5625,,,,,669.7,
2025-08-07 12:00:00,,solarradiation,-374.7375,624.5625,,,,,795.2,
2025-08-07 13:00:00,,solarradiation,-374.7375,624.5625,,,,,803.8,
2025-08-08 10:00:00,,solarradiation,-374.7375,624.5625,,,,,669.8,
2025-08-08 11:00:00,,solarradiation,-374.7375,624.5625,,,,,744.6,
2025-08-08 12:00:00,,solarradiation,-374.7375,624.5625,,,,,856.2,
2025-08-08 13:00:00,,solarradiation,-374.7375,624.5625,,,,,844.7,
2025-08-08 14:00:00,,solarradiation,-374.7375,624.5625,,,,,823.3,
2025-08-08 15:00:00,,solarradiation,-374.7375,624.5625,,,,,650.3,
2025-08-09 10:00:00,,solarradiation,-374.7375,624.5625,,,,,709.2,
2025-08-09 11:00:00,,solarradiation,-374.7375,624.5625,,,,,864.5,
2025-08-09 12:00:00,,solarradiation,-374.7375,624.5625,,,,,943.7,
2025-08-09 13:00:00,,solarradiation,-374.7375,624.5625,,,,,875.2,
2025-08-09 14:00:00,,solarradiation,-374.7375,624.5625,,,,,777.4,
2025-08-10 10:00:00,,solarradiation,-374.7375,624.5625,,,,,699.1,
2025-08-10 11:00:00,,solarradiation,-374.7375,624.5625,,,,,865.6,
2025-08-10 12:00:00,,solarradiation,-374.7375,624.5625,,,,,877.8,
2025-08-10 13:00:00,,solarradiation,-374.7375,624.5625,,,,,893.8,
2025-08-10 14:00:00,,solarradiation,-374.7375,624.5625,,,,,854.4,
2025-08-11 10:00:00,,solarradiation,-374.7375,624.5625,,,,,693.3,
2025-08-11 11:00:00,,solarradiation,-374.7375,624.5625,,,,,766.5,
2025-08-11 12:00:00,,solarradiation,-374.7375,624.5625,,,,,733.3,
2025-08-11 13:00:00,,solarradiation,-374.7375,624.5625,,,,,815.5,
2025-08-11 14:00:00,,solarradiation,-374.7375,624.5625,,,,,721.5,
2025-08-12 11:00:00,,solarradiation,-374.7375,624.5625,,,,,732.1,
2025-08-12 12:00:00,,solarradiation,-374.7375,624.5625,,,,,674.1,
2025-08-12 13:00:00,,solarradiation,-374.7375,624.5625,,,,,707.0,
2025-08-13 13:00:00,,solarradiation,-374.7375,624.5625,,,,,723.5,
2025-08-13 14:00:00,,solarradiation,-374.7375,624.5625,,,,,761.5,
2025-08-14 12:00:00,,solarradiation,-374.7375,624.5625,,,,,699.4,
2025-08-14 13:00:00,,solarradiation,-374.7375,624.5625,,,,,787.0,
2025-08-20 12:00:00,,solarradiation,-374.7375,624.5625,,,,,680.0,
2025-08-23 10:00:00,,solarradiation,-374.7375,624.5625,,,,,625.6,
2025-08-23 13:00:00,,solarradiation,-374.7375,624.5625,,,,,641.4,
2025-08-24 10:00:00,,solarradiation,-374.7375,624.5625,,,,,719.5,
2025-08-24 11:00:00,,solarradiation,-374.7375,624.5625,,,,,713.4,
2025-08-24 12:00:00,,solarradiation,-374.7375,624.5625,,,,,799.9,
2025-08-24 13:00:00,,solarradiation,-374.7375,624.5625,,,,,714.6,
2025-08-28 11:00:00,,solarradiation,-374.7375,624.5625,,,,,640.1,
2025-08-28 12:00:00,,solarradiation,-374.7375,624.5625,,,,,768.4,
2025-08-28 14:00:00,,solarradiation,-374.7375,624.5625,,,,,686.6,
2025-08-29 12:00:00,,solarradiation,-374.7375,624.5625,,,,,784.6,
2025-08-29 13:00:00,,solarradiation,-374.7375,624.5625,,,,,830.0,
2025-09-01 11:00:00,,solarradiation,-374.7375,624.5625,,,,,646.1,
2025-09-02 11:00:00,,solarradiation,-374.7375,624.5625,,,,,762.7,
2025-09-02 12:00:00,,solarradiation,-374.7375,624.5625,,,,,852.6,
2025-09-02 13:00:00,,solarradiation,-374.7375,624.5625,,,,,794.8,
2025-09-03 10:00:00,,solarradiation,-374.7375,624.5625,,,,,681.2,
2025-09-03 11:00:00,,solarradiation,-374.7375,624.5625,,,,,788.6,
2025-09-03 12:00:00,,solarradiation,-374.7375,624.5625,,,,,733.2,
2025-09-03 13:00:00,,solarradiation,-374.7375,624.5625,,,,,830.3,
2025-09-03 14:00:00,,solarradiation,-374.7375,624.5625,,,,,690.6,
2025-09-04 10:00:00,,solarradiation,-374.7375,624.5625,,,,,687.6,
2025-09-04 11:00:00,,solarradiation,-374.7375,624.5625,,,,,816.3,
2025-09-04 12:00:00,,solarradiation,-374.7375,624.5625,,,,,885.8,
2025-09-04 13:00:00,,solarradiation,-374.7375,624.5625,,,,,904.5,
2025-09-04 14:00:00,,solarradiation,-374.7375,624.5625,,,,,749.1,
2025-09-04 15:00:00,,solarradiation,-374.7375,624.5625,,,,,683.3,
2025-09-05 10:00:00,,solarradiation,-374.7375,624.5625,,,,,677.6,
2025-09-05 11:00:00,,solarradiation,-374.7375,624.5625,,,,,828.4,
2025-09-05 12:00:00,,solarradiation,-374.7375,624.5625,,,,,873.5,
2025-09-05 13:00:00,,solarradiation,-374.7375,624.5625,,,,,864.4,
2025-09-05 14:00:00,,solarradiation,-374.7375,624.5625,,,,,817.0,
2025-09-05 15:00:00,,solarradiation,-374.7375,624.5625,,,,,696.4,
2025-09-06 11:00:00,,solarradiation,-374.7375,624.5625,,,,,653.2,
2025-09-06 12:00:00,,solarradiation,-374.7375,624.5625,,,,,843.9,
2025-09-06 13:00:00,,solarradiation,-374.7375,624.5625,,,,,847.8,
2025-09-06 14:00:00,,solarradiation,-374.7375,624.5625,,,,,753.2,
2025-09-06 15:00:00,,solarradiation,-374.7375,624.5625,,,,,658.2,
2025-09-07 10:00:00,,solarradiation,-374.7375,624.5625,,,,,667.4,
2025-09-07 11:00:00,,solarradiation,-374.7375,624.5625,,,,,768.5,
2025-09-07 12:00:00,,solarradiation,-374.7375,624.5625,,,,,843.8,
2025-09-07 13:00:00,,solarradiation,-374.7375,624.5625,,,,,734.1,
2025-09-07 14:00:00,,solarradiation,-374.7375,624.5625,,,,,743.9,
2025-09-07 15:00:00,,solarradiation,-374.7375,624.5625,,,,,636.1,
2025-09-08 10:00:00,,solarradiation,-374.7375,624.5625,,,,,708.7,
2025-09-08 11:00:00,,solarradiation,-374.7375,624.5625,,,,,862.5,
2025-09-08 12:00:00,,solarradiation,-374.7375,624.5625,,,,,925.4,
2025-09-08 13:00:00,,solarradiation,-374.7375,624.5625,,,,,842.5,
2025-09-08 14:00:00,,solarradiation,-374.7375,624.5625,,,,,788.3,
2025-09-10 11:00:00,,solarradiation,-374.7375,624.5625,,,,,625.4,
2025-09-10 12:00:00,,solarradiation,-374.7375,624.5625,,,,,652.2,
2025-09-12 11:00:00,,solarradiation,-374.7375,624.5625,,,,,755.8,
2025-09-12 12:00:00,,solarradiation,-374.7375,624.5625,,,,,692.4,
2025-09-13 10:00:00,,solarradiation,-374.7375,624.5625,,,,,678.8,
2025-09-13 11:00:00,,solarradiation,-374.7375,624.5625,,,,,750.1,
2025-09-13 12:00:00,,solarradiation,-374.7375,624.5625,,,,,681.3,
2025-09-13 13:00:00,,solarradiation,-374.7375,624.5625,,,,,726.3,
2025-09-13 14:00:00,,solarradiation,-374.7375,624.5625,,,,,713.3,
2025-09-14 12:00:00,,solarradiation,-374.7375,624.5625,,,,,792.8,
2025-09-14 13:00:00,,solarradiation,-374.7375,624.5625,,,,,768.7,
2025-09-14 14:00:00,,solarradiation,-374.7375,624.5625,,,,,706.2,
2025-09-15 11:00:00,,solarradiation,-374.7375,624.5625,,,,,707.0,
2025-09-15 12:00:00,,solarradiation,-374.7375,624.5625,,,,,721.9,
2025-09-15 13:00:00,,solarradiation,-374.7375,624.5625,,,,,632.4,
2025-09-16 11:00:00,,solarradiation,-374.7375,624.5625,,,,,686.3,
2025-09-16 12:00:00,,solarradiation,-374.7375,624.5625,,,,,734.6,
2025-09-16 13:00:00,,solarradiation,-374.7375,624.5625,,,,,784.0,
2025-09-16 14:00:00,,solarradiation,-374.7375,624.5625,,,,,651.9,
2025-09-17 11:00:00,,solarradiation,-374.7375,624.5625,,,,,734.6,
2025-09-17 12:00:00,,solarradiation,-374.7375,624.5625,,,,,760.1,
2025-09-18 11:00:00,,solarradiation,-374.7375,624.5625,,,,,631.9,
2025-09-19 12:00:00,,solarradiation,-374.7375,624.5625,,,,,695.4,
2025-09-20 10:00:00,,solarradiation,-374.7375,624.5625,,,,,667.8,
2025-09-20 11:00:00,,solarradiation,-374.7375,624.5625,,,,,817.6,
2025-09-20 12:00:00,,solarradiation,-374.7375,624.5625,,,,,775.3,
2025-09-20 13:00:00,,solarradiation,-374.7375,624.5625,,,,,766.7,
2025-09-20 14:00:00,,solarradiation,-374.7375,624.5625,,,,,712.8,
2025-09-21 10:00:00,,solarradiation,-374.7375,624.5625,,,,,665.4,
2025-09-21 11:00:00,,solarradiation,-374.7375,624.5625,,,,,638.1,
2025-09-21 12:00:00,,solarradiation,-374.7375,624.5625,,,,,712.1,
2025-09-23 11:00:00,,solarradiation,-374.7375,624.5625,,,,,694.8,
2025-09-23 12:00:00,,solarradiation,-374.7375,624.5625,,,,,688.4,
2025-09-23 13:00:00,,solarradiation,-374.7375,624.5625,,,,,707.4,
2025-09-23 14:00:00,,solarradiation,-374.7375,624.5625,,,,,707.4,
2025-09-24 10:00:00,,solarradiation,-374.7375,624.5625,,,,,656.4,
2025-09-24 11:00:00,,solarradiation,-374.7375,624.5625,,,,,776.4,
2025-09-24 12:00:00,,solarradiation,-374.7375,624.5625,,,,,880.6,
2025-09-24 13:00:00,,solarradiation,-374.7375,624.5625,,,,,775.1,
2025-09-24 14:00:00,,solarradiation,-374.7375,624.5625,,,,,660.7,
2025-09-27 13:00:00,,solarradiation,-374.7375,624.5625,,,,,754.5,
2025-10-01 13:00:00,,solarradiation,-374.7375,624.5625,,,,,661.9,
2025-10-02 11:00:00,,solarradiation,-374.7375,624.5625,,,,,745.1,
2025-10-02 12:00:00,,solarradiation,-374.7375,624.5625,,,,,695.5,
2025-10-02 13:00:00,,solarradiation,-374.7375,624.5625,,,,,773.8,
2025-10-02 14:00:00,,solarradiation,-374.7375,624.5625,,,,,645.3,
2025-10-03 10:00:00,,solarradiation,-374.7375,624.5625,,,,,683.6,
2025-10-03 11:00:00,,solarradiation,-374.7375,624.5625,,,,,805.2,
2025-10-03 12:00:00,,solarradiation,-374.7375,624.5625,,,,,838.5,
2025-10-03 13:00:00,,solarradiation,-374.7375,624.5625,,,,,851.4,
2025-10-03 14:00:00,,solarradiation,-374.7375,624.5625,,,,,728.8,
2025-10-04 11:00:00,,solarradiation,-374.7375,624.5625,,,,,735.1,
2025-10-04 12:00:00,,solarradiation,-374.7375,624.5625,,,,,749.7,
2025-10-04 13:00:00,,solarradiation,-374.7375,624.5625,,,,,717.0,
2025-10-04 14:00:00,,solarradiation,-374.7375,624.5625,,,,,647.2,
2025-10-05 10:00:00,,solarradiation,-374.7375,624.5625,,,,,645.6,
2025-10-05 11:00:00,,solarradiation,-374.7375,624.5625,,,,,776.4,
2025-10-05 12:00:00,,solarradiation,-374.7375,624.5625,,,,,783.6,
2025-10-05 13:00:00,,solarradiation,-374.7375,624.5625,,,,,758.9,
2025-10-05 14:00:00,,solarradiation,-374.7375,624.5625,,,,,688.7,
2025-10-08 13:00:00,,solarradiation,-374.7375,624.5625,,,,,730.4,
2025-10-09 10:00:00,,solarradiation,-374.7375,624.5625,,,,,628.5,
2025-10-09 11:00:00,,solarradiation,-374.7375,624.5625,,,,,696.2,
2025-10-09 12:00:00,,solarradiation,-374.7375,624.5625,,,,,761.1,
2025-10-09 13:00:00,,solarradiation,-374.7375,624.5625,,,,,702.6,
2025-10-10 10:00:00,,solarradiation,-374.7375,624.5625,,,,,639.0,
2025-10-10 11:00:00,,solarradiation,-374.7375,624.5625,,,,,782.7,
2025-10-10 12:00:00,,solarradiation,-374.7375,624.5625,,,,,855.1,
2025-10-10 13:00:00,,solarradiation,-374.7375,624.5625,,,,,843.9,
2025-10-10 14:00:00,,solarradiation,-374.7375,624.5625,,,,,680.6,
2025-10-11 11:00:00,,solarradiation,-374.7375,624.5625,,,,,629.0,
2025-10-12 11:00:00,,solarradiation,-374.7375,624.5625,,,,,679.6,
2025-10-12 12:00:00,,solarradiation,-374.7375,624.5625,,,,,756.0,
2025-10-12 13:00:00,,solarradiation,-374.7375,624.5625,,,,,763.9,
2025-10-16 13:00:00,,solarradiation,-374.7375,624.5625,,,,,656.6,
2025-10-16 14:00:00,,solarradiation,-374.7375,624.5625,,,,,647.7,
2025-10-17 11:00:00,,solarradiation,-374.7375,624.5625,,,,,688.6,
2025-10-17 12:00:00,,solarradiation,-374.7375,624.5625,,,,,728.6,
2025-10-17 13:00:00,,solarradiation,-374.7375,624.5625,,,,,637.4,
2025-10-18 11:00:00,,solarradiation,-374.7375,624.5625,,,,,681.4,
2025-10-18 12:00:00,,solarradiation,-374.7375,624.5625,,,,,780.9,
2025-10-18 13:00:00,,solarradiation,-374.7375,624.5625,,,,,642.8,
2025-10-20 11:00:00,,solarradiation,-374.7375,624.5625,,,,,699.1,
2025-10-20 12:00:00,,solarradiation,-374.7375,624.5625,,,,,701.2,
2025-10-20 13:00:00,,solarradiation,-374.7375,624.5625,,,,,724.9,
2025-10-20 14:00:00,,solarradiation,-374.7375,624.5625,,,,,678.8,
2025-10-21 11:00:00,,solarradiation,-374.7375,624.5625,,,,,650.1,
2025-10-21 12:00:00,,solarradiation,-374.7375,624.5625,,,,,683.9,
2025-10-21 13:00:00,,solarradiation,-374.7375,624.5625,,,,,670.3,
2025-10-22 11:00:00,,solarradiation,-374.7375,624.5625,,,,,681.9,
2025-10-22 12:00:00,,solarradiation,-374.7375,624.5625,,,,,696.0,
2025-10-22 13:00:00,,solarradiation,-374.7375,624.5625,,,,,831.3,
2025-10-29 11:00:00,,solarradiation,-374.7375,624.5625,,,,,745.4,
2025-10-29 12:00:00,,solarradiation,-374.7375,624.5625,,,,,801.0,
2025-10-29 13:00:00,,solarradiation,-374.7375,624.5625,,,,,776.7,
2025-11-13 11:00:00,,solarradiation,-374.7375,624.5625,,,,,649.9,
2025-11-13 12:00:00,,solarradiation,-374.7375,624.5625,,,,,695.6,
2025-11-13 13:00:00,,solarradiation,-374.7375,624.5625,,,,,743.5,
2025-11-13 14:00:00,,solarradiation,-374.7375,624.5625,,,,,653.3,
2025-11-14 11:00:00,,solarradiation,-374.7375,624.5625,,,,,695.1,
2025-11-14 12:00:00,,solarradiation,-374.7375,624.5625,,,,,773.6,
2025-11-14 13:00:00,,solarradiation,-374.7375,624.5625,,,,,749.0,
2025-11-14 14:00:00,,solarradiation,-374.7375,624.5625,,,,,648.7,
2025-11-15 11:00:00,,solarradiation,-374.7375,624.5625,,,,,714.7,
2025-11-15 12:00:00,,solarradiation,-374.7375,624.5625,,,,,766.4,
2025-11-15 13:00:00,,solarradiation,-374.7375,624.5625,,,,,744.4,
2025-11-20 12:00:00,,solarradiation,-374.7375,624.5625,,,,,644.4,
2025-11-20 13:00:00,,solarradiation,-374.7375,624.5625,,,,,651.5,
2025-11-20 14:00:00,,solarradiation,-374.7375,624.5625,,,,,625.0,
2025-11-21 11:00:00,,solarradiation,-374.7375,624.5625,,,,,684.0,
2025-11-21 12:00:00,,solarradiation,-374.7375,624.5625,,,,,709.8,
2025-11-21 13:00:00,,solarradiation,-374.7375,624.5625,,,,,707.4,
2025-11-23 11:00:00,,solarradiation,-374.7375,624.5625,,,,,666.2,
2025-11-23 12:00:00,,solarradiation,-374.7375,624.5625,,,,,703.4,
2025-11-23 13:00:00,,solarradiation,-374.7375,624.5625,,,,,705.8,
2025-11-23 14:00:00,,solarradiation,-374.7375,624.5625,,,,,627.3,
2025-11-24 11:00:00,,solarradiation,-374.7375,624.5625,,,,,682.4,
2025-11-24 12:00:00,,solarradiation,-374.7375,624.5625,,,,,757.8,
2025-11-24 13:00:00,,solarradiation,-374.7375,624.5625,,,,,734.6,
2025-11-24 14:00:00,,solarradiation,-374.7375,624.5625,,,,,635.3,
2025-11-25 11:00:00,,solarradiation,-374.7375,624.5625,,,,,676.7,
2025-11-25 12:00:00,,solarradiation,-374.7375,624.5625,,,,,742.5,
2025-11-25 13:00:00,,solarradiation,-374.7375,624.5625,,,,,730.5,
2025-11-25 14:00:00,,solarradiation,-374.7375,624.5625,,,,,641.0,
2025-11-26 11:00:00,,solarradiation,-374.7375,624.5625,,,,,703.0,
2025-11-26 12:00:00,,solarradiation,-374.7375,624.5625,,,,,756.6,
2025-11-26 13:00:00,,solarradiation,-374.7375,624.5625,,,,,736.3,
2025-11-26 14:00:00,,solarradiation,-374.7375,624.5625,,,,,644.0,
2025-11-27 11:00:00,,solarradiation,-374.7375,624.5625,,,,,712.5,
2025-11-27 12:00:00,,solarradiation,-374.7375,624.5625,,,,,766.9,
2025-11-27 13:00:00,,solarradiation,-374.7375,624.5625,,,,,745.9,
2025-11-27 14:00:00,,solarradiation,-374.7375,624.5625,,,,,653.5,
2025-11-28 11:00:00,,solarradiation,-374.7375,624.5625,,,,,714.3,
2025-11-28 12:00:00,,solarradiation,-374.7375,624.5625,,,,,768.9,
2025-11-28 13:00:00,,solarradiation,-374.7375,624.5625,,,,,750.3,
2025-11-28 14:00:00,,solarradiation,-374.7375,624.5625,,,,,658.7,
2025-11-29 11:00:00,,solarradiation,-374.7375,624.5625,,,,,707.3,
2025-11-29 12:00:00,,solarradiation,-374.7375,624.5625,,,,,762.0,
2025-11-29 13:00:00,,solarradiation,-374.7375,624.5625,,,,,743.1,
2025-11-29 14:00:00,,solarradiation,-374.7375,624.5625,,,,,653.1,
2025-11-30 14:00:00,,solarradiation,-374.7375,624.5625,,,,,626.8,
2025-12-09 12:00:00,,solarradiation,-374.7375,624.5625,,,,,659.4,
2025-12-10 11:00:00,,solarradiation,-374.7375,624.5625,,,,,650.2,
2025-12-10 12:00:00,,solarradiation,-374.7375,624.5625,,,,,694.7,
2025-12-10 13:00:00,,solarradiation,-374.7375,624.5625,,,,,675.5,
2025-12-15 12:00:00,,solarradiation,-374.7375,624.5625,,,,,644.2,
2025-12-18 12:00:00,,solarradiation,-374.7375,624.5625,,,,,660.2,
2025-12-18 13:00:00,,solarradiation,-374.7375,624.5625,,,,,649.5,
2025-12-19 11:00:00,,solarradiation,-374.7375,624.5625,,,,,629.5,
2025-12-26 12:00:00,,solarradiation,-374.7375,624.5625,,,,,691.5,
2025-12-26 13:00:00,,solarradiation,-374.7375,624.5625,,,,,697.7,
2025-12-26 14:00:00,,solarradiation,-374.7375,624.5625,,,,,639.5,
2025-12-27 12:00:00,,solarradiation,-374.7375,624.5625,,,,,672.1,
2026-01-07 12:00:00,,solarradiation,-374.7375,624.5625,,,,,651.3,
2026-01-07 13:00:00,,solarradiation,-374.7375,624.5625,,,,,709.0,
2026-01-08 13:00:00,,solarradiation,-374.7375,624.5625,,,,,634.4,
2026-01-08 14:00:00,,solarradiation,-374.7375,624.5625,,,,,642.5,
2026-01-09 11:00:00,,solarradiation,-374.7375,624.5625,,,,,662.7,
2026-01-09 12:00:00,,solarradiation,-374.7375,624.5625,,,,,738.4,
2026-01-09 13:00:00,,solarradiation,-374.7375,624.5625,,,,,740.9,
2026-01-09 14:00:00,,solarradiation,-374.7375,624.5625,,,,,633.6,
2026-01-10 11:00:00,,solarradiation,-374.7375,624.5625,,,,,662.9,
2026-01-10 12:00:00,,solarradiation,-374.7375,624.5625,,,,,738.3,
2026-01-10 13:00:00,,solarradiation,-374.7375,624.5625,,,,,741.7,
2026-01-10 14:00:00,,solarradiation,-374.7375,624.5625,,,,,645.1,
2026-01-11 11:00:00,,solarradiation,-374.7375,624.5625,,,,,653.2,
2026-01-11 12:00:00,,solarradiation,-374.7375,624.5625,,,,,742.9,
2026-01-11 13:00:00,,solarradiation,-374.7375,624.5625,,,,,747.5,
2026-01-11 14:00:00,,solarradiation,-374.7375,624.5625,,,,,668.9,
2026-01-12 11:00:00,,solarradiation,-374.7375,624.5625,,,,,645.5,
2026-01-12 12:00:00,,solarradiation,-374.7375,624.5625,,,,,711.4,
2026-01-12 13:00:00,,solarradiation,-374.7375,624.5625,,,,,687.1,
2026-01-13 11:00:00,,solarradiation,-374.7375,624.5625,,,,,653.3,
2026-01-13 12:00:00,,solarradiation,-374.7375,624.5625,,,,,720.2,
2026-01-13 13:00:00,,solarradiation,-374.7375,624.5625,,,,,740.0,
2026-01-14 11:00:00,,solarradiation,-374.7375,624.5625,,,,,653.7,
2026-01-14 12:00:00,,solarradiation,-374.7375,624.5625,,,,,735.4,
2026-01-14 13:00:00,,solarradiation,-374.7375,624.5625,,,,,747.1,
2026-01-14 14:00:00,,solarradiation,-374.7375,624.5625,,,,,644.5,
2026-01-28 12:00:00,,solarradiation,-374.7375,624.5625,,,,,723.1,
2026-01-28 13:00:00,,solarradiation,-374.7375,624.5625,,,,,736.8,
2026-02-03 12:00:00,,solarradiation,-374.7375,624.5625,,,,,691.6,
2026-02-03 13:00:00,,solarradiation,-374.7375,624.5625,,,,,711.8,
2026-02-15 12:00:00,,solarradiation,-374.7375,624.5625,,,,,707.4,
2026-02-15 13:00:00,,solarradiation,-374.7375,624.5625,,,,,741.3,
2026-02-15 14:00:00,,solarradiation,-374.7375,624.5625,,,,,684.8,
2026-02-16 12:00:00,,solarradiation,-374.7375,624.5625,,,,,643.4,
2026-02-16 13:00:00,,solarradiation,-374.7375,624.5625,,,,,759.2,
2026-02-20 12:00:00,,solarradiation,-374.7375,624.5625,,,,,666.5,
2026-02-20 13:00:00,,solarradiation,-374.7375,624.5625,,,,,790.9,
2026-02-21 12:00:00,,solarradiation,-374.7375,624.5625,,,,,637.0,
2026-02-21 13:00:00,,solarradiation,-374.7375,624.5625,,,,,772.4,
2026-02-21 14:00:00,,solarradiation,-374.7375,624.5625,,,,,678.4,
2026-02-27 12:00:00,,solarradiation,-374.7375,624.5625,,,,,637.8,
2026-02-27 14:00:00,,solarradiation,-374.7375,624.5625,,,,,643.9,
2026-02-28 14:00:00,,solarradiation,-374.7375,624.5625,,,,,730.4,
2026-03-01 12:00:00,,solarradiation,-374.7375,624.5625,,,,,730.7,
2026-03-01 13:00:00,,solarradiation,-374.7375,624.5625,,,,,778.4,
2026-03-01 14:00:00,,solarradiation,-374.7375,624.5625,,,,,784.8,
2026-03-02 12:00:00,,solarradiation,-374.7375,624.5625,,,,,641.6,
2026-03-02 13:00:00,,solarradiation,-374.7375,624.5625,,,,,756.0,
2026-03-02 14:00:00,,solarradiation,-374.7375,624.5625,,,,,710.5,
2026-03-02 15:00:00,,solarradiation,-374.7375,624.5625,,,,,640.5,
2026-03-04 12:00:00,,solarradiation,-374.7375,624.5625,,,,,624.8,
2026-03-04 13:00:00,,solarradiation,-374.7375,624.5625,,,,,682.1,
2026-03-06 12:00:00,,solarradiation,-374.7375,624.5625,,,,,654.2,
2026-03-10 11:00:00,,solarradiation,-374.7375,624.5625,,,,,806.8,
2026-03-10 12:00:00,,solarradiation,-374.7375,624.5625,,,,,919.3,
2026-03-10 13:00:00,,solarradiation,-374.7375,624.5625,,,,,919.7,
2026-03-10 14:00:00,,solarradiation,-374.7375,624.5625,,,,,775.8,
2026-03-10 15:00:00,,solarradiation,-374.7375,624.5625,,,,,703.1,
2023-03-14 10:00:00,,uvindex,-3.0,5.0,,,,,,6.0
2023-03-14 11:00:00,,uvindex,-3.0,5.0,,,,,,8.0
2023-03-14 12:00:00,,uvindex,-3.0,5.0,,,,,,9.0
2023-03-14 13:00:00,,uvindex,-3.0,5.0,,,,,,9.0
2023-03-14 14:00:00,,uvindex,-3.0,5.0,,,,,,6.0
2023-03-17 11:00:00,,uvindex,-3.0,5.0,,,,,,6.0
2023-03-17 12:00:00,,uvindex,-3.0,5.0,,,,,,6.0
2023-03-21 11:00:00,,uvindex,-3.0,5.0,,,,,,6.0
2023-03-21 12:00:00,,uvindex,-3.0,5.0,,,,,,8.0
2023-03-21 13:00:00,,uvindex,-3.0,5.0,,,,,,7.0
2023-03-21 14:00:00,,uvindex,-3.0,5.0,,,,,,6.0
2023-03-21 15:00:00,,uvindex,-3.0,5.0,,,,,,6.0
2023-03-22 10:00:00,,uvindex,-3.0,5.0,,,,,,7.0
2023-03-22 11:00:00,,uvindex,-3.0,5.0,,,,,,8.0
2023-03-22 12:00:00,,uvindex,-3.0,5.0,,,,,,9.0
2023-03-22 13:00:00,,uvindex,-3.0,5.0,,,,,,9.0
2023-03-22 14:00:00,,uvindex,-3.0,5.0,,,,,,8.0
2023-03-22 15:00:00,,uvindex,-3.0,5.0,,,,,,7.0
2023-03-23 10:00:00,,uvindex,-3.0,5.0,,,,,,7.0
2023-03-23 11:00:00,,uvindex,-3.0,5.0,,,,,,8.0
2023-03-23 12:00:00,,uvindex,-3.0,5.0,,,,,,9.0
2023-03-23 13:00:00,,uvindex,-3.0,5.0,,,,,,9.0
2023-03-23 14:00:00,,uvindex,-3.0,5.0,,,,,,8.0
2023-03-23 15:00:00,,uvindex,-3.0,5.0,,,,,,7.0
2023-03-24 10:00:00,,uvindex,-3.0,5.0,,,,,,7.0
2023-03-24 11:00:00,,uvindex,-3.0,5.0,,,,,,9.0
2023-03-24 12:00:00,,uvindex,-3.0,5.0,,,,,,9.0
2023-03-24 13:00:00,,uvindex,-3.0,5.0,,,,,,9.0
2023-03-24 14:00:00,,uvindex,-3.0,5.0,,,,,,9.0
2023-04-03 11:00:00,,uvindex,-3.0,5.0,,,,,,7.0
2023-04-03 12:00:00,,uvindex,-3.0,5.0,,,,,,8.0
2023-04-03 13:00:00,,uvindex,-3.0,5.0,,,,,,8.0
2023-04-03 14:00:00,,uvindex,-3.0,5.0,,,,,,8.0
2023-04-03 15:00:00,,uvindex,-3.0,5.0,,,,,,7.0
2023-04-04 11:00:00,,uvindex,-3.0,5.0,,,,,,7.0
2023-04-04 12:00:00,,uvindex,-3.0,5.0,,,,,,9.0
2023-04-04 13:00:00,,uvindex,-3.0,5.0,,,,,,9.0
2023-04-04 14:00:00,,uvindex,-3.0,5.0,,,,,,8.0
2023-04-04 15:00:00,,uvindex,-3.0,5.0,,,,,,7.0
2023-04-05 10:00:00,,uvindex,-3.0,5.0,,,,,,7.0
2023-04-05 11:00:00,,uvindex,-3.0,5.0,,,,,,9.0
2023-04-05 12:00:00,,uvindex,-3.0,5.0,,,,,,10.0
2023-04-05 13:00:00,,uvindex,-3.0,5.0,,,,,,10.0
2023-04-05 14:00:00,,uvindex,-3.0,5.0,,,,,,8.0
2023-04-05 15:00:00,,uvindex,-3.0,5.0,,,,,,7.0
2023-04-06 14:00:00,,uvindex,-3.0,5.0,,,,,,6.0
2023-04-16 11:00:00,,uvindex,-3.0,5.0,,,,,,7.0
2023-04-16 12:00:00,,uvindex,-3.0,5.0,,,,,,8.0
2023-04-16 13:00:00,,uvindex,-3.0,5.0,,,,,,6.0
2023-04-17 12:00:00,,uvindex,-3.0,5.0,,,,,,6.0
2023-04-18 11:00:00,,uvindex,-3.0,5.0,,,,,,8.0
2023-04-18 12:00:00,,uvindex,-3.0,5.0,,,,,,8.0
2023-04-18 13:00:00,,uvindex,-3.0,5.0,,,,,,8.0
2023-04-18 14:00:00,,uvindex,-3.0,5.0,,,,,,8.0
2023-04-18 15:00:00,,uvindex,-3.0,5.0,,,,,,7.0
2023-04-19 10:00:00,,uvindex,-3.0,5.0,,,,,,7.0
2023-04-19 11:00:00,,uvindex,-3.0,5.0,,,,,,7.0
2023-04-19 12:00:00,,uvindex,-3.0,5.0,,,,,,9.0
2023-04-19 13:00:00,,uvindex,-3.0,5.0,,,,,,9.0
2023-04-19 14:00:00,,uvindex,-3.0,5.0,,,,,,9.0
2023-04-19 15:00:00,,uvindex,-3.0,5.0,,,,,,7.0
2023-04-20 13:00:00,,uvindex,-3.0,5.0,,,,,,7.0
2023-04-20 15:00:00,,uvindex,-3.0,5.0,,,,,,6.0
2023-04-21 11:00:00,,uvindex,-3.0,5.0,,,,,,6.0
2023-04-21 12:00:00,,uvindex,-3.0,5.0,,,,,,8.0
2023-04-21 13:00:00,,uvindex,-3.0,5.0,,,,,,9.0
2023-04-21 14:00:00,,uvindex,-3.0,5.0,,,,,,7.0
2023-04-21 15:00:00,,uvindex,-3.0,5.0,,,,,,7.0
2023-04-22 10:00:00,,uvindex,-3.0,5.0,,,,,,7.0
2023-04-22 11:00:00,,uvindex,-3.0,5.0,,,,,,8.0
2023-04-22 12:00:00,,uvindex,-3.0,5.0,,,,,,9.0
2023-04-22 13:00:00,,uvindex,-3.0,5.0,,,,,,9.0
2023-04-22 14:00:00,,uvindex,-3.0,5.0,,,,,,7.0
2023-04-22 15:00:00,,uvindex,-3.0,5.0,,,,,,6.0
2023-04-23 12:00:00,,uvindex,-3.0,5.0,,,,,,7.0
2023-04-23 13:00:00,,uvindex,-3.0,5.0,,,,,,8.0
2023-04-23 14:00:00,,uvindex,-3.0,5.0,,,,,,7.0
2023-04-23 15:00:00,,uvindex,-3.0,5.0,,,,,,6.0
2023-04-24 14:00:00,,uvindex,-3.0,5.0,,,,,,8.0
2023-04-24 15:00:00,,uvindex,-3.0,5.0,,,,,,6.0
2023-04-26 11:00:00,,uvindex,-3.0,5.0,,,,,,6.0
2023-04-26 12:00:00,,uvindex,-3.0,5.0,,,,,,8.0
2023-04-26 13:00:00,,uvindex,-3.0,5.0,,,,,,8.0
2023-04-26 14:00:00,,uvindex,-3.0,5.0,,,,,,6.0
2023-04-26 15:00:00,,uvindex,-3.0,5.0,,,,,,6.0
2023-04-27 10:00:00,,uvindex,-3.0,5.0,,,,,,6.0
2023-04-27 11:00:00,,uvindex,-3.0,5.0,,,,,,7.0
2023-04-27 12:00:00,,uvindex,-3.0,5.0,,,,,,7.0
2023-04-28 13:00:00,,uvindex,-3.0,5.0,,,,,,6.0
2023-04-28 14:00:00,,uvindex,-3.0,5.0,,,,,,6.0
2023-04-30 11:00:00,,uvindex,-3.0,5.0,,,,,,7.0
2023-04-30 12:00:00,,uvindex,-3.0,5.0,,,,,,7.0
2023-04-30 13:00:00,,uvindex,-3.0,5.0,,,,,,9.0
2023-05-01 10:00:00,,uvindex,-3.0,5.0,,,,,,7.0
2023-05-01 11:00:00,,uvindex,-3.0,5.0,,,,,,8.0
2023-05-01 12:00:00,,uvindex,-3.0,5.0,,,,,,8.0
2023-05-02 13:00:00,,uvindex,-3.0,5.0,,,,,,6.0
2023-05-03 11:00:00,,uvindex,-3.0,5.0,,,,,,6.0
2023-05-03 12:00:00,,uvindex,-3.0,5.0,,,,,,6.0
2023-05-04 11:00:00,,uvindex,-3.0,5.0,,,,,,8.0
2023-05-04 12:00:00,,uvindex,-3.0,5.0,,,,,,9.0
2023-05-04 13:00:00,,uvindex,-3.0,5.0,,,,,,9.0
2023-05-04 14:00:00,,uvindex,-3.0,5.0,,,,,,8.0
2023-05-04 15:00:00,,uvindex,-3.0,5.0,,,,,,6.0
2023-05-05 09:00:00,,uvindex,-3.0,5.0,,,,,,6.0
2023-05-05 10:00:00,,uvindex,-3.0,5.0,,,,,,8.0
2023-05-05 11:00:00,,uvindex,-3.0,5.0,,,,,,9.0
2023-05-05 12:00:00,,uvindex,-3.0,5.0,,,,,,10.0
2023-05-05 13:00:00,,uvindex,-3.0,5.0,,,,,,10.0
2023-05-05 14:00:00,,uvindex,-3.0,5.0,,,,,,9.0
2023-05-05 15:00:00,,uvindex,-3.0,5.0,,,,,,7.0
2023-05-05 16:00:00,,uvindex,-3.0,5.0,,,,,,6.0
2023-05-06 09:00:00,,uvindex,-3.0,5.0,,,,,,6.0
2023-05-06 10:00:00,,uvindex,-3.0,5.0,,,,,,8.0
2023-05-06 11:00:00,,uvindex,-3.0,5.0,,,,,,9.0
2023-05-06 12:00:00,,uvindex,-3.0,5.0,,,,,,10.0
2023-05-06 13:00:00,,uvindex,-3.0,5.0,,,,,,10.0
2023-05-06 14:00:00,,uvindex,-3.0,5.0,,,,,,9.0
2023-05-06 15:00:00,,uvindex,-3.0,5.0,,,,,,8.0
2023-05-06 16:00:00,,uvindex,-3.0,5.0,,,,,,6.0
2023-05-07 09:00:00,,uvindex,-3.0,5.0,,,,,,6.0
2023-05-07 10:00:00,,uvindex,-3.0,5.0,,,,,,7.0
2023-05-07 11:00:00,,uvindex,-3.0,5.0,,,,,,9.0
2023-05-07 12:00:00,,uvindex,-3.0,5.0,,,,,,8.0
2023-05-07 13:00:00,,uvindex,-3.0,5.0,,,,,,9.0
2023-05-07 14:00:00,,uvindex,-3.0,5.0,,,,,,8.0
2023-05-07 15:00:00,,uvindex,-3.0,5.0,,,,,,7.0
2023-05-09 12:00:00,,uvindex,-3.0,5.0,,,,,,6.0
2023-05-10 12:00:00,,uvindex,-3.0,5.0,,,,,,6.0
2023-05-10 13:00:00,,uvindex,-3.0,5.0,,,,,,8.0
2023-05-10 14:00:00,,uvindex,-3.0,5.0,,,,,,7.0
2023-05-12 14:00:00,,uvindex,-3.0,5.0,,,,,,6.0
2023-05-14 12:00:00,,uvindex,-3.0,5.0,,,,,,7.0
2023-05-14 13:00:00,,uvindex,-3.0,5.0,,,,,,9.0
2023-05-15 09:00:00,,uvindex,-3.0,5.0,,,,,,6.0
2023-05-15 10:00:00,,uvindex,-3.0,5.0,,,,,,8.0
2023-05-15 11:00:00,,uvindex,-3.0,5.0,,,,,,8.0
2023-05-15 12:00:00,,uvindex,-3.0,5.0,,,,,,7.0
2023-05-16 10:00:00,,uvindex,-3.0,5.0,,,,,,8.0
2023-05-16 11:00:00,,uvindex,-3.0,5.0,,,,,,8.0
2023-05-16 12:00:00,,uvindex,-3.0,5.0,,,,,,9.0
2023-05-16 13:00:00,,uvindex,-3.0,5.0,,,,,,9.0
2023-05-16 14:00:00,,uvindex,-3.0,5.0,,,,,,8.0
2023-05-16 15:00:00,,uvindex,-3.0,5.0,,,,,,6.0
2023-05-17 09:00:00,,uvindex,-3.0,5.0,,,,,,6.0
2023-05-17 10:00:00,,uvindex,-3.0,5.0,,,,,,8.0
2023-05-17 11:00:00,,uvindex,-3.0,5.0,,,,,,9.0
2023-05-17 12:00:00,,uvindex,-3.0,5.0,,,,,,10.0
2023-05-17 13:00:00,,uvindex,-3.0,5.0,,,,,,10.0
2023-05-17 14:00:00,,uvindex,-3.0,5.0,,,,,,9.0
2023-05-17 15:00:00,,uvindex,-3.0,5.0,,,,,,8.0
2023-05-17 16:00:00,,uvindex,-3.0,5.0,,,,,,6.0
2023-05-18 09:00:00,,uvindex,-3.0,5.0,,,,,,6.0
2023-05-18 10:00:00,,uvindex,-3.0,5.0,,,,,,8.0
2023-05-18 11:00:00,,uvindex,-3.0,5.0,,,,,,9.0
2023-05-18 12:00:00,,uvindex,-3.0,5.0,,,,,,10.0
2023-05-18 13:00:00,,uvindex,-3.0,5.0,,,,,,10.0
2023-05-18 14:00:00,,uvindex,-3.0,5.0,,,,,,9.0
2023-05-18 15:00:00,,uvindex,-3.0,5.0,,,,,,7.0
2023-05-19 09:00:00,,uvindex,-3.0,5.0,,,,,,6.0
2023-05-19 10:00:00,,uvindex,-3.0,5.0,,,,,,7.0
2023-05-19 11:00:00,,uvindex,-3.0,5.0,,,,,,8.0
2023-05-19 12:00:00,,uvindex,-3.0,5.0,,,,,,8.0
2023-05-19 13:00:00,,uvindex,-3.0,5.0,,,,,,9.0
2023-05-19 14:00:00,,uvindex,-3.0,5.0,,,,,,8.0
2023-05-19 15:00:00,,uvindex,-3.0,5.0,,,,,,7.0
2023-05-20 10:00:00,,uvindex,-3.0,5.0,,,,,,7.0
2023-05-20 11:00:00,,uvindex,-3.0,5.0,,,,,,8.0
2023-05-20 12:00:00,,uvindex,-3.0,5.0,,,,,,8.0
2023-05-20 13:00:00,,uvindex,-3.0,5.0,,,,,,9.0
2023-05-20 14:00:00,,uvindex,-3.0,5.0,,,,,,7.0
2023-05-21 09:00:00,,uvindex,-3.0,5.0,,,,,,6.0
2023-05-21 10:00:00,,uvindex,-3.0,5.0,,,,,,7.0
2023-05-21 11:00:00,,uvindex,-3.0,5.0,,,,,,9.0
2023-05-21 12:00:00,,uvindex,-3.0,5.0,,,,,,10.0
2023-05-21 13:00:00,,uvindex,-3.0,5.0,,,,,,10.0
2023-05-21 14:00:00,,uvindex,-3.0,5.0,,,,,,8.0
2023-05-21 15:00:00,,uvindex,-3.0,5.0,,,,,,7.0
2023-05-21 16:00:00,,uvindex,-3.0,5.0,,,,,,6.0
2023-05-22 09:00:00,,uvindex,-3.0,5.0,,,,,,6.0
2023-05-22 10:00:00,,uvindex,-3.0,5.0,,,,,,8.0
2023-05-22 11:00:00,,uvindex,-3.0,5.0,,,,,,9.0
2023-05-22 12:00:00,,uvindex,-3.0,5.0,,,,,,10.0
2023-05-22 13:00:00,,uvindex,-3.0,5.0,,,,,,10.0
2023-05-22 14:00:00,,uvindex,-3.0,5.0,,,,,,9.0
2023-05-22 15:00:00,,uvindex,-3.0,5.0,,,,,,7.0
2023-05-23 12:00:00,,uvindex,-3.0,5.0,,,,,,6.0
2023-05-24 14:00:00,,uvindex,-3.0,5.0,,,,,,6.0
2023-05-25 11:00:00,,uvindex,-3.0,5.0,,,,,,7.0
2023-05-25 12:00:00,,uvindex,-3.0,5.0,,,,,,7.0
2023-05-25 13:00:00,,uvindex,-3.0,5.0,,,,,,7.0
2023-05-25 14:00:00,,uvindex,-3.0,5.0,,,,,,7.0
2023-05-26 12:00:00,,uvindex,-3.0,5.0,,,,,,6.0
2023-05-26 13:00:00,,uvindex,-3.0,5.0,,,,,,6.0
2023-05-27 10:00:00,,uvindex,-3.0,5.0,,,,,,6.0
2023-05-27 11:00:00,,uvindex,-3.0,5.0,,,,,,6.0
2023-05-27 12:00:00,,uvindex,-3.0,5.0,,,,,,6.0
2023-05-27 13:00:00,,uvindex,-3.0,5.0,,,,,,7.0
2023-05-27 14:00:00,,uvindex,-3.0,5.0,,,,,,6.0
2023-05-28 10:00:00,,uvindex,-3.0,5.0,,,,,,6.0
2023-05-28 11:00:00,,uvindex,-3.0,5.0,,,,,,9.0
2023-05-28 12:00:00,,uvindex,-3.0,5.0,,,,,,9.0
2023-05-28 13:00:00,,uvindex,-3.0,5.0,,,,,,8.0
2023-05-28 14:00:00,,uvindex,-3.0,5.0,,,,,,8.0
2023-05-28 15:00:00,,uvindex,-3.0,5.0,,,,,,6.0
2023-05-29 10:00:00,,uvindex,-3.0,5.0,,,,,,7.0
2023-05-29 11:00:00,,uvindex,-3.0,5.0,,,,,,9.0
2023-05-29 12:00:00,,uvindex,-3.0,5.0,,,,,,9.0
2023-05-29 13:00:00,,uvindex,-3.0,5.0,,,,,,9.0
2023-05-29 14:00:00,,uvindex,-3.0,5.0,,,,,,9.0
2023-05-29 15:00:00,,uvindex,-3.0,5.0,,,,,,7.0
2023-05-30 09:00:00,,uvindex,-3.0,5.0,,,,,,6.0
2023-05-30 10:00:00,,uvindex,-3.0,5.0,,,,,,7.0
2023-05-30 11:00:00,,uvindex,-3.0,5.0,,,,,,9.0
2023-05-30 12:00:00,,uvindex,-3.0,5.0,,,,,,9.0
2023-05-30 13:00:00,,uvindex,-3.0,5.0,,,,,,9.0
2023-05-30 14:00:00,,uvindex,-3.0,5.0,,,,,,9.0
2023-05-30 15:00:00,,uvindex,-3.0,5.0,,,,,,7.0
2023-05-30 16:00:00,,uvindex,-3.0,5.0,,,,,,6.0
2023-05-31 09:00:00,,uvindex,-3.0,5.0,,,,,,6.0
2023-05-31 10:00:00,,uvindex,-3.0,5.0,,,,,,8.0
2023-05-31 11:00:00,,uvindex,-3.0,5.0,,,,,,9.0
2023-05-31 12:00:00,,uvindex,-3.0,5.0,,,,,,10.0
2023-05-31 13:00:00,,uvindex,-3.0,5.0,,,,,,9.0
2023-05-31 14:00:00,,uvindex,-3.0,5.0,,,,,,9.0
2023-05-31 15:00:00,,uvindex,-3.0,5.0,,,,,,7.0
2023-05-31 16:00:00,,uvindex,-3.0,5.0,,,,,,6.0
2023-06-01 10:00:00,,uvindex,-3.0,5.0,,,,,,7.0
2023-06-01 11:00:00,,uvindex,-3.0,5.0,,,,,,8.0
2023-06-01 12:00:00,,uvindex,-3.0,5.0,,,,,,8.0
2023-06-01 13:00:00,,uvindex,-3.0,5.0,,,,,,7.0
2023-06-01 14:00:00,,uvindex,-3.0,5.0,,,,,,7.0
2023-06-02 10:00:00,,uvindex,-3.0,5.0,,,,,,6.0
2023-06-02 11:00:00,,uvindex,-3.0,5.0,,,,,,8.0
2023-06-02 12:00:00,,uvindex,-3.0,5.0,,,,,,8.0
2023-06-02 13:00:00,,uvindex,-3.0,5.0,,,,,,9.0
2023-06-02 14:00:00,,uvindex,-3.0,5.0,,,,,,7.0
2023-06-02 15:00:00,,uvindex,-3.0,5.0,,,,,,6.0
2023-06-03 09:00:00,,uvindex,-3.0,5.0,,,,,,6.0
2023-06-03 10:00:00,,uvindex,-3.0,5.0,,,,,,7.0
2023-06-03 11:00:00,,uvindex,-3.0,5.0,,,,,,8.0
2023-06-03 12:00:00,,uvindex,-3.0,5.0,,,,,,9.0
2023-06-03 13:00:00,,uvindex,-3.0,5.0,,,,,,9.0
2023-06-03 14:00:00,,uvindex,-3.0,5.0,,,,,,8.0
2023-06-03 15:00:00,,uvindex,-3.0,5.0,,,,,,7.0
2023-06-04 12:00:00,,uvindex,-3.0,5.0,,,,,,6.0
2023-06-04 15:00:00,,uvindex,-3.0,5.0,,,,,,6.0
2023-06-05 12:00:00,,uvindex,-3.0,5.0,,,,,,6.0
2023-06-05 14:00:00,,uvindex,-3.0,5.0,,,,,,7.0
2023-06-05 15:00:00,,uvindex,-3.0,5.0,,,,,,6.0
2023-06-06 12:00:00,,uvindex,-3.0,5.0,,,,,,7.0
2023-06-06 13:00:00,,uvindex,-3.0,5.0,,,,,,7.0
2023-06-06 14:00:00,,uvindex,-3.0,5.0,,,,,,6.0
2023-06-07 10:00:00,,uvindex,-3.0,5.0,,,,,,6.0
2023-06-07 11:00:00,,uvindex,-3.0,5.0,,,,,,7.0
2023-06-07 12:00:00,,uvindex,-3.0,5.0,,,,,,8.0
2023-06-07 13:00:00,,uvindex,-3.0,5.0,,,,,,8.0
2023-06-07 14:00:00,,uvindex,-3.0,5.0,,,,,,7.0
2023-06-08 10:00:00,,uvindex,-3.0,5.0,,,,,,6.0
2023-06-08 11:00:00,,uvindex,-3.0,5.0,,,,,,7.0
2023-06-08 12:00:00,,uvindex,-3.0,5.0,,,,,,8.0
2023-06-08 13:00:00,,uvindex,-3.0,5.0,,,,,,8.0
2023-06-10 10:00:00,,uvindex,-3.0,5.0,,,,,,7.0
2023-06-10 11:00:00,,uvindex,-3.0,5.0,,,,,,8.0
2023-06-10 12:00:00,,uvindex,-3.0,5.0,,,,,,9.0
2023-06-10 13:00:00,,uvindex,-3.0,5.0,,,,,,9.0
2023-06-10 14:00:00,,uvindex,-3.0,5.0,,,,,,8.0
2023-06-10 15:00:00,,uvindex,-3.0,5.0,,,,,,6.0
2023-06-11 09:00:00,,uvindex,-3.0,5.0,,,,,,6.0
2023-06-11 10:00:00,,uvindex,-3.0,5.0,,,,,,8.0
2023-06-11 11:00:00,,uvindex,-3.0,5.0,,,,,,9.0
2023-06-11 12:00:00,,uvindex,-3.0,5.0,,,,,,9.0
2023-06-11 13:00:00,,uvindex,-3.0,5.0,,,,,,9.0
2023-06-11 14:00:00,,uvindex,-3.0,5.0,,,,,,9.0
2023-06-11 15:00:00,,uvindex,-3.0,5.0,,,,,,7.0
2023-06-12 10:00:00,,uvindex,-3.0,5.0,,,,,,6.0
2023-06-12 11:00:00,,uvindex,-3.0,5.0,,,,,,7.0
2023-06-12 12:00:00,,uvindex,-3.0,5.0,,,,,,7.0
2023-06-12 13:00:00,,uvindex,-3.0,5.0,,,,,,7.0
2023-06-12 14:00:00,,uvindex,-3.0,5.0,,,,,,8.0
2023-06-12 15:00:00,,uvindex,-3.0,5.0,,,,,,6.0
2023-06-13 12:00:00,,uvindex,-3.0,5.0,,,,,,6.0
2023-06-13 13:00:00,,uvindex,-3.0,5.0,,,,,,7.0
2023-06-14 13:00:00,,uvindex,-3.0,5.0,,,,,,6.0
2023-06-14 14:00:00,,uvindex,-3.0,5.0,,,,,,6.0
2023-06-14 15:00:00,,uvindex,-3.0,5.0,,,,,,6.0
2023-06-15 11:00:00,,uvindex,-3.0,5.0,,,,,,6.0
2023-06-15 14:00:00,,uvindex,-3.0,5.0,,,,,,7.0
2023-06-16 11:00:00,,uvindex,-3.0,5.0,,,,,,7.0
2023-06-16 12:00:00,,uvindex,-3.0,5.0,,,,,,7.0
2023-06-16 13:00:00,,uvindex,-3.0,5.0,,,,,,7.0
2023-06-16 14:00:00,,uvindex,-3.0,5.0,,,,,,6.0
2023-06-17 10:00:00,,uvindex,-3.0,5.0,,,,,,7.0
2023-06-17 11:00:00,,uvindex,-3.0,5.0,,,,,,7.0
2023-06-17 12:00:00,,uvindex,-3.0,5.0,,,,,,8.0
2023-06-17 13:00:00,,uvindex,-3.0,5.0,,,,,,6.0
2023-06-17 14:00:00,,uvindex,-3.0,5.0,,,,,,6.0
2023-06-18 12:00:00,,uvindex,-3.0,5.0,,,,,,7.0
2023-06-18 13:00:00,,uvindex,-3.0,5.0,,,,,,6.0
2023-06-18 14:00:00,,uvindex,-3.0,5.0,,,,,,6.0
2023-06-19 13:00:00,,uvindex,-3.0,5.0,,,,,,8.0
2023-06-20 11:00:00,,uvindex,-3.0,5.0,,,,,,6.0
2023-06-20 12:00:00,,uvindex,-3.0,5.0,,,,,,8.0
2023-06-20 13:00:00,,uvindex,-3.0,5.0,,,,,,7.0
2023-06-20 14:00:00,,uvindex,-3.0,5.0,,,,,,6.0
2023-06-20 15:00:00,,uvindex,-3.0,5.0,,,,,,6.0
2023-06-21 11:00:00,,uvindex,-3.0,5.0,,,,,,7.0
2023-06-21 12:00:00,,uvindex,-3.0,5.0,,,,,,7.0
2023-06-21 13:00:00,,uvindex,-3.0,5.0,,,,,,8.0
2023-06-21 14:00:00,,uvindex,-3.0,5.0,,,,,,7.0
2023-06-22 11:00:00,,uvindex,-3.0,5.0,,,,,,7.0
2023-06-22 12:00:00,,uvindex,-3.0,5.0,,,,,,7.0
2023-06-28 10:00:00,,uvindex,-3.0,5.0,,,,,,6.0
2023-06-28 11:00:00,,uvindex,-3.0,5.0,,,,,,8.0
2023-06-28 12:00:00,,uvindex,-3.0,5.0,,,,,,8.0
2023-06-28 13:00:00,,uvindex,-3.0,5.0,,,,,,9.0
2023-06-28 14:00:00,,uvindex,-3.0,5.0,,,,,,6.0
2023-06-28 15:00:00,,uvindex,-3.0,5.0,,,,,,6.0
2023-06-29 10:00:00,,uvindex,-3.0,5.0,,,,,,7.0
2023-06-29 11:00:00,,uvindex,-3.0,5.0,,,,,,8.0
2023-06-29 12:00:00,,uvindex,-3.0,5.0,,,,,,9.0
2023-06-29 13:00:00,,uvindex,-3.0,5.0,,,,,,8.0
2023-06-29 14:00:00,,uvindex,-3.0,5.0,,,,,,8.0
2023-06-29 15:00:00,,uvindex,-3.0,5.0,,,,,,7.0
2023-06-30 10:00:00,,uvindex,-3.0,5.0,,,,,,6.0
2023-06-30 11:00:00,,uvindex,-3.0,5.0,,,,,,8.0
2023-06-30 12:00:00,,uvindex,-3.0,5.0,,,,,,9.0
2023-06-30 13:00:00,,uvindex,-3.0,5.0,,,,,,8.0
2023-06-30 14:00:00,,uvindex,-3.0,5.0,,,,,,7.0
2023-06-30 15:00:00,,uvindex,-3.0,5.0,,,,,,7.0
2023-06-30 16:00:00,,uvindex,-3.0,5.0,,,,,,6.0
2023-07-01 10:00:00,,uvindex,-3.0,5.0,,,,,,6.0
2023-07-01 11:00:00,,uvindex,-3.0,5.0,,,,,,8.0
2023-07-01 12:00:00,,uvindex,-3.0,5.0,,,,,,7.0
2023-07-01 13:00:00,,uvindex,-3.0,5.0,,,,,,8.0
2023-07-01 14:00:00,,uvindex,-3.0,5.0,,,,,,7.0
2023-07-01 15:00:00,,uvindex,-3.0,5.0,,,,,,6.0
2023-07-02 10:00:00,,uvindex,-3.0,5.0,,,,,,7.0
2023-07-02 11:00:00,,uvindex,-3.0,5.0,,,,,,8.0
2023-07-02 12:00:00,,uvindex,-3.0,5.0,,,,,,9.0
2023-07-02 13:00:00,,uvindex,-3.0,5.0,,,,,,8.0
2023-07-02 14:00:00,,uvindex,-3.0,5.0,,,,,,8.0
2023-07-02 15:00:00,,uvindex,-3.0,5.0,,,,,,6.0
2023-07-04 10:00:00,,uvindex,-3.0,5.0,,,,,,7.0
2023-07-04 11:00:00,,uvindex,-3.0,5.0,,,,,,7.0
2023-07-04 12:00:00,,uvindex,-3.0,5.0,,,,,,8.0
2023-07-04 13:00:00,,uvindex,-3.0,5.0,,,,,,8.0
2023-07-04 14:00:00,,uvindex,-3.0,5.0,,,,,,8.0
2023-07-04 15:00:00,,uvindex,-3.0,5.0,,,,,,7.0
2023-07-05 10:00:00,,uvindex,-3.0,5.0,,,,,,7.0
2023-07-05 11:00:00,,uvindex,-3.0,5.0,,,,,,8.0
2023-07-05 12:00:00,,uvindex,-3.0,5.0,,,,,,6.0
2023-07-05 13:00:00,,uvindex,-3.0,5.0,,,,,,9.0
2023-07-05 14:00:00,,uvindex,-3.0,5.0,,,,,,8.0
2023-07-05 15:00:00,,uvindex,-3.0,5.0,,,,,,7.0
2023-07-06 09:00:00,,uvindex,-3.0,5.0,,,,,,6.0
2023-07-06 10:00:00,,uvindex,-3.0,5.0,,,,,,8.0
2023-07-06 11:00:00,,uvindex,-3.0,5.0,,,,,,9.0
2023-07-06 12:00:00,,uvindex,-3.0,5.0,,,,,,9.0
2023-07-06 13:00:00,,uvindex,-3.0,5.0,,,,,,9.0
2023-07-06 14:00:00,,uvindex,-3.0,5.0,,,,,,7.0
2023-07-06 15:00:00,,uvindex,-3.0,5.0,,,,,,7.0
2023-07-07 09:00:00,,uvindex,-3.0,5.0,,,,,,6.0
2023-07-07 10:00:00,,uvindex,-3.0,5.0,,,,,,8.0
2023-07-07 11:00:00,,uvindex,-3.0,5.0,,,,,,9.0
2023-07-07 12:00:00,,uvindex,-3.0,5.0,,,,,,9.0
2023-07-07 13:00:00,,uvindex,-3.0,5.0,,,,,,9.0
2023-07-07 14:00:00,,uvindex,-3.0,5.0,,,,,,8.0
2023-07-07 15:00:00,,uvindex,-3.0,5.0,,,,,,7.0
2023-07-07 16:00:00,,uvindex,-3.0,5.0,,,,,,6.0
2023-07-08 10:00:00,,uvindex,-3.0,5.0,,,,,,7.0
2023-07-08 11:00:00,,uvindex,-3.0,5.0,,,,,,9.0
2023-07-08 12:00:00,,uvindex,-3.0,5.0,,,,,,9.0
2023-07-08 13:00:00,,uvindex,-3.0,5.0,,,,,,9.0
2023-07-08 14:00:00,,uvindex,-3.0,5.0,,,,,,8.0
2023-07-08 15:00:00,,uvindex,-3.0,5.0,,,,,,6.0
2023-07-09 11:00:00,,uvindex,-3.0,5.0,,,,,,6.0
2023-07-09 12:00:00,,uvindex,-3.0,5.0,,,,,,8.0
2023-07-09 13:00:00,,uvindex,-3.0,5.0,,,,,,7.0
2023-07-09 14:00:00,,uvindex,-3.0,5.0,,,,,,7.0
2023-07-09 15:00:00,,uvindex,-3.0,5.0,,,,,,6.0
2023-07-10 10:00:00,,uvindex,-3.0,5.0,,,,,,7.0
2023-07-10 11:00:00,,uvindex,-3.0,5.0,,,,,,8.0
2023-07-10 12:00:00,,uvindex,-3.0,5.0,,,,,,9.0
2023-07-10 13:00:00,,uvindex,-3.0,5.0,,,,,,9.0
2023-07-10 14:00:00,,uvindex,-3.0,5.0,,,,,,7.0
2023-07-10 15:00:00,,uvindex,-3.0,5.0,,,,,,7.0
2023-07-11 09:00:00,,uvindex,-3.0,5.0,,,,,,6.0
2023-07-11 10:00:00,,uvindex,-3.0,5.0,,,,,,8.0
2023-07-11 11:00:00,,uvindex,-3.0,5.0,,,,,,9.0
2023-07-11 12:00:00,,uvindex,-3.0,5.0,,,,,,9.0
2023-07-11 13:00:00,,uvindex,-3.0,5.0,,,,,,9.0
2023-07-11 14:00:00,,uvindex,-3.0,5.0,,,,,,8.0
2023-07-11 15:00:00,,uvindex,-3.0,5.0,,,,,,7.0
2023-07-12 09:00:00,,uvindex,-3.0,5.0,,,,,,6.0
2023-07-12 10:00:00,,uvindex,-3.0,5.0,,,,,,8.0
2023-07-12 11:00:00,,uvindex,-3.0,5.0,,,,,,9.0
2023-07-12 12:00:00,,uvindex,-3.0,5.0,,,,,,9.0
2023-07-12 13:00:00,,uvindex,-3.0,5.0,,,,,,9.0
2023-07-12 14:00:00,,uvindex,-3.0,5.0,,,,,,8.0
2023-07-12 15:00:00,,uvindex,-3.0,5.0,,,,,,6.0
2023-07-12 16:00:00,,uvindex,-3.0,5.0,,,,,,6.0
2023-07-13 09:00:00,,uvindex,-3.0,5.0,,,,,,6.0
2023-07-13 10:00:00,,uvindex,-3.0,5.0,,,,,,8.0
2023-07-13 11:00:00,,uvindex,-3.0,5.0,,,,,,9.0
2023-07-13 12:00:00,,uvindex,-3.0,5.0,,,,,,9.0
2023-07-13 13:00:00,,uvindex,-3.0,5.0,,,,,,9.0
2023-07-13 14:00:00,,uvindex,-3.0,5.0,,,,,,8.0
2023-07-13 15:00:00,,uvindex,-3.0,5.0,,,,,,7.0
2023-07-14 10:00:00,,uvindex,-3.0,5.0,,,,,,7.0
2023-07-14 11:00:00,,uvindex,-3.0,5.0,,,,,,8.0
2023-07-14 12:00:00,,uvindex,-3.0,5.0,,,,,,7.0
2023-07-14 13:00:00,,uvindex,-3.0,5.0,,,,,,8.0
2023-07-14 14:00:00,,uvindex,-3.0,5.0,,,,,,7.0
2023-07-14 15:00:00,,uvindex,-3.0,5.0,,,,,,7.0
2023-07-15 11:00:00,,uvindex,-3.0,5.0,,,,,,6.0
2023-07-15 12:00:00,,uvindex,-3.0,5.0,,,,,,8.0
2023-07-15 13:00:00,,uvindex,-3.0,5.0,,,,,,7.0
2023-07-15 14:00:00,,uvindex,-3.0,5.0,,,,,,7.0
2023-07-15 15:00:00,,uvindex,-3.0,5.0,,,,,,6.0
2023-07-16 11:00:00,,uvindex,-3.0,5.0,,,,,,8.0
2023-07-16 12:00:00,,uvindex,-3.0,5.0,,,,,,9.0
2023-07-16 13:00:00,,uvindex,-3.0,5.0,,,,,,9.0
2023-07-16 14:00:00,,uvindex,-3.0,5.0,,,,,,9.0
2023-07-16 15:00:00,,uvindex,-3.0,5.0,,,,,,7.0
2023-07-17 10:00:00,,uvindex,-3.0,5.0,,,,,,6.0
2023-07-17 11:00:00,,uvindex,-3.0,5.0,,,,,,7.0
2023-07-17 12:00:00,,uvindex,-3.0,5.0,,,,,,7.0
2023-07-17 13:00:00,,uvindex,-3.0,5.0,,,,,,8.0
2023-07-17 14:00:00,,uvindex,-3.0,5.0,,,,,,7.0
2023-07-17 15:00:00,,uvindex,-3.0,5.0,,,,,,6.0
2023-07-21 13:00:00,,uvindex,-3.0,5.0,,,,,,6.0
2023-07-22 10:00:00,,uvindex,-3.0,5.0,,,,,,6.0
2023-07-22 11:00:00,,uvindex,-3.0,5.0,,,,,,7.0
2023-07-22 12:00:00,,uvindex,-3.0,5.0,,,,,,8.0
2023-07-22 13:00:00,,uvindex,-3.0,5.0,,,,,,9.0
2023-07-22 14:00:00,,uvindex,-3.0,5.0,,,,,,8.0
2023-07-22 15:00:00,,uvindex,-3.0,5.0,,,,,,7.0
2023-07-22 16:00:00,,uvindex,-3.0,5.0,,,,,,6.0
2023-07-23 09:00:00,,uvindex,-3.0,5.0,,,,,,6.0
2023-07-23 10:00:00,,uvindex,-3.0,5.0,,,,,,7.0
2023-07-23 11:00:00,,uvindex,-3.0,5.0,,,,,,9.0
2023-07-23 12:00:00,,uvindex,-3.0,5.0,,,,,,8.0
2023-07-23 13:00:00,,uvindex,-3.0,5.0,,,,,,9.0
2023-07-23 14:00:00,,uvindex,-3.0,5.0,,,,,,8.0
2023-07-23 15:00:00,,uvindex,-3.0,5.0,,,,,,7.0
2023-07-24 10:00:00,,uvindex,-3.0,5.0,,,,,,7.0
2023-07-24 11:00:00,,uvindex,-3.0,5.0,,,,,,9.0
2023-07-24 12:00:00,,uvindex,-3.0,5.0,,,,,,8.0
2023-07-24 13:00:00,,uvindex,-3.0,5.0,,,,,,9.0
2023-07-24 14:00:00,,uvindex,-3.0,5.0,,,,,,9.0
2023-07-24 15:00:00,,uvindex,-3.0,5.0,,,,,,7.0
2023-07-25 10:00:00,,uvindex,-3.0,5.0,,,,,,7.0
2023-07-25 11:00:00,,uvindex,-3.0,5.0,,,,,,7.0
2023-07-25 12:00:00,,uvindex,-3.0,5.0,,,,,,8.0
2023-07-25 13:00:00,,uvindex,-3.0,5.0,,,,,,8.0
2023-07-25 14:00:00,,uvindex,-3.0,5.0,,,,,,8.0
2023-07-25 15:00:00,,uvindex,-3.0,5.0,,,,,,7.0
2023-07-26 09:00:00,,uvindex,-3.0,5.0,,,,,,6.0
2023-07-26 10:00:00,,uvindex,-3.0,5.0,,,,,,8.0
2023-07-26 11:00:00,,uvindex,-3.0,5.0,,,,,,9.0
2023-07-26 12:00:00,,uvindex,-3.0,5.0,,,,,,10.0
2023-07-26 13:00:00,,uvindex,-3.0,5.0,,,,,,9.0
2023-07-26 14:00:00,,uvindex,-3.0,5.0,,,,,,8.0
2023-07-26 15:00:00,,uvindex,-3.0,5.0,,,,,,7.0
2023-07-26 16:00:00,,uvindex,-3.0,5.0,,,,,,6.0
2023-07-27 10:00:00,,uvindex,-3.0,5.0,,,,,,7.0
2023-07-27 11:00:00,,uvindex,-3.0,5.0,,,,,,8.0
2023-07-27 12:00:00,,uvindex,-3.0,5.0,,,,,,9.0
2023-07-27 13:00:00,,uvindex,-3.0,5.0,,,,,,9.0
2023-07-27 14:00:00,,uvindex,-3.0,5.0,,,,,,8.0
2023-07-27 15:00:00,,uvindex,-3.0,5.0,,,,,,6.0
2023-07-28 10:00:00,,uvindex,-3.0,5.0,,,,,,6.0
2023-07-28 11:00:00,,uvindex,-3.0,5.0,,,,,,7.0
2023-07-28 12:00:00,,uvindex,-3.0,5.0,,,,,,8.0
2023-07-28 13:00:00,,uvindex,-3.0,5.0,,,,,,8.0
2023-07-29 14:00:00,,uvindex,-3.0,5.0,,,,,,8.0
2023-07-29 15:00:00,,uvindex,-3.0,5.0,,,,,,6.0
2023-07-30 14:00:00,,uvindex,-3.0,5.0,,,,,,6.0
2023-08-02 14:00:00,,uvindex,-3.0,5.0,,,,,,6.0
2023-08-05 14:00:00,,uvindex,-3.0,5.0,,,,,,6.0
2023-08-08 10:00:00,,uvindex,-3.0,5.0,,,,,,6.0
2023-08-08 11:00:00,,uvindex,-3.0,5.0,,,,,,7.0
2023-08-08 12:00:00,,uvindex,-3.0,5.0,,,,,,7.0
2023-08-08 13:00:00,,uvindex,-3.0,5.0,,,,,,7.0
2023-08-08 14:00:00,,uvindex,-3.0,5.0,,,,,,9.0
2023-08-08 15:00:00,,uvindex,-3.0,5.0,,,,,,6.0
2023-08-09 11:00:00,,uvindex,-3.0,5.0,,,,,,8.0
2023-08-09 12:00:00,,uvindex,-3.0,5.0,,,,,,8.0
2023-08-09 13:00:00,,uvindex,-3.0,5.0,,,,,,7.0
2023-08-09 14:00:00,,uvindex,-3.0,5.0,,,,,,8.0
2023-08-09 15:00:00,,uvindex,-3.0,5.0,,,,,,6.0
2023-08-10 12:00:00,,uvindex,-3.0,5.0,,,,,,6.0
2023-08-12 11:00:00,,uvindex,-3.0,5.0,,,,,,7.0
2023-08-12 12:00:00,,uvindex,-3.0,5.0,,,,,,8.0
2023-08-12 14:00:00,,uvindex,-3.0,5.0,,,,,,8.0
2023-08-12 15:00:00,,uvindex,-3.0,5.0,,,,,,6.0
2023-08-13 10:00:00,,uvindex,-3.0,5.0,,,,,,6.0
2023-08-13 11:00:00,,uvindex,-3.0,5.0,,,,,,8.0
2023-08-13 12:00:00,,uvindex,-3.0,5.0,,,,,,8.0
2023-08-13 13:00:00,,uvindex,-3.0,5.0,,,,,,7.0
2023-08-13 14:00:00,,uvindex,-3.0,5.0,,,,,,8.0
2023-08-13 15:00:00,,uvindex,-3.0,5.0,,,,,,6.0
2023-08-14 11:00:00,,uvindex,-3.0,5.0,,,,,,6.0
2023-08-14 12:00:00,,uvindex,-3.0,5.0,,,,,,6.0
2023-08-14 13:00:00,,uvindex,-3.0,5.0,,,,,,7.0
2023-08-14 14:00:00,,uvindex,-3.0,5.0,,,,,,8.0
2023-08-14 15:00:00,,uvindex,-3.0,5.0,,,,,,6.0
2023-08-15 14:00:00,,uvindex,-3.0,5.0,,,,,,6.0
2023-08-16 12:00:00,,uvindex,-3.0,5.0,,,,,,6.0
2023-08-16 13:00:00,,uvindex,-3.0,5.0,,,,,,6.0
2023-08-16 14:00:00,,uvindex,-3.0,5.0,,,,,,6.0
2023-08-16 15:00:00,,uvindex,-3.0,5.0,,,,,,6.0
2023-08-17 10:00:00,,uvindex,-3.0,5.0,,,,,,6.0
2023-08-17 11:00:00,,uvindex,-3.0,5.0,,,,,,7.0
2023-08-17 12:00:00,,uvindex,-3.0,5.0,,,,,,9.0
2023-08-17 13:00:00,,uvindex,-3.0,5.0,,,,,,7.0
2023-08-17 14:00:00,,uvindex,-3.0,5.0,,,,,,6.0
2023-08-18 11:00:00,,uvindex,-3.0,5.0,,,,,,7.0
2023-08-18 12:00:00,,uvindex,-3.0,5.0,,,,,,8.0
2023-08-18 13:00:00,,uvindex,-3.0,5.0,,,,,,8.0
2023-08-18 14:00:00,,uvindex,-3.0,5.0,,,,,,7.0
2023-08-19 12:00:00,,uvindex,-3.0,5.0,,,,,,6.0
2023-08-20 12:00:00,,uvindex,-3.0,5.0,,,,,,6.0
2023-08-21 10:00:00,,uvindex,-3.0,5.0,,,,,,6.0
2023-08-21 11:00:00,,uvindex,-3.0,5.0,,,,,,7.0
2023-08-21 12:00:00,,uvindex,-3.0,5.0,,,,,,7.0
2023-08-21 13:00:00,,uvindex,-3.0,5.0,,,,,,7.0
2023-08-21 14:00:00,,uvindex,-3.0,5.0,,,,,,7.0
2023-08-22 11:00:00,,uvindex,-3.0,5.0,,,,,,6.0
2023-08-22 12:00:00,,uvindex,-3.0,5.0,,,,,,8.0
2023-08-22 13:00:00,,uvindex,-3.0,5.0,,,,,,7.0
2023-08-22 14:00:00,,uvindex,-3.0,5.0,,,,,,7.0
2023-08-22 15:00:00,,uvindex,-3.0,5.0,,,,,,6.0
2023-08-23 11:00:00,,uvindex,-3.0,5.0,,,,,,6.0
2023-08-23 12:00:00,,uvindex,-3.0,5.0,,,,,,6.0
2023-08-23 13:00:00,,uvindex,-3.0,5.0,,,,,,6.0
2023-08-24 13:00:00,,uvindex,-3.0,5.0,,,,,,6.0
2023-08-24 14:00:00,,uvindex,-3.0,5.0,,,,,,7.0
2023-08-25 12:00:00,,uvindex,-3.0,5.0,,,,,,6.0
2023-08-25 13:00:00,,uvindex,-3.0,5.0,,,,,,8.0
2023-08-25 14:00:00,,uvindex,-3.0,5.0,,,,,,6.0
2023-08-26 11:00:00,,uvindex,-3.0,5.0,,,,,,7.0
2023-08-26 12:00:00,,uvindex,-3.0,5.0,,,,,,7.0
2023-08-26 13:00:00,,uvindex,-3.0,5.0,,,,,,6.0
2023-08-26 14:00:00,,uvindex,-3.0,5.0,,,,,,7.0
2023-08-27 10:00:00,,uvindex,-3.0,5.0,,,,,,7.0
2023-08-27 11:00:00,,uvindex,-3.0,5.0,,,,,,8.0
2023-08-27 12:00:00,,uvindex,-3.0,5.0,,,,,,9.0
2023-08-27 13:00:00,,uvindex,-3.0,5.0,,,,,,8.0
2023-08-27 14:00:00,,uvindex,-3.0,5.0,,,,,,6.0
2023-08-29 10:00:00,,uvindex,-3.0,5.0,,,,,,6.0
2023-08-29 11:00:00,,uvindex,-3.0,5.0,,,,,,8.0
2023-08-29 12:00:00,,uvindex,-3.0,5.0,,,,,,7.0
2023-08-29 13:00:00,,uvindex,-3.0,5.0,,,,,,7.0
2023-08-29 14:00:00,,uvindex,-3.0,5.0,,,,,,6.0
2023-08-29 15:00:00,,uvindex,-3.0,5.0,,,,,,6.0
2023-08-30 10:00:00,,uvindex,-3.0,5.0,,,,,,7.0
2023-08-30 11:00:00,,uvindex,-3.0,5.0,,,,,,8.0
2023-08-30 12:00:00,,uvindex,-3.0,5.0,,,,,,8.0
2023-08-30 13:00:00,,uvindex,-3.0,5.0,,,,,,8.0
2023-08-30 14:00:00,,uvindex,-3.0,5.0,,,,,,7.0
2023-08-30 15:00:00,,uvindex,-3.0,5.0,,,,,,6.0
2023-08-31 10:00:00,,uvindex,-3.0,5.0,,,,,,6.0
2023-08-31 11:00:00,,uvindex,-3.0,5.0,,,,,,7.0
2023-08-31 12:00:00,,uvindex,-3.0,5.0,,,,,,8.0
2023-08-31 13:00:00,,uvindex,-3.0,5.0,,,,,,9.0
2023-08-31 14:00:00,,uvindex,-3.0,5.0,,,,,,8.0
2023-08-31 15:00:00,,uvindex,-3.0,5.0,,,,,,7.0
2023-09-01 11:00:00,,uvindex,-3.0,5.0,,,,,,7.0
2023-09-01 12:00:00,,uvindex,-3.0,5.0,,,,,,8.0
2023-09-01 13:00:00,,uvindex,-3.0,5.0,,,,,,7.0
2023-09-01 14:00:00,,uvindex,-3.0,5.0,,,,,,8.0
2023-09-01 15:00:00,,uvindex,-3.0,5.0,,,,,,6.0
2023-09-02 10:00:00,,uvindex,-3.0,5.0,,,,,,6.0
2023-09-02 11:00:00,,uvindex,-3.0,5.0,,,,,,7.0
2023-09-02 12:00:00,,uvindex,-3.0,5.0,,,,,,8.0
2023-09-02 13:00:00,,uvindex,-3.0,5.0,,,,,,9.0
2023-09-02 14:00:00,,uvindex,-3.0,5.0,,,,,,8.0
2023-09-02 15:00:00,,uvindex,-3.0,5.0,,,,,,7.0
2023-09-05 12:00:00,,uvindex,-3.0,5.0,,,,,,6.0
2023-09-05 13:00:00,,uvindex,-3.0,5.0,,,,,,8.0
2023-09-05 14:00:00,,uvindex,-3.0,5.0,,,,,,6.0
2023-09-05 15:00:00,,uvindex,-3.0,5.0,,,,,,6.0
2023-09-06 10:00:00,,uvindex,-3.0,5.0,,,,,,6.0
2023-09-06 11:00:00,,uvindex,-3.0,5.0,,,,,,7.0
2023-09-06 12:00:00,,uvindex,-3.0,5.0,,,,,,7.0
2023-09-06 13:00:00,,uvindex,-3.0,5.0,,,,,,8.0
2023-09-06 14:00:00,,uvindex,-3.0,5.0,,,,,,8.0
2023-09-07 10:00:00,,uvindex,-3.0,5.0,,,,,,6.0
2023-09-07 11:00:00,,uvindex,-3.0,5.0,,,,,,8.0
2023-09-07 12:00:00,,uvindex,-3.0,5.0,,,,,,9.0
2023-09-07 13:00:00,,uvindex,-3.0,5.0,,,,,,7.0
2023-09-07 14:00:00,,uvindex,-3.0,5.0,,,,,,7.0
2023-09-07 15:00:00,,uvindex,-3.0,5.0,,,,,,6.0
2023-09-08 11:00:00,,uvindex,-3.0,5.0,,,,,,6.0
2023-09-08 12:00:00,,uvindex,-3.0,5.0,,,,,,8.0
2023-09-08 13:00:00,,uvindex,-3.0,5.0,,,,,,9.0
2023-09-09 12:00:00,,uvindex,-3.0,5.0,,,,,,7.0
2023-09-09 13:00:00,,uvindex,-3.0,5.0,,,,,,6.0
2023-09-10 10:00:00,,uvindex,-3.0,5.0,,,,,,6.0
2023-09-10 11:00:00,,uvindex,-3.0,5.0,,,,,,6.0
2023-09-10 12:00:00,,uvindex,-3.0,5.0,,,,,,6.0
2023-09-10 13:00:00,,uvindex,-3.0,5.0,,,,,,7.0
2023-09-11 14:00:00,,uvindex,-3.0,5.0,,,,,,6.0
2023-09-17 12:00:00,,uvindex,-3.0,5.0,,,,,,6.0
2023-09-17 13:00:00,,uvindex,-3.0,5.0,,,,,,7.0
2023-09-18 14:00:00,,uvindex,-3.0,5.0,,,,,,6.0
2023-09-19 11:00:00,,uvindex,-3.0,5.0,,,,,,6.0
2023-09-19 12:00:00,,uvindex,-3.0,5.0,,,,,,7.0
2023-09-19 13:00:00,,uvindex,-3.0,5.0,,,,,,7.0
2023-09-19 14:00:00,,uvindex,-3.0,5.0,,,,,,7.0
2023-09-20 10:00:00,,uvindex,-3.0,5.0,,,,,,6.0
2023-09-20 11:00:00,,uvindex,-3.0,5.0,,,,,,8.0
2023-09-20 12:00:00,,uvindex,-3.0,5.0,,,,,,7.0
2023-09-20 13:00:00,,uvindex,-3.0,5.0,,,,,,7.0
2023-09-20 14:00:00,,uvindex,-3.0,5.0,,,,,,8.0
2023-09-21 10:00:00,,uvindex,-3.0,5.0,,,,,,6.0
2023-09-21 11:00:00,,uvindex,-3.0,5.0,,,,,,6.0
2023-09-21 12:00:00,,uvindex,-3.0,5.0,,,,,,6.0
2023-09-21 13:00:00,,uvindex,-3.0,5.0,,,,,,8.0
2023-09-21 14:00:00,,uvindex,-3.0,5.0,,,,,,6.0
2023-09-22 11:00:00,,uvindex,-3.0,5.0,,,,,,6.0
2023-09-22 12:00:00,,uvindex,-3.0,5.0,,,,,,7.0
2023-09-22 13:00:00,,uvindex,-3.0,5.0,,,,,,6.0
2023-09-22 14:00:00,,uvindex,-3.0,5.0,,,,,,7.0
2023-09-22 15:00:00,,uvindex,-3.0,5.0,,,,,,6.0
2023-09-23 11:00:00,,uvindex,-3.0,5.0,,,,,,7.0
2023-09-23 12:00:00,,uvindex,-3.0,5.0,,,,,,8.0
2023-09-23 13:00:00,,uvindex,-3.0,5.0,,,,,,8.0
2023-09-23 14:00:00,,uvindex,-3.0,5.0,,,,,,8.0
2023-09-24 10:00:00,,uvindex,-3.0,5.0,,,,,,7.0
2023-09-24 11:00:00,,uvindex,-3.0,5.0,,,,,,8.0
2023-09-24 12:00:00,,uvindex,-3.0,5.0,,,,,,8.0
2023-09-24 13:00:00,,uvindex,-3.0,5.0,,,,,,7.0
2023-09-24 14:00:00,,uvindex,-3.0,5.0,,,,,,7.0
2023-09-25 11:00:00,,uvindex,-3.0,5.0,,,,,,6.0
2023-09-25 12:00:00,,uvindex,-3.0,5.0,,,,,,6.0
2023-09-30 11:00:00,,uvindex,-3.0,5.0,,,,,,6.0
2023-09-30 12:00:00,,uvindex,-3.0,5.0,,,,,,7.0
2023-09-30 13:00:00,,uvindex,-3.0,5.0,,,,,,8.0
2023-09-30 14:00:00,,uvindex,-3.0,5.0,,,,,,6.0
2023-09-30 15:00:00,,uvindex,-3.0,5.0,,,,,,6.0
2023-10-01 10:00:00,,uvindex,-3.0,5.0,,,,,,7.0
2023-10-01 11:00:00,,uvindex,-3.0,5.0,,,,,,7.0
2023-10-01 12:00:00,,uvindex,-3.0,5.0,,,,,,7.0
2023-10-01 13:00:00,,uvindex,-3.0,5.0,,,,,,7.0
2023-10-01 14:00:00,,uvindex,-3.0,5.0,,,,,,7.0
2023-10-01 15:00:00,,uvindex,-3.0,5.0,,,,,,6.0
2023-10-02 10:00:00,,uvindex,-3.0,5.0,,,,,,6.0
2023-10-02 11:00:00,,uvindex,-3.0,5.0,,,,,,7.0
2023-10-02 12:00:00,,uvindex,-3.0,5.0,,,,,,8.0
2023-10-02 13:00:00,,uvindex,-3.0,5.0,,,,,,7.0
2023-10-02 14:00:00,,uvindex,-3.0,5.0,,,,,,6.0
2023-10-03 10:00:00,,uvindex,-3.0,5.0,,,,,,6.0
2023-10-03 11:00:00,,uvindex,-3.0,5.0,,,,,,8.0
2023-10-03 12:00:00,,uvindex,-3.0,5.0,,,,,,9.0
2023-10-03 13:00:00,,uvindex,-3.0,5.0,,,,,,8.0
2023-10-03 14:00:00,,uvindex,-3.0,5.0,,,,,,7.0
2023-10-03 15:00:00,,uvindex,-3.0,5.0,,,,,,6.0
2023-10-04 10:00:00,,uvindex,-3.0,5.0,,,,,,6.0
2023-10-04 11:00:00,,uvindex,-3.0,5.0,,,,,,8.0
2023-10-04 12:00:00,,uvindex,-3.0,5.0,,,,,,9.0
2023-10-04 13:00:00,,uvindex,-3.0,5.0,,,,,,8.0
2023-10-04 14:00:00,,uvindex,-3.0,5.0,,,,,,8.0
2023-10-04 15:00:00,,uvindex,-3.0,5.0,,,,,,6.0
2023-10-05 10:00:00,,uvindex,-3.0,5.0,,,,,,7.0
2023-10-05 11:00:00,,uvindex,-3.0,5.0,,,,,,8.0
2023-10-05 12:00:00,,uvindex,-3.0,5.0,,,,,,8.0
2023-10-05 13:00:00,,uvindex,-3.0,5.0,,,,,,7.0
2023-10-05 14:00:00,,uvindex,-3.0,5.0,,,,,,7.0
2023-10-06 11:00:00,,uvindex,-3.0,5.0,,,,,,6.0
2023-10-06 12:00:00,,uvindex,-3.0,5.0,,,,,,6.0
2023-10-06 13:00:00,,uvindex,-3.0,5.0,,,,,,6.0
2023-10-06 14:00:00,,uvindex,-3.0,5.0,,,,,,6.0
2023-10-08 12:00:00,,uvindex,-3.0,5.0,,,,,,6.0
2023-10-08 14:00:00,,uvindex,-3.0,5.0,,,,,,7.0
2023-10-09 10:00:00,,uvindex,-3.0,5.0,,,,,,7.0
2023-10-09 11:00:00,,uvindex,-3.0,5.0,,,,,,8.0
2023-10-09 12:00:00,,uvindex,-3.0,5.0,,,,,,9.0
2023-10-09 13:00:00,,uvindex,-3.0,5.0,,,,,,9.0
2023-10-13 10:00:00,,uvindex,-3.0,5.0,,,,,,6.0
2023-10-13 11:00:00,,uvindex,-3.0,5.0,,,,,,6.0
2023-10-13 12:00:00,,uvindex,-3.0,5.0,,,,,,7.0
2023-10-13 13:00:00,,uvindex,-3.0,5.0,,,,,,8.0
2023-10-14 12:00:00,,uvindex,-3.0,5.0,,,,,,6.0
2023-10-15 12:00:00,,uvindex,-3.0,5.0,,,,,,6.0
2023-10-15 13:00:00,,uvindex,-3.0,5.0,,,,,,6.0
2023-10-15 14:00:00,,uvindex,-3.0,5.0,,,,,,7.0
2023-10-16 10:00:00,,uvindex,-3.0,5.0,,,,,,6.0
2023-10-16 11:00:00,,uvindex,-3.0,5.0,,,,,,7.0
2023-10-16 12:00:00,,uvindex,-3.0,5.0,,,,,,8.0
2023-10-16 13:00:00,,uvindex,-3.0,5.0,,,,,,6.0
2023-10-17 10:00:00,,uvindex,-3.0,5.0,,,,,,7.0
2023-10-17 11:00:00,,uvindex,-3.0,5.0,,,,,,8.0
2023-10-17 12:00:00,,uvindex,-3.0,5.0,,,,,,8.0
2023-10-17 13:00:00,,uvindex,-3.0,5.0,,,,,,8.0
2023-10-18 10:00:00,,uvindex,-3.0,5.0,,,,,,7.0
2023-10-18 11:00:00,,uvindex,-3.0,5.0,,,,,,8.0
2023-10-18 12:00:00,,uvindex,-3.0,5.0,,,,,,8.0
2023-10-18 13:00:00,,uvindex,-3.0,5.0,,,,,,8.0
2023-10-19 10:00:00,,uvindex,-3.0,5.0,,,,,,7.0
2023-10-19 11:00:00,,uvindex,-3.0,5.0,,,,,,8.0
2023-10-19 12:00:00,,uvindex,-3.0,5.0,,,,,,8.0
2023-10-19 13:00:00,,uvindex,-3.0,5.0,,,,,,7.0
2023-10-19 14:00:00,,uvindex,-3.0,5.0,,,,,,6.0
2023-10-20 14:00:00,,uvindex,-3.0,5.0,,,,,,7.0
2023-10-24 11:00:00,,uvindex,-3.0,5.0,,,,,,7.0
2023-10-25 12:00:00,,uvindex,-3.0,5.0,,,,,,6.0
2023-10-26 13:00:00,,uvindex,-3.0,5.0,,,,,,6.0
2023-10-26 14:00:00,,uvindex,-3.0,5.0,,,,,,7.0
2023-10-26 15:00:00,,uvindex,-3.0,5.0,,,,,,6.0
2023-10-27 10:00:00,,uvindex,-3.0,5.0,,,,,,6.0
2023-10-27 11:00:00,,uvindex,-3.0,5.0,,,,,,8.0
2023-10-27 12:00:00,,uvindex,-3.0,5.0,,,,,,7.0
2023-10-27 13:00:00,,uvindex,-3.0,5.0,,,,,,7.0
2023-10-27 14:00:00,,uvindex,-3.0,5.0,,,,,,6.0
2023-10-28 11:00:00,,uvindex,-3.0,5.0,,,,,,6.0
2023-10-28 12:00:00,,uvindex,-3.0,5.0,,,,,,6.0
2023-10-28 13:00:00,,uvindex,-3.0,5.0,,,,,,6.0
2023-10-31 10:00:00,,uvindex,-3.0,5.0,,,,,,6.0
2023-10-31 11:00:00,,uvindex,-3.0,5.0,,,,,,7.0
2023-10-31 12:00:00,,uvindex,-3.0,5.0,,,,,,7.0
2023-10-31 14:00:00,,uvindex,-3.0,5.0,,,,,,6.0
2023-11-01 10:00:00,,uvindex,-3.0,5.0,,,,,,6.0
2023-11-01 11:00:00,,uvindex,-3.0,5.0,,,,,,7.0
2023-11-01 12:00:00,,uvindex,-3.0,5.0,,,,,,7.0
2023-11-01 13:00:00,,uvindex,-3.0,5.0,,,,,,7.0
2023-11-01 14:00:00,,uvindex,-3.0,5.0,,,,,,6.0
2023-11-02 10:00:00,,uvindex,-3.0,5.0,,,,,,6.0
2023-11-02 11:00:00,,uvindex,-3.0,5.0,,,,,,7.0
2023-11-02 12:00:00,,uvindex,-3.0,5.0,,,,,,7.0
2023-11-02 13:00:00,,uvindex,-3.0,5.0,,,,,,6.0
2023-11-03 13:00:00,,uvindex,-3.0,5.0,,,,,,6.0
2023-11-03 14:00:00,,uvindex,-3.0,5.0,,,,,,6.0
2023-11-04 14:00:00,,uvindex,-3.0,5.0,,,,,,6.0
2023-11-05 12:00:00,,uvindex,-3.0,5.0,,,,,,6.0
2023-11-05 13:00:00,,uvindex,-3.0,5.0,,,,,,6.0
2023-11-10 11:00:00,,uvindex,-3.0,5.0,,,,,,7.0
2023-11-10 12:00:00,,uvindex,-3.0,5.0,,,,,,6.0
2023-11-10 13:00:00,,uvindex,-3.0,5.0,,,,,,6.0
2023-11-11 11:00:00,,uvindex,-3.0,5.0,,,,,,6.0
2023-11-11 12:00:00,,uvindex,-3.0,5.0,,,,,,6.0
2023-11-11 13:00:00,,uvindex,-3.0,5.0,,,,,,6.0
2023-11-17 10:00:00,,uvindex,-3.0,5.0,,,,,,6.0
2023-11-17 11:00:00,,uvindex,-3.0,5.0,,,,,,7.0
2023-11-17 12:00:00,,uvindex,-3.0,5.0,,,,,,8.0
2023-11-17 13:00:00,,uvindex,-3.0,5.0,,,,,,7.0
2023-11-17 14:00:00,,uvindex,-3.0,5.0,,,,,,6.0
2023-11-18 10:00:00,,uvindex,-3.0,5.0,,,,,,6.0
2023-11-18 11:00:00,,uvindex,-3.0,5.0,,,,,,7.0
2023-11-18 12:00:00,,uvindex,-3.0,5.0,,,,,,8.0
2023-11-18 13:00:00,,uvindex,-3.0,5.0,,,,,,7.0
2023-11-18 14:00:00,,uvindex,-3.0,5.0,,,,,,6.0
2023-11-19 10:00:00,,uvindex,-3.0,5.0,,,,,,6.0
2023-11-19 11:00:00,,uvindex,-3.0,5.0,,,,,,7.0
2023-11-19 12:00:00,,uvindex,-3.0,5.0,,,,,,7.0
2023-11-19 13:00:00,,uvindex,-3.0,5.0,,,,,,7.0
2023-11-20 10:00:00,,uvindex,-3.0,5.0,,,,,,6.0
2023-11-20 11:00:00,,uvindex,-3.0,5.0,,,,,,7.0
2023-11-20 12:00:00,,uvindex,-3.0,5.0,,,,,,8.0
2023-11-20 13:00:00,,uvindex,-3.0,5.0,,,,,,7.0
2023-11-20 14:00:00,,uvindex,-3.0,5.0,,,,,,6.0
2023-11-21 10:00:00,,uvindex,-3.0,5.0,,,,,,6.0
2023-11-21 11:00:00,,uvindex,-3.0,5.0,,,,,,7.0
2023-11-21 12:00:00,,uvindex,-3.0,5.0,,,,,,7.0
2023-11-21 13:00:00,,uvindex,-3.0,5.0,,,,,,7.0
2023-11-21 14:00:00,,uvindex,-3.0,5.0,,,,,,6.0
2023-11-22 11:00:00,,uvindex,-3.0,5.0,,,,,,6.0
2023-11-22 12:00:00,,uvindex,-3.0,5.0,,,,,,6.0
2023-11-23 11:00:00,,uvindex,-3.0,5.0,,,,,,6.0
2023-11-24 12:00:00,,uvindex,-3.0,5.0,,,,,,6.0
2023-11-24 13:00:00,,uvindex,-3.0,5.0,,,,,,6.0
2023-11-25 14:00:00,,uvindex,-3.0,5.0,,,,,,6.0
2023-11-26 12:00:00,,uvindex,-3.0,5.0,,,,,,6.0
2023-11-27 11:00:00,,uvindex,-3.0,5.0,,,,,,6.0
2023-11-27 12:00:00,,uvindex,-3.0,5.0,,,,,,6.0
2023-11-28 11:00:00,,uvindex,-3.0,5.0,,,,,,7.0
2023-11-28 12:00:00,,uvindex,-3.0,5.0,,,,,,7.0
2023-11-28 13:00:00,,uvindex,-3.0,5.0,,,,,,7.0
2023-11-28 14:00:00,,uvindex,-3.0,5.0,,,,,,6.0
2023-12-07 11:00:00,,uvindex,-3.0,5.0,,,,,,6.0
2023-12-07 12:00:00,,uvindex,-3.0,5.0,,,,,,7.0
2023-12-07 13:00:00,,uvindex,-3.0,5.0,,,,,,7.0
2023-12-07 14:00:00,,uvindex,-3.0,5.0,,,,,,6.0
2023-12-08 11:00:00,,uvindex,-3.0,5.0,,,,,,6.0
2023-12-08 12:00:00,,uvindex,-3.0,5.0,,,,,,7.0
2023-12-08 13:00:00,,uvindex,-3.0,5.0,,,,,,7.0
2023-12-08 14:00:00,,uvindex,-3.0,5.0,,,,,,6.0
2023-12-09 11:00:00,,uvindex,-3.0,5.0,,,,,,6.0
2023-12-09 12:00:00,,uvindex,-3.0,5.0,,,,,,6.0
2023-12-09 13:00:00,,uvindex,-3.0,5.0,,,,,,6.0
2023-12-21 11:00:00,,uvindex,-3.0,5.0,,,,,,6.0
2023-12-21 12:00:00,,uvindex,-3.0,5.0,,,,,,6.0
2023-12-21 13:00:00,,uvindex,-3.0,5.0,,,,,,7.0
2023-12-21 14:00:00,,uvindex,-3.0,5.0,,,,,,6.0
2023-12-22 11:00:00,,uvindex,-3.0,5.0,,,,,,6.0
2023-12-22 12:00:00,,uvindex,-3.0,5.0,,,,,,7.0
2023-12-22 13:00:00,,uvindex,-3.0,5.0,,,,,,7.0
2023-12-22 14:00:00,,uvindex,-3.0,5.0,,,,,,6.0
2023-12-23 11:00:00,,uvindex,-3.0,5.0,,,,,,6.0
2023-12-23 12:00:00,,uvindex,-3.0,5.0,,,,,,7.0
2023-12-23 13:00:00,,uvindex,-3.0,5.0,,,,,,7.0
2023-12-23 14:00:00,,uvindex,-3.0,5.0,,,,,,6.0
2023-12-25 11:00:00,,uvindex,-3.0,5.0,,,,,,6.0
2023-12-25 12:00:00,,uvindex,-3.0,5.0,,,,,,7.0
2023-12-25 13:00:00,,uvindex,-3.0,5.0,,,,,,7.0
2023-12-25 14:00:00,,uvindex,-3.0,5.0,,,,,,6.0
2023-12-26 11:00:00,,uvindex,-3.0,5.0,,,,,,6.0
2023-12-26 12:00:00,,uvindex,-3.0,5.0,,,,,,6.0
2023-12-26 13:00:00,,uvindex,-3.0,5.0,,,,,,6.0
2023-12-26 14:00:00,,uvindex,-3.0,5.0,,,,,,6.0
2023-12-27 11:00:00,,uvindex,-3.0,5.0,,,,,,6.0
2023-12-27 12:00:00,,uvindex,-3.0,5.0,,,,,,7.0
2023-12-27 13:00:00,,uvindex,-3.0,5.0,,,,,,7.0
2023-12-28 11:00:00,,uvindex,-3.0,5.0,,,,,,6.0
2023-12-28 12:00:00,,uvindex,-3.0,5.0,,,,,,7.0
2023-12-28 13:00:00,,uvindex,-3.0,5.0,,,,,,6.0
2024-01-01 13:00:00,,uvindex,-3.0,5.0,,,,,,6.0
2024-02-04 13:00:00,,uvindex,-3.0,5.0,,,,,,6.0
2024-02-04 14:00:00,,uvindex,-3.0,5.0,,,,,,7.0
2024-02-11 14:00:00,,uvindex,-3.0,5.0,,,,,,6.0
2024-02-12 10:00:00,,uvindex,-3.0,5.0,,,,,,6.0
2024-02-12 11:00:00,,uvindex,-3.0,5.0,,,,,,7.0
2024-02-12 12:00:00,,uvindex,-3.0,5.0,,,,,,8.0
2024-02-12 13:00:00,,uvindex,-3.0,5.0,,,,,,8.0
2024-02-12 14:00:00,,uvindex,-3.0,5.0,,,,,,8.0
2024-02-12 15:00:00,,uvindex,-3.0,5.0,,,,,,6.0
2024-02-13 11:00:00,,uvindex,-3.0,5.0,,,,,,6.0
2024-02-18 12:00:00,,uvindex,-3.0,5.0,,,,,,6.0
2024-02-18 13:00:00,,uvindex,-3.0,5.0,,,,,,8.0
2024-02-18 14:00:00,,uvindex,-3.0,5.0,,,,,,6.0
2024-02-18 15:00:00,,uvindex,-3.0,5.0,,,,,,6.0
2024-02-19 12:00:00,,uvindex,-3.0,5.0,,,,,,7.0
2024-02-19 13:00:00,,uvindex,-3.0,5.0,,,,,,8.0
2024-02-19 14:00:00,,uvindex,-3.0,5.0,,,,,,7.0
2024-02-19 15:00:00,,uvindex,-3.0,5.0,,,,,,6.0
2024-02-20 11:00:00,,uvindex,-3.0,5.0,,,,,,6.0
2024-02-20 12:00:00,,uvindex,-3.0,5.0,,,,,,8.0
2024-02-20 13:00:00,,uvindex,-3.0,5.0,,,,,,7.0
2024-02-20 14:00:00,,uvindex,-3.0,5.0,,,,,,6.0
2024-02-20 15:00:00,,uvindex,-3.0,5.0,,,,,,6.0
2024-02-21 11:00:00,,uvindex,-3.0,5.0,,,,,,7.0
2024-02-21 12:00:00,,uvindex,-3.0,5.0,,,,,,8.0
2024-02-21 13:00:00,,uvindex,-3.0,5.0,,,,,,8.0
2024-02-21 14:00:00,,uvindex,-3.0,5.0,,,,,,6.0
2024-03-03 11:00:00,,uvindex,-3.0,5.0,,,,,,7.0
2024-03-03 12:00:00,,uvindex,-3.0,5.0,,,,,,6.0
2024-03-03 13:00:00,,uvindex,-3.0,5.0,,,,,,6.0
2024-03-04 11:00:00,,uvindex,-3.0,5.0,,,,,,7.0
2024-03-04 12:00:00,,uvindex,-3.0,5.0,,,,,,9.0
2024-03-04 13:00:00,,uvindex,-3.0,5.0,,,,,,9.0
2024-03-04 14:00:00,,uvindex,-3.0,5.0,,,,,,8.0
2024-03-04 15:00:00,,uvindex,-3.0,5.0,,,,,,7.0
2024-03-05 10:00:00,,uvindex,-3.0,5.0,,,,,,6.0
2024-03-05 11:00:00,,uvindex,-3.0,5.0,,,,,,8.0
2024-03-05 12:00:00,,uvindex,-3.0,5.0,,,,,,9.0
2024-03-05 13:00:00,,uvindex,-3.0,5.0,,,,,,9.0
2024-03-05 14:00:00,,uvindex,-3.0,5.0,,,,,,8.0
2024-03-05 15:00:00,,uvindex,-3.0,5.0,,,,,,7.0
2024-03-06 10:00:00,,uvindex,-3.0,5.0,,,,,,6.0
2024-03-06 11:00:00,,uvindex,-3.0,5.0,,,,,,7.0
2024-03-06 12:00:00,,uvindex,-3.0,5.0,,,,,,8.0
2024-03-06 13:00:00,,uvindex,-3.0,5.0,,,,,,9.0
2024-03-06 14:00:00,,uvindex,-3.0,5.0,,,,,,8.0
2024-03-06 15:00:00,,uvindex,-3.0,5.0,,,,,,7.0
2024-03-11 14:00:00,,uvindex,-3.0,5.0,,,,,,6.0
2024-03-11 15:00:00,,uvindex,-3.0,5.0,,,,,,6.0
2024-03-12 10:00:00,,uvindex,-3.0,5.0,,,,,,7.0
2024-03-12 11:00:00,,uvindex,-3.0,5.0,,,,,,8.0
2024-03-12 12:00:00,,uvindex,-3.0,5.0,,,,,,7.0
2024-03-21 10:00:00,,uvindex,-3.0,5.0,,,,,,7.0
2024-03-21 11:00:00,,uvindex,-3.0,5.0,,,,,,8.0
2024-03-21 12:00:00,,uvindex,-3.0,5.0,,,,,,9.0
2024-03-21 13:00:00,,uvindex,-3.0,5.0,,,,,,9.0
2024-03-21 14:00:00,,uvindex,-3.0,5.0,,,,,,7.0
2024-03-21 15:00:00,,uvindex,-3.0,5.0,,,,,,7.0
2024-03-22 12:00:00,,uvindex,-3.0,5.0,,,,,,6.0
2024-03-22 13:00:00,,uvindex,-3.0,5.0,,,,,,6.0
2024-03-23 11:00:00,,uvindex,-3.0,5.0,,,,,,7.0
2024-03-23 12:00:00,,uvindex,-3.0,5.0,,,,,,8.0
2024-03-23 13:00:00,,uvindex,-3.0,5.0,,,,,,8.0
2024-03-24 12:00:00,,uvindex,-3.0,5.0,,,,,,7.0
2024-03-24 13:00:00,,uvindex,-3.0,5.0,,,,,,8.0
2024-03-26 12:00:00,,uvindex,-3.0,5.0,,,,,,6.0
2024-03-26 13:00:00,,uvindex,-3.0,5.0,,,,,,6.0
2024-03-26 14:00:00,,uvindex,-3.0,5.0,,,,,,6.0
2024-03-27 12:00:00,,uvindex,-3.0,5.0,,,,,,7.0
2024-03-27 13:00:00,,uvindex,-3.0,5.0,,,,,,8.0
2024-03-30 13:00:00,,uvindex,-3.0,5.0,,,,,,6.0
2024-03-31 11:00:00,,uvindex,-3.0,5.0,,,,,,7.0
2024-03-31 12:00:00,,uvindex,-3.0,5.0,,,,,,9.0
2024-03-31 13:00:00,,uvindex,-3.0,5.0,,,,,,9.0
2024-03-31 14:00:00,,uvindex,-3.0,5.0,,,,,,8.0
2024-03-31 15:00:00,,uvindex,-3.0,5.0,,,,,,7.0
2024-04-01 10:00:00,,uvindex,-3.0,5.0,,,,,,7.0
2024-04-01 11:00:00,,uvindex,-3.0,5.0,,,,,,9.0
2024-04-01 12:00:00,,uvindex,-3.0,5.0,,,,,,9.0
2024-04-01 13:00:00,,uvindex,-3.0,5.0,,,,,,9.0
2024-04-01 14:00:00,,uvindex,-3.0,5.0,,,,,,9.0
2024-04-01 15:00:00,,uvindex,-3.0,5.0,,,,,,7.0
2024-04-02 10:00:00,,uvindex,-3.0,5.0,,,,,,7.0
2024-04-02 11:00:00,,uvindex,-3.0,5.0,,,,,,9.0
2024-04-02 12:00:00,,uvindex,-3.0,5.0,,,,,,10.0
2024-04-02 13:00:00,,uvindex,-3.0,5.0,,,,,,10.0
2024-04-02 14:00:00,,uvindex,-3.0,5.0,,,,,,9.0
2024-04-02 15:00:00,,uvindex,-3.0,5.0,,,,,,7.0
2024-04-03 10:00:00,,uvindex,-3.0,5.0,,,,,,7.0
2024-04-03 11:00:00,,uvindex,-3.0,5.0,,,,,,9.0
2024-04-03 12:00:00,,uvindex,-3.0,5.0,,,,,,10.0
2024-04-03 13:00:00,,uvindex,-3.0,5.0,,,,,,10.0
2024-04-03 14:00:00,,uvindex,-3.0,5.0,,,,,,8.0
2024-04-03 15:00:00,,uvindex,-3.0,5.0,,,,,,7.0
2024-04-04 10:00:00,,uvindex,-3.0,5.0,,,,,,7.0
2024-04-04 11:00:00,,uvindex,-3.0,5.0,,,,,,9.0
2024-04-04 12:00:00,,uvindex,-3.0,5.0,,,,,,10.0
2024-04-04 13:00:00,,uvindex,-3.0,5.0,,,,,,10.0
2024-04-04 14:00:00,,uvindex,-3.0,5.0,,,,,,9.0
2024-04-04 15:00:00,,uvindex,-3.0,5.0,,,,,,7.0
2024-04-11 12:00:00,,uvindex,-3.0,5.0,,,,,,7.0
2024-04-13 12:00:00,,uvindex,-3.0,5.0,,,,,,7.0
2024-04-13 13:00:00,,uvindex,-3.0,5.0,,,,,,6.0
2024-04-14 11:00:00,,uvindex,-3.0,5.0,,,,,,6.0
2024-04-14 12:00:00,,uvindex,-3.0,5.0,,,,,,7.0
2024-04-14 13:00:00,,uvindex,-3.0,5.0,,,,,,7.0
2024-04-16 13:00:00,,uvindex,-3.0,5.0,,,,,,6.0
2024-04-16 14:00:00,,uvindex,-3.0,5.0,,,,,,9.0
2024-04-16 15:00:00,,uvindex,-3.0,5.0,,,,,,6.0
2024-04-17 11:00:00,,uvindex,-3.0,5.0,,,,,,7.0
2024-04-17 12:00:00,,uvindex,-3.0,5.0,,,,,,8.0
2024-04-17 13:00:00,,uvindex,-3.0,5.0,,,,,,8.0
2024-04-17 14:00:00,,uvindex,-3.0,5.0,,,,,,6.0
2024-04-18 13:00:00,,uvindex,-3.0,5.0,,,,,,6.0
2024-04-18 14:00:00,,uvindex,-3.0,5.0,,,,,,8.0
2024-04-18 15:00:00,,uvindex,-3.0,5.0,,,,,,6.0
2024-04-19 10:00:00,,uvindex,-3.0,5.0,,,,,,7.0
2024-04-19 11:00:00,,uvindex,-3.0,5.0,,,,,,9.0
2024-04-19 12:00:00,,uvindex,-3.0,5.0,,,,,,10.0
2024-04-19 13:00:00,,uvindex,-3.0,5.0,,,,,,9.0
2024-04-19 14:00:00,,uvindex,-3.0,5.0,,,,,,9.0
2024-04-19 15:00:00,,uvindex,-3.0,5.0,,,,,,7.0
2024-04-20 10:00:00,,uvindex,-3.0,5.0,,,,,,7.0
2024-04-20 11:00:00,,uvindex,-3.0,5.0,,,,,,9.0
2024-04-20 12:00:00,,uvindex,-3.0,5.0,,,,,,9.0
2024-04-20 13:00:00,,uvindex,-3.0,5.0,,,,,,9.0
2024-04-20 14:00:00,,uvindex,-3.0,5.0,,,,,,8.0
2024-04-21 10:00:00,,uvindex,-3.0,5.0,,,,,,6.0
2024-04-21 11:00:00,,uvindex,-3.0,5.0,,,,,,9.0
2024-04-21 12:00:00,,uvindex,-3.0,5.0,,,,,,9.0
2024-04-21 13:00:00,,uvindex,-3.0,5.0,,,,,,9.0
2024-04-21 14:00:00,,uvindex,-3.0,5.0,,,,,,7.0
2024-04-23 11:00:00,,uvindex,-3.0,5.0,,,,,,6.0
2024-04-23 13:00:00,,uvindex,-3.0,5.0,,,,,,7.0
2024-04-25 12:00:00,,uvindex,-3.0,5.0,,,,,,7.0
2024-04-25 13:00:00,,uvindex,-3.0,5.0,,,,,,8.0
2024-04-25 14:00:00,,uvindex,-3.0,5.0,,,,,,8.0
2024-04-25 15:00:00,,uvindex,-3.0,5.0,,,,,,6.0
2024-04-26 10:00:00,,uvindex,-3.0,5.0,,,,,,7.0
2024-04-26 11:00:00,,uvindex,-3.0,5.0,,,,,,9.0
2024-04-26 12:00:00,,uvindex,-3.0,5.0,,,,,,10.0
2024-04-26 13:00:00,,uvindex,-3.0,5.0,,,,,,10.0
2024-04-26 14:00:00,,uvindex,-3.0,5.0,,,,,,9.0
2024-04-26 15:00:00,,uvindex,-3.0,5.0,,,,,,7.0
2024-04-27 09:00:00,,uvindex,-3.0,5.0,,,,,,6.0
2024-04-27 10:00:00,,uvindex,-3.0,5.0,,,,,,8.0
2024-04-27 11:00:00,,uvindex,-3.0,5.0,,,,,,9.0
2024-04-27 12:00:00,,uvindex,-3.0,5.0,,,,,,10.0
2024-04-27 13:00:00,,uvindex,-3.0,5.0,,,,,,10.0
2024-04-27 14:00:00,,uvindex,-3.0,5.0,,,,,,9.0
2024-04-27 15:00:00,,uvindex,-3.0,5.0,,,,,,8.0
2024-04-27 16:00:00,,uvindex,-3.0,5.0,,,,,,6.0
2024-04-28 09:00:00,,uvindex,-3.0,5.0,,,,,,6.0
2024-04-28 10:00:00,,uvindex,-3.0,5.0,,,,,,8.0
2024-04-28 11:00:00,,uvindex,-3.0,5.0,,,,,,9.0
2024-04-28 12:00:00,,uvindex,-3.0,5.0,,,,,,10.0
2024-04-28 13:00:00,,uvindex,-3.0,5.0,,,,,,9.0
2024-04-28 14:00:00,,uvindex,-3.0,5.0,,,,,,9.0
2024-04-28 15:00:00,,uvindex,-3.0,5.0,,,,,,7.0
2024-04-29 09:00:00,,uvindex,-3.0,5.0,,,,,,6.0
2024-04-29 10:00:00,,uvindex,-3.0,5.0,,,,,,8.0
2024-04-29 11:00:00,,uvindex,-3.0,5.0,,,,,,9.0
2024-04-29 12:00:00,,uvindex,-3.0,5.0,,,,,,10.0
2024-04-29 13:00:00,,uvindex,-3.0,5.0,,,,,,10.0
2024-04-29 14:00:00,,uvindex,-3.0,5.0,,,,,,8.0
2024-04-29 15:00:00,,uvindex,-3.0,5.0,,,,,,6.0
2024-04-30 09:00:00,,uvindex,-3.0,5.0,,,,,,6.0
2024-04-30 10:00:00,,uvindex,-3.0,5.0,,,,,,8.0
2024-04-30 11:00:00,,uvindex,-3.0,5.0,,,,,,9.0
2024-04-30 12:00:00,,uvindex,-3.0,5.0,,,,,,10.0
2024-04-30 13:00:00,,uvindex,-3.0,5.0,,,,,,9.0
2024-04-30 14:00:00,,uvindex,-3.0,5.0,,,,,,9.0
2024-04-30 15:00:00,,uvindex,-3.0,5.0,,,,,,7.0
2024-05-04 11:00:00,,uvindex,-3.0,5.0,,,,,,7.0
2024-05-04 12:00:00,,uvindex,-3.0,5.0,,,,,,9.0
2024-05-04 13:00:00,,uvindex,-3.0,5.0,,,,,,9.0
2024-05-04 14:00:00,,uvindex,-3.0,5.0,,,,,,9.0
2024-05-04 15:00:00,,uvindex,-3.0,5.0,,,,,,7.0
2024-05-04 16:00:00,,uvindex,-3.0,5.0,,,,,,6.0
2024-05-08 14:00:00,,uvindex,-3.0,5.0,,,,,,6.0
2024-05-08 15:00:00,,uvindex,-3.0,5.0,,,,,,6.0
2024-05-10 10:00:00,,uvindex,-3.0,5.0,,,,,,6.0
2024-05-10 11:00:00,,uvindex,-3.0,5.0,,,,,,7.0
2024-05-10 12:00:00,,uvindex,-3.0,5.0,,,,,,8.0
2024-05-10 13:00:00,,uvindex,-3.0,5.0,,,,,,8.0
2024-05-10 14:00:00,,uvindex,-3.0,5.0,,,,,,8.0
2024-05-10 15:00:00,,uvindex,-3.0,5.0,,,,,,6.0
2024-05-11 10:00:00,,uvindex,-3.0,5.0,,,,,,6.0
2024-05-11 11:00:00,,uvindex,-3.0,5.0,,,,,,6.0
2024-05-11 12:00:00,,uvindex,-3.0,5.0,,,,,,7.0
2024-05-11 13:00:00,,uvindex,-3.0,5.0,,,,,,8.0
2024-05-11 14:00:00,,uvindex,-3.0,5.0,,,,,,7.0
2024-05-11 15:00:00,,uvindex,-3.0,5.0,,,,,,6.0
2024-05-12 12:00:00,,uvindex,-3.0,5.0,,,,,,6.0
2024-05-12 14:00:00,,uvindex,-3.0,5.0,,,,,,6.0
2024-05-14 10:00:00,,uvindex,-3.0,5.0,,,,,,6.0
2024-05-14 11:00:00,,uvindex,-3.0,5.0,,,,,,8.0
2024-05-14 12:00:00,,uvindex,-3.0,5.0,,,,,,6.0
2024-05-14 13:00:00,,uvindex,-3.0,5.0,,,,,,6.0
2024-05-14 14:00:00,,uvindex,-3.0,5.0,,,,,,7.0
2024-05-14 15:00:00,,uvindex,-3.0,5.0,,,,,,6.0
2024-05-15 11:00:00,,uvindex,-3.0,5.0,,,,,,7.0
2024-05-15 12:00:00,,uvindex,-3.0,5.0,,,,,,8.0
2024-05-15 13:00:00,,uvindex,-3.0,5.0,,,,,,7.0
2024-05-17 11:00:00,,uvindex,-3.0,5.0,,,,,,7.0
2024-05-17 12:00:00,,uvindex,-3.0,5.0,,,,,,6.0
2024-05-17 13:00:00,,uvindex,-3.0,5.0,,,,,,7.0
2024-05-17 14:00:00,,uvindex,-3.0,5.0,,,,,,6.0
2024-05-17 15:00:00,,uvindex,-3.0,5.0,,,,,,6.0
2024-05-18 11:00:00,,uvindex,-3.0,5.0,,,,,,6.0
2024-05-18 13:00:00,,uvindex,-3.0,5.0,,,,,,8.0
2024-05-19 12:00:00,,uvindex,-3.0,5.0,,,,,,7.0
2024-05-19 13:00:00,,uvindex,-3.0,5.0,,,,,,7.0
2024-05-20 11:00:00,,uvindex,-3.0,5.0,,,,,,6.0
2024-05-20 12:00:00,,uvindex,-3.0,5.0,,,,,,7.0
2024-05-20 14:00:00,,uvindex,-3.0,5.0,,,,,,7.0
2024-05-20 15:00:00,,uvindex,-3.0,5.0,,,,,,6.0
2024-05-21 11:00:00,,uvindex,-3.0,5.0,,,,,,7.0
2024-05-21 12:00:00,,uvindex,-3.0,5.0,,,,,,8.0
2024-05-21 13:00:00,,uvindex,-3.0,5.0,,,,,,8.0
2024-05-22 11:00:00,,uvindex,-3.0,5.0,,,,,,6.0
2024-05-22 12:00:00,,uvindex,-3.0,5.0,,,,,,8.0
2024-05-22 13:00:00,,uvindex,-3.0,5.0,,,,,,7.0
2024-05-22 14:00:00,,uvindex,-3.0,5.0,,,,,,7.0
2024-05-22 15:00:00,,uvindex,-3.0,5.0,,,,,,6.0
2024-05-23 10:00:00,,uvindex,-3.0,5.0,,,,,,6.0
2024-05-23 11:00:00,,uvindex,-3.0,5.0,,,,,,7.0
2024-05-23 12:00:00,,uvindex,-3.0,5.0,,,,,,7.0
2024-05-23 13:00:00,,uvindex,-3.0,5.0,,,,,,8.0
2024-05-24 09:00:00,,uvindex,-3.0,5.0,,,,,,6.0
2024-05-24 10:00:00,,uvindex,-3.0,5.0,,,,,,8.0
2024-05-24 11:00:00,,uvindex,-3.0,5.0,,,,,,7.0
2024-05-24 12:00:00,,uvindex,-3.0,5.0,,,,,,7.0
2024-05-24 13:00:00,,uvindex,-3.0,5.0,,,,,,7.0
2024-05-24 14:00:00,,uvindex,-3.0,5.0,,,,,,8.0
2024-05-24 15:00:00,,uvindex,-3.0,5.0,,,,,,6.0
2024-05-25 14:00:00,,uvindex,-3.0,5.0,,,,,,6.0
2024-05-25 15:00:00,,uvindex,-3.0,5.0,,,,,,6.0
2024-05-26 10:00:00,,uvindex,-3.0,5.0,,,,,,6.0
2024-05-26 11:00:00,,uvindex,-3.0,5.0,,,,,,7.0
2024-05-26 12:00:00,,uvindex,-3.0,5.0,,,,,,8.0
2024-05-26 13:00:00,,uvindex,-3.0,5.0,,,,,,8.0
2024-05-27 10:00:00,,uvindex,-3.0,5.0,,,,,,6.0
2024-05-27 11:00:00,,uvindex,-3.0,5.0,,,,,,7.0
2024-05-28 12:00:00,,uvindex,-3.0,5.0,,,,,,7.0
2024-05-29 10:00:00,,uvindex,-3.0,5.0,,,,,,6.0
2024-05-29 11:00:00,,uvindex,-3.0,5.0,,,,,,7.0
2024-05-29 12:00:00,,uvindex,-3.0,5.0,,,,,,7.0
2024-05-29 13:00:00,,uvindex,-3.0,5.0,,,,,,8.0
2024-05-29 14:00:00,,uvindex,-3.0,5.0,,,,,,7.0
2024-05-29 15:00:00,,uvindex,-3.0,5.0,,,,,,6.0
2024-05-30 12:00:00,,uvindex,-3.0,5.0,,,,,,6.0
2024-05-30 14:00:00,,uvindex,-3.0,5.0,,,,,,6.0
2024-06-01 10:00:00,,uvindex,-3.0,5.0,,,,,,6.0
2024-06-01 11:00:00,,uvindex,-3.0,5.0,,,,,,8.0
2024-06-01 12:00:00,,uvindex,-3.0,5.0,,,,,,7.0
2024-06-01 13:00:00,,uvindex,-3.0,5.0,,,,,,7.0
2024-06-01 14:00:00,,uvindex,-3.0,5.0,,,,,,8.0
2024-06-01 15:00:00,,uvindex,-3.0,5.0,,,,,,7.0
2024-06-02 10:00:00,,uvindex,-3.0,5.0,,,,,,6.0
2024-06-02 11:00:00,,uvindex,-3.0,5.0,,,,,,7.0
2024-06-02 12:00:00,,uvindex,-3.0,5.0,,,,,,6.0
2024-06-02 13:00:00,,uvindex,-3.0,5.0,,,,,,7.0
2024-06-02 14:00:00,,uvindex,-3.0,5.0,,,,,,7.0
2024-06-02 15:00:00,,uvindex,-3.0,5.0,,,,,,6.0
2024-06-03 11:00:00,,uvindex,-3.0,5.0,,,,,,7.0
2024-06-03 12:00:00,,uvindex,-3.0,5.0,,,,,,7.0
2024-06-03 13:00:00,,uvindex,-3.0,5.0,,,,,,8.0
2024-06-03 14:00:00,,uvindex,-3.0,5.0,,,,,,6.0
2024-06-06 12:00:00,,uvindex,-3.0,5.0,,,,,,6.0
2024-06-07 14:00:00,,uvindex,-3.0,5.0,,,,,,6.0
2024-06-10 11:00:00,,uvindex,-3.0,5.0,,,,,,7.0
2024-06-10 12:00:00,,uvindex,-3.0,5.0,,,,,,6.0
2024-06-10 13:00:00,,uvindex,-3.0,5.0,,,,,,6.0
2024-06-11 11:00:00,,uvindex,-3.0,5.0,,,,,,6.0
2024-06-11 12:00:00,,uvindex,-3.0,5.0,,,,,,7.0
2024-06-11 14:00:00,,uvindex,-3.0,5.0,,,,,,8.0
2024-06-12 10:00:00,,uvindex,-3.0,5.0,,,,,,6.0
2024-06-12 11:00:00,,uvindex,-3.0,5.0,,,,,,8.0
2024-06-12 12:00:00,,uvindex,-3.0,5.0,,,,,,8.0
2024-06-12 13:00:00,,uvindex,-3.0,5.0,,,,,,7.0
2024-06-12 14:00:00,,uvindex,-3.0,5.0,,,,,,7.0
2024-06-12 15:00:00,,uvindex,-3.0,5.0,,,,,,7.0
2024-06-13 10:00:00,,uvindex,-3.0,5.0,,,,,,7.0
2024-06-13 11:00:00,,uvindex,-3.0,5.0,,,,,,8.0
2024-06-13 12:00:00,,uvindex,-3.0,5.0,,,,,,8.0
2024-06-13 13:00:00,,uvindex,-3.0,5.0,,,,,,8.0
2024-06-13 14:00:00,,uvindex,-3.0,5.0,,,,,,7.0
2024-06-14 11:00:00,,uvindex,-3.0,5.0,,,,,,7.0
2024-06-14 12:00:00,,uvindex,-3.0,5.0,,,,,,6.0
2024-06-14 13:00:00,,uvindex,-3.0,5.0,,,,,,7.0
2024-06-14 14:00:00,,uvindex,-3.0,5.0,,,,,,7.0
2024-06-15 13:00:00,,uvindex,-3.0,5.0,,,,,,6.0
2024-06-15 14:00:00,,uvindex,-3.0,5.0,,,,,,6.0
2024-06-16 11:00:00,,uvindex,-3.0,5.0,,,,,,8.0
2024-06-16 12:00:00,,uvindex,-3.0,5.0,,,,,,8.0
2024-06-16 13:00:00,,uvindex,-3.0,5.0,,,,,,7.0
2024-06-16 14:00:00,,uvindex,-3.0,5.0,,,,,,7.0
2024-06-17 11:00:00,,uvindex,-3.0,5.0,,,,,,6.0
2024-06-17 12:00:00,,uvindex,-3.0,5.0,,,,,,8.0
2024-06-17 13:00:00,,uvindex,-3.0,5.0,,,,,,8.0
2024-06-17 14:00:00,,uvindex,-3.0,5.0,,,,,,7.0
2024-06-17 15:00:00,,uvindex,-3.0,5.0,,,,,,6.0
2024-06-18 11:00:00,,uvindex,-3.0,5.0,,,,,,6.0
2024-06-18 12:00:00,,uvindex,-3.0,5.0,,,,,,6.0
2024-06-18 13:00:00,,uvindex,-3.0,5.0,,,,,,6.0
2024-06-19 10:00:00,,uvindex,-3.0,5.0,,,,,,6.0
2024-06-19 11:00:00,,uvindex,-3.0,5.0,,,,,,7.0
2024-06-19 12:00:00,,uvindex,-3.0,5.0,,,,,,8.0
2024-06-19 13:00:00,,uvindex,-3.0,5.0,,,,,,7.0
2024-06-19 14:00:00,,uvindex,-3.0,5.0,,,,,,7.0
2024-06-19 15:00:00,,uvindex,-3.0,5.0,,,,,,7.0
2024-06-20 10:00:00,,uvindex,-3.0,5.0,,,,,,7.0
2024-06-20 11:00:00,,uvindex,-3.0,5.0,,,,,,7.0
2024-06-20 12:00:00,,uvindex,-3.0,5.0,,,,,,8.0
2024-06-20 13:00:00,,uvindex,-3.0,5.0,,,,,,7.0
2024-06-20 14:00:00,,uvindex,-3.0,5.0,,,,,,7.0
2024-06-21 10:00:00,,uvindex,-3.0,5.0,,,,,,7.0
2024-06-21 11:00:00,,uvindex,-3.0,5.0,,,,,,8.0
2024-06-21 12:00:00,,uvindex,-3.0,5.0,,,,,,8.0
2024-06-21 13:00:00,,uvindex,-3.0,5.0,,,,,,8.0
2024-06-21 14:00:00,,uvindex,-3.0,5.0,,,,,,7.0
2024-06-22 11:00:00,,uvindex,-3.0,5.0,,,,,,7.0
2024-06-22 12:00:00,,uvindex,-3.0,5.0,,,,,,9.0
2024-06-22 13:00:00,,uvindex,-3.0,5.0,,,,,,7.0
2024-06-22 14:00:00,,uvindex,-3.0,5.0,,,,,,6.0
2024-06-23 10:00:00,,uvindex,-3.0,5.0,,,,,,6.0
2024-06-23 11:00:00,,uvindex,-3.0,5.0,,,,,,8.0
2024-06-23 12:00:00,,uvindex,-3.0,5.0,,,,,,9.0
2024-06-23 13:00:00,,uvindex,-3.0,5.0,,,,,,7.0
2024-06-23 14:00:00,,uvindex,-3.0,5.0,,,,,,7.0
2024-06-28 10:00:00,,uvindex,-3.0,5.0,,,,,,6.0
2024-06-28 12:00:00,,uvindex,-3.0,5.0,,,,,,6.0
2024-06-28 13:00:00,,uvindex,-3.0,5.0,,,,,,8.0
2024-06-29 10:00:00,,uvindex,-3.0,5.0,,,,,,7.0
2024-06-29 11:00:00,,uvindex,-3.0,5.0,,,,,,8.0
2024-06-29 12:00:00,,uvindex,-3.0,5.0,,,,,,9.0
2024-06-29 13:00:00,,uvindex,-3.0,5.0,,,,,,8.0
2024-06-29 14:00:00,,uvindex,-3.0,5.0,,,,,,8.0
2024-06-29 15:00:00,,uvindex,-3.0,5.0,,,,,,6.0
2024-06-30 10:00:00,,uvindex,-3.0,5.0,,,,,,7.0
2024-06-30 11:00:00,,uvindex,-3.0,5.0,,,,,,8.0
2024-06-30 12:00:00,,uvindex,-3.0,5.0,,,,,,9.0
2024-06-30 13:00:00,,uvindex,-3.0,5.0,,,,,,9.0
2024-06-30 14:00:00,,uvindex,-3.0,5.0,,,,,,6.0
2024-06-30 15:00:00,,uvindex,-3.0,5.0,,,,,,6.0
2024-07-01 11:00:00,,uvindex,-3.0,5.0,,,,,,6.0
2024-07-01 12:00:00,,uvindex,-3.0,5.0,,,,,,6.0
2024-07-02 11:00:00,,uvindex,-3.0,5.0,,,,,,6.0
2024-07-02 12:00:00,,uvindex,-3.0,5.0,,,,,,6.0
2024-07-02 13:00:00,,uvindex,-3.0,5.0,,,,,,6.0
2024-07-04 11:00:00,,uvindex,-3.0,5.0,,,,,,7.0
2024-07-04 12:00:00,,uvindex,-3.0,5.0,,,,,,7.0
2024-07-04 13:00:00,,uvindex,-3.0,5.0,,,,,,6.0
2024-07-04 14:00:00,,uvindex,-3.0,5.0,,,,,,6.0
2024-07-04 15:00:00,,uvindex,-3.0,5.0,,,,,,6.0
2024-07-05 10:00:00,,uvindex,-3.0,5.0,,,,,,6.0
2024-07-05 11:00:00,,uvindex,-3.0,5.0,,,,,,7.0
2024-07-05 12:00:00,,uvindex,-3.0,5.0,,,,,,7.0
2024-07-05 13:00:00,,uvindex,-3.0,5.0,,,,,,8.0
2024-07-05 14:00:00,,uvindex,-3.0,5.0,,,,,,8.0
2024-07-05 15:00:00,,uvindex,-3.0,5.0,,,,,,6.0
2024-07-06 10:00:00,,uvindex,-3.0,5.0,,,,,,6.0
2024-07-06 11:00:00,,uvindex,-3.0,5.0,,,,,,6.0
2024-07-06 12:00:00,,uvindex,-3.0,5.0,,,,,,7.0
2024-07-06 13:00:00,,uvindex,-3.0,5.0,,,,,,6.0
2024-07-06 14:00:00,,uvindex,-3.0,5.0,,,,,,7.0
2024-07-06 15:00:00,,uvindex,-3.0,5.0,,,,,,7.0
2024-07-07 09:00:00,,uvindex,-3.0,5.0,,,,,,6.0
2024-07-07 10:00:00,,uvindex,-3.0,5.0,,,,,,6.0
2024-07-07 11:00:00,,uvindex,-3.0,5.0,,,,,,8.0
2024-07-07 12:00:00,,uvindex,-3.0,5.0,,,,,,9.0
2024-07-07 13:00:00,,uvindex,-3.0,5.0,,,,,,9.0
2024-07-07 14:00:00,,uvindex,-3.0,5.0,,,,,,8.0
2024-07-07 15:00:00,,uvindex,-3.0,5.0,,,,,,7.0
2024-07-08 10:00:00,,uvindex,-3.0,5.0,,,,,,7.0
2024-07-08 11:00:00,,uvindex,-3.0,5.0,,,,,,9.0
2024-07-08 12:00:00,,uvindex,-3.0,5.0,,,,,,9.0
2024-07-08 13:00:00,,uvindex,-3.0,5.0,,,,,,9.0
2024-07-08 14:00:00,,uvindex,-3.0,5.0,,,,,,8.0
2024-07-08 15:00:00,,uvindex,-3.0,5.0,,,,,,7.0
2024-07-09 10:00:00,,uvindex,-3.0,5.0,,,,,,7.0
2024-07-09 11:00:00,,uvindex,-3.0,5.0,,,,,,8.0
2024-07-09 12:00:00,,uvindex,-3.0,5.0,,,,,,9.0
2024-07-09 13:00:00,,uvindex,-3.0,5.0,,,,,,8.0
2024-07-09 14:00:00,,uvindex,-3.0,5.0,,,,,,8.0
2024-07-09 15:00:00,,uvindex,-3.0,5.0,,,,,,6.0
2024-07-10 10:00:00,,uvindex,-3.0,5.0,,,,,,6.0
2024-07-10 11:00:00,,uvindex,-3.0,5.0,,,,,,8.0
2024-07-10 12:00:00,,uvindex,-3.0,5.0,,,,,,9.0
2024-07-10 13:00:00,,uvindex,-3.0,5.0,,,,,,8.0
2024-07-10 14:00:00,,uvindex,-3.0,5.0,,,,,,7.0
2024-07-11 10:00:00,,uvindex,-3.0,5.0,,,,,,6.0
2024-07-11 11:00:00,,uvindex,-3.0,5.0,,,,,,8.0
2024-07-11 12:00:00,,uvindex,-3.0,5.0,,,,,,9.0
2024-07-11 13:00:00,,uvindex,-3.0,5.0,,,,,,8.0
2024-07-11 14:00:00,,uvindex,-3.0,5.0,,,,,,8.0
2024-07-11 15:00:00,,uvindex,-3.0,5.0,,,,,,7.0
2024-07-11 16:00:00,,uvindex,-3.0,5.0,,,,,,6.0
2024-07-12 11:00:00,,uvindex,-3.0,5.0,,,,,,8.0
2024-07-12 12:00:00,,uvindex,-3.0,5.0,,,,,,6.0
2024-07-12 13:00:00,,uvindex,-3.0,5.0,,,,,,8.0
2024-07-12 14:00:00,,uvindex,-3.0,5.0,,,,,,7.0
2024-07-12 15:00:00,,uvindex,-3.0,5.0,,,,,,6.0
2024-07-13 11:00:00,,uvindex,-3.0,5.0,,,,,,7.0
2024-07-13 12:00:00,,uvindex,-3.0,5.0,,,,,,7.0
2024-07-13 13:00:00,,uvindex,-3.0,5.0,,,,,,7.0
2024-07-13 14:00:00,,uvindex,-3.0,5.0,,,,,,7.0
2024-07-14 12:00:00,,uvindex,-3.0,5.0,,,,,,6.0
2024-07-15 14:00:00,,uvindex,-3.0,5.0,,,,,,6.0
2024-07-20 11:00:00,,uvindex,-3.0,5.0,,,,,,6.0
2024-07-21 11:00:00,,uvindex,-3.0,5.0,,,,,,6.0
2024-07-21 12:00:00,,uvindex,-3.0,5.0,,,,,,8.0
2024-07-21 13:00:00,,uvindex,-3.0,5.0,,,,,,7.0
2024-07-21 14:00:00,,uvindex,-3.0,5.0,,,,,,8.0
2024-07-22 11:00:00,,uvindex,-3.0,5.0,,,,,,7.0
2024-07-22 12:00:00,,uvindex,-3.0,5.0,,,,,,6.0
2024-07-22 13:00:00,,uvindex,-3.0,5.0,,,,,,6.0
2024-07-22 14:00:00,,uvindex,-3.0,5.0,,,,,,6.0
2024-07-25 11:00:00,,uvindex,-3.0,5.0,,,,,,6.0
2024-07-25 12:00:00,,uvindex,-3.0,5.0,,,,,,7.0
2024-07-25 13:00:00,,uvindex,-3.0,5.0,,,,,,7.0
2024-07-25 14:00:00,,uvindex,-3.0,5.0,,,,,,6.0
2024-07-26 09:00:00,,uvindex,-3.0,5.0,,,,,,6.0
2024-07-26 10:00:00,,uvindex,-3.0,5.0,,,,,,8.0
2024-07-26 11:00:00,,uvindex,-3.0,5.0,,,,,,9.0
2024-07-26 12:00:00,,uvindex,-3.0,5.0,,,,,,10.0
2024-07-26 13:00:00,,uvindex,-3.0,5.0,,,,,,10.0
2024-07-26 14:00:00,,uvindex,-3.0,5.0,,,,,,9.0
2024-07-26 15:00:00,,uvindex,-3.0,5.0,,,,,,8.0
2024-07-26 16:00:00,,uvindex,-3.0,5.0,,,,,,6.0
2024-07-27 10:00:00,,uvindex,-3.0,5.0,,,,,,7.0
2024-07-27 11:00:00,,uvindex,-3.0,5.0,,,,,,8.0
2024-07-27 12:00:00,,uvindex,-3.0,5.0,,,,,,9.0
2024-07-27 13:00:00,,uvindex,-3.0,5.0,,,,,,9.0
2024-07-27 14:00:00,,uvindex,-3.0,5.0,,,,,,8.0
2024-07-27 15:00:00,,uvindex,-3.0,5.0,,,,,,6.0
2024-08-03 13:00:00,,uvindex,-3.0,5.0,,,,,,7.0
2024-08-03 14:00:00,,uvindex,-3.0,5.0,,,,,,7.0
2024-08-03 15:00:00,,uvindex,-3.0,5.0,,,,,,7.0
2024-08-04 10:00:00,,uvindex,-3.0,5.0,,,,,,6.0
2024-08-04 11:00:00,,uvindex,-3.0,5.0,,,,,,8.0
2024-08-04 12:00:00,,uvindex,-3.0,5.0,,,,,,9.0
2024-08-04 13:00:00,,uvindex,-3.0,5.0,,,,,,9.0
2024-08-04 14:00:00,,uvindex,-3.0,5.0,,,,,,7.0
2024-08-04 15:00:00,,uvindex,-3.0,5.0,,,,,,6.0
2024-08-05 12:00:00,,uvindex,-3.0,5.0,,,,,,8.0
2024-08-05 13:00:00,,uvindex,-3.0,5.0,,,,,,8.0
2024-08-05 14:00:00,,uvindex,-3.0,5.0,,,,,,8.0
2024-08-05 15:00:00,,uvindex,-3.0,5.0,,,,,,7.0
2024-08-06 11:00:00,,uvindex,-3.0,5.0,,,,,,7.0
2024-08-06 12:00:00,,uvindex,-3.0,5.0,,,,,,8.0
2024-08-06 13:00:00,,uvindex,-3.0,5.0,,,,,,9.0
2024-08-06 14:00:00,,uvindex,-3.0,5.0,,,,,,8.0
2024-08-06 15:00:00,,uvindex,-3.0,5.0,,,,,,7.0
2024-08-07 10:00:00,,uvindex,-3.0,5.0,,,,,,7.0
2024-08-07 11:00:00,,uvindex,-3.0,5.0,,,,,,8.0
2024-08-07 12:00:00,,uvindex,-3.0,5.0,,,,,,9.0
2024-08-07 13:00:00,,uvindex,-3.0,5.0,,,,,,9.0
2024-08-07 14:00:00,,uvindex,-3.0,5.0,,,,,,7.0
2024-08-08 10:00:00,,uvindex,-3.0,5.0,,,,,,7.0
2024-08-08 11:00:00,,uvindex,-3.0,5.0,,,,,,8.0
2024-08-08 12:00:00,,uvindex,-3.0,5.0,,,,,,9.0
2024-08-08 13:00:00,,uvindex,-3.0,5.0,,,,,,9.0
2024-08-08 14:00:00,,uvindex,-3.0,5.0,,,,,,8.0
2024-08-08 15:00:00,,uvindex,-3.0,5.0,,,,,,7.0
2024-08-09 09:00:00,,uvindex,-3.0,5.0,,,,,,6.0
2024-08-09 10:00:00,,uvindex,-3.0,5.0,,,,,,8.0
2024-08-09 11:00:00,,uvindex,-3.0,5.0,,,,,,9.0
2024-08-09 12:00:00,,uvindex,-3.0,5.0,,,,,,9.0
2024-08-09 13:00:00,,uvindex,-3.0,5.0,,,,,,9.0
2024-08-09 14:00:00,,uvindex,-3.0,5.0,,,,,,8.0
2024-08-09 15:00:00,,uvindex,-3.0,5.0,,,,,,7.0
2024-08-10 10:00:00,,uvindex,-3.0,5.0,,,,,,7.0
2024-08-10 11:00:00,,uvindex,-3.0,5.0,,,,,,9.0
2024-08-10 12:00:00,,uvindex,-3.0,5.0,,,,,,9.0
2024-08-10 13:00:00,,uvindex,-3.0,5.0,,,,,,9.0
2024-08-10 14:00:00,,uvindex,-3.0,5.0,,,,,,9.0
2024-08-10 15:00:00,,uvindex,-3.0,5.0,,,,,,7.0
2024-08-11 11:00:00,,uvindex,-3.0,5.0,,,,,,7.0
2024-08-11 12:00:00,,uvindex,-3.0,5.0,,,,,,6.0
2024-08-11 13:00:00,,uvindex,-3.0,5.0,,,,,,6.0
2024-08-12 14:00:00,,uvindex,-3.0,5.0,,,,,,6.0
2024-08-14 13:00:00,,uvindex,-3.0,5.0,,,,,,6.0
2024-08-15 11:00:00,,uvindex,-3.0,5.0,,,,,,6.0
2024-08-15 12:00:00,,uvindex,-3.0,5.0,,,,,,8.0
2024-08-15 13:00:00,,uvindex,-3.0,5.0,,,,,,8.0
2024-08-15 14:00:00,,uvindex,-3.0,5.0,,,,,,7.0
2024-08-16 11:00:00,,uvindex,-3.0,5.0,,,,,,7.0
2024-08-16 12:00:00,,uvindex,-3.0,5.0,,,,,,8.0
2024-08-16 13:00:00,,uvindex,-3.0,5.0,,,,,,7.0
2024-08-16 14:00:00,,uvindex,-3.0,5.0,,,,,,8.0
2024-08-16 15:00:00,,uvindex,-3.0,5.0,,,,,,6.0
2024-08-17 10:00:00,,uvindex,-3.0,5.0,,,,,,6.0
2024-08-17 11:00:00,,uvindex,-3.0,5.0,,,,,,7.0
2024-08-17 12:00:00,,uvindex,-3.0,5.0,,,,,,7.0
2024-08-17 13:00:00,,uvindex,-3.0,5.0,,,,,,6.0
2024-08-17 14:00:00,,uvindex,-3.0,5.0,,,,,,7.0
2024-08-17 15:00:00,,uvindex,-3.0,5.0,,,,,,6.0
2024-08-18 13:00:00,,uvindex,-3.0,5.0,,,,,,6.0
2024-08-18 14:00:00,,uvindex,-3.0,5.0,,,,,,6.0
2024-08-19 12:00:00,,uvindex,-3.0,5.0,,,,,,6.0
2024-08-19 13:00:00,,uvindex,-3.0,5.0,,,,,,7.0
2024-08-19 14:00:00,,uvindex,-3.0,5.0,,,,,,6.0
2024-08-20 10:00:00,,uvindex,-3.0,5.0,,,,,,6.0
2024-08-20 11:00:00,,uvindex,-3.0,5.0,,,,,,7.0
2024-08-20 12:00:00,,uvindex,-3.0,5.0,,,,,,8.0
2024-08-20 13:00:00,,uvindex,-3.0,5.0,,,,,,8.0
2024-08-20 14:00:00,,uvindex,-3.0,5.0,,,,,,6.0
2024-08-21 13:00:00,,uvindex,-3.0,5.0,,,,,,6.0
2024-08-22 11:00:00,,uvindex,-3.0,5.0,,,,,,6.0
2024-08-22 12:00:00,,uvindex,-3.0,5.0,,,,,,7.0
2024-08-22 13:00:00,,uvindex,-3.0,5.0,,,,,,7.0
2024-08-22 14:00:00,,uvindex,-3.0,5.0,,,,,,6.0
2024-08-25 12:00:00,,uvindex,-3.0,5.0,,,,,,6.0
2024-08-25 13:00:00,,uvindex,-3.0,5.0,,,,,,7.0
2024-08-25 15:00:00,,uvindex,-3.0,5.0,,,,,,6.0
2024-08-26 12:00:00,,uvindex,-3.0,5.0,,,,,,6.0
2024-08-26 13:00:00,,uvindex,-3.0,5.0,,,,,,6.0
2024-08-26 14:00:00,,uvindex,-3.0,5.0,,,,,,6.0
2024-08-27 12:00:00,,uvindex,-3.0,5.0,,,,,,7.0
2024-08-27 13:00:00,,uvindex,-3.0,5.0,,,,,,8.0
2024-08-27 14:00:00,,uvindex,-3.0,5.0,,,,,,8.0
2024-08-27 15:00:00,,uvindex,-3.0,5.0,,,,,,6.0
2024-08-28 10:00:00,,uvindex,-3.0,5.0,,,,,,7.0
2024-08-28 11:00:00,,uvindex,-3.0,5.0,,,,,,8.0
2024-08-28 12:00:00,,uvindex,-3.0,5.0,,,,,,9.0
2024-08-28 13:00:00,,uvindex,-3.0,5.0,,,,,,9.0
2024-08-28 14:00:00,,uvindex,-3.0,5.0,,,,,,6.0
2024-08-28 15:00:00,,uvindex,-3.0,5.0,,,,,,6.0
2024-08-29 10:00:00,,uvindex,-3.0,5.0,,,,,,6.0
2024-08-29 11:00:00,,uvindex,-3.0,5.0,,,,,,8.0
2024-08-29 12:00:00,,uvindex,-3.0,5.0,,,,,,9.0
2024-08-29 13:00:00,,uvindex,-3.0,5.0,,,,,,8.0
2024-08-29 14:00:00,,uvindex,-3.0,5.0,,,,,,7.0
2024-08-30 14:00:00,,uvindex,-3.0,5.0,,,,,,6.0
2024-08-30 15:00:00,,uvindex,-3.0,5.0,,,,,,6.0
2024-08-31 13:00:00,,uvindex,-3.0,5.0,,,,,,7.0
2024-08-31 14:00:00,,uvindex,-3.0,5.0,,,,,,6.0
2024-09-01 12:00:00,,uvindex,-3.0,5.0,,,,,,8.0
2024-09-01 13:00:00,,uvindex,-3.0,5.0,,,,,,7.0
2024-09-02 11:00:00,,uvindex,-3.0,5.0,,,,,,7.0
2024-09-02 12:00:00,,uvindex,-3.0,5.0,,,,,,7.0
2024-09-02 13:00:00,,uvindex,-3.0,5.0,,,,,,7.0
2024-09-02 14:00:00,,uvindex,-3.0,5.0,,,,,,7.0
2024-09-03 10:00:00,,uvindex,-3.0,5.0,,,,,,6.0
2024-09-03 11:00:00,,uvindex,-3.0,5.0,,,,,,7.0
2024-09-03 12:00:00,,uvindex,-3.0,5.0,,,,,,8.0
2024-09-03 13:00:00,,uvindex,-3.0,5.0,,,,,,9.0
2024-09-03 14:00:00,,uvindex,-3.0,5.0,,,,,,8.0
2024-09-03 15:00:00,,uvindex,-3.0,5.0,,,,,,7.0
2024-09-04 10:00:00,,uvindex,-3.0,5.0,,,,,,7.0
2024-09-04 11:00:00,,uvindex,-3.0,5.0,,,,,,9.0
2024-09-04 12:00:00,,uvindex,-3.0,5.0,,,,,,9.0
2024-09-04 13:00:00,,uvindex,-3.0,5.0,,,,,,9.0
2024-09-04 14:00:00,,uvindex,-3.0,5.0,,,,,,7.0
2024-09-04 15:00:00,,uvindex,-3.0,5.0,,,,,,7.0
2024-09-05 10:00:00,,uvindex,-3.0,5.0,,,,,,7.0
2024-09-05 11:00:00,,uvindex,-3.0,5.0,,,,,,8.0
2024-09-05 12:00:00,,uvindex,-3.0,5.0,,,,,,9.0
2024-09-05 13:00:00,,uvindex,-3.0,5.0,,,,,,9.0
2024-09-05 14:00:00,,uvindex,-3.0,5.0,,,,,,8.0
2024-09-05 15:00:00,,uvindex,-3.0,5.0,,,,,,7.0
2024-09-06 10:00:00,,uvindex,-3.0,5.0,,,,,,6.0
2024-09-06 11:00:00,,uvindex,-3.0,5.0,,,,,,7.0
2024-09-06 12:00:00,,uvindex,-3.0,5.0,,,,,,9.0
2024-09-06 13:00:00,,uvindex,-3.0,5.0,,,,,,8.0
2024-09-06 14:00:00,,uvindex,-3.0,5.0,,,,,,7.0
2024-09-13 10:00:00,,uvindex,-3.0,5.0,,,,,,6.0
2024-09-13 11:00:00,,uvindex,-3.0,5.0,,,,,,7.0
2024-09-13 12:00:00,,uvindex,-3.0,5.0,,,,,,6.0
2024-09-14 10:00:00,,uvindex,-3.0,5.0,,,,,,6.0
2024-09-14 11:00:00,,uvindex,-3.0,5.0,,,,,,6.0
2024-09-14 12:00:00,,uvindex,-3.0,5.0,,,,,,7.0
2024-09-14 13:00:00,,uvindex,-3.0,5.0,,,,,,7.0
2024-09-14 14:00:00,,uvindex,-3.0,5.0,,,,,,6.0
2024-09-15 10:00:00,,uvindex,-3.0,5.0,,,,,,6.0
2024-09-15 11:00:00,,uvindex,-3.0,5.0,,,,,,8.0
2024-09-15 12:00:00,,uvindex,-3.0,5.0,,,,,,8.0
2024-09-15 13:00:00,,uvindex,-3.0,5.0,,,,,,9.0
2024-09-15 14:00:00,,uvindex,-3.0,5.0,,,,,,8.0
2024-09-15 15:00:00,,uvindex,-3.0,5.0,,,,,,6.0
2024-09-16 12:00:00,,uvindex,-3.0,5.0,,,,,,8.0
2024-09-16 13:00:00,,uvindex,-3.0,5.0,,,,,,8.0
2024-09-16 14:00:00,,uvindex,-3.0,5.0,,,,,,6.0
2024-09-18 13:00:00,,uvindex,-3.0,5.0,,,,,,7.0
2024-09-18 14:00:00,,uvindex,-3.0,5.0,,,,,,6.0
2024-09-19 11:00:00,,uvindex,-3.0,5.0,,,,,,8.0
2024-09-19 12:00:00,,uvindex,-3.0,5.0,,,,,,8.0
2024-09-19 13:00:00,,uvindex,-3.0,5.0,,,,,,7.0
2024-09-20 11:00:00,,uvindex,-3.0,5.0,,,,,,6.0
2024-09-20 12:00:00,,uvindex,-3.0,5.0,,,,,,7.0
2024-09-20 13:00:00,,uvindex,-3.0,5.0,,,,,,6.0
2024-09-20 14:00:00,,uvindex,-3.0,5.0,,,,,,6.0
2024-09-21 14:00:00,,uvindex,-3.0,5.0,,,,,,6.0
2024-09-24 10:00:00,,uvindex,-3.0,5.0,,,,,,7.0
2024-09-24 11:00:00,,uvindex,-3.0,5.0,,,,,,8.0
2024-09-24 12:00:00,,uvindex,-3.0,5.0,,,,,,9.0
2024-09-24 13:00:00,,uvindex,-3.0,5.0,,,,,,8.0
2024-09-24 14:00:00,,uvindex,-3.0,5.0,,,,,,7.0
2024-09-24 15:00:00,,uvindex,-3.0,5.0,,,,,,6.0
2024-09-26 10:00:00,,uvindex,-3.0,5.0,,,,,,7.0
2024-09-26 11:00:00,,uvindex,-3.0,5.0,,,,,,8.0
2024-09-26 12:00:00,,uvindex,-3.0,5.0,,,,,,8.0
2024-09-26 13:00:00,,uvindex,-3.0,5.0,,,,,,8.0
2024-09-26 14:00:00,,uvindex,-3.0,5.0,,,,,,7.0
2024-09-26 15:00:00,,uvindex,-3.0,5.0,,,,,,6.0
2024-09-27 11:00:00,,uvindex,-3.0,5.0,,,,,,6.0
2024-09-27 12:00:00,,uvindex,-3.0,5.0,,,,,,6.0
2024-09-27 13:00:00,,uvindex,-3.0,5.0,,,,,,7.0
2024-09-27 14:00:00,,uvindex,-3.0,5.0,,,,,,7.0
2024-09-28 11:00:00,,uvindex,-3.0,5.0,,,,,,6.0
2024-09-28 12:00:00,,uvindex,-3.0,5.0,,,,,,7.0
2024-09-28 13:00:00,,uvindex,-3.0,5.0,,,,,,7.0
2024-09-28 14:00:00,,uvindex,-3.0,5.0,,,,,,6.0
2024-10-01 14:00:00,,uvindex,-3.0,5.0,,,,,,6.0
2024-10-02 10:00:00,,uvindex,-3.0,5.0,,,,,,6.0
2024-10-02 11:00:00,,uvindex,-3.0,5.0,,,,,,9.0
2024-10-02 12:00:00,,uvindex,-3.0,5.0,,,,,,9.0
2024-10-02 13:00:00,,uvindex,-3.0,5.0,,,,,,9.0
2024-10-02 14:00:00,,uvindex,-3.0,5.0,,,,,,8.0
2024-10-02 15:00:00,,uvindex,-3.0,5.0,,,,,,6.0
2024-10-03 10:00:00,,uvindex,-3.0,5.0,,,,,,7.0
2024-10-03 11:00:00,,uvindex,-3.0,5.0,,,,,,8.0
2024-10-03 12:00:00,,uvindex,-3.0,5.0,,,,,,9.0
2024-10-03 13:00:00,,uvindex,-3.0,5.0,,,,,,9.0
2024-10-03 14:00:00,,uvindex,-3.0,5.0,,,,,,8.0
2024-10-03 15:00:00,,uvindex,-3.0,5.0,,,,,,6.0
2024-10-04 10:00:00,,uvindex,-3.0,5.0,,,,,,7.0
2024-10-04 11:00:00,,uvindex,-3.0,5.0,,,,,,8.0
2024-10-04 12:00:00,,uvindex,-3.0,5.0,,,,,,9.0
2024-10-04 13:00:00,,uvindex,-3.0,5.0,,,,,,9.0
2024-10-04 14:00:00,,uvindex,-3.0,5.0,,,,,,8.0
2024-10-04 15:00:00,,uvindex,-3.0,5.0,,,,,,6.0
2024-10-05 09:00:00,,uvindex,-3.0,5.0,,,,,,6.0
2024-10-05 10:00:00,,uvindex,-3.0,5.0,,,,,,7.0
2024-10-05 11:00:00,,uvindex,-3.0,5.0,,,,,,9.0
2024-10-05 12:00:00,,uvindex,-3.0,5.0,,,,,,9.0
2024-10-05 13:00:00,,uvindex,-3.0,5.0,,,,,,9.0
2024-10-05 14:00:00,,uvindex,-3.0,5.0,,,,,,8.0
2024-10-05 15:00:00,,uvindex,-3.0,5.0,,,,,,7.0
2024-10-06 10:00:00,,uvindex,-3.0,5.0,,,,,,7.0
2024-10-06 11:00:00,,uvindex,-3.0,5.0,,,,,,8.0
2024-10-06 12:00:00,,uvindex,-3.0,5.0,,,,,,9.0
2024-10-06 13:00:00,,uvindex,-3.0,5.0,,,,,,9.0
2024-10-06 14:00:00,,uvindex,-3.0,5.0,,,,,,8.0
2024-10-06 15:00:00,,uvindex,-3.0,5.0,,,,,,6.0
2024-10-07 10:00:00,,uvindex,-3.0,5.0,,,,,,6.0
2024-10-07 11:00:00,,uvindex,-3.0,5.0,,,,,,8.0
2024-10-07 12:00:00,,uvindex,-3.0,5.0,,,,,,9.0
2024-10-07 13:00:00,,uvindex,-3.0,5.0,,,,,,8.0
2024-10-07 14:00:00,,uvindex,-3.0,5.0,,,,,,7.0
2024-10-07 15:00:00,,uvindex,-3.0,5.0,,,,,,6.0
2024-10-08 10:00:00,,uvindex,-3.0,5.0,,,,,,7.0
2024-10-08 11:00:00,,uvindex,-3.0,5.0,,,,,,8.0
2024-10-08 12:00:00,,uvindex,-3.0,5.0,,,,,,9.0
2024-10-08 13:00:00,,uvindex,-3.0,5.0,,,,,,9.0
2024-10-08 14:00:00,,uvindex,-3.0,5.0,,,,,,8.0
2024-10-08 15:00:00,,uvindex,-3.0,5.0,,,,,,6.0
2024-10-09 10:00:00,,uvindex,-3.0,5.0,,,,,,7.0
2024-10-09 11:00:00,,uvindex,-3.0,5.0,,,,,,8.0
2024-10-09 12:00:00,,uvindex,-3.0,5.0,,,,,,8.0
2024-10-09 13:00:00,,uvindex,-3.0,5.0,,,,,,8.0
2024-10-09 14:00:00,,uvindex,-3.0,5.0,,,,,,6.0
2024-10-10 10:00:00,,uvindex,-3.0,5.0,,,,,,7.0
2024-10-10 11:00:00,,uvindex,-3.0,5.0,,,,,,8.0
2024-10-10 12:00:00,,uvindex,-3.0,5.0,,,,,,8.0
2024-10-10 13:00:00,,uvindex,-3.0,5.0,,,,,,8.0
2024-10-10 14:00:00,,uvindex,-3.0,5.0,,,,,,6.0
2024-10-11 10:00:00,,uvindex,-3.0,5.0,,,,,,7.0
2024-10-11 11:00:00,,uvindex,-3.0,5.0,,,,,,8.0
2024-10-11 12:00:00,,uvindex,-3.0,5.0,,,,,,9.0
2024-10-11 13:00:00,,uvindex,-3.0,5.0,,,,,,8.0
2024-10-11 14:00:00,,uvindex,-3.0,5.0,,,,,,7.0
2024-10-12 10:00:00,,uvindex,-3.0,5.0,,,,,,6.0
2024-10-12 12:00:00,,uvindex,-3.0,5.0,,,,,,7.0
2024-10-12 13:00:00,,uvindex,-3.0,5.0,,,,,,6.0
2024-10-13 10:00:00,,uvindex,-3.0,5.0,,,,,,7.0
2024-10-13 11:00:00,,uvindex,-3.0,5.0,,,,,,8.0
2024-10-13 12:00:00,,uvindex,-3.0,5.0,,,,,,7.0
2024-10-14 10:00:00,,uvindex,-3.0,5.0,,,,,,6.0
2024-10-14 11:00:00,,uvindex,-3.0,5.0,,,,,,6.0
2024-10-14 12:00:00,,uvindex,-3.0,5.0,,,,,,7.0
2024-10-14 13:00:00,,uvindex,-3.0,5.0,,,,,,7.0
2024-10-14 14:00:00,,uvindex,-3.0,5.0,,,,,,7.0
2024-10-15 12:00:00,,uvindex,-3.0,5.0,,,,,,7.0
2024-10-15 13:00:00,,uvindex,-3.0,5.0,,,,,,6.0
2024-10-16 11:00:00,,uvindex,-3.0,5.0,,,,,,6.0
2024-10-17 13:00:00,,uvindex,-3.0,5.0,,,,,,7.0
2024-10-17 14:00:00,,uvindex,-3.0,5.0,,,,,,6.0
2024-10-18 11:00:00,,uvindex,-3.0,5.0,,,,,,6.0
2024-10-20 10:00:00,,uvindex,-3.0,5.0,,,,,,6.0
2024-10-20 11:00:00,,uvindex,-3.0,5.0,,,,,,7.0
2024-10-20 12:00:00,,uvindex,-3.0,5.0,,,,,,7.0
2024-10-20 13:00:00,,uvindex,-3.0,5.0,,,,,,6.0
2024-10-22 11:00:00,,uvindex,-3.0,5.0,,,,,,6.0
2024-10-22 12:00:00,,uvindex,-3.0,5.0,,,,,,8.0
2024-10-22 13:00:00,,uvindex,-3.0,5.0,,,,,,6.0
2024-10-22 14:00:00,,uvindex,-3.0,5.0,,,,,,6.0
2024-10-23 11:00:00,,uvindex,-3.0,5.0,,,,,,7.0
2024-10-23 12:00:00,,uvindex,-3.0,5.0,,,,,,7.0
2024-10-23 13:00:00,,uvindex,-3.0,5.0,,,,,,7.0
2024-10-23 14:00:00,,uvindex,-3.0,5.0,,,,,,7.0
2024-10-24 10:00:00,,uvindex,-3.0,5.0,,,,,,7.0
2024-10-24 11:00:00,,uvindex,-3.0,5.0,,,,,,8.0
2024-10-24 12:00:00,,uvindex,-3.0,5.0,,,,,,8.0
2024-10-24 13:00:00,,uvindex,-3.0,5.0,,,,,,8.0
2024-10-24 14:00:00,,uvindex,-3.0,5.0,,,,,,7.0
2024-10-24 15:00:00,,uvindex,-3.0,5.0,,,,,,6.0
2024-10-25 10:00:00,,uvindex,-3.0,5.0,,,,,,7.0
2024-10-25 11:00:00,,uvindex,-3.0,5.0,,,,,,8.0
2024-10-25 12:00:00,,uvindex,-3.0,5.0,,,,,,8.0
2024-10-25 13:00:00,,uvindex,-3.0,5.0,,,,,,8.0
2024-10-25 14:00:00,,uvindex,-3.0,5.0,,,,,,7.0
2024-10-25 15:00:00,,uvindex,-3.0,5.0,,,,,,6.0
2024-10-26 10:00:00,,uvindex,-3.0,5.0,,,,,,7.0
2024-10-26 11:00:00,,uvindex,-3.0,5.0,,,,,,8.0
2024-10-26 12:00:00,,uvindex,-3.0,5.0,,,,,,8.0
2024-10-26 13:00:00,,uvindex,-3.0,5.0,,,,,,8.0
2024-10-26 14:00:00,,uvindex,-3.0,5.0,,,,,,7.0
2024-10-26 15:00:00,,uvindex,-3.0,5.0,,,,,,6.0
2024-10-30 10:00:00,,uvindex,-3.0,5.0,,,,,,6.0
2024-10-30 11:00:00,,uvindex,-3.0,5.0,,,,,,7.0
2024-10-30 12:00:00,,uvindex,-3.0,5.0,,,,,,7.0
2024-10-30 14:00:00,,uvindex,-3.0,5.0,,,,,,6.0
2024-10-31 10:00:00,,uvindex,-3.0,5.0,,,,,,6.0
2024-10-31 11:00:00,,uvindex,-3.0,5.0,,,,,,7.0
2024-10-31 12:00:00,,uvindex,-3.0,5.0,,,,,,8.0
2024-10-31 13:00:00,,uvindex,-3.0,5.0,,,,,,7.0
2024-10-31 14:00:00,,uvindex,-3.0,5.0,,,,,,7.0
2024-11-01 10:00:00,,uvindex,-3.0,5.0,,,,,,6.0
2024-11-01 11:00:00,,uvindex,-3.0,5.0,,,,,,8.0
2024-11-01 12:00:00,,uvindex,-3.0,5.0,,,,,,8.0
2024-11-01 13:00:00,,uvindex,-3.0,5.0,,,,,,8.0
2024-11-01 14:00:00,,uvindex,-3.0,5.0,,,,,,7.0
2024-11-02 10:00:00,,uvindex,-3.0,5.0,,,,,,6.0
2024-11-02 11:00:00,,uvindex,-3.0,5.0,,,,,,8.0
2024-11-02 12:00:00,,uvindex,-3.0,5.0,,,,,,8.0
2024-11-02 13:00:00,,uvindex,-3.0,5.0,,,,,,8.0
2024-11-02 14:00:00,,uvindex,-3.0,5.0,,,,,,7.0
2024-11-03 12:00:00,,uvindex,-3.0,5.0,,,,,,6.0
2024-11-03 13:00:00,,uvindex,-3.0,5.0,,,,,,7.0
2024-11-07 10:00:00,,uvindex,-3.0,5.0,,,,,,6.0
2024-11-07 11:00:00,,uvindex,-3.0,5.0,,,,,,7.0
2024-11-07 12:00:00,,uvindex,-3.0,5.0,,,,,,7.0
2024-11-07 13:00:00,,uvindex,-3.0,5.0,,,,,,7.0
2024-11-07 14:00:00,,uvindex,-3.0,5.0,,,,,,6.0
2024-11-08 10:00:00,,uvindex,-3.0,5.0,,,,,,6.0
2024-11-08 11:00:00,,uvindex,-3.0,5.0,,,,,,7.0
2024-11-08 12:00:00,,uvindex,-3.0,5.0,,,,,,8.0
2024-11-08 13:00:00,,uvindex,-3.0,5.0,,,,,,7.0
2024-11-08 14:00:00,,uvindex,-3.0,5.0,,,,,,6.0
2024-11-09 10:00:00,,uvindex,-3.0,5.0,,,,,,6.0
2024-11-09 11:00:00,,uvindex,-3.0,5.0,,,,,,7.0
2024-11-09 12:00:00,,uvindex,-3.0,5.0,,,,,,8.0
2024-11-09 13:00:00,,uvindex,-3.0,5.0,,,,,,8.0
2024-11-09 14:00:00,,uvindex,-3.0,5.0,,,,,,7.0
2024-11-10 10:00:00,,uvindex,-3.0,5.0,,,,,,6.0
2024-11-10 11:00:00,,uvindex,-3.0,5.0,,,,,,7.0
2024-11-10 12:00:00,,uvindex,-3.0,5.0,,,,,,8.0
2024-11-10 13:00:00,,uvindex,-3.0,5.0,,,,,,8.0
2024-11-10 14:00:00,,uvindex,-3.0,5.0,,,,,,7.0
2024-11-11 10:00:00,,uvindex,-3.0,5.0,,,,,,6.0
2024-11-11 11:00:00,,uvindex,-3.0,5.0,,,,,,7.0
2024-11-11 12:00:00,,uvindex,-3.0,5.0,,,,,,7.0
2024-11-11 13:00:00,,uvindex,-3.0,5.0,,,,,,7.0
2024-11-11 14:00:00,,uvindex,-3.0,5.0,,,,,,6.0
2024-11-12 10:00:00,,uvindex,-3.0,5.0,,,,,,6.0
2024-11-12 11:00:00,,uvindex,-3.0,5.0,,,,,,7.0
2024-11-12 12:00:00,,uvindex,-3.0,5.0,,,,,,7.0
2024-11-12 13:00:00,,uvindex,-3.0,5.0,,,,,,7.0
2024-11-13 10:00:00,,uvindex,-3.0,5.0,,,,,,6.0
2024-11-13 11:00:00,,uvindex,-3.0,5.0,,,,,,7.0
2024-11-13 12:00:00,,uvindex,-3.0,5.0,,,,,,7.0
2024-11-13 13:00:00,,uvindex,-3.0,5.0,,,,,,7.0
2024-11-13 14:00:00,,uvindex,-3.0,5.0,,,,,,6.0
2024-11-14 11:00:00,,uvindex,-3.0,5.0,,,,,,6.0
2024-11-14 12:00:00,,uvindex,-3.0,5.0,,,,,,6.0
2024-11-14 13:00:00,,uvindex,-3.0,5.0,,,,,,6.0
2024-11-15 12:00:00,,uvindex,-3.0,5.0,,,,,,6.0
2024-11-16 14:00:00,,uvindex,-3.0,5.0,,,,,,6.0
2024-11-17 10:00:00,,uvindex,-3.0,5.0,,,,,,6.0
2024-11-17 11:00:00,,uvindex,-3.0,5.0,,,,,,7.0
2024-11-17 12:00:00,,uvindex,-3.0,5.0,,,,,,8.0
2024-11-17 13:00:00,,uvindex,-3.0,5.0,,,,,,8.0
2024-11-17 14:00:00,,uvindex,-3.0,5.0,,,,,,7.0
2024-11-19 11:00:00,,uvindex,-3.0,5.0,,,,,,7.0
2024-11-19 12:00:00,,uvindex,-3.0,5.0,,,,,,6.0
2024-11-19 13:00:00,,uvindex,-3.0,5.0,,,,,,7.0
2024-11-20 11:00:00,,uvindex,-3.0,5.0,,,,,,6.0
2024-11-20 12:00:00,,uvindex,-3.0,5.0,,,,,,6.0
2024-11-20 13:00:00,,uvindex,-3.0,5.0,,,,,,6.0
2024-11-21 11:00:00,,uvindex,-3.0,5.0,,,,,,7.0
2024-11-21 12:00:00,,uvindex,-3.0,5.0,,,,,,7.0
2024-11-21 13:00:00,,uvindex,-3.0,5.0,,,,,,7.0
2024-11-21 14:00:00,,uvindex,-3.0,5.0,,,,,,6.0
2024-11-22 11:00:00,,uvindex,-3.0,5.0,,,,,,6.0
2024-11-22 12:00:00,,uvindex,-3.0,5.0,,,,,,8.0
2024-11-22 13:00:00,,uvindex,-3.0,5.0,,,,,,8.0
2024-11-22 14:00:00,,uvindex,-3.0,5.0,,,,,,7.0
2024-11-23 11:00:00,,uvindex,-3.0,5.0,,,,,,6.0
2024-11-28 12:00:00,,uvindex,-3.0,5.0,,,,,,7.0
2024-11-28 13:00:00,,uvindex,-3.0,5.0,,,,,,7.0
2024-11-29 11:00:00,,uvindex,-3.0,5.0,,,,,,7.0
2024-11-29 12:00:00,,uvindex,-3.0,5.0,,,,,,7.0
2024-11-29 13:00:00,,uvindex,-3.0,5.0,,,,,,7.0
2024-11-29 14:00:00,,uvindex,-3.0,5.0,,,,,,6.0
2024-11-30 11:00:00,,uvindex,-3.0,5.0,,,,,,7.0
2024-11-30 12:00:00,,uvindex,-3.0,5.0,,,,,,7.0
2024-11-30 13:00:00,,uvindex,-3.0,5.0,,,,,,7.0
2024-11-30 14:00:00,,uvindex,-3.0,5.0,,,,,,6.0
2024-12-01 11:00:00,,uvindex,-3.0,5.0,,,,,,7.0
2024-12-01 12:00:00,,uvindex,-3.0,5.0,,,,,,6.0
2024-12-01 13:00:00,,uvindex,-3.0,5.0,,,,,,6.0
2024-12-16 13:00:00,,uvindex,-3.0,5.0,,,,,,6.0
2024-12-17 11:00:00,,uvindex,-3.0,5.0,,,,,,6.0
2024-12-17 12:00:00,,uvindex,-3.0,5.0,,,,,,7.0
2024-12-17 13:00:00,,uvindex,-3.0,5.0,,,,,,7.0
2024-12-17 14:00:00,,uvindex,-3.0,5.0,,,,,,6.0
2024-12-18 12:00:00,,uvindex,-3.0,5.0,,,,,,6.0
2024-12-18 13:00:00,,uvindex,-3.0,5.0,,,,,,6.0
2024-12-18 14:00:00,,uvindex,-3.0,5.0,,,,,,6.0
2024-12-19 12:00:00,,uvindex,-3.0,5.0,,,,,,6.0
2024-12-20 11:00:00,,uvindex,-3.0,5.0,,,,,,6.0
2024-12-20 12:00:00,,uvindex,-3.0,5.0,,,,,,7.0
2024-12-20 13:00:00,,uvindex,-3.0,5.0,,,,,,7.0
2024-12-20 14:00:00,,uvindex,-3.0,5.0,,,,,,6.0
2024-12-22 11:00:00,,uvindex,-3.0,5.0,,,,,,7.0
2024-12-22 12:00:00,,uvindex,-3.0,5.0,,,,,,7.0
2024-12-22 13:00:00,,uvindex,-3.0,5.0,,,,,,7.0
2024-12-22 14:00:00,,uvindex,-3.0,5.0,,,,,,6.0
2024-12-23 11:00:00,,uvindex,-3.0,5.0,,,,,,7.0
2024-12-23 12:00:00,,uvindex,-3.0,5.0,,,,,,7.0
2024-12-23 13:00:00,,uvindex,-3.0,5.0,,,,,,7.0
2024-12-23 14:00:00,,uvindex,-3.0,5.0,,,,,,6.0
2024-12-24 11:00:00,,uvindex,-3.0,5.0,,,,,,6.0
2024-12-24 12:00:00,,uvindex,-3.0,5.0,,,,,,7.0
2024-12-24 13:00:00,,uvindex,-3.0,5.0,,,,,,7.0
2024-12-24 14:00:00,,uvindex,-3.0,5.0,,,,,,6.0
2024-12-25 11:00:00,,uvindex,-3.0,5.0,,,,,,6.0
2024-12-25 12:00:00,,uvindex,-3.0,5.0,,,,,,7.0
2024-12-25 13:00:00,,uvindex,-3.0,5.0,,,,,,7.0
2024-12-25 14:00:00,,uvindex,-3.0,5.0,,,,,,6.0
2024-12-28 14:00:00,,uvindex,-3.0,5.0,,,,,,6.0
2024-12-29 11:00:00,,uvindex,-3.0,5.0,,,,,,6.0
2024-12-29 12:00:00,,uvindex,-3.0,5.0,,,,,,7.0
2024-12-29 13:00:00,,uvindex,-3.0,5.0,,,,,,7.0
2024-12-29 14:00:00,,uvindex,-3.0,5.0,,,,,,6.0
2025-01-01 11:00:00,,uvindex,-3.0,5.0,,,,,,6.0
2025-01-01 12:00:00,,uvindex,-3.0,5.0,,,,,,7.0
2025-01-01 13:00:00,,uvindex,-3.0,5.0,,,,,,7.0
2025-01-01 14:00:00,,uvindex,-3.0,5.0,,,,,,6.0
2025-01-02 11:00:00,,uvindex,-3.0,5.0,,,,,,6.0
2025-01-02 12:00:00,,uvindex,-3.0,5.0,,,,,,7.0
2025-01-02 13:00:00,,uvindex,-3.0,5.0,,,,,,7.0
2025-01-02 14:00:00,,uvindex,-3.0,5.0,,,,,,6.0
2025-01-03 11:00:00,,uvindex,-3.0,5.0,,,,,,6.0
2025-01-03 12:00:00,,uvindex,-3.0,5.0,,,,,,7.0
2025-01-03 13:00:00,,uvindex,-3.0,5.0,,,,,,7.0
2025-01-03 14:00:00,,uvindex,-3.0,5.0,,,,,,6.0
2025-01-04 11:00:00,,uvindex,-3.0,5.0,,,,,,6.0
2025-01-04 12:00:00,,uvindex,-3.0,5.0,,,,,,7.0
2025-01-04 13:00:00,,uvindex,-3.0,5.0,,,,,,7.0
2025-01-05 11:00:00,,uvindex,-3.0,5.0,,,,,,6.0
2025-01-05 12:00:00,,uvindex,-3.0,5.0,,,,,,7.0
2025-01-05 13:00:00,,uvindex,-3.0,5.0,,,,,,7.0
2025-01-05 14:00:00,,uvindex,-3.0,5.0,,,,,,6.0
2025-01-06 11:00:00,,uvindex,-3.0,5.0,,,,,,7.0
2025-01-06 12:00:00,,uvindex,-3.0,5.0,,,,,,7.0
2025-01-06 13:00:00,,uvindex,-3.0,5.0,,,,,,7.0
2025-01-06 14:00:00,,uvindex,-3.0,5.0,,,,,,7.0
2025-01-07 13:00:00,,uvindex,-3.0,5.0,,,,,,6.0
2025-01-12 11:00:00,,uvindex,-3.0,5.0,,,,,,7.0
2025-01-12 12:00:00,,uvindex,-3.0,5.0,,,,,,8.0
2025-01-12 13:00:00,,uvindex,-3.0,5.0,,,,,,8.0
2025-01-12 14:00:00,,uvindex,-3.0,5.0,,,,,,7.0
2025-01-12 15:00:00,,uvindex,-3.0,5.0,,,,,,6.0
2025-01-13 11:00:00,,uvindex,-3.0,5.0,,,,,,7.0
2025-01-13 12:00:00,,uvindex,-3.0,5.0,,,,,,8.0
2025-01-13 13:00:00,,uvindex,-3.0,5.0,,,,,,8.0
2025-01-13 14:00:00,,uvindex,-3.0,5.0,,,,,,7.0
2025-01-13 15:00:00,,uvindex,-3.0,5.0,,,,,,6.0
2025-01-14 11:00:00,,uvindex,-3.0,5.0,,,,,,7.0
2025-01-14 12:00:00,,uvindex,-3.0,5.0,,,,,,8.0
2025-01-14 13:00:00,,uvindex,-3.0,5.0,,,,,,7.0
2025-01-14 14:00:00,,uvindex,-3.0,5.0,,,,,,7.0
2025-01-16 12:00:00,,uvindex,-3.0,5.0,,,,,,6.0
2025-01-16 13:00:00,,uvindex,-3.0,5.0,,,,,,6.0
2025-01-16 14:00:00,,uvindex,-3.0,5.0,,,,,,6.0
2025-01-17 11:00:00,,uvindex,-3.0,5.0,,,,,,7.0
2025-01-17 12:00:00,,uvindex,-3.0,5.0,,,,,,8.0
2025-01-17 13:00:00,,uvindex,-3.0,5.0,,,,,,8.0
2025-01-17 14:00:00,,uvindex,-3.0,5.0,,,,,,7.0
2025-01-17 15:00:00,,uvindex,-3.0,5.0,,,,,,6.0
2025-01-19 11:00:00,,uvindex,-3.0,5.0,,,,,,6.0
2025-01-19 12:00:00,,uvindex,-3.0,5.0,,,,,,7.0
2025-01-19 13:00:00,,uvindex,-3.0,5.0,,,,,,7.0
2025-01-19 14:00:00,,uvindex,-3.0,5.0,,,,,,6.0
2025-01-20 11:00:00,,uvindex,-3.0,5.0,,,,,,7.0
2025-01-20 12:00:00,,uvindex,-3.0,5.0,,,,,,7.0
2025-01-20 13:00:00,,uvindex,-3.0,5.0,,,,,,7.0
2025-01-20 14:00:00,,uvindex,-3.0,5.0,,,,,,7.0
2025-01-21 11:00:00,,uvindex,-3.0,5.0,,,,,,7.0
2025-01-21 12:00:00,,uvindex,-3.0,5.0,,,,,,8.0
2025-01-21 13:00:00,,uvindex,-3.0,5.0,,,,,,8.0
2025-01-21 14:00:00,,uvindex,-3.0,5.0,,,,,,7.0
2025-01-21 15:00:00,,uvindex,-3.0,5.0,,,,,,6.0
2025-01-28 13:00:00,,uvindex,-3.0,5.0,,,,,,6.0
2025-01-28 14:00:00,,uvindex,-3.0,5.0,,,,,,6.0
2025-01-29 11:00:00,,uvindex,-3.0,5.0,,,,,,6.0
2025-01-29 12:00:00,,uvindex,-3.0,5.0,,,,,,6.0
2025-01-29 13:00:00,,uvindex,-3.0,5.0,,,,,,7.0
2025-01-30 11:00:00,,uvindex,-3.0,5.0,,,,,,6.0
2025-02-10 13:00:00,,uvindex,-3.0,5.0,,,,,,7.0
2025-03-01 13:00:00,,uvindex,-3.0,5.0,,,,,,6.0
2025-03-02 13:00:00,,uvindex,-3.0,5.0,,,,,,6.0
2025-03-03 13:00:00,,uvindex,-3.0,5.0,,,,,,7.0
2025-03-04 13:00:00,,uvindex,-3.0,5.0,,,,,,6.0
2025-03-04 14:00:00,,uvindex,-3.0,5.0,,,,,,6.0
2025-03-04 15:00:00,,uvindex,-3.0,5.0,,,,,,6.0
2025-03-19 10:00:00,,uvindex,-3.0,5.0,,,,,,6.0
2025-03-19 11:00:00,,uvindex,-3.0,5.0,,,,,,8.0
2025-03-19 12:00:00,,uvindex,-3.0,5.0,,,,,,8.0
2025-03-19 13:00:00,,uvindex,-3.0,5.0,,,,,,9.0
2025-03-19 14:00:00,,uvindex,-3.0,5.0,,,,,,8.0
2025-03-19 15:00:00,,uvindex,-3.0,5.0,,,,,,7.0
2025-03-20 10:00:00,,uvindex,-3.0,5.0,,,,,,7.0
2025-03-20 11:00:00,,uvindex,-3.0,5.0,,,,,,9.0
2025-03-20 12:00:00,,uvindex,-3.0,5.0,,,,,,9.0
2025-03-20 13:00:00,,uvindex,-3.0,5.0,,,,,,9.0
2025-03-20 14:00:00,,uvindex,-3.0,5.0,,,,,,9.0
2025-03-20 15:00:00,,uvindex,-3.0,5.0,,,,,,7.0
2025-03-21 10:00:00,,uvindex,-3.0,5.0,,,,,,7.0
2025-03-21 11:00:00,,uvindex,-3.0,5.0,,,,,,8.0
2025-03-21 12:00:00,,uvindex,-3.0,5.0,,,,,,9.0
2025-03-21 13:00:00,,uvindex,-3.0,5.0,,,,,,9.0
2025-03-21 14:00:00,,uvindex,-3.0,5.0,,,,,,9.0
2025-03-21 15:00:00,,uvindex,-3.0,5.0,,,,,,7.0
2025-03-22 10:00:00,,uvindex,-3.0,5.0,,,,,,7.0
2025-03-22 11:00:00,,uvindex,-3.0,5.0,,,,,,9.0
2025-03-22 12:00:00,,uvindex,-3.0,5.0,,,,,,9.0
2025-03-22 13:00:00,,uvindex,-3.0,5.0,,,,,,9.0
2025-03-22 14:00:00,,uvindex,-3.0,5.0,,,,,,9.0
2025-03-22 15:00:00,,uvindex,-3.0,5.0,,,,,,7.0
2025-03-23 10:00:00,,uvindex,-3.0,5.0,,,,,,7.0
2025-03-23 11:00:00,,uvindex,-3.0,5.0,,,,,,9.0
2025-03-23 12:00:00,,uvindex,-3.0,5.0,,,,,,9.0
2025-03-23 13:00:00,,uvindex,-3.0,5.0,,,,,,9.0
2025-03-23 14:00:00,,uvindex,-3.0,5.0,,,,,,8.0
2025-03-23 15:00:00,,uvindex,-3.0,5.0,,,,,,7.0
2025-03-24 10:00:00,,uvindex,-3.0,5.0,,,,,,6.0
2025-03-24 11:00:00,,uvindex,-3.0,5.0,,,,,,8.0
2025-03-24 12:00:00,,uvindex,-3.0,5.0,,,,,,9.0
2025-03-24 13:00:00,,uvindex,-3.0,5.0,,,,,,9.0
2025-03-24 14:00:00,,uvindex,-3.0,5.0,,,,,,8.0
2025-03-24 15:00:00,,uvindex,-3.0,5.0,,,,,,7.0
2025-03-25 11:00:00,,uvindex,-3.0,5.0,,,,,,7.0
2025-03-25 12:00:00,,uvindex,-3.0,5.0,,,,,,8.0
2025-03-25 13:00:00,,uvindex,-3.0,5.0,,,,,,9.0
2025-03-25 14:00:00,,uvindex,-3.0,5.0,,,,,,7.0
2025-03-25 15:00:00,,uvindex,-3.0,5.0,,,,,,6.0
2025-03-26 11:00:00,,uvindex,-3.0,5.0,,,,,,8.0
2025-03-26 12:00:00,,uvindex,-3.0,5.0,,,,,,8.0
2025-03-26 13:00:00,,uvindex,-3.0,5.0,,,,,,9.0
2025-03-26 14:00:00,,uvindex,-3.0,5.0,,,,,,8.0
2025-03-26 15:00:00,,uvindex,-3.0,5.0,,,,,,7.0
2025-03-27 11:00:00,,uvindex,-3.0,5.0,,,,,,6.0
2025-03-27 12:00:00,,uvindex,-3.0,5.0,,,,,,9.0
2025-03-27 13:00:00,,uvindex,-3.0,5.0,,,,,,9.0
2025-03-27 14:00:00,,uvindex,-3.0,5.0,,,,,,8.0
2025-03-27 15:00:00,,uvindex,-3.0,5.0,,,,,,7.0
2025-04-01 13:00:00,,uvindex,-3.0,5.0,,,,,,6.0
2025-04-01 14:00:00,,uvindex,-3.0,5.0,,,,,,8.0
2025-04-01 15:00:00,,uvindex,-3.0,5.0,,,,,,7.0
2025-04-02 10:00:00,,uvindex,-3.0,5.0,,,,,,6.0
2025-04-02 11:00:00,,uvindex,-3.0,5.0,,,,,,6.0
2025-04-02 12:00:00,,uvindex,-3.0,5.0,,,,,,9.0
2025-04-02 13:00:00,,uvindex,-3.0,5.0,,,,,,9.0
2025-04-02 14:00:00,,uvindex,-3.0,5.0,,,,,,8.0
2025-04-02 15:00:00,,uvindex,-3.0,5.0,,,,,,7.0
2025-04-03 10:00:00,,uvindex,-3.0,5.0,,,,,,7.0
2025-04-03 11:00:00,,uvindex,-3.0,5.0,,,,,,9.0
2025-04-03 12:00:00,,uvindex,-3.0,5.0,,,,,,9.0
2025-04-03 13:00:00,,uvindex,-3.0,5.0,,,,,,9.0
2025-04-03 14:00:00,,uvindex,-3.0,5.0,,,,,,9.0
2025-04-03 15:00:00,,uvindex,-3.0,5.0,,,,,,7.0
2025-04-04 10:00:00,,uvindex,-3.0,5.0,,,,,,6.0
2025-04-04 12:00:00,,uvindex,-3.0,5.0,,,,,,6.0
2025-04-04 13:00:00,,uvindex,-3.0,5.0,,,,,,6.0
2025-04-06 13:00:00,,uvindex,-3.0,5.0,,,,,,6.0
2025-04-11 11:00:00,,uvindex,-3.0,5.0,,,,,,6.0
2025-04-11 12:00:00,,uvindex,-3.0,5.0,,,,,,8.0
2025-04-11 13:00:00,,uvindex,-3.0,5.0,,,,,,9.0
2025-04-11 14:00:00,,uvindex,-3.0,5.0,,,,,,6.0
2025-04-12 10:00:00,,uvindex,-3.0,5.0,,,,,,6.0
2025-04-12 11:00:00,,uvindex,-3.0,5.0,,,,,,7.0
2025-04-12 12:00:00,,uvindex,-3.0,5.0,,,,,,9.0
2025-04-12 13:00:00,,uvindex,-3.0,5.0,,,,,,9.0
2025-04-12 14:00:00,,uvindex,-3.0,5.0,,,,,,8.0
2025-04-12 15:00:00,,uvindex,-3.0,5.0,,,,,,6.0
2025-04-13 10:00:00,,uvindex,-3.0,5.0,,,,,,6.0
2025-04-13 11:00:00,,uvindex,-3.0,5.0,,,,,,7.0
2025-04-13 12:00:00,,uvindex,-3.0,5.0,,,,,,7.0
2025-04-13 13:00:00,,uvindex,-3.0,5.0,,,,,,7.0
2025-04-13 14:00:00,,uvindex,-3.0,5.0,,,,,,9.0
2025-04-13 15:00:00,,uvindex,-3.0,5.0,,,,,,7.0
2025-04-14 14:00:00,,uvindex,-3.0,5.0,,,,,,6.0
2025-04-15 09:00:00,,uvindex,-3.0,5.0,,,,,,6.0
2025-04-15 10:00:00,,uvindex,-3.0,5.0,,,,,,7.0
2025-04-15 11:00:00,,uvindex,-3.0,5.0,,,,,,9.0
2025-04-15 12:00:00,,uvindex,-3.0,5.0,,,,,,9.0
2025-04-15 13:00:00,,uvindex,-3.0,5.0,,,,,,9.0
2025-04-15 14:00:00,,uvindex,-3.0,5.0,,,,,,9.0
2025-04-15 15:00:00,,uvindex,-3.0,5.0,,,,,,8.0
2025-04-15 16:00:00,,uvindex,-3.0,5.0,,,,,,6.0
2025-04-16 10:00:00,,uvindex,-3.0,5.0,,,,,,7.0
2025-04-16 11:00:00,,uvindex,-3.0,5.0,,,,,,9.0
2025-04-16 12:00:00,,uvindex,-3.0,5.0,,,,,,9.0
2025-04-16 13:00:00,,uvindex,-3.0,5.0,,,,,,9.0
2025-04-16 14:00:00,,uvindex,-3.0,5.0,,,,,,8.0
2025-04-16 15:00:00,,uvindex,-3.0,5.0,,,,,,7.0
2025-04-17 10:00:00,,uvindex,-3.0,5.0,,,,,,6.0
2025-04-17 11:00:00,,uvindex,-3.0,5.0,,,,,,8.0
2025-04-17 12:00:00,,uvindex,-3.0,5.0,,,,,,9.0
2025-04-17 13:00:00,,uvindex,-3.0,5.0,,,,,,9.0
2025-04-17 14:00:00,,uvindex,-3.0,5.0,,,,,,8.0
2025-04-17 15:00:00,,uvindex,-3.0,5.0,,,,,,6.0
2025-04-18 14:00:00,,uvindex,-3.0,5.0,,,,,,8.0
2025-04-18 15:00:00,,uvindex,-3.0,5.0,,,,,,6.0
2025-04-19 10:00:00,,uvindex,-3.0,5.0,,,,,,7.0
2025-04-19 11:00:00,,uvindex,-3.0,5.0,,,,,,9.0
2025-04-19 12:00:00,,uvindex,-3.0,5.0,,,,,,9.0
2025-04-19 13:00:00,,uvindex,-3.0,5.0,,,,,,9.0
2025-04-20 11:00:00,,uvindex,-3.0,5.0,,,,,,7.0
2025-04-20 12:00:00,,uvindex,-3.0,5.0,,,,,,9.0
2025-04-20 13:00:00,,uvindex,-3.0,5.0,,,,,,9.0
2025-04-20 14:00:00,,uvindex,-3.0,5.0,,,,,,8.0
2025-04-20 15:00:00,,uvindex,-3.0,5.0,,,,,,7.0
2025-04-21 10:00:00,,uvindex,-3.0,5.0,,,,,,7.0
2025-04-21 11:00:00,,uvindex,-3.0,5.0,,,,,,7.0
2025-04-21 12:00:00,,uvindex,-3.0,5.0,,,,,,8.0
2025-04-21 13:00:00,,uvindex,-3.0,5.0,,,,,,8.0
2025-04-21 14:00:00,,uvindex,-3.0,5.0,,,,,,8.0
2025-04-21 15:00:00,,uvindex,-3.0,5.0,,,,,,6.0
2025-04-22 10:00:00,,uvindex,-3.0,5.0,,,,,,7.0
2025-04-22 11:00:00,,uvindex,-3.0,5.0,,,,,,8.0
2025-04-22 12:00:00,,uvindex,-3.0,5.0,,,,,,9.0
2025-04-22 13:00:00,,uvindex,-3.0,5.0,,,,,,9.0
2025-04-22 14:00:00,,uvindex,-3.0,5.0,,,,,,7.0
2025-04-22 15:00:00,,uvindex,-3.0,5.0,,,,,,6.0
2025-04-23 09:00:00,,uvindex,-3.0,5.0,,,,,,6.0
2025-04-23 10:00:00,,uvindex,-3.0,5.0,,,,,,7.0
2025-04-23 11:00:00,,uvindex,-3.0,5.0,,,,,,8.0
2025-04-23 12:00:00,,uvindex,-3.0,5.0,,,,,,10.0
2025-04-23 13:00:00,,uvindex,-3.0,5.0,,,,,,10.0
2025-04-23 14:00:00,,uvindex,-3.0,5.0,,,,,,8.0
2025-04-23 15:00:00,,uvindex,-3.0,5.0,,,,,,6.0
2025-04-24 12:00:00,,uvindex,-3.0,5.0,,,,,,7.0
2025-04-24 13:00:00,,uvindex,-3.0,5.0,,,,,,6.0
2025-04-29 10:00:00,,uvindex,-3.0,5.0,,,,,,6.0
2025-04-29 11:00:00,,uvindex,-3.0,5.0,,,,,,6.0
2025-04-29 12:00:00,,uvindex,-3.0,5.0,,,,,,6.0
2025-04-29 13:00:00,,uvindex,-3.0,5.0,,,,,,7.0
2025-04-29 14:00:00,,uvindex,-3.0,5.0,,,,,,6.0
2025-04-29 15:00:00,,uvindex,-3.0,5.0,,,,,,6.0
2025-04-30 11:00:00,,uvindex,-3.0,5.0,,,,,,7.0
2025-04-30 12:00:00,,uvindex,-3.0,5.0,,,,,,8.0
2025-04-30 13:00:00,,uvindex,-3.0,5.0,,,,,,8.0
2025-05-02 09:00:00,,uvindex,-3.0,5.0,,,,,,6.0
2025-05-02 10:00:00,,uvindex,-3.0,5.0,,,,,,8.0
2025-05-02 11:00:00,,uvindex,-3.0,5.0,,,,,,9.0
2025-05-02 12:00:00,,uvindex,-3.0,5.0,,,,,,10.0
2025-05-02 13:00:00,,uvindex,-3.0,5.0,,,,,,9.0
2025-05-02 14:00:00,,uvindex,-3.0,5.0,,,,,,8.0
2025-05-03 10:00:00,,uvindex,-3.0,5.0,,,,,,6.0
2025-05-03 11:00:00,,uvindex,-3.0,5.0,,,,,,7.0
2025-05-03 12:00:00,,uvindex,-3.0,5.0,,,,,,8.0
2025-05-03 13:00:00,,uvindex,-3.0,5.0,,,,,,8.0
2025-05-03 14:00:00,,uvindex,-3.0,5.0,,,,,,6.0
2025-05-04 10:00:00,,uvindex,-3.0,5.0,,,,,,6.0
2025-05-04 11:00:00,,uvindex,-3.0,5.0,,,,,,8.0
2025-05-04 12:00:00,,uvindex,-3.0,5.0,,,,,,9.0
2025-05-04 13:00:00,,uvindex,-3.0,5.0,,,,,,8.0
2025-05-04 14:00:00,,uvindex,-3.0,5.0,,,,,,8.0
2025-05-04 15:00:00,,uvindex,-3.0,5.0,,,,,,7.0
2025-05-05 10:00:00,,uvindex,-3.0,5.0,,,,,,7.0
2025-05-05 11:00:00,,uvindex,-3.0,5.0,,,,,,9.0
2025-05-05 12:00:00,,uvindex,-3.0,5.0,,,,,,10.0
2025-05-05 13:00:00,,uvindex,-3.0,5.0,,,,,,9.0
2025-05-05 14:00:00,,uvindex,-3.0,5.0,,,,,,8.0
2025-05-06 11:00:00,,uvindex,-3.0,5.0,,,,,,7.0
2025-05-06 12:00:00,,uvindex,-3.0,5.0,,,,,,6.0
2025-05-06 13:00:00,,uvindex,-3.0,5.0,,,,,,8.0
2025-05-06 14:00:00,,uvindex,-3.0,5.0,,,,,,6.0
2025-05-06 15:00:00,,uvindex,-3.0,5.0,,,,,,6.0
2025-05-07 12:00:00,,uvindex,-3.0,5.0,,,,,,6.0
2025-05-07 13:00:00,,uvindex,-3.0,5.0,,,,,,6.0
2025-05-07 14:00:00,,uvindex,-3.0,5.0,,,,,,6.0
2025-05-07 15:00:00,,uvindex,-3.0,5.0,,,,,,6.0
2025-05-08 09:00:00,,uvindex,-3.0,5.0,,,,,,6.0
2025-05-08 10:00:00,,uvindex,-3.0,5.0,,,,,,8.0
2025-05-08 11:00:00,,uvindex,-3.0,5.0,,,,,,9.0
2025-05-08 12:00:00,,uvindex,-3.0,5.0,,,,,,10.0
2025-05-08 13:00:00,,uvindex,-3.0,5.0,,,,,,8.0
2025-05-08 14:00:00,,uvindex,-3.0,5.0,,,,,,7.0
2025-05-08 15:00:00,,uvindex,-3.0,5.0,,,,,,6.0
2025-05-09 10:00:00,,uvindex,-3.0,5.0,,,,,,6.0
2025-05-09 11:00:00,,uvindex,-3.0,5.0,,,,,,6.0
2025-05-09 12:00:00,,uvindex,-3.0,5.0,,,,,,8.0
2025-05-09 13:00:00,,uvindex,-3.0,5.0,,,,,,7.0
2025-05-09 15:00:00,,uvindex,-3.0,5.0,,,,,,6.0
2025-05-10 11:00:00,,uvindex,-3.0,5.0,,,,,,6.0
2025-05-10 12:00:00,,uvindex,-3.0,5.0,,,,,,8.0
2025-05-10 13:00:00,,uvindex,-3.0,5.0,,,,,,7.0
2025-05-11 14:00:00,,uvindex,-3.0,5.0,,,,,,6.0
2025-05-11 15:00:00,,uvindex,-3.0,5.0,,,,,,6.0
2025-05-12 09:00:00,,uvindex,-3.0,5.0,,,,,,6.0
2025-05-12 10:00:00,,uvindex,-3.0,5.0,,,,,,8.0
2025-05-12 11:00:00,,uvindex,-3.0,5.0,,,,,,9.0
2025-05-12 12:00:00,,uvindex,-3.0,5.0,,,,,,10.0
2025-05-12 13:00:00,,uvindex,-3.0,5.0,,,,,,10.0
2025-05-12 14:00:00,,uvindex,-3.0,5.0,,,,,,9.0
2025-05-12 15:00:00,,uvindex,-3.0,5.0,,,,,,8.0
2025-05-12 16:00:00,,uvindex,-3.0,5.0,,,,,,6.0
2025-05-13 09:00:00,,uvindex,-3.0,5.0,,,,,,6.0
2025-05-13 10:00:00,,uvindex,-3.0,5.0,,,,,,7.0
2025-05-13 11:00:00,,uvindex,-3.0,5.0,,,,,,6.0
2025-05-13 14:00:00,,uvindex,-3.0,5.0,,,,,,9.0
2025-05-14 11:00:00,,uvindex,-3.0,5.0,,,,,,7.0
2025-05-14 12:00:00,,uvindex,-3.0,5.0,,,,,,6.0
2025-05-14 13:00:00,,uvindex,-3.0,5.0,,,,,,7.0
2025-05-15 12:00:00,,uvindex,-3.0,5.0,,,,,,6.0
2025-05-17 14:00:00,,uvindex,-3.0,5.0,,,,,,7.0
2025-05-18 14:00:00,,uvindex,-3.0,5.0,,,,,,6.0
2025-05-20 10:00:00,,uvindex,-3.0,5.0,,,,,,7.0
2025-05-20 11:00:00,,uvindex,-3.0,5.0,,,,,,8.0
2025-05-20 12:00:00,,uvindex,-3.0,5.0,,,,,,9.0
2025-05-20 13:00:00,,uvindex,-3.0,5.0,,,,,,9.0
2025-05-20 14:00:00,,uvindex,-3.0,5.0,,,,,,6.0
2025-05-21 10:00:00,,uvindex,-3.0,5.0,,,,,,6.0
2025-05-21 11:00:00,,uvindex,-3.0,5.0,,,,,,7.0
2025-05-21 12:00:00,,uvindex,-3.0,5.0,,,,,,8.0
2025-05-21 13:00:00,,uvindex,-3.0,5.0,,,,,,8.0
2025-05-21 14:00:00,,uvindex,-3.0,5.0,,,,,,7.0
2025-05-21 15:00:00,,uvindex,-3.0,5.0,,,,,,6.0
2025-05-22 11:00:00,,uvindex,-3.0,5.0,,,,,,6.0
2025-05-22 12:00:00,,uvindex,-3.0,5.0,,,,,,7.0
2025-05-22 13:00:00,,uvindex,-3.0,5.0,,,,,,7.0
2025-05-26 11:00:00,,uvindex,-3.0,5.0,,,,,,6.0
2025-05-28 12:00:00,,uvindex,-3.0,5.0,,,,,,7.0
2025-05-28 13:00:00,,uvindex,-3.0,5.0,,,,,,6.0
2025-05-28 14:00:00,,uvindex,-3.0,5.0,,,,,,7.0
2025-05-31 10:00:00,,uvindex,-3.0,5.0,,,,,,6.0
2025-05-31 11:00:00,,uvindex,-3.0,5.0,,,,,,8.0
2025-05-31 12:00:00,,uvindex,-3.0,5.0,,,,,,8.0
2025-05-31 13:00:00,,uvindex,-3.0,5.0,,,,,,7.0
2025-05-31 14:00:00,,uvindex,-3.0,5.0,,,,,,7.0
2025-06-01 09:00:00,,uvindex,-3.0,5.0,,,,,,6.0
2025-06-01 10:00:00,,uvindex,-3.0,5.0,,,,,,8.0
2025-06-01 11:00:00,,uvindex,-3.0,5.0,,,,,,9.0
2025-06-01 12:00:00,,uvindex,-3.0,5.0,,,,,,9.0
2025-06-01 13:00:00,,uvindex,-3.0,5.0,,,,,,9.0
2025-06-01 14:00:00,,uvindex,-3.0,5.0,,,,,,8.0
2025-06-01 15:00:00,,uvindex,-3.0,5.0,,,,,,8.0
2025-06-02 09:00:00,,uvindex,-3.0,5.0,,,,,,6.0
2025-06-02 10:00:00,,uvindex,-3.0,5.0,,,,,,7.0
2025-06-02 11:00:00,,uvindex,-3.0,5.0,,,,,,9.0
2025-06-02 12:00:00,,uvindex,-3.0,5.0,,,,,,9.0
2025-06-02 13:00:00,,uvindex,-3.0,5.0,,,,,,9.0
2025-06-02 14:00:00,,uvindex,-3.0,5.0,,,,,,8.0
2025-06-02 15:00:00,,uvindex,-3.0,5.0,,,,,,7.0
2025-06-03 14:00:00,,uvindex,-3.0,5.0,,,,,,6.0
2025-06-04 11:00:00,,uvindex,-3.0,5.0,,,,,,6.0
2025-06-04 14:00:00,,uvindex,-3.0,5.0,,,,,,6.0
2025-06-05 13:00:00,,uvindex,-3.0,5.0,,,,,,8.0
2025-06-05 14:00:00,,uvindex,-3.0,5.0,,,,,,8.0
2025-06-06 10:00:00,,uvindex,-3.0,5.0,,,,,,7.0
2025-06-06 11:00:00,,uvindex,-3.0,5.0,,,,,,7.0
2025-06-06 12:00:00,,uvindex,-3.0,5.0,,,,,,8.0
2025-06-06 13:00:00,,uvindex,-3.0,5.0,,,,,,7.0
2025-06-07 10:00:00,,uvindex,-3.0,5.0,,,,,,6.0
2025-06-07 11:00:00,,uvindex,-3.0,5.0,,,,,,7.0
2025-06-07 12:00:00,,uvindex,-3.0,5.0,,,,,,7.0
2025-06-07 13:00:00,,uvindex,-3.0,5.0,,,,,,7.0
2025-06-07 14:00:00,,uvindex,-3.0,5.0,,,,,,6.0
2025-06-08 11:00:00,,uvindex,-3.0,5.0,,,,,,6.0
2025-06-08 12:00:00,,uvindex,-3.0,5.0,,,,,,6.0
2025-06-08 13:00:00,,uvindex,-3.0,5.0,,,,,,6.0
2025-06-11 10:00:00,,uvindex,-3.0,5.0,,,,,,7.0
2025-06-11 11:00:00,,uvindex,-3.0,5.0,,,,,,8.0
2025-06-11 12:00:00,,uvindex,-3.0,5.0,,,,,,9.0
2025-06-11 13:00:00,,uvindex,-3.0,5.0,,,,,,7.0
2025-06-11 14:00:00,,uvindex,-3.0,5.0,,,,,,9.0
2025-06-11 15:00:00,,uvindex,-3.0,5.0,,,,,,7.0
2025-06-11 16:00:00,,uvindex,-3.0,5.0,,,,,,6.0
2025-06-13 14:00:00,,uvindex,-3.0,5.0,,,,,,6.0
2025-06-13 15:00:00,,uvindex,-3.0,5.0,,,,,,6.0
2025-06-14 10:00:00,,uvindex,-3.0,5.0,,,,,,6.0
2025-06-14 11:00:00,,uvindex,-3.0,5.0,,,,,,7.0
2025-06-14 12:00:00,,uvindex,-3.0,5.0,,,,,,8.0
2025-06-14 13:00:00,,uvindex,-3.0,5.0,,,,,,9.0
2025-06-14 14:00:00,,uvindex,-3.0,5.0,,,,,,8.0
2025-06-14 15:00:00,,uvindex,-3.0,5.0,,,,,,7.0
2025-06-15 09:00:00,,uvindex,-3.0,5.0,,,,,,6.0
2025-06-15 10:00:00,,uvindex,-3.0,5.0,,,,,,7.0
2025-06-15 11:00:00,,uvindex,-3.0,5.0,,,,,,8.0
2025-06-15 12:00:00,,uvindex,-3.0,5.0,,,,,,8.0
2025-06-15 13:00:00,,uvindex,-3.0,5.0,,,,,,7.0
2025-06-15 14:00:00,,uvindex,-3.0,5.0,,,,,,7.0
2025-06-15 15:00:00,,uvindex,-3.0,5.0,,,,,,6.0
2025-06-18 11:00:00,,uvindex,-3.0,5.0,,,,,,6.0
2025-06-18 12:00:00,,uvindex,-3.0,5.0,,,,,,6.0
2025-06-18 13:00:00,,uvindex,-3.0,5.0,,,,,,6.0
2025-06-19 11:00:00,,uvindex,-3.0,5.0,,,,,,7.0
2025-06-19 12:00:00,,uvindex,-3.0,5.0,,,,,,8.0
2025-06-19 13:00:00,,uvindex,-3.0,5.0,,,,,,9.0
2025-06-19 15:00:00,,uvindex,-3.0,5.0,,,,,,6.0
2025-06-20 12:00:00,,uvindex,-3.0,5.0,,,,,,6.0
2025-06-20 13:00:00,,uvindex,-3.0,5.0,,,,,,7.0
2025-06-21 11:00:00,,uvindex,-3.0,5.0,,,,,,6.0
2025-06-21 12:00:00,,uvindex,-3.0,5.0,,,,,,6.0
2025-06-22 11:00:00,,uvindex,-3.0,5.0,,,,,,6.0
2025-06-22 12:00:00,,uvindex,-3.0,5.0,,,,,,7.0
2025-06-22 13:00:00,,uvindex,-3.0,5.0,,,,,,6.0
2025-06-23 10:00:00,,uvindex,-3.0,5.0,,,,,,6.0
2025-06-23 11:00:00,,uvindex,-3.0,5.0,,,,,,8.0
2025-06-23 12:00:00,,uvindex,-3.0,5.0,,,,,,7.0
2025-06-23 13:00:00,,uvindex,-3.0,5.0,,,,,,7.0
2025-06-24 10:00:00,,uvindex,-3.0,5.0,,,,,,6.0
2025-06-24 11:00:00,,uvindex,-3.0,5.0,,,,,,8.0
2025-06-24 12:00:00,,uvindex,-3.0,5.0,,,,,,9.0
2025-06-24 13:00:00,,uvindex,-3.0,5.0,,,,,,8.0
2025-06-24 14:00:00,,uvindex,-3.0,5.0,,,,,,6.0
2025-06-25 10:00:00,,uvindex,-3.0,5.0,,,,,,6.0
2025-06-25 11:00:00,,uvindex,-3.0,5.0,,,,,,7.0
2025-06-25 12:00:00,,uvindex,-3.0,5.0,,,,,,9.0
2025-06-25 13:00:00,,uvindex,-3.0,5.0,,,,,,7.0
2025-06-25 14:00:00,,uvindex,-3.0,5.0,,,,,,6.0
2025-06-26 10:00:00,,uvindex,-3.0,5.0,,,,,,6.0
2025-06-26 11:00:00,,uvindex,-3.0,5.0,,,,,,7.0
2025-06-26 12:00:00,,uvindex,-3.0,5.0,,,,,,6.0
2025-06-26 13:00:00,,uvindex,-3.0,5.0,,,,,,6.0
2025-06-26 14:00:00,,uvindex,-3.0,5.0,,,,,,8.0
2025-06-26 15:00:00,,uvindex,-3.0,5.0,,,,,,6.0
2025-06-28 13:00:00,,uvindex,-3.0,5.0,,,,,,6.0
2025-07-02 13:00:00,,uvindex,-3.0,5.0,,,,,,6.0
2025-07-04 10:00:00,,uvindex,-3.0,5.0,,,,,,6.0
2025-07-04 12:00:00,,uvindex,-3.0,5.0,,,,,,6.0
2025-07-04 13:00:00,,uvindex,-3.0,5.0,,,,,,7.0
2025-07-04 14:00:00,,uvindex,-3.0,5.0,,,,,,8.0
2025-07-04 15:00:00,,uvindex,-3.0,5.0,,,,,,7.0
2025-07-05 09:00:00,,uvindex,-3.0,5.0,,,,,,6.0
2025-07-05 10:00:00,,uvindex,-3.0,5.0,,,,,,6.0
2025-07-05 11:00:00,,uvindex,-3.0,5.0,,,,,,8.0
2025-07-05 12:00:00,,uvindex,-3.0,5.0,,,,,,9.0
2025-07-05 13:00:00,,uvindex,-3.0,5.0,,,,,,9.0
2025-07-05 14:00:00,,uvindex,-3.0,5.0,,,,,,6.0
2025-07-05 15:00:00,,uvindex,-3.0,5.0,,,,,,6.0
2025-07-06 10:00:00,,uvindex,-3.0,5.0,,,,,,7.0
2025-07-06 11:00:00,,uvindex,-3.0,5.0,,,,,,8.0
2025-07-06 12:00:00,,uvindex,-3.0,5.0,,,,,,8.0
2025-07-06 13:00:00,,uvindex,-3.0,5.0,,,,,,9.0
2025-07-06 14:00:00,,uvindex,-3.0,5.0,,,,,,8.0
2025-07-06 15:00:00,,uvindex,-3.0,5.0,,,,,,7.0
2025-07-07 10:00:00,,uvindex,-3.0,5.0,,,,,,7.0
2025-07-07 11:00:00,,uvindex,-3.0,5.0,,,,,,8.0
2025-07-07 12:00:00,,uvindex,-3.0,5.0,,,,,,7.0
2025-07-07 13:00:00,,uvindex,-3.0,5.0,,,,,,8.0
2025-07-07 14:00:00,,uvindex,-3.0,5.0,,,,,,8.0
2025-07-07 15:00:00,,uvindex,-3.0,5.0,,,,,,7.0
2025-07-08 10:00:00,,uvindex,-3.0,5.0,,,,,,7.0
2025-07-08 11:00:00,,uvindex,-3.0,5.0,,,,,,8.0
2025-07-08 12:00:00,,uvindex,-3.0,5.0,,,,,,9.0
2025-07-08 13:00:00,,uvindex,-3.0,5.0,,,,,,8.0
2025-07-08 14:00:00,,uvindex,-3.0,5.0,,,,,,6.0
2025-07-08 15:00:00,,uvindex,-3.0,5.0,,,,,,6.0
2025-07-09 10:00:00,,uvindex,-3.0,5.0,,,,,,7.0
2025-07-09 11:00:00,,uvindex,-3.0,5.0,,,,,,8.0
2025-07-09 12:00:00,,uvindex,-3.0,5.0,,,,,,9.0
2025-07-09 13:00:00,,uvindex,-3.0,5.0,,,,,,7.0
2025-07-09 14:00:00,,uvindex,-3.0,5.0,,,,,,8.0
2025-07-09 15:00:00,,uvindex,-3.0,5.0,,,,,,6.0
2025-07-10 10:00:00,,uvindex,-3.0,5.0,,,,,,6.0
2025-07-10 11:00:00,,uvindex,-3.0,5.0,,,,,,7.0
2025-07-10 14:00:00,,uvindex,-3.0,5.0,,,,,,6.0
2025-07-10 15:00:00,,uvindex,-3.0,5.0,,,,,,6.0
2025-07-12 13:00:00,,uvindex,-3.0,5.0,,,,,,6.0
2025-07-13 12:00:00,,uvindex,-3.0,5.0,,,,,,6.0
2025-07-16 11:00:00,,uvindex,-3.0,5.0,,,,,,6.0
2025-07-16 12:00:00,,uvindex,-3.0,5.0,,,,,,6.0
2025-07-17 10:00:00,,uvindex,-3.0,5.0,,,,,,6.0
2025-07-17 11:00:00,,uvindex,-3.0,5.0,,,,,,7.0
2025-07-17 12:00:00,,uvindex,-3.0,5.0,,,,,,8.0
2025-07-17 13:00:00,,uvindex,-3.0,5.0,,,,,,9.0
2025-07-17 14:00:00,,uvindex,-3.0,5.0,,,,,,8.0
2025-07-17 15:00:00,,uvindex,-3.0,5.0,,,,,,6.0
2025-07-18 09:00:00,,uvindex,-3.0,5.0,,,,,,6.0
2025-07-18 10:00:00,,uvindex,-3.0,5.0,,,,,,7.0
2025-07-18 11:00:00,,uvindex,-3.0,5.0,,,,,,8.0
2025-07-18 12:00:00,,uvindex,-3.0,5.0,,,,,,9.0
2025-07-18 13:00:00,,uvindex,-3.0,5.0,,,,,,9.0
2025-07-18 14:00:00,,uvindex,-3.0,5.0,,,,,,8.0
2025-07-18 15:00:00,,uvindex,-3.0,5.0,,,,,,7.0
2025-07-19 10:00:00,,uvindex,-3.0,5.0,,,,,,6.0
2025-07-19 11:00:00,,uvindex,-3.0,5.0,,,,,,6.0
2025-07-19 12:00:00,,uvindex,-3.0,5.0,,,,,,7.0
2025-07-19 13:00:00,,uvindex,-3.0,5.0,,,,,,6.0
2025-07-24 12:00:00,,uvindex,-3.0,5.0,,,,,,7.0
2025-07-25 14:00:00,,uvindex,-3.0,5.0,,,,,,7.0
2025-07-25 15:00:00,,uvindex,-3.0,5.0,,,,,,6.0
2025-07-26 10:00:00,,uvindex,-3.0,5.0,,,,,,6.0
2025-07-26 11:00:00,,uvindex,-3.0,5.0,,,,,,6.0
2025-07-26 12:00:00,,uvindex,-3.0,5.0,,,,,,7.0
2025-07-26 13:00:00,,uvindex,-3.0,5.0,,,,,,6.0
2025-07-26 14:00:00,,uvindex,-3.0,5.0,,,,,,6.0
2025-07-26 15:00:00,,uvindex,-3.0,5.0,,,,,,6.0
2025-07-27 11:00:00,,uvindex,-3.0,5.0,,,,,,7.0
2025-07-27 12:00:00,,uvindex,-3.0,5.0,,,,,,7.0
2025-07-27 13:00:00,,uvindex,-3.0,5.0,,,,,,8.0
2025-07-27 14:00:00,,uvindex,-3.0,5.0,,,,,,8.0
2025-07-28 10:00:00,,uvindex,-3.0,5.0,,,,,,7.0
2025-07-28 11:00:00,,uvindex,-3.0,5.0,,,,,,8.0
2025-07-28 12:00:00,,uvindex,-3.0,5.0,,,,,,9.0
2025-07-28 13:00:00,,uvindex,-3.0,5.0,,,,,,9.0
2025-07-28 14:00:00,,uvindex,-3.0,5.0,,,,,,8.0
2025-07-28 15:00:00,,uvindex,-3.0,5.0,,,,,,7.0
2025-07-28 16:00:00,,uvindex,-3.0,5.0,,,,,,6.0
2025-07-29 10:00:00,,uvindex,-3.0,5.0,,,,,,7.0
2025-07-29 11:00:00,,uvindex,-3.0,5.0,,,,,,9.0
2025-07-29 12:00:00,,uvindex,-3.0,5.0,,,,,,9.0
2025-07-29 13:00:00,,uvindex,-3.0,5.0,,,,,,9.0
2025-07-29 14:00:00,,uvindex,-3.0,5.0,,,,,,8.0
2025-07-29 15:00:00,,uvindex,-3.0,5.0,,,,,,7.0
2025-07-30 10:00:00,,uvindex,-3.0,5.0,,,,,,7.0
2025-07-30 11:00:00,,uvindex,-3.0,5.0,,,,,,8.0
2025-07-30 12:00:00,,uvindex,-3.0,5.0,,,,,,8.0
2025-07-30 13:00:00,,uvindex,-3.0,5.0,,,,,,9.0
2025-07-30 14:00:00,,uvindex,-3.0,5.0,,,,,,7.0
2025-07-30 15:00:00,,uvindex,-3.0,5.0,,,,,,7.0
2025-07-31 11:00:00,,uvindex,-3.0,5.0,,,,,,6.0
2025-07-31 12:00:00,,uvindex,-3.0,5.0,,,,,,6.0
2025-07-31 13:00:00,,uvindex,-3.0,5.0,,,,,,6.0
2025-07-31 14:00:00,,uvindex,-3.0,5.0,,,,,,6.0
2025-07-31 15:00:00,,uvindex,-3.0,5.0,,,,,,6.0
2025-08-02 10:00:00,,uvindex,-3.0,5.0,,,,,,6.0
2025-08-02 11:00:00,,uvindex,-3.0,5.0,,,,,,7.0
2025-08-02 12:00:00,,uvindex,-3.0,5.0,,,,,,7.0
2025-08-02 13:00:00,,uvindex,-3.0,5.0,,,,,,8.0
2025-08-02 14:00:00,,uvindex,-3.0,5.0,,,,,,8.0
2025-08-02 15:00:00,,uvindex,-3.0,5.0,,,,,,6.0
2025-08-03 10:00:00,,uvindex,-3.0,5.0,,,,,,7.0
2025-08-03 11:00:00,,uvindex,-3.0,5.0,,,,,,9.0
2025-08-03 12:00:00,,uvindex,-3.0,5.0,,,,,,9.0
2025-08-03 13:00:00,,uvindex,-3.0,5.0,,,,,,9.0
2025-08-03 14:00:00,,uvindex,-3.0,5.0,,,,,,9.0
2025-08-03 15:00:00,,uvindex,-3.0,5.0,,,,,,7.0
2025-08-03 16:00:00,,uvindex,-3.0,5.0,,,,,,6.0
2025-08-04 10:00:00,,uvindex,-3.0,5.0,,,,,,7.0
2025-08-04 11:00:00,,uvindex,-3.0,5.0,,,,,,8.0
2025-08-04 12:00:00,,uvindex,-3.0,5.0,,,,,,9.0
2025-08-04 13:00:00,,uvindex,-3.0,5.0,,,,,,9.0
2025-08-04 14:00:00,,uvindex,-3.0,5.0,,,,,,8.0
2025-08-04 15:00:00,,uvindex,-3.0,5.0,,,,,,7.0
2025-08-05 11:00:00,,uvindex,-3.0,5.0,,,,,,6.0
2025-08-05 12:00:00,,uvindex,-3.0,5.0,,,,,,6.0
2025-08-07 11:00:00,,uvindex,-3.0,5.0,,,,,,7.0
2025-08-07 12:00:00,,uvindex,-3.0,5.0,,,,,,8.0
2025-08-07 13:00:00,,uvindex,-3.0,5.0,,,,,,8.0
2025-08-08 10:00:00,,uvindex,-3.0,5.0,,,,,,7.0
2025-08-08 11:00:00,,uvindex,-3.0,5.0,,,,,,7.0
2025-08-08 12:00:00,,uvindex,-3.0,5.0,,,,,,9.0
2025-08-08 13:00:00,,uvindex,-3.0,5.0,,,,,,8.0
2025-08-08 14:00:00,,uvindex,-3.0,5.0,,,,,,8.0
2025-08-08 15:00:00,,uvindex,-3.0,5.0,,,,,,7.0
2025-08-08 16:00:00,,uvindex,-3.0,5.0,,,,,,6.0
2025-08-09 10:00:00,,uvindex,-3.0,5.0,,,,,,7.0
2025-08-09 11:00:00,,uvindex,-3.0,5.0,,,,,,9.0
2025-08-09 12:00:00,,uvindex,-3.0,5.0,,,,,,9.0
2025-08-09 13:00:00,,uvindex,-3.0,5.0,,,,,,9.0
2025-08-09 14:00:00,,uvindex,-3.0,5.0,,,,,,8.0
2025-08-09 15:00:00,,uvindex,-3.0,5.0,,,,,,6.0
2025-08-10 10:00:00,,uvindex,-3.0,5.0,,,,,,7.0
2025-08-10 11:00:00,,uvindex,-3.0,5.0,,,,,,9.0
2025-08-10 12:00:00,,uvindex,-3.0,5.0,,,,,,9.0
2025-08-10 13:00:00,,uvindex,-3.0,5.0,,,,,,9.0
2025-08-10 14:00:00,,uvindex,-3.0,5.0,,,,,,9.0
2025-08-10 15:00:00,,uvindex,-3.0,5.0,,,,,,6.0
2025-08-11 10:00:00,,uvindex,-3.0,5.0,,,,,,7.0
2025-08-11 11:00:00,,uvindex,-3.0,5.0,,,,,,8.0
2025-08-11 12:00:00,,uvindex,-3.0,5.0,,,,,,7.0
2025-08-11 13:00:00,,uvindex,-3.0,5.0,,,,,,8.0
2025-08-11 14:00:00,,uvindex,-3.0,5.0,,,,,,7.0
2025-08-11 15:00:00,,uvindex,-3.0,5.0,,,,,,6.0
2025-08-12 10:00:00,,uvindex,-3.0,5.0,,,,,,6.0
2025-08-12 11:00:00,,uvindex,-3.0,5.0,,,,,,7.0
2025-08-12 12:00:00,,uvindex,-3.0,5.0,,,,,,7.0
2025-08-12 13:00:00,,uvindex,-3.0,5.0,,,,,,7.0
2025-08-12 14:00:00,,uvindex,-3.0,5.0,,,,,,6.0
2025-08-12 15:00:00,,uvindex,-3.0,5.0,,,,,,6.0
2025-08-13 13:00:00,,uvindex,-3.0,5.0,,,,,,7.0
2025-08-13 14:00:00,,uvindex,-3.0,5.0,,,,,,8.0
2025-08-13 15:00:00,,uvindex,-3.0,5.0,,,,,,6.0
2025-08-14 11:00:00,,uvindex,-3.0,5.0,,,,,,6.0
2025-08-14 12:00:00,,uvindex,-3.0,5.0,,,,,,7.0
2025-08-14 13:00:00,,uvindex,-3.0,5.0,,,,,,8.0
2025-08-14 14:00:00,,uvindex,-3.0,5.0,,,,,,6.0
2025-08-20 11:00:00,,uvindex,-3.0,5.0,,,,,,6.0
2025-08-20 12:00:00,,uvindex,-3.0,5.0,,,,,,7.0
2025-08-20 13:00:00,,uvindex,-3.0,5.0,,,,,,6.0
2025-08-23 10:00:00,,uvindex,-3.0,5.0,,,,,,6.0
2025-08-23 11:00:00,,uvindex,-3.0,5.0,,,,,,6.0
2025-08-23 13:00:00,,uvindex,-3.0,5.0,,,,,,6.0
2025-08-24 10:00:00,,uvindex,-3.0,5.0,,,,,,7.0
2025-08-24 11:00:00,,uvindex,-3.0,5.0,,,,,,7.0
2025-08-24 12:00:00,,uvindex,-3.0,5.0,,,,,,8.0
2025-08-24 13:00:00,,uvindex,-3.0,5.0,,,,,,7.0
2025-08-28 11:00:00,,uvindex,-3.0,5.0,,,,,,6.0
2025-08-28 12:00:00,,uvindex,-3.0,5.0,,,,,,8.0
2025-08-28 14:00:00,,uvindex,-3.0,5.0,,,,,,7.0
2025-08-29 12:00:00,,uvindex,-3.0,5.0,,,,,,8.0
2025-08-29 13:00:00,,uvindex,-3.0,5.0,,,,,,8.0
2025-08-29 14:00:00,,uvindex,-3.0,5.0,,,,,,6.0
2025-09-01 11:00:00,,uvindex,-3.0,5.0,,,,,,6.0
2025-09-02 10:00:00,,uvindex,-3.0,5.0,,,,,,6.0
2025-09-02 11:00:00,,uvindex,-3.0,5.0,,,,,,8.0
2025-09-02 12:00:00,,uvindex,-3.0,5.0,,,,,,9.0
2025-09-02 13:00:00,,uvindex,-3.0,5.0,,,,,,8.0
2025-09-02 14:00:00,,uvindex,-3.0,5.0,,,,,,6.0
2025-09-03 10:00:00,,uvindex,-3.0,5.0,,,,,,7.0
2025-09-03 11:00:00,,uvindex,-3.0,5.0,,,,,,8.0
2025-09-03 12:00:00,,uvindex,-3.0,5.0,,,,,,7.0
2025-09-03 13:00:00,,uvindex,-3.0,5.0,,,,,,8.0
2025-09-03 14:00:00,,uvindex,-3.0,5.0,,,,,,7.0
2025-09-03 15:00:00,,uvindex,-3.0,5.0,,,,,,6.0
2025-09-04 10:00:00,,uvindex,-3.0,5.0,,,,,,7.0
2025-09-04 11:00:00,,uvindex,-3.0,5.0,,,,,,8.0
2025-09-04 12:00:00,,uvindex,-3.0,5.0,,,,,,9.0
2025-09-04 13:00:00,,uvindex,-3.0,5.0,,,,,,9.0
2025-09-04 14:00:00,,uvindex,-3.0,5.0,,,,,,7.0
2025-09-04 15:00:00,,uvindex,-3.0,5.0,,,,,,7.0
2025-09-05 10:00:00,,uvindex,-3.0,5.0,,,,,,7.0
2025-09-05 11:00:00,,uvindex,-3.0,5.0,,,,,,8.0
2025-09-05 12:00:00,,uvindex,-3.0,5.0,,,,,,9.0
2025-09-05 13:00:00,,uvindex,-3.0,5.0,,,,,,9.0
2025-09-05 14:00:00,,uvindex,-3.0,5.0,,,,,,8.0
2025-09-05 15:00:00,,uvindex,-3.0,5.0,,,,,,7.0
2025-09-06 11:00:00,,uvindex,-3.0,5.0,,,,,,7.0
2025-09-06 12:00:00,,uvindex,-3.0,5.0,,,,,,8.0
2025-09-06 13:00:00,,uvindex,-3.0,5.0,,,,,,8.0
2025-09-06 14:00:00,,uvindex,-3.0,5.0,,,,,,8.0
2025-09-06 15:00:00,,uvindex,-3.0,5.0,,,,,,7.0
2025-09-07 10:00:00,,uvindex,-3.0,5.0,,,,,,7.0
2025-09-07 11:00:00,,uvindex,-3.0,5.0,,,,,,8.0
2025-09-07 12:00:00,,uvindex,-3.0,5.0,,,,,,8.0
2025-09-07 13:00:00,,uvindex,-3.0,5.0,,,,,,7.0
2025-09-07 14:00:00,,uvindex,-3.0,5.0,,,,,,7.0
2025-09-07 15:00:00,,uvindex,-3.0,5.0,,,,,,6.0
2025-09-08 10:00:00,,uvindex,-3.0,5.0,,,,,,7.0
2025-09-08 11:00:00,,uvindex,-3.0,5.0,,,,,,9.0
2025-09-08 12:00:00,,uvindex,-3.0,5.0,,,,,,9.0
2025-09-08 13:00:00,,uvindex,-3.0,5.0,,,,,,8.0
2025-09-08 14:00:00,,uvindex,-3.0,5.0,,,,,,8.0
2025-09-10 11:00:00,,uvindex,-3.0,5.0,,,,,,6.0
2025-09-10 12:00:00,,uvindex,-3.0,5.0,,,,,,7.0
2025-09-10 13:00:00,,uvindex,-3.0,5.0,,,,,,6.0
2025-09-12 11:00:00,,uvindex,-3.0,5.0,,,,,,8.0
2025-09-12 12:00:00,,uvindex,-3.0,5.0,,,,,,7.0
2025-09-12 14:00:00,,uvindex,-3.0,5.0,,,,,,6.0
2025-09-13 10:00:00,,uvindex,-3.0,5.0,,,,,,7.0
2025-09-13 11:00:00,,uvindex,-3.0,5.0,,,,,,8.0
2025-09-13 12:00:00,,uvindex,-3.0,5.0,,,,,,7.0
2025-09-13 13:00:00,,uvindex,-3.0,5.0,,,,,,7.0
2025-09-13 14:00:00,,uvindex,-3.0,5.0,,,,,,7.0
2025-09-13 15:00:00,,uvindex,-3.0,5.0,,,,,,6.0
2025-09-14 11:00:00,,uvindex,-3.0,5.0,,,,,,6.0
2025-09-14 12:00:00,,uvindex,-3.0,5.0,,,,,,8.0
2025-09-14 13:00:00,,uvindex,-3.0,5.0,,,,,,8.0
2025-09-14 14:00:00,,uvindex,-3.0,5.0,,,,,,7.0
2025-09-14 15:00:00,,uvindex,-3.0,5.0,,,,,,6.0
2025-09-15 11:00:00,,uvindex,-3.0,5.0,,,,,,7.0
2025-09-15 12:00:00,,uvindex,-3.0,5.0,,,,,,7.0
2025-09-15 13:00:00,,uvindex,-3.0,5.0,,,,,,6.0
2025-09-16 11:00:00,,uvindex,-3.0,5.0,,,,,,7.0
2025-09-16 12:00:00,,uvindex,-3.0,5.0,,,,,,7.0
2025-09-16 13:00:00,,uvindex,-3.0,5.0,,,,,,8.0
2025-09-16 14:00:00,,uvindex,-3.0,5.0,,,,,,7.0
2025-09-16 15:00:00,,uvindex,-3.0,5.0,,,,,,6.0
2025-09-17 11:00:00,,uvindex,-3.0,5.0,,,,,,7.0
2025-09-17 12:00:00,,uvindex,-3.0,5.0,,,,,,8.0
2025-09-18 10:00:00,,uvindex,-3.0,5.0,,,,,,6.0
2025-09-18 11:00:00,,uvindex,-3.0,5.0,,,,,,6.0
2025-09-18 14:00:00,,uvindex,-3.0,5.0,,,,,,6.0
2025-09-19 12:00:00,,uvindex,-3.0,5.0,,,,,,7.0
2025-09-19 14:00:00,,uvindex,-3.0,5.0,,,,,,6.0
2025-09-20 10:00:00,,uvindex,-3.0,5.0,,,,,,7.0
2025-09-20 11:00:00,,uvindex,-3.0,5.0,,,,,,8.0
2025-09-20 12:00:00,,uvindex,-3.0,5.0,,,,,,8.0
2025-09-20 13:00:00,,uvindex,-3.0,5.0,,,,,,8.0
2025-09-20 14:00:00,,uvindex,-3.0,5.0,,,,,,7.0
2025-09-20 15:00:00,,uvindex,-3.0,5.0,,,,,,6.0
2025-09-21 10:00:00,,uvindex,-3.0,5.0,,,,,,7.0
2025-09-21 11:00:00,,uvindex,-3.0,5.0,,,,,,6.0
2025-09-21 12:00:00,,uvindex,-3.0,5.0,,,,,,7.0
2025-09-21 13:00:00,,uvindex,-3.0,5.0,,,,,,6.0
2025-09-21 14:00:00,,uvindex,-3.0,5.0,,,,,,6.0
2025-09-22 12:00:00,,uvindex,-3.0,5.0,,,,,,6.0
2025-09-22 13:00:00,,uvindex,-3.0,5.0,,,,,,6.0
2025-09-23 10:00:00,,uvindex,-3.0,5.0,,,,,,6.0
2025-09-23 11:00:00,,uvindex,-3.0,5.0,,,,,,7.0
2025-09-23 12:00:00,,uvindex,-3.0,5.0,,,,,,7.0
2025-09-23 13:00:00,,uvindex,-3.0,5.0,,,,,,7.0
2025-09-23 14:00:00,,uvindex,-3.0,5.0,,,,,,7.0
2025-09-23 15:00:00,,uvindex,-3.0,5.0,,,,,,6.0
2025-09-24 10:00:00,,uvindex,-3.0,5.0,,,,,,7.0
2025-09-24 11:00:00,,uvindex,-3.0,5.0,,,,,,8.0
2025-09-24 12:00:00,,uvindex,-3.0,5.0,,,,,,9.0
2025-09-24 13:00:00,,uvindex,-3.0,5.0,,,,,,8.0
2025-09-24 14:00:00,,uvindex,-3.0,5.0,,,,,,7.0
2025-09-24 15:00:00,,uvindex,-3.0,5.0,,,,,,6.0
2025-09-27 13:00:00,,uvindex,-3.0,5.0,,,,,,8.0
2025-09-27 14:00:00,,uvindex,-3.0,5.0,,,,,,6.0
2025-10-01 13:00:00,,uvindex,-3.0,5.0,,,,,,7.0
2025-10-02 10:00:00,,uvindex,-3.0,5.0,,,,,,6.0
2025-10-02 11:00:00,,uvindex,-3.0,5.0,,,,,,7.0
2025-10-02 12:00:00,,uvindex,-3.0,5.0,,,,,,7.0
2025-10-02 13:00:00,,uvindex,-3.0,5.0,,,,,,8.0
2025-10-02 14:00:00,,uvindex,-3.0,5.0,,,,,,6.0
2025-10-03 10:00:00,,uvindex,-3.0,5.0,,,,,,7.0
2025-10-03 11:00:00,,uvindex,-3.0,5.0,,,,,,8.0
2025-10-03 12:00:00,,uvindex,-3.0,5.0,,,,,,8.0
2025-10-03 13:00:00,,uvindex,-3.0,5.0,,,,,,9.0
2025-10-03 14:00:00,,uvindex,-3.0,5.0,,,,,,7.0
2025-10-03 15:00:00,,uvindex,-3.0,5.0,,,,,,6.0
2025-10-04 10:00:00,,uvindex,-3.0,5.0,,,,,,6.0
2025-10-04 11:00:00,,uvindex,-3.0,5.0,,,,,,7.0
2025-10-04 12:00:00,,uvindex,-3.0,5.0,,,,,,7.0
2025-10-04 13:00:00,,uvindex,-3.0,5.0,,,,,,7.0
2025-10-04 14:00:00,,uvindex,-3.0,5.0,,,,,,6.0
2025-10-05 10:00:00,,uvindex,-3.0,5.0,,,,,,6.0
2025-10-05 11:00:00,,uvindex,-3.0,5.0,,,,,,8.0
2025-10-05 12:00:00,,uvindex,-3.0,5.0,,,,,,8.0
2025-10-05 13:00:00,,uvindex,-3.0,5.0,,,,,,8.0
2025-10-05 14:00:00,,uvindex,-3.0,5.0,,,,,,7.0
2025-10-08 13:00:00,,uvindex,-3.0,5.0,,,,,,7.0
2025-10-08 14:00:00,,uvindex,-3.0,5.0,,,,,,6.0
2025-10-09 10:00:00,,uvindex,-3.0,5.0,,,,,,6.0
2025-10-09 11:00:00,,uvindex,-3.0,5.0,,,,,,7.0
2025-10-09 12:00:00,,uvindex,-3.0,5.0,,,,,,8.0
2025-10-09 13:00:00,,uvindex,-3.0,5.0,,,,,,7.0
2025-10-09 14:00:00,,uvindex,-3.0,5.0,,,,,,6.0
2025-10-10 10:00:00,,uvindex,-3.0,5.0,,,,,,6.0
2025-10-10 11:00:00,,uvindex,-3.0,5.0,,,,,,8.0
2025-10-10 12:00:00,,uvindex,-3.0,5.0,,,,,,9.0
2025-10-10 13:00:00,,uvindex,-3.0,5.0,,,,,,8.0
2025-10-10 14:00:00,,uvindex,-3.0,5.0,,,,,,7.0
2025-10-10 15:00:00,,uvindex,-3.0,5.0,,,,,,6.0
2025-10-11 11:00:00,,uvindex,-3.0,5.0,,,,,,6.0
2025-10-12 10:00:00,,uvindex,-3.0,5.0,,,,,,6.0
2025-10-12 11:00:00,,uvindex,-3.0,5.0,,,,,,7.0
2025-10-12 12:00:00,,uvindex,-3.0,5.0,,,,,,8.0
2025-10-12 13:00:00,,uvindex,-3.0,5.0,,,,,,8.0
2025-10-16 12:00:00,,uvindex,-3.0,5.0,,,,,,6.0
2025-10-16 13:00:00,,uvindex,-3.0,5.0,,,,,,7.0
2025-10-16 14:00:00,,uvindex,-3.0,5.0,,,,,,6.0
2025-10-17 11:00:00,,uvindex,-3.0,5.0,,,,,,7.0
2025-10-17 12:00:00,,uvindex,-3.0,5.0,,,,,,7.0
2025-10-17 13:00:00,,uvindex,-3.0,5.0,,,,,,6.0
2025-10-17 14:00:00,,uvindex,-3.0,5.0,,,,,,6.0
2025-10-18 11:00:00,,uvindex,-3.0,5.0,,,,,,7.0
2025-10-18 12:00:00,,uvindex,-3.0,5.0,,,,,,8.0
2025-10-18 13:00:00,,uvindex,-3.0,5.0,,,,,,6.0
2025-10-19 10:00:00,,uvindex,-3.0,5.0,,,,,,6.0
2025-10-19 11:00:00,,uvindex,-3.0,5.0,,,,,,6.0
2025-10-19 12:00:00,,uvindex,-3.0,5.0,,,,,,6.0
2025-10-19 14:00:00,,uvindex,-3.0,5.0,,,,,,6.0
2025-10-20 11:00:00,,uvindex,-3.0,5.0,,,,,,7.0
2025-10-20 12:00:00,,uvindex,-3.0,5.0,,,,,,7.0
2025-10-20 13:00:00,,uvindex,-3.0,5.0,,,,,,7.0
2025-10-20 14:00:00,,uvindex,-3.0,5.0,,,,,,7.0
2025-10-21 11:00:00,,uvindex,-3.0,5.0,,,,,,7.0
2025-10-21 12:00:00,,uvindex,-3.0,5.0,,,,,,7.0
2025-10-21 13:00:00,,uvindex,-3.0,5.0,,,,,,7.0
2025-10-21 14:00:00,,uvindex,-3.0,5.0,,,,,,6.0
2025-10-22 10:00:00,,uvindex,-3.0,5.0,,,,,,6.0
2025-10-22 11:00:00,,uvindex,-3.0,5.0,,,,,,7.0
2025-10-22 12:00:00,,uvindex,-3.0,5.0,,,,,,7.0
2025-10-22 13:00:00,,uvindex,-3.0,5.0,,,,,,8.0
2025-10-22 14:00:00,,uvindex,-3.0,5.0,,,,,,6.0
2025-10-26 14:00:00,,uvindex,-3.0,5.0,,,,,,6.0
2025-10-27 14:00:00,,uvindex,-3.0,5.0,,,,,,6.0
2025-10-28 11:00:00,,uvindex,-3.0,5.0,,,,,,6.0
2025-10-28 12:00:00,,uvindex,-3.0,5.0,,,,,,6.0
2025-10-28 13:00:00,,uvindex,-3.0,5.0,,,,,,6.0
2025-10-28 14:00:00,,uvindex,-3.0,5.0,,,,,,6.0
2025-10-29 10:00:00,,uvindex,-3.0,5.0,,,,,,6.0
2025-10-29 11:00:00,,uvindex,-3.0,5.0,,,,,,7.0
2025-10-29 12:00:00,,uvindex,-3.0,5.0,,,,,,8.0
2025-10-29 13:00:00,,uvindex,-3.0,5.0,,,,,,8.0
2025-10-29 14:00:00,,uvindex,-3.0,5.0,,,,,,6.0
2025-11-12 14:00:00,,uvindex,-3.0,5.0,,,,,,6.0
2025-11-13 11:00:00,,uvindex,-3.0,5.0,,,,,,6.0
2025-11-13 12:00:00,,uvindex,-3.0,5.0,,,,,,7.0
2025-11-13 13:00:00,,uvindex,-3.0,5.0,,,,,,7.0
2025-11-13 14:00:00,,uvindex,-3.0,5.0,,,,,,7.0
2025-11-14 10:00:00,,uvindex,-3.0,5.0,,,,,,6.0
2025-11-14 11:00:00,,uvindex,-3.0,5.0,,,,,,7.0
2025-11-14 12:00:00,,uvindex,-3.0,5.0,,,,,,8.0
2025-11-14 13:00:00,,uvindex,-3.0,5.0,,,,,,7.0
2025-11-14 14:00:00,,uvindex,-3.0,5.0,,,,,,6.0
2025-11-15 10:00:00,,uvindex,-3.0,5.0,,,,,,6.0
2025-11-15 11:00:00,,uvindex,-3.0,5.0,,,,,,7.0
2025-11-15 12:00:00,,uvindex,-3.0,5.0,,,,,,8.0
2025-11-15 13:00:00,,uvindex,-3.0,5.0,,,,,,7.0
2025-11-15 14:00:00,,uvindex,-3.0,5.0,,,,,,6.0
2025-11-20 11:00:00,,uvindex,-3.0,5.0,,,,,,6.0
2025-11-20 12:00:00,,uvindex,-3.0,5.0,,,,,,6.0
2025-11-20 13:00:00,,uvindex,-3.0,5.0,,,,,,7.0
2025-11-20 14:00:00,,uvindex,-3.0,5.0,,,,,,6.0
2025-11-21 11:00:00,,uvindex,-3.0,5.0,,,,,,7.0
2025-11-21 12:00:00,,uvindex,-3.0,5.0,,,,,,7.0
2025-11-21 13:00:00,,uvindex,-3.0,5.0,,,,,,7.0
2025-11-21 14:00:00,,uvindex,-3.0,5.0,,,,,,6.0
2025-11-22 11:00:00,,uvindex,-3.0,5.0,,,,,,6.0
2025-11-22 13:00:00,,uvindex,-3.0,5.0,,,,,,6.0
2025-11-22 14:00:00,,uvindex,-3.0,5.0,,,,,,6.0
2025-11-23 10:00:00,,uvindex,-3.0,5.0,,,,,,6.0
2025-11-23 11:00:00,,uvindex,-3.0,5.0,,,,,,7.0
2025-11-23 12:00:00,,uvindex,-3.0,5.0,,,,,,7.0
2025-11-23 13:00:00,,uvindex,-3.0,5.0,,,,,,7.0
2025-11-23 14:00:00,,uvindex,-3.0,5.0,,,,,,6.0
2025-11-24 10:00:00,,uvindex,-3.0,5.0,,,,,,6.0
2025-11-24 11:00:00,,uvindex,-3.0,5.0,,,,,,7.0
2025-11-24 12:00:00,,uvindex,-3.0,5.0,,,,,,8.0
2025-11-24 13:00:00,,uvindex,-3.0,5.0,,,,,,7.0
2025-11-24 14:00:00,,uvindex,-3.0,5.0,,,,,,6.0
2025-11-25 10:00:00,,uvindex,-3.0,5.0,,,,,,6.0
2025-11-25 11:00:00,,uvindex,-3.0,5.0,,,,,,7.0
2025-11-25 12:00:00,,uvindex,-3.0,5.0,,,,,,7.0
2025-11-25 13:00:00,,uvindex,-3.0,5.0,,,,,,7.0
2025-11-25 14:00:00,,uvindex,-3.0,5.0,,,,,,6.0
2025-11-26 10:00:00,,uvindex,-3.0,5.0,,,,,,6.0
2025-11-26 11:00:00,,uvindex,-3.0,5.0,,,,,,7.0
2025-11-26 12:00:00,,uvindex,-3.0,5.0,,,,,,8.0
2025-11-26 13:00:00,,uvindex,-3.0,5.0,,,,,,7.0
2025-11-26 14:00:00,,uvindex,-3.0,5.0,,,,,,6.0
2025-11-27 10:00:00,,uvindex,-3.0,5.0,,,,,,6.0
2025-11-27 11:00:00,,uvindex,-3.0,5.0,,,,,,7.0
2025-11-27 12:00:00,,uvindex,-3.0,5.0,,,,,,8.0
2025-11-27 13:00:00,,uvindex,-3.0,5.0,,,,,,7.0
2025-11-27 14:00:00,,uvindex,-3.0,5.0,,,,,,7.0
2025-11-28 10:00:00,,uvindex,-3.0,5.0,,,,,,6.0
2025-11-28 11:00:00,,uvindex,-3.0,5.0,,,,,,7.0
2025-11-28 12:00:00,,uvindex,-3.0,5.0,,,,,,8.0
2025-11-28 13:00:00,,uvindex,-3.0,5.0,,,,,,8.0
2025-11-28 14:00:00,,uvindex,-3.0,5.0,,,,,,7.0
2025-11-29 10:00:00,,uvindex,-3.0,5.0,,,,,,6.0
2025-11-29 11:00:00,,uvindex,-3.0,5.0,,,,,,7.0
2025-11-29 12:00:00,,uvindex,-3.0,5.0,,,,,,8.0
2025-11-29 13:00:00,,uvindex,-3.0,5.0,,,,,,7.0
2025-11-29 14:00:00,,uvindex,-3.0,5.0,,,,,,7.0
2025-11-30 13:00:00,,uvindex,-3.0,5.0,,,,,,6.0
2025-11-30 14:00:00,,uvindex,-3.0,5.0,,,,,,6.0
2025-12-06 12:00:00,,uvindex,-3.0,5.0,,,,,,6.0
2025-12-09 11:00:00,,uvindex,-3.0,5.0,,,,,,6.0
2025-12-09 12:00:00,,uvindex,-3.0,5.0,,,,,,7.0
2025-12-09 13:00:00,,uvindex,-3.0,5.0,,,,,,6.0
2025-12-10 11:00:00,,uvindex,-3.0,5.0,,,,,,7.0
2025-12-10 12:00:00,,uvindex,-3.0,5.0,,,,,,7.0
2025-12-10 13:00:00,,uvindex,-3.0,5.0,,,,,,7.0
2025-12-10 14:00:00,,uvindex,-3.0,5.0,,,,,,6.0
2025-12-15 11:00:00,,uvindex,-3.0,5.0,,,,,,6.0
2025-12-15 12:00:00,,uvindex,-3.0,5.0,,,,,,6.0
2025-12-15 13:00:00,,uvindex,-3.0,5.0,,,,,,6.0
2025-12-18 11:00:00,,uvindex,-3.0,5.0,,,,,,6.0
2025-12-18 12:00:00,,uvindex,-3.0,5.0,,,,,,7.0
2025-12-18 13:00:00,,uvindex,-3.0,5.0,,,,,,6.0
2025-12-18 14:00:00,,uvindex,-3.0,5.0,,,,,,6.0
2025-12-19 11:00:00,,uvindex,-3.0,5.0,,,,,,6.0
2025-12-19 12:00:00,,uvindex,-3.0,5.0,,,,,,6.0
2025-12-19 13:00:00,,uvindex,-3.0,5.0,,,,,,6.0
2025-12-19 14:00:00,,uvindex,-3.0,5.0,,,,,,6.0
2025-12-26 11:00:00,,uvindex,-3.0,5.0,,,,,,6.0
2025-12-26 12:00:00,,uvindex,-3.0,5.0,,,,,,7.0
2025-12-26 13:00:00,,uvindex,-3.0,5.0,,,,,,7.0
2025-12-26 14:00:00,,uvindex,-3.0,5.0,,,,,,6.0
2025-12-27 11:00:00,,uvindex,-3.0,5.0,,,,,,6.0
2025-12-27 12:00:00,,uvindex,-3.0,5.0,,,,,,7.0
2025-12-27 13:00:00,,uvindex,-3.0,5.0,,,,,,6.0
2025-12-28 12:00:00,,uvindex,-3.0,5.0,,,,,,6.0
2026-01-07 11:00:00,,uvindex,-3.0,5.0,,,,,,6.0
2026-01-07 12:00:00,,uvindex,-3.0,5.0,,,,,,7.0
2026-01-07 13:00:00,,uvindex,-3.0,5.0,,,,,,7.0
2026-01-07 14:00:00,,uvindex,-3.0,5.0,,,,,,6.0
2026-01-08 12:00:00,,uvindex,-3.0,5.0,,,,,,6.0
2026-01-08 13:00:00,,uvindex,-3.0,5.0,,,,,,6.0
2026-01-08 14:00:00,,uvindex,-3.0,5.0,,,,,,6.0
2026-01-09 11:00:00,,uvindex,-3.0,5.0,,,,,,7.0
2026-01-09 12:00:00,,uvindex,-3.0,5.0,,,,,,7.0
2026-01-09 13:00:00,,uvindex,-3.0,5.0,,,,,,7.0
2026-01-09 14:00:00,,uvindex,-3.0,5.0,,,,,,6.0
2026-01-10 11:00:00,,uvindex,-3.0,5.0,,,,,,7.0
2026-01-10 12:00:00,,uvindex,-3.0,5.0,,,,,,7.0
2026-01-10 13:00:00,,uvindex,-3.0,5.0,,,,,,7.0
2026-01-10 14:00:00,,uvindex,-3.0,5.0,,,,,,6.0
2026-01-11 11:00:00,,uvindex,-3.0,5.0,,,,,,7.0
2026-01-11 12:00:00,,uvindex,-3.0,5.0,,,,,,7.0
2026-01-11 13:00:00,,uvindex,-3.0,5.0,,,,,,7.0
2026-01-11 14:00:00,,uvindex,-3.0,5.0,,,,,,7.0
2026-01-12 11:00:00,,uvindex,-3.0,5.0,,,,,,6.0
2026-01-12 12:00:00,,uvindex,-3.0,5.0,,,,,,7.0
2026-01-12 13:00:00,,uvindex,-3.0,5.0,,,,,,7.0
2026-01-12 14:00:00,,uvindex,-3.0,5.0,,,,,,6.0
2026-01-13 11:00:00,,uvindex,-3.0,5.0,,,,,,7.0
2026-01-13 12:00:00,,uvindex,-3.0,5.0,,,,,,7.0
2026-01-13 13:00:00,,uvindex,-3.0,5.0,,,,,,7.0
2026-01-13 14:00:00,,uvindex,-3.0,5.0,,,,,,6.0
2026-01-14 11:00:00,,uvindex,-3.0,5.0,,,,,,7.0
2026-01-14 12:00:00,,uvindex,-3.0,5.0,,,,,,7.0
2026-01-14 13:00:00,,uvindex,-3.0,5.0,,,,,,7.0
2026-01-14 14:00:00,,uvindex,-3.0,5.0,,,,,,6.0
2026-01-18 11:00:00,,uvindex,-3.0,5.0,,,,,,6.0
2026-01-28 11:00:00,,uvindex,-3.0,5.0,,,,,,6.0
2026-01-28 12:00:00,,uvindex,-3.0,5.0,,,,,,7.0
2026-01-28 13:00:00,,uvindex,-3.0,5.0,,,,,,7.0
2026-02-03 11:00:00,,uvindex,-3.0,5.0,,,,,,6.0
2026-02-03 12:00:00,,uvindex,-3.0,5.0,,,,,,7.0
2026-02-03 13:00:00,,uvindex,-3.0,5.0,,,,,,7.0
2026-02-03 14:00:00,,uvindex,-3.0,5.0,,,,,,6.0
2026-02-15 12:00:00,,uvindex,-3.0,5.0,,,,,,7.0
2026-02-15 13:00:00,,uvindex,-3.0,5.0,,,,,,7.0
2026-02-15 14:00:00,,uvindex,-3.0,5.0,,,,,,7.0
2026-02-15 15:00:00,,uvindex,-3.0,5.0,,,,,,6.0
2026-02-16 12:00:00,,uvindex,-3.0,5.0,,,,,,6.0
2026-02-16 13:00:00,,uvindex,-3.0,5.0,,,,,,8.0
2026-02-16 15:00:00,,uvindex,-3.0,5.0,,,,,,6.0
2026-02-20 12:00:00,,uvindex,-3.0,5.0,,,,,,7.0
2026-02-20 13:00:00,,uvindex,-3.0,5.0,,,,,,8.0
2026-02-21 12:00:00,,uvindex,-3.0,5.0,,,,,,6.0
2026-02-21 13:00:00,,uvindex,-3.0,5.0,,,,,,8.0
2026-02-21 14:00:00,,uvindex,-3.0,5.0,,,,,,7.0
2026-02-27 12:00:00,,uvindex,-3.0,5.0,,,,,,6.0
2026-02-27 14:00:00,,uvindex,-3.0,5.0,,,,,,6.0
2026-02-27 15:00:00,,uvindex,-3.0,5.0,,,,,,6.0
2026-02-28 14:00:00,,uvindex,-3.0,5.0,,,,,,7.0
2026-03-01 12:00:00,,uvindex,-3.0,5.0,,,,,,7.0
2026-03-01 13:00:00,,uvindex,-3.0,5.0,,,,,,8.0
2026-03-01 14:00:00,,uvindex,-3.0,5.0,,,,,,8.0
2026-03-01 15:00:00,,uvindex,-3.0,5.0,,,,,,6.0
2026-03-02 12:00:00,,uvindex,-3.0,5.0,,,,,,6.0
2026-03-02 13:00:00,,uvindex,-3.0,5.0,,,,,,8.0
2026-03-02 14:00:00,,uvindex,-3.0,5.0,,,,,,7.0
2026-03-02 15:00:00,,uvindex,-3.0,5.0,,,,,,6.0
2026-03-04 12:00:00,,uvindex,-3.0,5.0,,,,,,6.0
2026-03-04 13:00:00,,uvindex,-3.0,5.0,,,,,,7.0
2026-03-04 14:00:00,,uvindex,-3.0,5.0,,,,,,6.0
2026-03-04 15:00:00,,uvindex,-3.0,5.0,,,,,,6.0
2026-03-06 12:00:00,,uvindex,-3.0,5.0,,,,,,7.0
2026-03-10 10:00:00,,uvindex,-3.0,5.0,,,,,,6.0
2026-03-10 11:00:00,,uvindex,-3.0,5.0,,,,,,8.0
2026-03-10 12:00:00,,uvindex,-3.0,5.0,,,,,,9.0
2026-03-10 13:00:00,,uvindex,-3.0,5.0,,,,,,9.0
2026-03-10 14:00:00,,uvindex,-3.0,5.0,,,,,,8.0
2026-03-10 15:00:00,,uvindex,-3.0,5.0,,,,,,7.0
