Timestamp,temp,column,lower_fence,upper_fence,humidity,precip,precipprob,windspeed,solarradiation
2023-04-20 11:00:00,38.0,temp,16.200000000000003,37.0,,,,,
2023-04-20 12:00:00,38.0,temp,16.200000000000003,37.0,,,,,
2023-04-20 13:00:00,39.0,temp,16.200000000000003,37.0,,,,,
2023-04-21 11:00:00,38.0,temp,16.200000000000003,37.0,,,,,
2023-04-21 12:00:00,39.0,temp,16.200000000000003,37.0,,,,,
2023-05-17 13:00:00,37.4,temp,16.200000000000003,37.0,,,,,
2023-05-18 12:00:00,38.0,temp,16.200000000000003,37.0,,,,,
2023-05-18 13:00:00,37.7,temp,16.200000000000003,37.0,,,,,
2023-05-19 12:00:00,38.0,temp,16.200000000000003,37.0,,,,,
2023-05-19 13:00:00,38.0,temp,16.200000000000003,37.0,,,,,
2023-05-22 13:00:00,37.7,temp,16.200000000000003,37.0,,,,,
2023-06-02 13:00:00,37.3,temp,16.200000000000003,37.0,,,,,
2023-06-02 14:00:00,38.0,temp,16.200000000000003,37.0,,,,,
2023-06-15 12:00:00,38.0,temp,16.200000000000003,37.0,,,,,
2023-06-16 12:00:00,38.0,temp,16.200000000000003,37.0,,,,,
2023-07-15 13:00:00,37.1,temp,16.200000000000003,37.0,,,,,
2023-08-07 13:00:00,37.1,temp,16.200000000000003,37.0,,,,,
2023-08-08 12:00:00,38.0,temp,16.200000000000003,37.0,,,,,
2023-08-08 13:00:00,37.1,temp,16.200000000000003,37.0,,,,,
2023-08-10 12:00:00,38.0,temp,16.200000000000003,37.0,,,,,
2023-08-11 11:00:00,38.0,temp,16.200000000000003,37.0,,,,,
2023-08-11 13:00:00,37.5,temp,16.200000000000003,37.0,,,,,
2023-08-14 11:00:00,38.0,temp,16.200000000000003,37.0,,,,,
2024-04-26 10:00:00,38.4,temp,16.200000000000003,37.0,,,,,
2024-04-26 11:00:00,40.0,temp,16.200000000000003,37.0,,,,,
2024-04-26 12:00:00,40.5,temp,16.200000000000003,37.0,,,,,
2024-04-27 10:00:00,38.2,temp,16.200000000000003,37.0,,,,,
2024-04-27 11:00:00,39.5,temp,16.200000000000003,37.0,,,,,
2024-04-27 12:00:00,40.0,temp,16.200000000000003,37.0,,,,,
2024-04-27 13:00:00,37.1,temp,16.200000000000003,37.0,,,,,
2024-04-29 10:00:00,39.0,temp,16.200000000000003,37.0,,,,,
2024-04-29 11:00:00,39.2,temp,16.200000000000003,37.0,,,,,
2024-04-30 09:00:00,37.5,temp,16.200000000000003,37.0,,,,,
2024-04-30 10:00:00,38.8,temp,16.200000000000003,37.0,,,,,
2024-04-30 11:00:00,40.5,temp,16.200000000000003,37.0,,,,,
2024-05-01 10:00:00,38.7,temp,16.200000000000003,37.0,,,,,
2024-05-01 11:00:00,40.0,temp,16.200000000000003,37.0,,,,,
2024-05-01 12:00:00,41.0,temp,16.200000000000003,37.0,,,,,
2024-06-04 13:00:00,37.1,temp,16.200000000000003,37.0,,,,,
2024-06-13 11:00:00,37.4,temp,16.200000000000003,37.0,,,,,
2024-06-13 12:00:00,37.6,temp,16.200000000000003,37.0,,,,,
2024-06-16 12:00:00,37.6,temp,16.200000000000003,37.0,,,,,
2024-06-17 13:00:00,37.9,temp,16.200000000000003,37.0,,,,,
2024-06-18 12:00:00,37.4,temp,16.200000000000003,37.0,,,,,
2024-07-01 13:00:00,37.2,temp,16.200000000000003,37.0,,,,,
2024-07-01 14:00:00,37.4,temp,16.200000000000003,37.0,,,,,
2024-08-10 13:00:00,38.0,temp,16.200000000000003,37.0,,,,,
2024-08-10 14:00:00,38.0,temp,16.200000000000003,37.0,,,,,
2024-08-11 12:00:00,38.0,temp,16.200000000000003,37.0,,,,,
2024-09-08 12:00:00,38.0,temp,16.200000000000003,37.0,,,,,
2024-09-08 13:00:00,37.9,temp,16.200000000000003,37.0,,,,,
2024-09-08 14:00:00,38.0,temp,16.200000000000003,37.0,,,,,
2025-01-13 06:00:00,16.0,temp,16.200000000000003,37.0,,,,,
2025-01-22 03:00:00,16.0,temp,16.200000000000003,37.0,,,,,
2025-01-22 04:00:00,16.1,temp,16.200000000000003,37.0,,,,,
2025-01-22 05:00:00,16.0,temp,16.200000000000003,37.0,,,,,
2025-01-23 04:00:00,16.2,temp,16.200000000000003,37.0,,,,,
2025-01-23 05:00:00,16.0,temp,16.200000000000003,37.0,,,,,
2025-01-31 06:00:00,16.0,temp,16.200000000000003,37.0,,,,,
2025-06-02 11:00:00,37.7,temp,16.200000000000003,37.0,,,,,
2025-06-02 12:00:00,37.4,temp,16.200000000000003,37.0,,,,,
2025-06-02 13:00:00,37.3,temp,16.200000000000003,37.0,,,,,
2025-08-05 13:00:00,37.3,temp,16.200000000000003,37.0,,,,,
2026-01-09 23:00:00,16.0,temp,16.200000000000003,37.0,,,,,
2026-01-10 00:00:00,16.0,temp,16.200000000000003,37.0,,,,,
2026-01-10 01:00:00,15.0,temp,16.200000000000003,37.0,,,,,
2026-01-10 02:00:00,15.0,temp,16.200000000000003,37.0,,,,,
2026-01-10 03:00:00,15.0,temp,16.200000000000003,37.0,,,,,
2026-01-10 04:00:00,15.0,temp,16.200000000000003,37.0,,,,,
2026-01-10 05:00:00,16.0,temp,16.200000000000003,37.0,,,,,
2026-01-10 06:00:00,16.0,temp,16.200000000000003,37.0,,,,,
2026-01-10 07:00:00,16.0,temp,16.200000000000003,37.0,,,,,
2026-01-11 02:00:00,16.0,temp,16.200000000000003,37.0,,,,,
2026-01-11 03:00:00,16.0,temp,16.200000000000003,37.0,,,,,
2026-01-12 00:00:00,16.0,temp,16.200000000000003,37.0,,,,,
2026-01-12 01:00:00,16.0,temp,16.200000000000003,37.0,,,,,
2026-01-12 02:00:00,16.0,temp,16.200000000000003,37.0,,,,,
2026-01-12 03:00:00,15.0,temp,16.200000000000003,37.0,,,,,
2026-01-12 04:00:00,15.0,temp,16.200000000000003,37.0,,,,,
2026-01-12 05:00:00,15.0,temp,16.200000000000003,37.0,,,,,
2026-01-12 06:00:00,16.0,temp,16.200000000000003,37.0,,,,,
2026-01-12 07:00:00,16.0,temp,16.200000000000003,37.0,,,,,
2023-04-20 11:00:00,,humidity,43.07500000000001,116.155,42.36,,,,
2023-04-20 12:00:00,,humidity,43.07500000000001,116.155,42.37,,,,
2023-04-20 13:00:00,,humidity,43.07500000000001,116.155,39.31,,,,
2023-04-21 12:00:00,,humidity,43.07500000000001,116.155,40.13,,,,
2023-05-19 11:00:00,,humidity,43.07500000000001,116.155,42.09,,,,
2023-05-19 12:00:00,,humidity,43.07500000000001,116.155,37.5,,,,
2023-05-19 13:00:00,,humidity,43.07500000000001,116.155,38.51,,,,
2023-05-19 14:00:00,,humidity,43.07500000000001,116.155,39.58,,,,
2023-06-02 14:00:00,,humidity,43.07500000000001,116.155,37.52,,,,
2023-06-16 12:00:00,,humidity,43.07500000000001,116.155,39.89,,,,
2023-08-07 11:00:00,,humidity,43.07500000000001,116.155,41.53,,,,
2023-08-07 12:00:00,,humidity,43.07500000000001,116.155,39.57,,,,
2023-08-07 13:00:00,,humidity,43.07500000000001,116.155,38.93,,,,
2023-08-07 14:00:00,,humidity,43.07500000000001,116.155,42.06,,,,
2023-08-08 12:00:00,,humidity,43.07500000000001,116.155,37.49,,,,
2023-08-08 13:00:00,,humidity,43.07500000000001,116.155,42.46,,,,
2023-08-08 14:00:00,,humidity,43.07500000000001,116.155,42.06,,,,
2023-08-09 11:00:00,,humidity,43.07500000000001,116.155,39.58,,,,
2023-08-09 12:00:00,,humidity,43.07500000000001,116.155,42.05,,,,
2023-08-09 13:00:00,,humidity,43.07500000000001,116.155,41.52,,,,
2023-08-10 11:00:00,,humidity,43.07500000000001,116.155,41.8,,,,
2023-08-10 12:00:00,,humidity,43.07500000000001,116.155,39.85,,,,
2023-08-11 11:00:00,,humidity,43.07500000000001,116.155,39.85,,,,
2023-08-11 12:00:00,,humidity,43.07500000000001,116.155,42.11,,,,
2023-08-11 13:00:00,,humidity,43.07500000000001,116.155,42.95,,,,
2023-08-14 11:00:00,,humidity,43.07500000000001,116.155,42.36,,,,
2024-04-26 10:00:00,,humidity,43.07500000000001,116.155,41.53,,,,
2024-04-26 11:00:00,,humidity,43.07500000000001,116.155,36.71,,,,
2024-04-26 12:00:00,,humidity,43.07500000000001,116.155,37.19,,,,
2024-04-27 11:00:00,,humidity,43.07500000000001,116.155,40.23,,,,
2024-04-27 12:00:00,,humidity,43.07500000000001,116.155,40.38,,,,
2024-04-29 10:00:00,,humidity,43.07500000000001,116.155,41.56,,,,
2024-04-29 11:00:00,,humidity,43.07500000000001,116.155,40.77,,,,
2024-04-30 10:00:00,,humidity,43.07500000000001,116.155,41.5,,,,
2024-04-30 11:00:00,,humidity,43.07500000000001,116.155,38.52,,,,
2024-05-01 10:00:00,,humidity,43.07500000000001,116.155,39.02,,,,
2024-05-01 11:00:00,,humidity,43.07500000000001,116.155,39.7,,,,
2024-05-01 12:00:00,,humidity,43.07500000000001,116.155,33.93,,,,
2024-06-17 11:00:00,,humidity,43.07500000000001,116.155,42.1,,,,
2024-06-17 13:00:00,,humidity,43.07500000000001,116.155,40.44,,,,
2024-06-18 12:00:00,,humidity,43.07500000000001,116.155,42.64,,,,
2024-06-30 12:00:00,,humidity,43.07500000000001,116.155,41.96,,,,
2024-06-30 13:00:00,,humidity,43.07500000000001,116.155,41.73,,,,
2024-06-30 14:00:00,,humidity,43.07500000000001,116.155,41.05,,,,
2024-06-30 15:00:00,,humidity,43.07500000000001,116.155,39.62,,,,
2024-06-30 16:00:00,,humidity,43.07500000000001,116.155,41.73,,,,
2024-07-01 14:00:00,,humidity,43.07500000000001,116.155,42.22,,,,
2024-08-10 13:00:00,,humidity,43.07500000000001,116.155,42.35,,,,
2024-09-08 11:00:00,,humidity,43.07500000000001,116.155,42.08,,,,
2024-09-08 12:00:00,,humidity,43.07500000000001,116.155,39.85,,,,
2024-09-08 13:00:00,,humidity,43.07500000000001,116.155,40.65,,,,
2024-09-08 14:00:00,,humidity,43.07500000000001,116.155,38.87,,,,
2025-04-15 11:00:00,,humidity,43.07500000000001,116.155,37.33,,,,
2025-04-15 12:00:00,,humidity,43.07500000000001,116.155,39.31,,,,
2025-04-15 13:00:00,,humidity,43.07500000000001,116.155,40.61,,,,
2025-06-02 13:00:00,,humidity,43.07500000000001,116.155,42.93,,,,
2026-01-01 16:00:00,,humidity,43.07500000000001,116.155,39.35,,,,
2026-01-11 10:00:00,,humidity,43.07500000000001,116.155,41.18,,,,
2023-03-13 13:00:00,,precip,0.0,0.0,,0.299,,,
2023-03-13 19:00:00,,precip,0.0,0.0,,10.654,,,
2023-03-14 01:00:00,,precip,0.0,0.0,,0.997,,,
2023-03-14 13:00:00,,precip,0.0,0.0,,0.199,,,
2023-03-16 19:00:00,,precip,0.0,0.0,,0.1,,,
2023-03-27 19:00:00,,precip,0.0,0.0,,0.003,,,
2023-03-28 01:00:00,,precip,0.0,0.0,,0.002,,,
2023-03-30 07:00:00,,precip,0.0,0.0,,0.001,,,
2023-04-02 19:00:00,,precip,0.0,0.0,,0.1,,,
2023-04-03 01:00:00,,precip,0.0,0.0,,0.004,,,
2023-04-09 01:00:00,,precip,0.0,0.0,,0.001,,,
2023-04-15 19:00:00,,precip,0.0,0.0,,0.004,,,
2023-04-16 01:00:00,,precip,0.0,0.0,,2.009,,,
2023-04-16 13:00:00,,precip,0.0,0.0,,0.013,,,
2023-04-21 19:00:00,,precip,0.0,0.0,,0.021,,,
2023-04-22 01:00:00,,precip,0.0,0.0,,14.939,,,
2023-04-23 19:00:00,,precip,0.0,0.0,,4.979,,,
2023-04-24 01:00:00,,precip,0.0,0.0,,0.498,,,
2023-04-26 19:00:00,,precip,0.0,0.0,,0.033,,,
2023-04-27 19:00:00,,precip,0.0,0.0,,0.011,,,
2023-04-28 19:00:00,,precip,0.0,0.0,,0.1,,,
2023-04-30 13:00:00,,precip,0.0,0.0,,0.047,,,
2023-04-30 19:00:00,,precip,0.0,0.0,,0.432,,,
2023-05-10 19:00:00,,precip,0.0,0.0,,0.009,,,
2023-05-11 13:00:00,,precip,0.0,0.0,,0.064,,,
2023-05-11 19:00:00,,precip,0.0,0.0,,0.697,,,
2023-05-12 01:00:00,,precip,0.0,0.0,,0.009,,,
2023-05-12 07:00:00,,precip,0.0,0.0,,12.944,,,
2023-05-12 19:00:00,,precip,0.0,0.0,,10.971,,,
2023-05-13 01:00:00,,precip,0.0,0.0,,0.128,,,
2023-05-13 19:00:00,,precip,0.0,0.0,,20.016,,,
2023-05-14 01:00:00,,precip,0.0,0.0,,0.009,,,
2023-05-14 19:00:00,,precip,0.0,0.0,,0.103,,,
2023-05-15 19:00:00,,precip,0.0,0.0,,1.615,,,
2023-05-16 01:00:00,,precip,0.0,0.0,,0.021,,,
2023-05-20 01:00:00,,precip,0.0,0.0,,0.001,,,
2023-05-24 19:00:00,,precip,0.0,0.0,,0.407,,,
2023-05-25 19:00:00,,precip,0.0,0.0,,0.108,,,
2023-05-28 19:00:00,,precip,0.0,0.0,,3.485,,,
2023-05-29 19:00:00,,precip,0.0,0.0,,5.775,,,
2023-06-01 18:00:00,,precip,0.0,0.0,,0.2,,,
2023-06-03 01:00:00,,precip,0.0,0.0,,0.068,,,
2023-06-06 01:00:00,,precip,0.0,0.0,,2.989,,,
2023-06-06 13:00:00,,precip,0.0,0.0,,0.199,,,
2023-06-07 01:00:00,,precip,0.0,0.0,,0.1,,,
2023-06-07 19:00:00,,precip,0.0,0.0,,6.132,,,
2023-06-08 01:00:00,,precip,0.0,0.0,,0.996,,,
2023-06-10 19:00:00,,precip,0.0,0.0,,2.888,,,
2023-06-11 19:00:00,,precip,0.0,0.0,,1.991,,,
2023-06-12 19:00:00,,precip,0.0,0.0,,0.697,,,
2023-06-14 14:00:00,,precip,0.0,0.0,,0.1,,,
2023-06-16 19:00:00,,precip,0.0,0.0,,48.599,,,
2023-06-17 19:00:00,,precip,0.0,0.0,,0.199,,,
2023-06-18 19:00:00,,precip,0.0,0.0,,13.697,,,
2023-06-19 19:00:00,,precip,0.0,0.0,,21.607,,,
2023-06-25 19:00:00,,precip,0.0,0.0,,0.003,,,
2023-06-30 19:00:00,,precip,0.0,0.0,,6.074,,,
2023-07-02 19:00:00,,precip,0.0,0.0,,5.277,,,
2023-07-04 19:00:00,,precip,0.0,0.0,,0.1,,,
2023-07-05 19:00:00,,precip,0.0,0.0,,0.009,,,
2023-07-15 19:00:00,,precip,0.0,0.0,,9.161,,,
2023-07-16 19:00:00,,precip,0.0,0.0,,14.936,,,
2023-07-19 19:00:00,,precip,0.0,0.0,,0.004,,,
2023-07-20 13:00:00,,precip,0.0,0.0,,0.009,,,
2023-07-21 01:00:00,,precip,0.0,0.0,,0.021,,,
2023-07-21 19:00:00,,precip,0.0,0.0,,0.1,,,
2023-07-22 19:00:00,,precip,0.0,0.0,,1.693,,,
2023-07-25 13:00:00,,precip,0.0,0.0,,0.002,,,
2023-07-25 19:00:00,,precip,0.0,0.0,,0.1,,,
2023-07-26 19:00:00,,precip,0.0,0.0,,9.957,,,
2023-07-28 19:00:00,,precip,0.0,0.0,,5.476,,,
2023-07-29 19:00:00,,precip,0.0,0.0,,1.991,,,
2023-07-30 19:00:00,,precip,0.0,0.0,,40.825,,,
2023-08-01 19:00:00,,precip,0.0,0.0,,0.1,,,
2023-08-02 07:00:00,,precip,0.0,0.0,,0.003,,,
2023-08-02 19:00:00,,precip,0.0,0.0,,0.199,,,
2023-08-04 19:00:00,,precip,0.0,0.0,,0.1,,,
2023-08-14 13:00:00,,precip,0.0,0.0,,0.001,,,
2023-08-14 19:00:00,,precip,0.0,0.0,,8.862,,,
2023-08-17 01:00:00,,precip,0.0,0.0,,0.017,,,
2023-08-21 19:00:00,,precip,0.0,0.0,,2.091,,,
2023-08-22 19:00:00,,precip,0.0,0.0,,0.117,,,
2023-08-23 19:00:00,,precip,0.0,0.0,,0.1,,,
2023-08-26 19:00:00,,precip,0.0,0.0,,1.394,,,
2023-08-29 19:00:00,,precip,0.0,0.0,,5.476,,,
2023-08-30 01:00:00,,precip,0.0,0.0,,3.983,,,
2023-08-31 07:00:00,,precip,0.0,0.0,,0.098,,,
2023-08-31 13:00:00,,precip,0.0,0.0,,0.043,,,
2023-08-31 19:00:00,,precip,0.0,0.0,,9.957,,,
2023-09-01 01:00:00,,precip,0.0,0.0,,0.004,,,
2023-09-04 01:00:00,,precip,0.0,0.0,,0.004,,,
2023-09-04 19:00:00,,precip,0.0,0.0,,56.059,,,
2023-09-05 01:00:00,,precip,0.0,0.0,,0.001,,,
2023-09-05 19:00:00,,precip,0.0,0.0,,0.157,,,
2023-09-06 01:00:00,,precip,0.0,0.0,,0.013,,,
2023-09-06 19:00:00,,precip,0.0,0.0,,0.318,,,
2023-09-07 19:00:00,,precip,0.0,0.0,,0.056,,,
2023-09-08 01:00:00,,precip,0.0,0.0,,0.038,,,
2023-09-08 19:00:00,,precip,0.0,0.0,,0.316,,,
2023-09-10 01:00:00,,precip,0.0,0.0,,1.992,,,
2023-09-10 19:00:00,,precip,0.0,0.0,,46.94,,,
2023-09-14 01:00:00,,precip,0.0,0.0,,1.991,,,
2023-09-15 19:00:00,,precip,0.0,0.0,,48.987,,,
2023-09-16 01:00:00,,precip,0.0,0.0,,0.004,,,
2023-09-16 19:00:00,,precip,0.0,0.0,,0.021,,,
2023-09-17 01:00:00,,precip,0.0,0.0,,0.009,,,
2023-09-17 13:00:00,,precip,0.0,0.0,,0.001,,,
2023-09-22 01:00:00,,precip,0.0,0.0,,1.991,,,
2023-09-23 13:00:00,,precip,0.0,0.0,,2.987,,,
2023-09-24 07:00:00,,precip,0.0,0.0,,21.919,,,
2023-09-24 13:00:00,,precip,0.0,0.0,,2.996,,,
2023-09-25 01:00:00,,precip,0.0,0.0,,14.949,,,
2023-09-25 07:00:00,,precip,0.0,0.0,,82.855,,,
2023-09-25 13:00:00,,precip,0.0,0.0,,105.547,,,
2023-09-25 19:00:00,,precip,0.0,0.0,,39.145,,,
2023-09-25 22:00:00,,precip,0.0,0.0,,0.103,,,
2023-09-26 01:00:00,,precip,0.0,0.0,,23.897,,,
2023-09-26 19:00:00,,precip,0.0,0.0,,0.038,,,
2023-09-28 01:00:00,,precip,0.0,0.0,,0.004,,,
2023-09-29 00:00:00,,precip,0.0,0.0,,0.1,,,
2023-10-01 07:00:00,,precip,0.0,0.0,,0.208,,,
2023-10-02 13:00:00,,precip,0.0,0.0,,2.987,,,
2023-10-03 07:00:00,,precip,0.0,0.0,,3.987,,,
2023-10-03 13:00:00,,precip,0.0,0.0,,6.026,,,
2023-10-04 01:00:00,,precip,0.0,0.0,,24.895,,,
2023-10-04 07:00:00,,precip,0.0,0.0,,2.987,,,
2023-10-04 13:00:00,,precip,0.0,0.0,,0.011,,,
2023-10-06 19:00:00,,precip,0.0,0.0,,0.201,,,
2023-10-07 07:00:00,,precip,0.0,0.0,,0.017,,,
2023-10-07 19:00:00,,precip,0.0,0.0,,18.919,,,
2023-10-08 01:00:00,,precip,0.0,0.0,,4.979,,,
2023-10-08 19:00:00,,precip,0.0,0.0,,2.081,,,
2023-10-09 01:00:00,,precip,0.0,0.0,,40.885,,,
2023-10-09 07:00:00,,precip,0.0,0.0,,32.876,,,
2023-10-09 13:00:00,,precip,0.0,0.0,,30.966,,,
2023-10-10 01:00:00,,precip,0.0,0.0,,0.398,,,
2023-10-10 13:00:00,,precip,0.0,0.0,,0.098,,,
2023-10-10 19:00:00,,precip,0.0,0.0,,0.038,,,
2023-10-11 01:00:00,,precip,0.0,0.0,,0.278,,,
2023-10-11 07:00:00,,precip,0.0,0.0,,0.355,,,
2023-10-11 13:00:00,,precip,0.0,0.0,,0.026,,,
2023-10-11 19:00:00,,precip,0.0,0.0,,3.286,,,
2023-10-12 01:00:00,,precip,0.0,0.0,,0.077,,,
2023-10-12 07:00:00,,precip,0.0,0.0,,0.107,,,
2023-10-12 13:00:00,,precip,0.0,0.0,,0.034,,,
2023-10-12 19:00:00,,precip,0.0,0.0,,49.509,,,
2023-10-13 01:00:00,,precip,0.0,0.0,,2.0,,,
2023-10-13 07:00:00,,precip,0.0,0.0,,0.115,,,
2023-10-13 19:00:00,,precip,0.0,0.0,,0.295,,,
2023-10-14 01:00:00,,precip,0.0,0.0,,0.15,,,
2023-10-14 07:00:00,,precip,0.0,0.0,,0.192,,,
2023-10-14 13:00:00,,precip,0.0,0.0,,0.094,,,
2023-10-14 19:00:00,,precip,0.0,0.0,,0.244,,,
2023-10-15 01:00:00,,precip,0.0,0.0,,0.085,,,
2023-10-15 07:00:00,,precip,0.0,0.0,,0.094,,,
2023-10-15 13:00:00,,precip,0.0,0.0,,0.077,,,
2023-10-15 19:00:00,,precip,0.0,0.0,,0.017,,,
2023-10-16 01:00:00,,precip,0.0,0.0,,0.034,,,
2023-10-16 07:00:00,,precip,0.0,0.0,,0.026,,,
2023-10-16 13:00:00,,precip,0.0,0.0,,0.175,,,
2023-10-16 19:00:00,,precip,0.0,0.0,,99.546,,,
2023-10-17 01:00:00,,precip,0.0,0.0,,0.021,,,
2023-10-17 07:00:00,,precip,0.0,0.0,,0.043,,,
2023-10-17 13:00:00,,precip,0.0,0.0,,0.107,,,
2023-10-17 19:00:00,,precip,0.0,0.0,,0.013,,,
2023-10-18 01:00:00,,precip,0.0,0.0,,0.145,,,
2023-10-18 07:00:00,,precip,0.0,0.0,,0.239,,,
2023-10-18 19:00:00,,precip,0.0,0.0,,46.92,,,
2023-10-19 19:00:00,,precip,0.0,0.0,,0.697,,,
2023-10-20 19:00:00,,precip,0.0,0.0,,0.002,,,
2023-10-21 01:00:00,,precip,0.0,0.0,,0.051,,,
2023-10-21 13:00:00,,precip,0.0,0.0,,0.034,,,
2023-10-21 19:00:00,,precip,0.0,0.0,,0.1,,,
2023-10-22 01:00:00,,precip,0.0,0.0,,0.003,,,
2023-10-22 19:00:00,,precip,0.0,0.0,,0.032,,,
2023-10-23 01:00:00,,precip,0.0,0.0,,0.056,,,
2023-10-23 07:00:00,,precip,0.0,0.0,,0.124,,,
2023-10-23 13:00:00,,precip,0.0,0.0,,0.338,,,
2023-10-23 19:00:00,,precip,0.0,0.0,,131.777,,,
2023-10-24 01:00:00,,precip,0.0,0.0,,0.359,,,
2023-10-24 07:00:00,,precip,0.0,0.0,,0.043,,,
2023-10-24 13:00:00,,precip,0.0,0.0,,0.009,,,
2023-10-24 19:00:00,,precip,0.0,0.0,,96.243,,,
2023-10-25 01:00:00,,precip,0.0,0.0,,0.064,,,
2023-10-27 01:00:00,,precip,0.0,0.0,,0.021,,,
2023-10-28 19:00:00,,precip,0.0,0.0,,0.1,,,
2023-10-30 01:00:00,,precip,0.0,0.0,,6.017,,,
2023-10-30 07:00:00,,precip,0.0,0.0,,6.996,,,
2023-10-30 13:00:00,,precip,0.0,0.0,,8.962,,,
2023-10-31 01:00:00,,precip,0.0,0.0,,53.91,,,
2023-10-31 07:00:00,,precip,0.0,0.0,,0.085,,,
2023-10-31 13:00:00,,precip,0.0,0.0,,4.979,,,
2023-10-31 19:00:00,,precip,0.0,0.0,,11.97,,,
2023-11-01 01:00:00,,precip,0.0,0.0,,0.597,,,
2023-11-01 07:00:00,,precip,0.0,0.0,,0.009,,,
2023-11-02 01:00:00,,precip,0.0,0.0,,0.424,,,
2023-11-02 07:00:00,,precip,0.0,0.0,,44.426,,,
2023-11-02 13:00:00,,precip,0.0,0.0,,9.97,,,
2023-11-03 01:00:00,,precip,0.0,0.0,,9.979,,,
2023-11-04 01:00:00,,precip,0.0,0.0,,8.962,,,
2023-11-06 01:00:00,,precip,0.0,0.0,,0.094,,,
2023-11-07 07:00:00,,precip,0.0,0.0,,34.859,,,
2023-11-07 13:00:00,,precip,0.0,0.0,,54.859,,,
2023-11-07 19:00:00,,precip,0.0,0.0,,28.974,,,
2023-11-08 01:00:00,,precip,0.0,0.0,,117.654,,,
2023-11-08 07:00:00,,precip,0.0,0.0,,0.073,,,
2023-11-08 13:00:00,,precip,0.0,0.0,,0.017,,,
2023-11-08 19:00:00,,precip,0.0,0.0,,0.085,,,
2023-11-09 07:00:00,,precip,0.0,0.0,,0.996,,,
2023-11-10 01:00:00,,precip,0.0,0.0,,7.966,,,
2023-11-11 01:00:00,,precip,0.0,0.0,,0.299,,,
2023-11-12 01:00:00,,precip,0.0,0.0,,0.026,,,
2023-11-12 13:00:00,,precip,0.0,0.0,,14.939,,,
2023-11-13 01:00:00,,precip,0.0,0.0,,14.944,,,
2023-11-13 07:00:00,,precip,0.0,0.0,,17.06,,,
2023-11-13 13:00:00,,precip,0.0,0.0,,4.081,,,
2023-11-13 19:00:00,,precip,0.0,0.0,,0.013,,,
2023-11-14 01:00:00,,precip,0.0,0.0,,0.47,,,
2023-11-14 07:00:00,,precip,0.0,0.0,,9.659,,,
2023-11-14 13:00:00,,precip,0.0,0.0,,4.017,,,
2023-11-14 19:00:00,,precip,0.0,0.0,,58.808,,,
2023-11-15 01:00:00,,precip,0.0,0.0,,13.547,,,
2023-11-15 07:00:00,,precip,0.0,0.0,,4.979,,,
2023-11-15 13:00:00,,precip,0.0,0.0,,0.573,,,
2023-11-15 19:00:00,,precip,0.0,0.0,,0.346,,,
2023-11-16 01:00:00,,precip,0.0,0.0,,0.09,,,
2023-11-16 07:00:00,,precip,0.0,0.0,,0.06,,,
2023-11-16 13:00:00,,precip,0.0,0.0,,0.013,,,
2023-11-16 19:00:00,,precip,0.0,0.0,,37.638,,,
2023-11-17 01:00:00,,precip,0.0,0.0,,0.03,,,
2023-11-17 07:00:00,,precip,0.0,0.0,,0.107,,,
2023-11-17 13:00:00,,precip,0.0,0.0,,0.064,,,
2023-11-17 19:00:00,,precip,0.0,0.0,,43.215,,,
2023-11-18 19:00:00,,precip,0.0,0.0,,0.1,,,
2023-11-20 13:00:00,,precip,0.0,0.0,,0.001,,,
2023-11-20 19:00:00,,precip,0.0,0.0,,4.68,,,
2023-11-21 01:00:00,,precip,0.0,0.0,,0.002,,,
2023-11-21 19:00:00,,precip,0.0,0.0,,0.1,,,
2023-11-22 19:00:00,,precip,0.0,0.0,,1.597,,,
2023-11-23 07:00:00,,precip,0.0,0.0,,0.003,,,
2023-11-23 19:00:00,,precip,0.0,0.0,,5.676,,,
2023-11-24 19:00:00,,precip,0.0,0.0,,1.494,,,
2023-11-25 19:00:00,,precip,0.0,0.0,,32.979,,,
2023-11-26 01:00:00,,precip,0.0,0.0,,0.103,,,
2023-11-26 07:00:00,,precip,0.0,0.0,,0.137,,,
2023-11-26 13:00:00,,precip,0.0,0.0,,0.004,,,
2023-11-26 19:00:00,,precip,0.0,0.0,,120.396,,,
2023-11-27 01:00:00,,precip,0.0,0.0,,0.001,,,
2023-11-27 19:00:00,,precip,0.0,0.0,,0.1,,,
2023-11-28 07:00:00,,precip,0.0,0.0,,0.004,,,
2023-11-28 19:00:00,,precip,0.0,0.0,,0.104,,,
2023-11-29 01:00:00,,precip,0.0,0.0,,0.003,,,
2023-11-29 13:00:00,,precip,0.0,0.0,,0.001,,,
2023-11-29 19:00:00,,precip,0.0,0.0,,8.364,,,
2023-11-30 01:00:00,,precip,0.0,0.0,,0.013,,,
2023-11-30 07:00:00,,precip,0.0,0.0,,0.013,,,
2023-11-30 19:00:00,,precip,0.0,0.0,,3.485,,,
2023-12-01 01:00:00,,precip,0.0,0.0,,0.077,,,
2023-12-01 07:00:00,,precip,0.0,0.0,,0.026,,,
2023-12-01 13:00:00,,precip,0.0,0.0,,0.068,,,
2023-12-01 19:00:00,,precip,0.0,0.0,,0.714,,,
2023-12-02 01:00:00,,precip,0.0,0.0,,0.077,,,
2023-12-02 07:00:00,,precip,0.0,0.0,,0.115,,,
2023-12-02 13:00:00,,precip,0.0,0.0,,0.003,,,
2023-12-02 19:00:00,,precip,0.0,0.0,,7.966,,,
2023-12-03 01:00:00,,precip,0.0,0.0,,0.013,,,
2023-12-03 07:00:00,,precip,0.0,0.0,,3.124,,,
2023-12-03 13:00:00,,precip,0.0,0.0,,0.001,,,
2023-12-04 07:00:00,,precip,0.0,0.0,,4.979,,,
2023-12-04 13:00:00,,precip,0.0,0.0,,2.068,,,
2023-12-04 19:00:00,,precip,0.0,0.0,,0.094,,,
2023-12-05 01:00:00,,precip,0.0,0.0,,0.047,,,
2023-12-05 07:00:00,,precip,0.0,0.0,,0.432,,,
2023-12-07 01:00:00,,precip,0.0,0.0,,0.009,,,
2023-12-07 07:00:00,,precip,0.0,0.0,,5.09,,,
2023-12-07 13:00:00,,precip,0.0,0.0,,23.923,,,
2023-12-13 13:00:00,,precip,0.0,0.0,,0.004,,,
2023-12-16 19:00:00,,precip,0.0,0.0,,0.798,,,
2023-12-17 01:00:00,,precip,0.0,0.0,,0.653,,,
2023-12-17 07:00:00,,precip,0.0,0.0,,11.548,,,
2023-12-17 13:00:00,,precip,0.0,0.0,,2.034,,,
2023-12-17 19:00:00,,precip,0.0,0.0,,0.094,,,
2023-12-18 01:00:00,,precip,0.0,0.0,,2.218,,,
2023-12-18 07:00:00,,precip,0.0,0.0,,7.017,,,
2023-12-18 13:00:00,,precip,0.0,0.0,,0.003,,,
2023-12-19 14:00:00,,precip,0.0,0.0,,0.2,,,
2023-12-20 01:00:00,,precip,0.0,0.0,,5.098,,,
2023-12-20 07:00:00,,precip,0.0,0.0,,6.12,,,
2023-12-20 13:00:00,,precip,0.0,0.0,,2.239,,,
2023-12-20 19:00:00,,precip,0.0,0.0,,21.017,,,
2023-12-21 01:00:00,,precip,0.0,0.0,,35.004,,,
2023-12-21 07:00:00,,precip,0.0,0.0,,15.03,,,
2023-12-21 13:00:00,,precip,0.0,0.0,,23.013,,,
2023-12-21 19:00:00,,precip,0.0,0.0,,7.077,,,
2023-12-22 01:00:00,,precip,0.0,0.0,,12.974,,,
2023-12-22 07:00:00,,precip,0.0,0.0,,37.979,,,
2023-12-22 13:00:00,,precip,0.0,0.0,,10.038,,,
2023-12-22 19:00:00,,precip,0.0,0.0,,0.013,,,
2023-12-23 01:00:00,,precip,0.0,0.0,,0.026,,,
2023-12-23 07:00:00,,precip,0.0,0.0,,0.021,,,
2023-12-23 13:00:00,,precip,0.0,0.0,,5.996,,,
2023-12-23 19:00:00,,precip,0.0,0.0,,0.017,,,
2023-12-24 01:00:00,,precip,0.0,0.0,,0.021,,,
2023-12-24 07:00:00,,precip,0.0,0.0,,0.026,,,
2023-12-24 13:00:00,,precip,0.0,0.0,,0.225,,,
2023-12-24 19:00:00,,precip,0.0,0.0,,4.805,,,
2023-12-25 13:00:00,,precip,0.0,0.0,,0.021,,,
2023-12-26 13:00:00,,precip,0.0,0.0,,0.003,,,
2023-12-27 01:00:00,,precip,0.0,0.0,,0.002,,,
2023-12-27 07:00:00,,precip,0.0,0.0,,0.509,,,
2023-12-27 13:00:00,,precip,0.0,0.0,,0.034,,,
2023-12-27 19:00:00,,precip,0.0,0.0,,1.991,,,
2023-12-28 01:00:00,,precip,0.0,0.0,,2.004,,,
2023-12-28 13:00:00,,precip,0.0,0.0,,3.991,,,
2023-12-28 19:00:00,,precip,0.0,0.0,,13.953,,,
2023-12-29 01:00:00,,precip,0.0,0.0,,0.038,,,
2023-12-29 07:00:00,,precip,0.0,0.0,,0.038,,,
2023-12-29 13:00:00,,precip,0.0,0.0,,0.017,,,
2023-12-29 19:00:00,,precip,0.0,0.0,,24.196,,,
2023-12-30 01:00:00,,precip,0.0,0.0,,0.004,,,
2023-12-30 13:00:00,,precip,0.0,0.0,,0.004,,,
2023-12-30 19:00:00,,precip,0.0,0.0,,9.559,,,
2023-12-31 01:00:00,,precip,0.0,0.0,,0.003,,,
2023-12-31 13:00:00,,precip,0.0,0.0,,0.001,,,
2023-12-31 19:00:00,,precip,0.0,0.0,,1.394,,,
2024-01-01 13:00:00,,precip,0.0,0.0,,0.004,,,
2024-01-01 19:00:00,,precip,0.0,0.0,,0.597,,,
2024-01-02 13:00:00,,precip,0.0,0.0,,0.017,,,
2024-01-02 19:00:00,,precip,0.0,0.0,,12.944,,,
2024-01-03 13:00:00,,precip,0.0,0.0,,0.001,,,
2024-01-03 19:00:00,,precip,0.0,0.0,,2.191,,,
2024-01-05 13:00:00,,precip,0.0,0.0,,0.002,,,
2024-01-05 19:00:00,,precip,0.0,0.0,,0.1,,,
2024-01-06 07:00:00,,precip,0.0,0.0,,0.002,,,
2024-01-06 19:00:00,,precip,0.0,0.0,,0.1,,,
2024-01-07 13:00:00,,precip,0.0,0.0,,0.001,,,
2024-01-07 19:00:00,,precip,0.0,0.0,,1.892,,,
2024-01-08 19:00:00,,precip,0.0,0.0,,0.597,,,
2024-01-10 19:00:00,,precip,0.0,0.0,,1.892,,,
2024-01-11 19:00:00,,precip,0.0,0.0,,0.1,,,
2024-01-13 19:00:00,,precip,0.0,0.0,,0.498,,,
2024-01-14 19:00:00,,precip,0.0,0.0,,5.676,,,
2024-01-15 19:00:00,,precip,0.0,0.0,,0.299,,,
2024-01-16 01:00:00,,precip,0.0,0.0,,0.017,,,
2024-01-16 19:00:00,,precip,0.0,0.0,,0.1,,,
2024-01-17 19:00:00,,precip,0.0,0.0,,0.398,,,
2024-01-18 13:00:00,,precip,0.0,0.0,,1.991,,,
2024-01-22 07:00:00,,precip,0.0,0.0,,0.1,,,
2024-01-22 13:00:00,,precip,0.0,0.0,,0.1,,,
2024-01-23 01:00:00,,precip,0.0,0.0,,0.064,,,
2024-01-23 07:00:00,,precip,0.0,0.0,,2.056,,,
2024-01-23 13:00:00,,precip,0.0,0.0,,1.043,,,
2024-01-23 19:00:00,,precip,0.0,0.0,,0.013,,,
2024-01-24 01:00:00,,precip,0.0,0.0,,0.004,,,
2024-01-24 07:00:00,,precip,0.0,0.0,,0.034,,,
2024-01-24 13:00:00,,precip,0.0,0.0,,0.017,,,
2024-01-24 19:00:00,,precip,0.0,0.0,,0.316,,,
2024-01-25 01:00:00,,precip,0.0,0.0,,3.017,,,
2024-01-25 07:00:00,,precip,0.0,0.0,,0.03,,,
2024-01-25 13:00:00,,precip,0.0,0.0,,0.302,,,
2024-01-26 01:00:00,,precip,0.0,0.0,,0.003,,,
2024-01-26 13:00:00,,precip,0.0,0.0,,0.002,,,
2024-01-26 19:00:00,,precip,0.0,0.0,,0.1,,,
2024-01-28 19:00:00,,precip,0.0,0.0,,0.1,,,
2024-02-07 19:00:00,,precip,0.0,0.0,,0.001,,,
2024-02-08 19:00:00,,precip,0.0,0.0,,1.195,,,
2024-02-09 13:00:00,,precip,0.0,0.0,,0.003,,,
2024-02-10 07:00:00,,precip,0.0,0.0,,0.001,,,
2024-02-10 13:00:00,,precip,0.0,0.0,,0.001,,,
2024-02-11 01:00:00,,precip,0.0,0.0,,0.001,,,
2024-02-11 19:00:00,,precip,0.0,0.0,,0.102,,,
2024-02-12 07:00:00,,precip,0.0,0.0,,0.002,,,
2024-02-12 19:00:00,,precip,0.0,0.0,,0.1,,,
2024-02-15 19:00:00,,precip,0.0,0.0,,0.1,,,
2024-02-16 03:00:00,,precip,0.0,0.0,,0.1,,,
2024-02-26 07:00:00,,precip,0.0,0.0,,0.009,,,
2024-02-27 01:00:00,,precip,0.0,0.0,,0.002,,,
2024-02-27 07:00:00,,precip,0.0,0.0,,4.979,,,
2024-02-27 13:00:00,,precip,0.0,0.0,,2.006,,,
2024-03-01 13:00:00,,precip,0.0,0.0,,0.004,,,
2024-03-02 19:00:00,,precip,0.0,0.0,,0.101,,,
2024-03-08 01:00:00,,precip,0.0,0.0,,0.003,,,
2024-03-10 01:00:00,,precip,0.0,0.0,,0.002,,,
2024-03-10 19:00:00,,precip,0.0,0.0,,0.002,,,
2024-03-11 13:00:00,,precip,0.0,0.0,,0.001,,,
2024-03-12 01:00:00,,precip,0.0,0.0,,0.001,,,
2024-03-15 07:00:00,,precip,0.0,0.0,,0.017,,,
2024-03-15 13:00:00,,precip,0.0,0.0,,0.004,,,
2024-03-20 01:00:00,,precip,0.0,0.0,,0.8,,,
2024-03-20 07:00:00,,precip,0.0,0.0,,0.013,,,
2024-03-20 13:00:00,,precip,0.0,0.0,,0.004,,,
2024-03-20 19:00:00,,precip,0.0,0.0,,0.017,,,
2024-03-21 01:00:00,,precip,0.0,0.0,,0.013,,,
2024-03-21 13:00:00,,precip,0.0,0.0,,0.001,,,
2024-03-28 14:00:00,,precip,0.0,0.0,,0.1,,,
2024-03-28 17:00:00,,precip,0.0,0.0,,0.4,,,
2024-03-28 18:00:00,,precip,0.0,0.0,,0.5,,,
2024-03-29 07:00:00,,precip,0.0,0.0,,0.1,,,
2024-03-29 09:00:00,,precip,0.0,0.0,,0.1,,,
2024-03-29 10:00:00,,precip,0.0,0.0,,0.1,,,
2024-03-29 11:00:00,,precip,0.0,0.0,,0.1,,,
2024-03-29 12:00:00,,precip,0.0,0.0,,0.1,,,
2024-03-29 13:00:00,,precip,0.0,0.0,,0.2,,,
2024-03-29 14:00:00,,precip,0.0,0.0,,0.1,,,
2024-03-31 16:00:00,,precip,0.0,0.0,,0.1,,,
2024-04-18 07:00:00,,precip,0.0,0.0,,0.03,,,
2024-04-26 19:00:00,,precip,0.0,0.0,,3.983,,,
2024-05-02 07:00:00,,precip,0.0,0.0,,0.1,,,
2024-05-02 19:00:00,,precip,0.0,0.0,,0.196,,,
2024-05-03 01:00:00,,precip,0.0,0.0,,0.034,,,
2024-05-04 13:00:00,,precip,0.0,0.0,,0.184,,,
2024-05-06 19:00:00,,precip,0.0,0.0,,0.001,,,
2024-05-13 19:00:00,,precip,0.0,0.0,,0.002,,,
2024-05-14 01:00:00,,precip,0.0,0.0,,0.034,,,
2024-05-16 07:00:00,,precip,0.0,0.0,,6.97,,,
2024-05-17 01:00:00,,precip,0.0,0.0,,2.021,,,
2024-05-17 07:00:00,,precip,0.0,0.0,,64.756,,,
2024-05-17 13:00:00,,precip,0.0,0.0,,142.39,,,
2024-05-20 13:00:00,,precip,0.0,0.0,,0.013,,,
2024-05-20 19:00:00,,precip,0.0,0.0,,4.154,,,
2024-05-21 01:00:00,,precip,0.0,0.0,,0.003,,,
2024-05-21 19:00:00,,precip,0.0,0.0,,0.354,,,
2024-05-22 01:00:00,,precip,0.0,0.0,,12.0,,,
2024-05-22 07:00:00,,precip,0.0,0.0,,0.051,,,
2024-05-22 19:00:00,,precip,0.0,0.0,,0.003,,,
2024-05-23 01:00:00,,precip,0.0,0.0,,4.983,,,
2024-05-23 13:00:00,,precip,0.0,0.0,,0.013,,,
2024-05-23 19:00:00,,precip,0.0,0.0,,15.06,,,
2024-05-24 19:00:00,,precip,0.0,0.0,,0.004,,,
2024-05-25 13:00:00,,precip,0.0,0.0,,0.001,,,
2024-05-31 13:00:00,,precip,0.0,0.0,,4.979,,,
2024-06-01 19:00:00,,precip,0.0,0.0,,1.409,,,
2024-06-02 01:00:00,,precip,0.0,0.0,,0.002,,,
2024-06-07 19:00:00,,precip,0.0,0.0,,3.098,,,
2024-06-08 01:00:00,,precip,0.0,0.0,,0.017,,,
2024-06-08 07:00:00,,precip,0.0,0.0,,0.1,,,
2024-06-09 19:00:00,,precip,0.0,0.0,,0.03,,,
2024-06-10 01:00:00,,precip,0.0,0.0,,0.085,,,
2024-06-10 19:00:00,,precip,0.0,0.0,,5.103,,,
2024-06-18 19:00:00,,precip,0.0,0.0,,0.996,,,
2024-06-19 19:00:00,,precip,0.0,0.0,,0.199,,,
2024-06-20 01:00:00,,precip,0.0,0.0,,4.979,,,
2024-06-23 01:00:00,,precip,0.0,0.0,,0.697,,,
2024-06-23 19:00:00,,precip,0.0,0.0,,9.262,,,
2024-06-26 19:00:00,,precip,0.0,0.0,,0.996,,,
2024-06-29 01:00:00,,precip,0.0,0.0,,0.299,,,
2024-07-03 19:00:00,,precip,0.0,0.0,,0.009,,,
2024-07-04 01:00:00,,precip,0.0,0.0,,0.001,,,
2024-07-04 19:00:00,,precip,0.0,0.0,,0.009,,,
2024-07-11 19:00:00,,precip,0.0,0.0,,7.502,,,
2024-07-13 18:00:00,,precip,0.0,0.0,,0.1,,,
2024-07-13 21:00:00,,precip,0.0,0.0,,0.1,,,
2024-07-14 13:00:00,,precip,0.0,0.0,,0.03,,,
2024-07-15 01:00:00,,precip,0.0,0.0,,0.15,,,
2024-07-15 13:00:00,,precip,0.0,0.0,,0.188,,,
2024-07-15 19:00:00,,precip,0.0,0.0,,40.547,,,
2024-07-16 19:00:00,,precip,0.0,0.0,,0.597,,,
2024-07-17 19:00:00,,precip,0.0,0.0,,5.091,,,
2024-07-18 01:00:00,,precip,0.0,0.0,,0.017,,,
2024-07-18 19:00:00,,precip,0.0,0.0,,79.203,,,
2024-07-19 01:00:00,,precip,0.0,0.0,,0.06,,,
2024-07-19 19:00:00,,precip,0.0,0.0,,13.773,,,
2024-07-20 10:00:00,,precip,0.0,0.0,,0.2,,,
2024-07-20 11:00:00,,precip,0.0,0.0,,0.1,,,
2024-07-20 12:00:00,,precip,0.0,0.0,,2.2,,,
2024-07-21 19:00:00,,precip,0.0,0.0,,0.101,,,
2024-07-22 19:00:00,,precip,0.0,0.0,,1.195,,,
2024-07-23 19:00:00,,precip,0.0,0.0,,0.001,,,
2024-07-24 19:00:00,,precip,0.0,0.0,,0.1,,,
2024-07-25 19:00:00,,precip,0.0,0.0,,0.1,,,
2024-07-28 13:00:00,,precip,0.0,0.0,,0.004,,,
2024-07-28 19:00:00,,precip,0.0,0.0,,0.1,,,
2024-07-31 19:00:00,,precip,0.0,0.0,,4.183,,,
2024-08-01 19:00:00,,precip,0.0,0.0,,1.394,,,
2024-08-08 19:00:00,,precip,0.0,0.0,,15.634,,,
2024-08-12 19:00:00,,precip,0.0,0.0,,0.1,,,
2024-08-14 19:00:00,,precip,0.0,0.0,,0.002,,,
2024-08-15 19:00:00,,precip,0.0,0.0,,0.239,,,
2024-08-16 19:00:00,,precip,0.0,0.0,,0.124,,,
2024-08-20 01:00:00,,precip,0.0,0.0,,0.026,,,
2024-08-20 19:00:00,,precip,0.0,0.0,,0.1,,,
2024-08-21 19:00:00,,precip,0.0,0.0,,11.659,,,
2024-09-02 07:00:00,,precip,0.0,0.0,,0.199,,,
2024-09-04 01:00:00,,precip,0.0,0.0,,0.797,,,
2024-09-05 19:00:00,,precip,0.0,0.0,,0.002,,,
2024-09-06 13:00:00,,precip,0.0,0.0,,0.002,,,
2024-09-09 19:00:00,,precip,0.0,0.0,,1.992,,,
2024-09-10 01:00:00,,precip,0.0,0.0,,0.003,,,
2024-09-11 13:00:00,,precip,0.0,0.0,,1.995,,,
2024-09-12 19:00:00,,precip,0.0,0.0,,22.902,,,
2024-09-13 01:00:00,,precip,0.0,0.0,,3.984,,,
2024-09-16 01:00:00,,precip,0.0,0.0,,0.085,,,
2024-09-17 01:00:00,,precip,0.0,0.0,,0.115,,,
2024-09-17 19:00:00,,precip,0.0,0.0,,0.398,,,
2024-09-18 01:00:00,,precip,0.0,0.0,,0.107,,,
2024-09-18 07:00:00,,precip,0.0,0.0,,0.064,,,
2024-09-18 13:00:00,,precip,0.0,0.0,,0.393,,,
2024-09-18 19:00:00,,precip,0.0,0.0,,0.15,,,
2024-09-19 01:00:00,,precip,0.0,0.0,,0.244,,,
2024-09-19 04:00:00,,precip,0.0,0.0,,0.256,,,
2024-09-19 07:00:00,,precip,0.0,0.0,,0.094,,,
2024-09-19 10:00:00,,precip,0.0,0.0,,0.09,,,
2024-09-19 19:00:00,,precip,0.0,0.0,,95.092,,,
2024-09-20 01:00:00,,precip,0.0,0.0,,0.001,,,
2024-09-20 19:00:00,,precip,0.0,0.0,,5.579,,,
2024-09-21 01:00:00,,precip,0.0,0.0,,0.188,,,
2024-09-21 19:00:00,,precip,0.0,0.0,,6.883,,,
2024-09-22 19:00:00,,precip,0.0,0.0,,2.801,,,
2024-09-23 01:00:00,,precip,0.0,0.0,,0.001,,,
2024-09-23 19:00:00,,precip,0.0,0.0,,0.809,,,
2024-09-24 01:00:00,,precip,0.0,0.0,,0.001,,,
2024-09-24 19:00:00,,precip,0.0,0.0,,0.299,,,
2024-10-02 07:00:00,,precip,0.0,0.0,,0.002,,,
2024-10-02 13:00:00,,precip,0.0,0.0,,0.05,,,
2024-10-02 19:00:00,,precip,0.0,0.0,,0.038,,,
2024-10-03 01:00:00,,precip,0.0,0.0,,0.003,,,
2024-10-04 13:00:00,,precip,0.0,0.0,,0.009,,,
2024-10-04 19:00:00,,precip,0.0,0.0,,0.697,,,
2024-10-05 13:00:00,,precip,0.0,0.0,,0.003,,,
2024-10-05 19:00:00,,precip,0.0,0.0,,0.1,,,
2024-10-06 07:00:00,,precip,0.0,0.0,,0.004,,,
2024-10-06 13:00:00,,precip,0.0,0.0,,0.001,,,
2024-10-06 19:00:00,,precip,0.0,0.0,,0.1,,,
2024-10-07 01:00:00,,precip,0.0,0.0,,0.043,,,
2024-10-07 07:00:00,,precip,0.0,0.0,,0.06,,,
2024-10-07 13:00:00,,precip,0.0,0.0,,0.201,,,
2024-10-07 19:00:00,,precip,0.0,0.0,,15.667,,,
2024-10-08 07:00:00,,precip,0.0,0.0,,0.128,,,
2024-10-08 13:00:00,,precip,0.0,0.0,,0.056,,,
2024-10-08 19:00:00,,precip,0.0,0.0,,38.599,,,
2024-10-09 13:00:00,,precip,0.0,0.0,,0.047,,,
2024-10-09 19:00:00,,precip,0.0,0.0,,41.92,,,
2024-10-10 13:00:00,,precip,0.0,0.0,,0.029,,,
2024-10-10 19:00:00,,precip,0.0,0.0,,0.1,,,
2024-10-11 07:00:00,,precip,0.0,0.0,,0.009,,,
2024-10-11 13:00:00,,precip,0.0,0.0,,0.009,,,
2024-10-11 19:00:00,,precip,0.0,0.0,,64.146,,,
2024-10-12 01:00:00,,precip,0.0,0.0,,0.043,,,
2024-10-12 19:00:00,,precip,0.0,0.0,,1.294,,,
2024-10-13 01:00:00,,precip,0.0,0.0,,0.017,,,
2024-10-13 19:00:00,,precip,0.0,0.0,,1.289,,,
2024-10-14 07:00:00,,precip,0.0,0.0,,0.003,,,
2024-10-14 19:00:00,,precip,0.0,0.0,,7.568,,,
2024-10-15 01:00:00,,precip,0.0,0.0,,0.043,,,
2024-10-16 19:00:00,,precip,0.0,0.0,,1.991,,,
2024-10-19 01:00:00,,precip,0.0,0.0,,0.021,,,
2024-10-19 19:00:00,,precip,0.0,0.0,,8.464,,,
2024-10-20 13:00:00,,precip,0.0,0.0,,0.021,,,
2024-10-20 19:00:00,,precip,0.0,0.0,,23.828,,,
2024-10-21 01:00:00,,precip,0.0,0.0,,0.021,,,
2024-10-21 07:00:00,,precip,0.0,0.0,,0.128,,,
2024-10-21 13:00:00,,precip,0.0,0.0,,0.256,,,
2024-10-21 19:00:00,,precip,0.0,0.0,,131.651,,,
2024-10-22 19:00:00,,precip,0.0,0.0,,41.064,,,
2024-10-23 19:00:00,,precip,0.0,0.0,,0.407,,,
2024-10-24 19:00:00,,precip,0.0,0.0,,2.889,,,
2024-10-26 19:00:00,,precip,0.0,0.0,,38.863,,,
2024-10-27 19:00:00,,precip,0.0,0.0,,84.637,,,
2024-10-28 07:00:00,,precip,0.0,0.0,,0.009,,,
2024-10-28 13:00:00,,precip,0.0,0.0,,0.009,,,
2024-10-28 19:00:00,,precip,0.0,0.0,,0.142,,,
2024-10-29 19:00:00,,precip,0.0,0.0,,12.079,,,
2024-10-30 01:00:00,,precip,0.0,0.0,,0.009,,,
2024-10-30 07:00:00,,precip,0.0,0.0,,0.06,,,
2024-10-30 13:00:00,,precip,0.0,0.0,,0.376,,,
2024-10-30 19:00:00,,precip,0.0,0.0,,67.418,,,
2024-10-31 01:00:00,,precip,0.0,0.0,,0.278,,,
2024-10-31 07:00:00,,precip,0.0,0.0,,0.026,,,
2024-10-31 19:00:00,,precip,0.0,0.0,,95.291,,,
2024-11-02 19:00:00,,precip,0.0,0.0,,0.498,,,
2024-11-03 07:00:00,,precip,0.0,0.0,,0.021,,,
2024-11-03 13:00:00,,precip,0.0,0.0,,0.107,,,
2024-11-03 19:00:00,,precip,0.0,0.0,,43.919,,,
2024-11-04 01:00:00,,precip,0.0,0.0,,0.073,,,
2024-11-04 07:00:00,,precip,0.0,0.0,,0.013,,,
2024-11-04 13:00:00,,precip,0.0,0.0,,0.003,,,
2024-11-04 19:00:00,,precip,0.0,0.0,,11.849,,,
2024-11-05 07:00:00,,precip,0.0,0.0,,0.406,,,
2024-11-05 13:00:00,,precip,0.0,0.0,,0.085,,,
2024-11-06 01:00:00,,precip,0.0,0.0,,0.004,,,
2024-11-07 07:00:00,,precip,0.0,0.0,,0.215,,,
2024-11-07 13:00:00,,precip,0.0,0.0,,0.013,,,
2024-11-08 01:00:00,,precip,0.0,0.0,,0.06,,,
2024-11-08 13:00:00,,precip,0.0,0.0,,0.009,,,
2024-11-11 19:00:00,,precip,0.0,0.0,,0.101,,,
2024-11-12 01:00:00,,precip,0.0,0.0,,0.009,,,
2024-11-12 07:00:00,,precip,0.0,0.0,,0.056,,,
2024-11-12 13:00:00,,precip,0.0,0.0,,0.167,,,
2024-11-12 19:00:00,,precip,0.0,0.0,,105.248,,,
2024-11-13 01:00:00,,precip,0.0,0.0,,0.003,,,
2024-11-13 19:00:00,,precip,0.0,0.0,,1.612,,,
2024-11-18 01:00:00,,precip,0.0,0.0,,0.003,,,
2024-11-19 00:00:00,,precip,0.0,0.0,,1.9,,,
2024-11-19 01:00:00,,precip,0.0,0.0,,1.4,,,
2024-11-19 02:00:00,,precip,0.0,0.0,,1.8,,,
2024-11-19 03:00:00,,precip,0.0,0.0,,1.5,,,
2024-11-19 04:00:00,,precip,0.0,0.0,,1.2,,,
2024-11-19 05:00:00,,precip,0.0,0.0,,1.0,,,
2024-11-19 06:00:00,,precip,0.0,0.0,,0.8,,,
2024-11-19 07:00:00,,precip,0.0,0.0,,0.7,,,
2024-11-19 08:00:00,,precip,0.0,0.0,,0.8,,,
2024-11-19 09:00:00,,precip,0.0,0.0,,0.9,,,
2024-11-19 10:00:00,,precip,0.0,0.0,,0.6,,,
2024-11-19 11:00:00,,precip,0.0,0.0,,1.1,,,
2024-11-19 12:00:00,,precip,0.0,0.0,,0.4,,,
2024-11-19 13:00:00,,precip,0.0,0.0,,1.3,,,
2024-11-19 14:00:00,,precip,0.0,0.0,,0.6,,,
2024-11-19 15:00:00,,precip,0.0,0.0,,0.4,,,
2024-11-19 16:00:00,,precip,0.0,0.0,,0.6,,,
2024-11-19 17:00:00,,precip,0.0,0.0,,0.5,,,
2024-11-19 18:00:00,,precip,0.0,0.0,,0.5,,,
2024-11-19 19:00:00,,precip,0.0,0.0,,0.4,,,
2024-11-19 20:00:00,,precip,0.0,0.0,,0.3,,,
2024-11-19 21:00:00,,precip,0.0,0.0,,0.7,,,
2024-11-19 22:00:00,,precip,0.0,0.0,,0.6,,,
2024-11-19 23:00:00,,precip,0.0,0.0,,0.5,,,
2024-11-20 00:00:00,,precip,0.0,0.0,,0.4,,,
2024-11-20 01:00:00,,precip,0.0,0.0,,0.2,,,
2024-11-20 02:00:00,,precip,0.0,0.0,,0.1,,,
2024-11-20 03:00:00,,precip,0.0,0.0,,0.1,,,
2024-11-20 04:00:00,,precip,0.0,0.0,,0.1,,,
2024-11-20 05:00:00,,precip,0.0,0.0,,0.1,,,
2024-11-20 06:00:00,,precip,0.0,0.0,,0.3,,,
2024-11-20 07:00:00,,precip,0.0,0.0,,0.3,,,
2024-11-20 08:00:00,,precip,0.0,0.0,,0.2,,,
2024-11-20 09:00:00,,precip,0.0,0.0,,0.6,,,
2024-11-20 10:00:00,,precip,0.0,0.0,,0.3,,,
2024-11-20 11:00:00,,precip,0.0,0.0,,0.5,,,
2024-11-20 12:00:00,,precip,0.0,0.0,,0.1,,,
2024-11-20 13:00:00,,precip,0.0,0.0,,0.5,,,
2024-11-20 14:00:00,,precip,0.0,0.0,,0.1,,,
2024-11-20 15:00:00,,precip,0.0,0.0,,0.1,,,
2024-11-20 16:00:00,,precip,0.0,0.0,,0.2,,,
2024-11-20 17:00:00,,precip,0.0,0.0,,0.3,,,
2024-11-20 18:00:00,,precip,0.0,0.0,,0.1,,,
2024-11-20 19:00:00,,precip,0.0,0.0,,0.2,,,
2024-11-20 20:00:00,,precip,0.0,0.0,,0.4,,,
2024-11-20 21:00:00,,precip,0.0,0.0,,0.3,,,
2024-11-20 22:00:00,,precip,0.0,0.0,,0.5,,,
2024-11-20 23:00:00,,precip,0.0,0.0,,0.5,,,
2024-11-21 00:00:00,,precip,0.0,0.0,,0.4,,,
2024-11-21 01:00:00,,precip,0.0,0.0,,0.4,,,
2024-11-21 02:00:00,,precip,0.0,0.0,,0.4,,,
2024-11-21 03:00:00,,precip,0.0,0.0,,0.3,,,
2024-11-21 04:00:00,,precip,0.0,0.0,,0.4,,,
2024-11-21 05:00:00,,precip,0.0,0.0,,0.3,,,
2024-11-21 06:00:00,,precip,0.0,0.0,,0.3,,,
2024-11-21 07:00:00,,precip,0.0,0.0,,0.3,,,
2024-11-21 08:00:00,,precip,0.0,0.0,,0.2,,,
2024-11-21 09:00:00,,precip,0.0,0.0,,0.3,,,
2024-11-21 10:00:00,,precip,0.0,0.0,,0.8,,,
2024-11-21 11:00:00,,precip,0.0,0.0,,0.5,,,
2024-11-21 12:00:00,,precip,0.0,0.0,,0.7,,,
2024-11-21 13:00:00,,precip,0.0,0.0,,0.7,,,
2024-11-21 14:00:00,,precip,0.0,0.0,,0.9,,,
2024-11-21 15:00:00,,precip,0.0,0.0,,0.9,,,
2024-11-21 16:00:00,,precip,0.0,0.0,,0.5,,,
2024-11-21 17:00:00,,precip,0.0,0.0,,0.5,,,
2024-11-21 18:00:00,,precip,0.0,0.0,,0.8,,,
2024-11-21 19:00:00,,precip,0.0,0.0,,1.6,,,
2024-11-21 20:00:00,,precip,0.0,0.0,,3.1,,,
2024-11-21 21:00:00,,precip,0.0,0.0,,3.9,,,
2024-11-21 22:00:00,,precip,0.0,0.0,,5.2,,,
2024-11-21 23:00:00,,precip,0.0,0.0,,5.6,,,
2024-11-22 07:00:00,,precip,0.0,0.0,,16.244,,,
2024-11-22 13:00:00,,precip,0.0,0.0,,1.073,,,
2024-11-22 19:00:00,,precip,0.0,0.0,,4.979,,,
2024-11-23 01:00:00,,precip,0.0,0.0,,5.979,,,
2024-11-23 07:00:00,,precip,0.0,0.0,,5.974,,,
2024-11-23 13:00:00,,precip,0.0,0.0,,0.026,,,
2024-11-23 19:00:00,,precip,0.0,0.0,,5.013,,,
2024-11-24 01:00:00,,precip,0.0,0.0,,0.002,,,
2024-11-24 07:00:00,,precip,0.0,0.0,,0.199,,,
2024-11-24 13:00:00,,precip,0.0,0.0,,0.697,,,
2024-11-24 19:00:00,,precip,0.0,0.0,,0.003,,,
2024-11-25 01:00:00,,precip,0.0,0.0,,0.229,,,
2024-11-25 07:00:00,,precip,0.0,0.0,,20.903,,,
2024-11-25 13:00:00,,precip,0.0,0.0,,23.124,,,
2024-11-25 19:00:00,,precip,0.0,0.0,,4.124,,,
2024-11-26 01:00:00,,precip,0.0,0.0,,0.004,,,
2024-11-26 07:00:00,,precip,0.0,0.0,,8.962,,,
2024-11-26 13:00:00,,precip,0.0,0.0,,3.996,,,
2024-11-27 19:00:00,,precip,0.0,0.0,,0.1,,,
2024-11-29 07:00:00,,precip,0.0,0.0,,0.004,,,
2024-11-29 13:00:00,,precip,0.0,0.0,,0.001,,,
2024-12-01 14:00:00,,precip,0.0,0.0,,0.1,,,
2024-12-02 00:00:00,,precip,0.0,0.0,,0.1,,,
2024-12-02 01:00:00,,precip,0.0,0.0,,0.1,,,
2024-12-03 01:00:00,,precip,0.0,0.0,,0.498,,,
2024-12-03 07:00:00,,precip,0.0,0.0,,2.489,,,
2024-12-04 07:00:00,,precip,0.0,0.0,,0.999,,,
2024-12-05 19:00:00,,precip,0.0,0.0,,3.991,,,
2024-12-06 01:00:00,,precip,0.0,0.0,,0.009,,,
2024-12-06 07:00:00,,precip,0.0,0.0,,11.949,,,
2024-12-06 13:00:00,,precip,0.0,0.0,,23.906,,,
2024-12-07 07:00:00,,precip,0.0,0.0,,0.029,,,
2024-12-07 13:00:00,,precip,0.0,0.0,,0.017,,,
2024-12-08 13:00:00,,precip,0.0,0.0,,0.697,,,
2024-12-09 01:00:00,,precip,0.0,0.0,,0.1,,,
2024-12-09 13:00:00,,precip,0.0,0.0,,0.004,,,
2024-12-09 19:00:00,,precip,0.0,0.0,,0.021,,,
2024-12-10 01:00:00,,precip,0.0,0.0,,0.004,,,
2024-12-10 07:00:00,,precip,0.0,0.0,,1.013,,,
2024-12-11 01:00:00,,precip,0.0,0.0,,0.002,,,
2024-12-11 07:00:00,,precip,0.0,0.0,,0.318,,,
2024-12-11 13:00:00,,precip,0.0,0.0,,74.436,,,
2024-12-11 19:00:00,,precip,0.0,0.0,,86.714,,,
2024-12-12 01:00:00,,precip,0.0,0.0,,11.081,,,
2024-12-12 07:00:00,,precip,0.0,0.0,,0.128,,,
2024-12-12 13:00:00,,precip,0.0,0.0,,23.996,,,
2024-12-12 19:00:00,,precip,0.0,0.0,,16.056,,,
2024-12-13 01:00:00,,precip,0.0,0.0,,0.043,,,
2024-12-13 13:00:00,,precip,0.0,0.0,,10.085,,,
2024-12-13 19:00:00,,precip,0.0,0.0,,9.12,,,
2024-12-14 01:00:00,,precip,0.0,0.0,,2.244,,,
2024-12-14 07:00:00,,precip,0.0,0.0,,0.103,,,
2024-12-14 13:00:00,,precip,0.0,0.0,,0.782,,,
2024-12-14 19:00:00,,precip,0.0,0.0,,10.294,,,
2024-12-15 01:00:00,,precip,0.0,0.0,,5.975,,,
2024-12-15 07:00:00,,precip,0.0,0.0,,23.939,,,
2024-12-15 13:00:00,,precip,0.0,0.0,,4.06,,,
2024-12-15 19:00:00,,precip,0.0,0.0,,0.021,,,
2024-12-16 01:00:00,,precip,0.0,0.0,,0.103,,,
2024-12-16 07:00:00,,precip,0.0,0.0,,0.018,,,
2024-12-16 13:00:00,,precip,0.0,0.0,,0.021,,,
2024-12-17 07:00:00,,precip,0.0,0.0,,0.001,,,
2024-12-17 13:00:00,,precip,0.0,0.0,,0.004,,,
2024-12-18 16:00:00,,precip,0.0,0.0,,0.1,,,
2024-12-18 17:00:00,,precip,0.0,0.0,,0.1,,,
2024-12-18 19:00:00,,precip,0.0,0.0,,0.1,,,
2024-12-18 20:00:00,,precip,0.0,0.0,,0.1,,,
2024-12-19 01:00:00,,precip,0.0,0.0,,3.987,,,
2024-12-19 07:00:00,,precip,0.0,0.0,,0.017,,,
2024-12-19 13:00:00,,precip,0.0,0.0,,11.979,,,
2024-12-19 19:00:00,,precip,0.0,0.0,,4.013,,,
2024-12-20 07:00:00,,precip,0.0,0.0,,0.996,,,
2024-12-20 13:00:00,,precip,0.0,0.0,,1.038,,,
2024-12-21 07:00:00,,precip,0.0,0.0,,0.101,,,
2024-12-21 19:00:00,,precip,0.0,0.0,,1.994,,,
2024-12-22 13:00:00,,precip,0.0,0.0,,0.498,,,
2024-12-23 01:00:00,,precip,0.0,0.0,,5.979,,,
2024-12-23 07:00:00,,precip,0.0,0.0,,3.004,,,
2024-12-23 13:00:00,,precip,0.0,0.0,,1.009,,,
2024-12-23 19:00:00,,precip,0.0,0.0,,0.013,,,
2024-12-24 01:00:00,,precip,0.0,0.0,,3.0,,,
2024-12-24 07:00:00,,precip,0.0,0.0,,3.009,,,
2024-12-24 13:00:00,,precip,0.0,0.0,,2.009,,,
2024-12-24 19:00:00,,precip,0.0,0.0,,0.026,,,
2024-12-25 01:00:00,,precip,0.0,0.0,,0.208,,,
2024-12-25 13:00:00,,precip,0.0,0.0,,2.809,,,
2024-12-26 01:00:00,,precip,0.0,0.0,,1.993,,,
2024-12-26 07:00:00,,precip,0.0,0.0,,0.011,,,
2024-12-26 13:00:00,,precip,0.0,0.0,,0.312,,,
2024-12-26 19:00:00,,precip,0.0,0.0,,4.701,,,
2024-12-27 01:00:00,,precip,0.0,0.0,,3.009,,,
2024-12-27 07:00:00,,precip,0.0,0.0,,0.038,,,
2024-12-27 13:00:00,,precip,0.0,0.0,,4.017,,,
2024-12-27 19:00:00,,precip,0.0,0.0,,3.03,,,
2024-12-28 01:00:00,,precip,0.0,0.0,,13.996,,,
2024-12-28 07:00:00,,precip,0.0,0.0,,11.137,,,
2024-12-28 13:00:00,,precip,0.0,0.0,,0.132,,,
2024-12-28 19:00:00,,precip,0.0,0.0,,18.97,,,
2024-12-29 01:00:00,,precip,0.0,0.0,,1.021,,,
2024-12-29 13:00:00,,precip,0.0,0.0,,0.1,,,
2024-12-30 01:00:00,,precip,0.0,0.0,,0.199,,,
2024-12-31 01:00:00,,precip,0.0,0.0,,1.004,,,
2024-12-31 07:00:00,,precip,0.0,0.0,,3.0,,,
2024-12-31 13:00:00,,precip,0.0,0.0,,2.0,,,
2025-01-02 01:00:00,,precip,0.0,0.0,,0.1,,,
2025-01-02 07:00:00,,precip,0.0,0.0,,0.002,,,
2025-01-02 13:00:00,,precip,0.0,0.0,,0.004,,,
2025-01-03 01:00:00,,precip,0.0,0.0,,0.004,,,
2025-01-03 07:00:00,,precip,0.0,0.0,,0.822,,,
2025-01-03 13:00:00,,precip,0.0,0.0,,3.0,,,
2025-01-04 07:00:00,,precip,0.0,0.0,,0.001,,,
2025-01-08 04:00:00,,precip,0.0,0.0,,0.1,,,
2025-01-09 01:00:00,,precip,0.0,0.0,,0.403,,,
2025-01-09 07:00:00,,precip,0.0,0.0,,2.589,,,
2025-01-09 13:00:00,,precip,0.0,0.0,,5.009,,,
2025-01-09 19:00:00,,precip,0.0,0.0,,0.064,,,
2025-01-10 01:00:00,,precip,0.0,0.0,,0.996,,,
2025-01-10 07:00:00,,precip,0.0,0.0,,6.972,,,
2025-01-10 13:00:00,,precip,0.0,0.0,,0.398,,,
2025-01-11 07:00:00,,precip,0.0,0.0,,0.009,,,
2025-01-11 19:00:00,,precip,0.0,0.0,,0.034,,,
2025-01-12 01:00:00,,precip,0.0,0.0,,3.984,,,
2025-01-12 07:00:00,,precip,0.0,0.0,,0.033,,,
2025-01-12 13:00:00,,precip,0.0,0.0,,0.004,,,
2025-01-14 19:00:00,,precip,0.0,0.0,,0.697,,,
2025-01-15 19:00:00,,precip,0.0,0.0,,16.719,,,
2025-01-16 19:00:00,,precip,0.0,0.0,,36.65,,,
2025-01-17 19:00:00,,precip,0.0,0.0,,1.819,,,
2025-01-18 19:00:00,,precip,0.0,0.0,,0.1,,,
2025-01-26 19:00:00,,precip,0.0,0.0,,0.125,,,
2025-01-27 01:00:00,,precip,0.0,0.0,,0.081,,,
2025-01-27 07:00:00,,precip,0.0,0.0,,0.034,,,
2025-01-27 13:00:00,,precip,0.0,0.0,,0.017,,,
2025-01-27 19:00:00,,precip,0.0,0.0,,2.489,,,
2025-01-28 13:00:00,,precip,0.0,0.0,,0.004,,,
2025-01-29 01:00:00,,precip,0.0,0.0,,0.017,,,
2025-01-29 07:00:00,,precip,0.0,0.0,,0.346,,,
2025-01-29 13:00:00,,precip,0.0,0.0,,0.528,,,
2025-02-03 13:00:00,,precip,0.0,0.0,,0.199,,,
2025-02-03 19:00:00,,precip,0.0,0.0,,0.004,,,
2025-02-04 01:00:00,,precip,0.0,0.0,,0.026,,,
2025-02-04 07:00:00,,precip,0.0,0.0,,39.923,,,
2025-02-04 13:00:00,,precip,0.0,0.0,,40.893,,,
2025-02-04 19:00:00,,precip,0.0,0.0,,0.026,,,
2025-02-05 01:00:00,,precip,0.0,0.0,,0.001,,,
2025-02-07 19:00:00,,precip,0.0,0.0,,1.594,,,
2025-02-08 19:00:00,,precip,0.0,0.0,,21.136,,,
2025-02-09 19:00:00,,precip,0.0,0.0,,0.5,,,
2025-02-10 19:00:00,,precip,0.0,0.0,,0.905,,,
2025-02-12 19:00:00,,precip,0.0,0.0,,0.2,,,
2025-02-13 01:00:00,,precip,0.0,0.0,,0.004,,,
2025-02-13 07:00:00,,precip,0.0,0.0,,0.013,,,
2025-02-13 13:00:00,,precip,0.0,0.0,,0.021,,,
2025-02-13 19:00:00,,precip,0.0,0.0,,2.203,,,
2025-02-14 01:00:00,,precip,0.0,0.0,,0.013,,,
2025-02-14 13:00:00,,precip,0.0,0.0,,0.001,,,
2025-02-14 19:00:00,,precip,0.0,0.0,,0.498,,,
2025-02-15 19:00:00,,precip,0.0,0.0,,0.1,,,
2025-02-16 19:00:00,,precip,0.0,0.0,,0.1,,,
2025-02-18 19:00:00,,precip,0.0,0.0,,0.597,,,
2025-02-20 13:00:00,,precip,0.0,0.0,,0.002,,,
2025-02-21 19:00:00,,precip,0.0,0.0,,0.106,,,
2025-02-22 19:00:00,,precip,0.0,0.0,,0.014,,,
2025-02-23 19:00:00,,precip,0.0,0.0,,1.494,,,
2025-02-24 19:00:00,,precip,0.0,0.0,,8.27,,,
2025-02-25 19:00:00,,precip,0.0,0.0,,2.973,,,
2025-02-26 07:00:00,,precip,0.0,0.0,,0.004,,,
2025-02-26 19:00:00,,precip,0.0,0.0,,0.001,,,
2025-02-27 12:00:00,,precip,0.0,0.0,,0.1,,,
2025-03-06 01:00:00,,precip,0.0,0.0,,0.002,,,
2025-03-06 13:00:00,,precip,0.0,0.0,,0.004,,,
2025-03-06 19:00:00,,precip,0.0,0.0,,0.498,,,
2025-03-07 01:00:00,,precip,0.0,0.0,,0.013,,,
2025-03-07 13:00:00,,precip,0.0,0.0,,0.03,,,
2025-03-08 01:00:00,,precip,0.0,0.0,,0.004,,,
2025-03-10 01:00:00,,precip,0.0,0.0,,0.001,,,
2025-03-11 19:00:00,,precip,0.0,0.0,,0.403,,,
2025-03-12 19:00:00,,precip,0.0,0.0,,0.102,,,
2025-03-13 19:00:00,,precip,0.0,0.0,,0.006,,,
2025-03-17 01:00:00,,precip,0.0,0.0,,0.001,,,
2025-03-18 07:00:00,,precip,0.0,0.0,,0.009,,,
2025-03-18 13:00:00,,precip,0.0,0.0,,0.021,,,
2025-03-18 19:00:00,,precip,0.0,0.0,,0.011,,,
2025-03-19 01:00:00,,precip,0.0,0.0,,0.013,,,
2025-03-19 13:00:00,,precip,0.0,0.0,,0.013,,,
2025-03-20 19:00:00,,precip,0.0,0.0,,0.199,,,
2025-03-21 13:00:00,,precip,0.0,0.0,,0.001,,,
2025-03-21 19:00:00,,precip,0.0,0.0,,0.1,,,
2025-03-30 01:00:00,,precip,0.0,0.0,,0.013,,,
2025-03-30 13:00:00,,precip,0.0,0.0,,0.013,,,
2025-03-30 19:00:00,,precip,0.0,0.0,,0.013,,,
2025-03-31 01:00:00,,precip,0.0,0.0,,0.001,,,
2025-03-31 13:00:00,,precip,0.0,0.0,,0.012,,,
2025-04-01 13:00:00,,precip,0.0,0.0,,0.012,,,
2025-04-07 01:00:00,,precip,0.0,0.0,,0.001,,,
2025-04-09 19:00:00,,precip,0.0,0.0,,0.1,,,
2025-04-10 19:00:00,,precip,0.0,0.0,,0.1,,,
2025-04-13 01:00:00,,precip,0.0,0.0,,0.064,,,
2025-04-13 07:00:00,,precip,0.0,0.0,,0.179,,,
2025-04-13 13:00:00,,precip,0.0,0.0,,0.002,,,
2025-04-13 19:00:00,,precip,0.0,0.0,,8.563,,,
2025-04-17 19:00:00,,precip,0.0,0.0,,0.1,,,
2025-04-18 19:00:00,,precip,0.0,0.0,,0.1,,,
2025-04-19 19:00:00,,precip,0.0,0.0,,7.767,,,
2025-04-25 19:00:00,,precip,0.0,0.0,,1.296,,,
2025-04-26 19:00:00,,precip,0.0,0.0,,0.1,,,
2025-05-08 19:00:00,,precip,0.0,0.0,,0.009,,,
2025-05-09 19:00:00,,precip,0.0,0.0,,0.1,,,
2025-05-10 19:00:00,,precip,0.0,0.0,,0.013,,,
2025-05-11 01:00:00,,precip,0.0,0.0,,0.001,,,
2025-05-11 07:00:00,,precip,0.0,0.0,,0.012,,,
2025-05-11 19:00:00,,precip,0.0,0.0,,8.974,,,
2025-05-12 01:00:00,,precip,0.0,0.0,,0.009,,,
2025-05-12 13:00:00,,precip,0.0,0.0,,0.001,,,
2025-05-12 19:00:00,,precip,0.0,0.0,,0.797,,,
2025-05-13 19:00:00,,precip,0.0,0.0,,0.1,,,
2025-05-26 19:00:00,,precip,0.0,0.0,,8.97,,,
2025-05-27 13:00:00,,precip,0.0,0.0,,0.081,,,
2025-05-27 19:00:00,,precip,0.0,0.0,,1.991,,,
2025-05-28 19:00:00,,precip,0.0,0.0,,25.391,,,
2025-05-31 19:00:00,,precip,0.0,0.0,,2.191,,,
2025-06-03 19:00:00,,precip,0.0,0.0,,1.701,,,
2025-06-10 19:00:00,,precip,0.0,0.0,,3.286,,,
2025-06-11 01:00:00,,precip,0.0,0.0,,0.192,,,
2025-06-11 07:00:00,,precip,0.0,0.0,,0.585,,,
2025-06-11 13:00:00,,precip,0.0,0.0,,0.111,,,
2025-06-11 19:00:00,,precip,0.0,0.0,,136.573,,,
2025-06-12 01:00:00,,precip,0.0,0.0,,0.299,,,
2025-06-12 19:00:00,,precip,0.0,0.0,,129.444,,,
2025-06-13 01:00:00,,precip,0.0,0.0,,52.329,,,
2025-06-13 07:00:00,,precip,0.0,0.0,,13.132,,,
2025-06-13 13:00:00,,precip,0.0,0.0,,1.094,,,
2025-06-13 19:00:00,,precip,0.0,0.0,,3.026,,,
2025-06-14 07:00:00,,precip,0.0,0.0,,0.1,,,
2025-06-18 07:00:00,,precip,0.0,0.0,,0.597,,,
2025-06-20 01:00:00,,precip,0.0,0.0,,0.001,,,
2025-06-26 19:00:00,,precip,0.0,0.0,,0.03,,,
2025-06-27 13:00:00,,precip,0.0,0.0,,0.004,,,
2025-06-27 19:00:00,,precip,0.0,0.0,,8.013,,,
2025-06-28 19:00:00,,precip,0.0,0.0,,0.004,,,
2025-06-29 01:00:00,,precip,0.0,0.0,,1.992,,,
2025-06-29 19:00:00,,precip,0.0,0.0,,1.991,,,
2025-06-30 19:00:00,,precip,0.0,0.0,,0.009,,,
2025-07-01 01:00:00,,precip,0.0,0.0,,0.201,,,
2025-07-01 19:00:00,,precip,0.0,0.0,,3.829,,,
2025-07-02 19:00:00,,precip,0.0,0.0,,0.081,,,
2025-07-03 01:00:00,,precip,0.0,0.0,,9.958,,,
2025-07-03 19:00:00,,precip,0.0,0.0,,27.953,,,
2025-07-04 07:00:00,,precip,0.0,0.0,,0.001,,,
2025-07-04 19:00:00,,precip,0.0,0.0,,5.051,,,
2025-07-05 01:00:00,,precip,0.0,0.0,,0.001,,,
2025-07-05 19:00:00,,precip,0.0,0.0,,79.67,,,
2025-07-06 01:00:00,,precip,0.0,0.0,,17.927,,,
2025-07-06 19:00:00,,precip,0.0,0.0,,4.979,,,
2025-07-11 19:00:00,,precip,0.0,0.0,,0.003,,,
2025-07-12 19:00:00,,precip,0.0,0.0,,23.001,,,
2025-07-14 19:00:00,,precip,0.0,0.0,,5.178,,,
2025-07-15 01:00:00,,precip,0.0,0.0,,0.004,,,
2025-07-15 19:00:00,,precip,0.0,0.0,,0.147,,,
2025-07-16 20:00:00,,precip,0.0,0.0,,1.8,,,
2025-07-17 19:00:00,,precip,0.0,0.0,,0.896,,,
2025-07-20 07:00:00,,precip,0.0,0.0,,0.001,,,
2025-07-20 19:00:00,,precip,0.0,0.0,,0.398,,,
2025-07-21 19:00:00,,precip,0.0,0.0,,0.597,,,
2025-07-24 07:00:00,,precip,0.0,0.0,,0.003,,,
2025-07-24 19:00:00,,precip,0.0,0.0,,0.498,,,
2025-07-25 07:00:00,,precip,0.0,0.0,,0.081,,,
2025-07-25 19:00:00,,precip,0.0,0.0,,4.481,,,
2025-07-26 01:00:00,,precip,0.0,0.0,,0.038,,,
2025-07-26 07:00:00,,precip,0.0,0.0,,0.034,,,
2025-07-26 19:00:00,,precip,0.0,0.0,,33.262,,,
2025-07-27 01:00:00,,precip,0.0,0.0,,0.002,,,
2025-07-27 13:00:00,,precip,0.0,0.0,,0.015,,,
2025-07-27 19:00:00,,precip,0.0,0.0,,3.585,,,
2025-07-28 07:00:00,,precip,0.0,0.0,,0.056,,,
2025-07-28 13:00:00,,precip,0.0,0.0,,0.009,,,
2025-07-28 19:00:00,,precip,0.0,0.0,,2.39,,,
2025-07-29 13:00:00,,precip,0.0,0.0,,0.001,,,
2025-07-30 19:00:00,,precip,0.0,0.0,,0.1,,,
2025-08-07 01:00:00,,precip,0.0,0.0,,0.034,,,
2025-08-07 19:00:00,,precip,0.0,0.0,,0.101,,,
2025-08-10 19:00:00,,precip,0.0,0.0,,0.009,,,
2025-08-14 01:00:00,,precip,0.0,0.0,,0.128,,,
2025-08-14 19:00:00,,precip,0.0,0.0,,0.064,,,
2025-08-15 19:00:00,,precip,0.0,0.0,,0.073,,,
2025-08-16 01:00:00,,precip,0.0,0.0,,0.001,,,
2025-08-16 19:00:00,,precip,0.0,0.0,,9.878,,,
2025-08-17 01:00:00,,precip,0.0,0.0,,0.179,,,
2025-08-17 07:00:00,,precip,0.0,0.0,,0.081,,,
2025-08-17 13:00:00,,precip,0.0,0.0,,0.038,,,
2025-08-17 19:00:00,,precip,0.0,0.0,,29.274,,,
2025-08-18 19:00:00,,precip,0.0,0.0,,75.441,,,
2025-08-19 19:00:00,,precip,0.0,0.0,,0.1,,,
2025-08-24 13:00:00,,precip,0.0,0.0,,0.026,,,
2025-08-24 19:00:00,,precip,0.0,0.0,,17.641,,,
2025-08-25 01:00:00,,precip,0.0,0.0,,0.021,,,
2025-08-26 16:00:00,,precip,0.0,0.0,,1.6,,,
2025-08-26 17:00:00,,precip,0.0,0.0,,0.3,,,
2025-08-26 18:00:00,,precip,0.0,0.0,,1.2,,,
2025-08-26 19:00:00,,precip,0.0,0.0,,2.3,,,
2025-08-26 20:00:00,,precip,0.0,0.0,,2.1,,,
2025-08-26 21:00:00,,precip,0.0,0.0,,1.3,,,
2025-08-26 22:00:00,,precip,0.0,0.0,,1.9,,,
2025-08-26 23:00:00,,precip,0.0,0.0,,3.0,,,
2025-08-27 00:00:00,,precip,0.0,0.0,,5.8,,,
2025-08-27 01:00:00,,precip,0.0,0.0,,3.3,,,
2025-08-27 02:00:00,,precip,0.0,0.0,,7.1,,,
2025-08-27 03:00:00,,precip,0.0,0.0,,7.5,,,
2025-08-27 04:00:00,,precip,0.0,0.0,,6.7,,,
2025-08-27 05:00:00,,precip,0.0,0.0,,4.0,,,
2025-08-27 06:00:00,,precip,0.0,0.0,,2.3,,,
2025-08-27 07:00:00,,precip,0.0,0.0,,1.1,,,
2025-08-27 08:00:00,,precip,0.0,0.0,,0.6,,,
2025-08-27 09:00:00,,precip,0.0,0.0,,0.6,,,
2025-08-27 10:00:00,,precip,0.0,0.0,,1.0,,,
2025-08-27 11:00:00,,precip,0.0,0.0,,0.5,,,
2025-08-27 12:00:00,,precip,0.0,0.0,,0.6,,,
2025-08-27 13:00:00,,precip,0.0,0.0,,0.1,,,
2025-08-27 14:00:00,,precip,0.0,0.0,,0.4,,,
2025-08-27 15:00:00,,precip,0.0,0.0,,0.8,,,
2025-08-27 16:00:00,,precip,0.0,0.0,,0.1,,,
2025-08-27 17:00:00,,precip,0.0,0.0,,0.1,,,
2025-08-27 18:00:00,,precip,0.0,0.0,,0.4,,,
2025-08-27 19:00:00,,precip,0.0,0.0,,0.7,,,
2025-08-27 20:00:00,,precip,0.0,0.0,,0.5,,,
2025-08-27 21:00:00,,precip,0.0,0.0,,0.7,,,
2025-08-27 22:00:00,,precip,0.0,0.0,,0.3,,,
2025-08-27 23:00:00,,precip,0.0,0.0,,0.1,,,
2025-08-28 02:00:00,,precip,0.0,0.0,,1.3,,,
2025-08-28 03:00:00,,precip,0.0,0.0,,1.4,,,
2025-08-28 04:00:00,,precip,0.0,0.0,,0.7,,,
2025-08-28 05:00:00,,precip,0.0,0.0,,0.6,,,
2025-08-28 06:00:00,,precip,0.0,0.0,,1.1,,,
2025-08-28 07:00:00,,precip,0.0,0.0,,0.3,,,
2025-08-28 08:00:00,,precip,0.0,0.0,,0.1,,,
2025-08-28 09:00:00,,precip,0.0,0.0,,0.1,,,
2025-08-28 10:00:00,,precip,0.0,0.0,,0.3,,,
2025-08-28 11:00:00,,precip,0.0,0.0,,0.1,,,
2025-08-28 12:00:00,,precip,0.0,0.0,,0.1,,,
2025-08-28 13:00:00,,precip,0.0,0.0,,0.2,,,
2025-08-28 15:00:00,,precip,0.0,0.0,,0.9,,,
2025-08-28 16:00:00,,precip,0.0,0.0,,0.7,,,
2025-08-28 18:00:00,,precip,0.0,0.0,,0.5,,,
2025-08-28 19:00:00,,precip,0.0,0.0,,0.3,,,
2025-08-29 07:00:00,,precip,0.0,0.0,,0.1,,,
2025-08-29 08:00:00,,precip,0.0,0.0,,0.1,,,
2025-08-29 09:00:00,,precip,0.0,0.0,,0.1,,,
2025-08-29 10:00:00,,precip,0.0,0.0,,0.2,,,
2025-08-29 11:00:00,,precip,0.0,0.0,,0.4,,,
2025-08-29 12:00:00,,precip,0.0,0.0,,0.7,,,
2025-08-29 13:00:00,,precip,0.0,0.0,,0.9,,,
2025-08-29 14:00:00,,precip,0.0,0.0,,3.2,,,
2025-08-29 15:00:00,,precip,0.0,0.0,,2.3,,,
2025-08-29 16:00:00,,precip,0.0,0.0,,2.1,,,
2025-08-29 17:00:00,,precip,0.0,0.0,,2.9,,,
2025-08-29 18:00:00,,precip,0.0,0.0,,1.5,,,
2025-08-29 19:00:00,,precip,0.0,0.0,,1.5,,,
2025-08-29 20:00:00,,precip,0.0,0.0,,1.2,,,
2025-08-29 21:00:00,,precip,0.0,0.0,,1.3,,,
2025-08-29 22:00:00,,precip,0.0,0.0,,1.5,,,
2025-08-29 23:00:00,,precip,0.0,0.0,,1.6,,,
2025-08-30 00:00:00,,precip,0.0,0.0,,1.4,,,
2025-08-30 01:00:00,,precip,0.0,0.0,,1.1,,,
2025-08-30 02:00:00,,precip,0.0,0.0,,2.8,,,
2025-08-30 03:00:00,,precip,0.0,0.0,,3.3,,,
2025-08-30 04:00:00,,precip,0.0,0.0,,2.8,,,
2025-08-30 05:00:00,,precip,0.0,0.0,,2.1,,,
2025-08-30 06:00:00,,precip,0.0,0.0,,2.0,,,
2025-08-30 07:00:00,,precip,0.0,0.0,,2.1,,,
2025-08-30 08:00:00,,precip,0.0,0.0,,1.4,,,
2025-08-30 09:00:00,,precip,0.0,0.0,,1.4,,,
2025-08-30 10:00:00,,precip,0.0,0.0,,1.2,,,
2025-08-30 11:00:00,,precip,0.0,0.0,,1.0,,,
2025-08-30 12:00:00,,precip,0.0,0.0,,0.3,,,
2025-08-30 13:00:00,,precip,0.0,0.0,,0.1,,,
2025-08-30 15:00:00,,precip,0.0,0.0,,1.0,,,
2025-08-30 16:00:00,,precip,0.0,0.0,,0.3,,,
2025-08-30 17:00:00,,precip,0.0,0.0,,0.8,,,
2025-08-30 18:00:00,,precip,0.0,0.0,,0.1,,,
2025-08-30 23:00:00,,precip,0.0,0.0,,0.1,,,
2025-08-31 01:00:00,,precip,0.0,0.0,,1.2,,,
2025-08-31 02:00:00,,precip,0.0,0.0,,0.5,,,
2025-08-31 03:00:00,,precip,0.0,0.0,,1.6,,,
2025-08-31 04:00:00,,precip,0.0,0.0,,2.2,,,
2025-08-31 05:00:00,,precip,0.0,0.0,,1.9,,,
2025-08-31 06:00:00,,precip,0.0,0.0,,1.7,,,
2025-08-31 07:00:00,,precip,0.0,0.0,,0.3,,,
2025-08-31 08:00:00,,precip,0.0,0.0,,0.1,,,
2025-08-31 11:00:00,,precip,0.0,0.0,,0.1,,,
2025-08-31 12:00:00,,precip,0.0,0.0,,0.1,,,
2025-08-31 13:00:00,,precip,0.0,0.0,,0.1,,,
2025-08-31 14:00:00,,precip,0.0,0.0,,0.8,,,
2025-08-31 15:00:00,,precip,0.0,0.0,,1.2,,,
2025-08-31 16:00:00,,precip,0.0,0.0,,0.1,,,
2025-08-31 18:00:00,,precip,0.0,0.0,,0.3,,,
2025-08-31 19:00:00,,precip,0.0,0.0,,0.6,,,
2025-08-31 20:00:00,,precip,0.0,0.0,,0.9,,,
2025-08-31 21:00:00,,precip,0.0,0.0,,1.0,,,
2025-08-31 22:00:00,,precip,0.0,0.0,,0.6,,,
2025-08-31 23:00:00,,precip,0.0,0.0,,0.3,,,
2025-09-01 00:00:00,,precip,0.0,0.0,,0.1,,,
2025-09-01 02:00:00,,precip,0.0,0.0,,0.6,,,
2025-09-01 06:00:00,,precip,0.0,0.0,,0.2,,,
2025-09-01 07:00:00,,precip,0.0,0.0,,0.1,,,
2025-09-01 08:00:00,,precip,0.0,0.0,,0.1,,,
2025-09-01 09:00:00,,precip,0.0,0.0,,0.1,,,
2025-09-01 10:00:00,,precip,0.0,0.0,,0.2,,,
2025-09-01 11:00:00,,precip,0.0,0.0,,0.1,,,
2025-09-01 12:00:00,,precip,0.0,0.0,,1.5,,,
2025-09-01 13:00:00,,precip,0.0,0.0,,0.5,,,
2025-09-01 14:00:00,,precip,0.0,0.0,,0.3,,,
2025-09-01 15:00:00,,precip,0.0,0.0,,0.7,,,
2025-09-01 16:00:00,,precip,0.0,0.0,,1.8,,,
2025-09-01 17:00:00,,precip,0.0,0.0,,0.2,,,
2025-09-01 18:00:00,,precip,0.0,0.0,,0.2,,,
2025-09-01 19:00:00,,precip,0.0,0.0,,0.4,,,
2025-09-01 20:00:00,,precip,0.0,0.0,,0.4,,,
2025-09-02 02:00:00,,precip,0.0,0.0,,0.4,,,
2025-09-02 07:00:00,,precip,0.0,0.0,,0.1,,,
2025-09-02 08:00:00,,precip,0.0,0.0,,0.1,,,
2025-09-02 09:00:00,,precip,0.0,0.0,,0.1,,,
2025-09-02 11:00:00,,precip,0.0,0.0,,0.1,,,
2025-09-02 12:00:00,,precip,0.0,0.0,,0.1,,,
2025-09-02 13:00:00,,precip,0.0,0.0,,1.6,,,
2025-09-02 14:00:00,,precip,0.0,0.0,,1.4,,,
2025-09-02 15:00:00,,precip,0.0,0.0,,0.2,,,
2025-09-02 16:00:00,,precip,0.0,0.0,,0.1,,,
2025-09-02 17:00:00,,precip,0.0,0.0,,0.2,,,
2025-09-02 18:00:00,,precip,0.0,0.0,,0.2,,,
2025-09-02 19:00:00,,precip,0.0,0.0,,0.4,,,
2025-09-02 20:00:00,,precip,0.0,0.0,,0.5,,,
2025-09-02 21:00:00,,precip,0.0,0.0,,0.2,,,
2025-09-03 13:00:00,,precip,0.0,0.0,,0.2,,,
2025-09-03 14:00:00,,precip,0.0,0.0,,0.2,,,
2025-09-03 15:00:00,,precip,0.0,0.0,,0.4,,,
2025-09-03 16:00:00,,precip,0.0,0.0,,0.2,,,
2025-09-03 17:00:00,,precip,0.0,0.0,,0.1,,,
2025-09-03 19:00:00,,precip,0.0,0.0,,0.1,,,
2025-09-03 20:00:00,,precip,0.0,0.0,,0.1,,,
2025-09-03 23:00:00,,precip,0.0,0.0,,0.1,,,
2025-09-04 00:00:00,,precip,0.0,0.0,,0.1,,,
2025-09-04 01:00:00,,precip,0.0,0.0,,0.1,,,
2025-09-04 05:00:00,,precip,0.0,0.0,,0.1,,,
2025-09-04 06:00:00,,precip,0.0,0.0,,0.3,,,
2025-09-04 07:00:00,,precip,0.0,0.0,,0.1,,,
2025-09-04 13:00:00,,precip,0.0,0.0,,0.1,,,
2025-09-04 15:00:00,,precip,0.0,0.0,,0.2,,,
2025-09-04 17:00:00,,precip,0.0,0.0,,0.5,,,
2025-09-04 18:00:00,,precip,0.0,0.0,,0.2,,,
2025-09-05 01:00:00,,precip,0.0,0.0,,0.1,,,
2025-09-05 13:00:00,,precip,0.0,0.0,,2.0,,,
2025-09-05 14:00:00,,precip,0.0,0.0,,0.9,,,
2025-09-05 15:00:00,,precip,0.0,0.0,,1.0,,,
2025-09-05 16:00:00,,precip,0.0,0.0,,0.2,,,
2025-09-05 17:00:00,,precip,0.0,0.0,,0.2,,,
2025-09-05 18:00:00,,precip,0.0,0.0,,1.0,,,
2025-09-05 19:00:00,,precip,0.0,0.0,,0.8,,,
2025-09-05 22:00:00,,precip,0.0,0.0,,0.1,,,
2025-09-05 23:00:00,,precip,0.0,0.0,,0.5,,,
2025-09-06 00:00:00,,precip,0.0,0.0,,0.2,,,
2025-09-06 11:00:00,,precip,0.0,0.0,,0.1,,,
2025-09-06 12:00:00,,precip,0.0,0.0,,0.5,,,
2025-09-06 13:00:00,,precip,0.0,0.0,,2.7,,,
2025-09-06 14:00:00,,precip,0.0,0.0,,1.2,,,
2025-09-06 16:00:00,,precip,0.0,0.0,,0.3,,,
2025-09-06 17:00:00,,precip,0.0,0.0,,0.2,,,
2025-09-06 18:00:00,,precip,0.0,0.0,,0.4,,,
2025-09-06 19:00:00,,precip,0.0,0.0,,0.2,,,
2025-09-07 12:00:00,,precip,0.0,0.0,,0.1,,,
2025-09-07 13:00:00,,precip,0.0,0.0,,0.4,,,
2025-09-07 14:00:00,,precip,0.0,0.0,,1.3,,,
2025-09-07 15:00:00,,precip,0.0,0.0,,0.5,,,
2025-09-07 16:00:00,,precip,0.0,0.0,,0.1,,,
2025-09-07 19:00:00,,precip,0.0,0.0,,0.5,,,
2025-09-07 20:00:00,,precip,0.0,0.0,,0.2,,,
2025-09-07 21:00:00,,precip,0.0,0.0,,0.3,,,
2025-09-07 22:00:00,,precip,0.0,0.0,,0.2,,,
2025-09-08 16:00:00,,precip,0.0,0.0,,0.1,,,
2025-09-09 02:00:00,,precip,0.0,0.0,,0.1,,,
2025-09-09 11:00:00,,precip,0.0,0.0,,0.1,,,
2025-09-09 13:00:00,,precip,0.0,0.0,,0.1,,,
2025-09-09 14:00:00,,precip,0.0,0.0,,0.7,,,
2025-09-09 15:00:00,,precip,0.0,0.0,,0.2,,,
2025-09-09 16:00:00,,precip,0.0,0.0,,0.2,,,
2025-09-09 17:00:00,,precip,0.0,0.0,,0.1,,,
2025-09-09 18:00:00,,precip,0.0,0.0,,0.1,,,
2025-09-09 22:00:00,,precip,0.0,0.0,,0.3,,,
2025-09-09 23:00:00,,precip,0.0,0.0,,0.1,,,
2025-09-10 13:00:00,,precip,0.0,0.0,,0.2,,,
2025-09-10 14:00:00,,precip,0.0,0.0,,0.5,,,
2025-09-10 15:00:00,,precip,0.0,0.0,,0.4,,,
2025-09-10 16:00:00,,precip,0.0,0.0,,0.1,,,
2025-09-10 17:00:00,,precip,0.0,0.0,,0.2,,,
2025-09-10 18:00:00,,precip,0.0,0.0,,1.8,,,
2025-09-10 19:00:00,,precip,0.0,0.0,,0.2,,,
2025-09-10 21:00:00,,precip,0.0,0.0,,0.7,,,
2025-09-11 12:00:00,,precip,0.0,0.0,,0.1,,,
2025-09-11 13:00:00,,precip,0.0,0.0,,0.5,,,
2025-09-11 15:00:00,,precip,0.0,0.0,,0.1,,,
2025-09-12 14:00:00,,precip,0.0,0.0,,0.1,,,
2025-09-12 20:00:00,,precip,0.0,0.0,,0.1,,,
2025-09-12 21:00:00,,precip,0.0,0.0,,0.1,,,
2025-09-13 15:00:00,,precip,0.0,0.0,,0.1,,,
2025-09-13 16:00:00,,precip,0.0,0.0,,0.1,,,
2025-09-13 17:00:00,,precip,0.0,0.0,,0.1,,,
2025-09-13 18:00:00,,precip,0.0,0.0,,0.1,,,
2025-09-13 19:00:00,,precip,0.0,0.0,,0.1,,,
2025-09-14 15:00:00,,precip,0.0,0.0,,0.7,,,
2025-09-14 16:00:00,,precip,0.0,0.0,,1.5,,,
2025-09-14 17:00:00,,precip,0.0,0.0,,0.6,,,
2025-09-14 18:00:00,,precip,0.0,0.0,,0.3,,,
2025-09-14 19:00:00,,precip,0.0,0.0,,0.3,,,
2025-09-15 02:00:00,,precip,0.0,0.0,,0.1,,,
2025-09-15 09:00:00,,precip,0.0,0.0,,0.2,,,
2025-09-15 10:00:00,,precip,0.0,0.0,,0.3,,,
2025-09-15 11:00:00,,precip,0.0,0.0,,0.3,,,
2025-09-15 12:00:00,,precip,0.0,0.0,,1.0,,,
2025-09-15 13:00:00,,precip,0.0,0.0,,0.5,,,
2025-09-15 14:00:00,,precip,0.0,0.0,,0.2,,,
2025-09-15 16:00:00,,precip,0.0,0.0,,0.1,,,
2025-09-15 17:00:00,,precip,0.0,0.0,,0.6,,,
2025-09-15 18:00:00,,precip,0.0,0.0,,0.6,,,
2025-09-16 10:00:00,,precip,0.0,0.0,,0.2,,,
2025-09-16 11:00:00,,precip,0.0,0.0,,0.1,,,
2025-09-16 12:00:00,,precip,0.0,0.0,,0.4,,,
2025-09-16 13:00:00,,precip,0.0,0.0,,3.6,,,
2025-09-16 14:00:00,,precip,0.0,0.0,,1.9,,,
2025-09-16 15:00:00,,precip,0.0,0.0,,0.2,,,
2025-09-16 16:00:00,,precip,0.0,0.0,,0.2,,,
2025-09-16 17:00:00,,precip,0.0,0.0,,0.2,,,
2025-09-16 18:00:00,,precip,0.0,0.0,,0.2,,,
2025-09-16 19:00:00,,precip,0.0,0.0,,0.3,,,
2025-09-16 20:00:00,,precip,0.0,0.0,,1.2,,,
2025-09-16 21:00:00,,precip,0.0,0.0,,1.7,,,
2025-09-16 22:00:00,,precip,0.0,0.0,,1.9,,,
2025-09-16 23:00:00,,precip,0.0,0.0,,0.6,,,
2025-09-17 00:00:00,,precip,0.0,0.0,,0.7,,,
2025-09-17 01:00:00,,precip,0.0,0.0,,0.8,,,
2025-09-17 02:00:00,,precip,0.0,0.0,,0.8,,,
2025-09-17 03:00:00,,precip,0.0,0.0,,1.1,,,
2025-09-17 04:00:00,,precip,0.0,0.0,,1.2,,,
2025-09-17 05:00:00,,precip,0.0,0.0,,1.0,,,
2025-09-17 06:00:00,,precip,0.0,0.0,,0.8,,,
2025-09-17 07:00:00,,precip,0.0,0.0,,0.5,,,
2025-09-17 08:00:00,,precip,0.0,0.0,,0.3,,,
2025-09-17 09:00:00,,precip,0.0,0.0,,0.3,,,
2025-09-17 10:00:00,,precip,0.0,0.0,,0.4,,,
2025-09-17 11:00:00,,precip,0.0,0.0,,1.1,,,
2025-09-17 12:00:00,,precip,0.0,0.0,,4.2,,,
2025-09-17 13:00:00,,precip,0.0,0.0,,4.2,,,
2025-09-17 14:00:00,,precip,0.0,0.0,,0.9,,,
2025-09-17 15:00:00,,precip,0.0,0.0,,1.1,,,
2025-09-17 16:00:00,,precip,0.0,0.0,,0.5,,,
2025-09-17 17:00:00,,precip,0.0,0.0,,0.2,,,
2025-09-17 18:00:00,,precip,0.0,0.0,,0.2,,,
2025-09-17 19:00:00,,precip,0.0,0.0,,0.5,,,
2025-09-17 20:00:00,,precip,0.0,0.0,,0.2,,,
2025-09-17 21:00:00,,precip,0.0,0.0,,0.2,,,
2025-09-17 22:00:00,,precip,0.0,0.0,,0.8,,,
2025-09-17 23:00:00,,precip,0.0,0.0,,1.1,,,
2025-09-18 00:00:00,,precip,0.0,0.0,,0.5,,,
2025-09-18 01:00:00,,precip,0.0,0.0,,0.3,,,
2025-09-18 02:00:00,,precip,0.0,0.0,,4.2,,,
2025-09-18 03:00:00,,precip,0.0,0.0,,5.3,,,
2025-09-18 04:00:00,,precip,0.0,0.0,,6.2,,,
2025-09-18 05:00:00,,precip,0.0,0.0,,6.7,,,
2025-09-18 06:00:00,,precip,0.0,0.0,,6.7,,,
2025-09-18 07:00:00,,precip,0.0,0.0,,6.3,,,
2025-09-18 08:00:00,,precip,0.0,0.0,,6.0,,,
2025-09-18 09:00:00,,precip,0.0,0.0,,5.7,,,
2025-09-18 10:00:00,,precip,0.0,0.0,,5.2,,,
2025-09-18 11:00:00,,precip,0.0,0.0,,5.2,,,
2025-09-18 12:00:00,,precip,0.0,0.0,,5.6,,,
2025-09-18 13:00:00,,precip,0.0,0.0,,5.6,,,
2025-09-18 14:00:00,,precip,0.0,0.0,,1.1,,,
2025-09-18 15:00:00,,precip,0.0,0.0,,0.4,,,
2025-09-18 16:00:00,,precip,0.0,0.0,,1.1,,,
2025-09-18 17:00:00,,precip,0.0,0.0,,0.4,,,
2025-09-18 18:00:00,,precip,0.0,0.0,,0.9,,,
2025-09-18 19:00:00,,precip,0.0,0.0,,0.6,,,
2025-09-18 20:00:00,,precip,0.0,0.0,,0.9,,,
2025-09-18 21:00:00,,precip,0.0,0.0,,0.5,,,
2025-09-18 22:00:00,,precip,0.0,0.0,,0.2,,,
2025-09-19 02:00:00,,precip,0.0,0.0,,0.9,,,
2025-09-19 03:00:00,,precip,0.0,0.0,,0.4,,,
2025-09-19 04:00:00,,precip,0.0,0.0,,0.1,,,
2025-09-19 08:00:00,,precip,0.0,0.0,,0.1,,,
2025-09-19 09:00:00,,precip,0.0,0.0,,1.3,,,
2025-09-19 10:00:00,,precip,0.0,0.0,,0.5,,,
2025-09-19 11:00:00,,precip,0.0,0.0,,0.1,,,
2025-09-19 12:00:00,,precip,0.0,0.0,,0.7,,,
2025-09-19 13:00:00,,precip,0.0,0.0,,1.4,,,
2025-09-19 14:00:00,,precip,0.0,0.0,,0.5,,,
2025-09-19 15:00:00,,precip,0.0,0.0,,1.2,,,
2025-09-19 16:00:00,,precip,0.0,0.0,,1.5,,,
2025-09-19 17:00:00,,precip,0.0,0.0,,0.4,,,
2025-09-19 18:00:00,,precip,0.0,0.0,,0.2,,,
2025-09-19 22:00:00,,precip,0.0,0.0,,0.1,,,
2025-09-20 02:00:00,,precip,0.0,0.0,,0.1,,,
2025-09-20 03:00:00,,precip,0.0,0.0,,0.1,,,
2025-09-20 11:00:00,,precip,0.0,0.0,,0.2,,,
2025-09-20 12:00:00,,precip,0.0,0.0,,0.1,,,
2025-09-20 13:00:00,,precip,0.0,0.0,,1.5,,,
2025-09-20 14:00:00,,precip,0.0,0.0,,2.2,,,
2025-09-20 15:00:00,,precip,0.0,0.0,,1.2,,,
2025-09-20 16:00:00,,precip,0.0,0.0,,0.2,,,
2025-09-20 17:00:00,,precip,0.0,0.0,,0.1,,,
2025-09-20 18:00:00,,precip,0.0,0.0,,0.6,,,
2025-09-20 19:00:00,,precip,0.0,0.0,,0.3,,,
2025-09-20 20:00:00,,precip,0.0,0.0,,0.2,,,
2025-09-20 21:00:00,,precip,0.0,0.0,,0.2,,,
2025-09-20 22:00:00,,precip,0.0,0.0,,0.2,,,
2025-09-21 02:00:00,,precip,0.0,0.0,,0.2,,,
2025-09-21 12:00:00,,precip,0.0,0.0,,0.1,,,
2025-09-21 13:00:00,,precip,0.0,0.0,,2.8,,,
2025-09-21 14:00:00,,precip,0.0,0.0,,3.2,,,
2025-09-21 15:00:00,,precip,0.0,0.0,,0.3,,,
2025-09-21 17:00:00,,precip,0.0,0.0,,0.8,,,
2025-09-21 18:00:00,,precip,0.0,0.0,,0.5,,,
2025-09-21 19:00:00,,precip,0.0,0.0,,0.4,,,
2025-09-22 06:00:00,,precip,0.0,0.0,,0.1,,,
2025-09-22 07:00:00,,precip,0.0,0.0,,0.3,,,
2025-09-22 08:00:00,,precip,0.0,0.0,,0.1,,,
2025-09-22 09:00:00,,precip,0.0,0.0,,0.1,,,
2025-09-22 10:00:00,,precip,0.0,0.0,,0.2,,,
2025-09-22 11:00:00,,precip,0.0,0.0,,0.1,,,
2025-09-22 13:00:00,,precip,0.0,0.0,,0.3,,,
2025-09-22 14:00:00,,precip,0.0,0.0,,1.3,,,
2025-09-22 15:00:00,,precip,0.0,0.0,,0.4,,,
2025-09-22 16:00:00,,precip,0.0,0.0,,0.1,,,
2025-09-22 18:00:00,,precip,0.0,0.0,,1.2,,,
2025-09-22 19:00:00,,precip,0.0,0.0,,2.4,,,
2025-09-22 20:00:00,,precip,0.0,0.0,,1.3,,,
2025-09-22 21:00:00,,precip,0.0,0.0,,0.3,,,
2025-09-22 22:00:00,,precip,0.0,0.0,,0.1,,,
2025-09-23 03:00:00,,precip,0.0,0.0,,0.1,,,
2025-09-23 04:00:00,,precip,0.0,0.0,,0.3,,,
2025-09-23 05:00:00,,precip,0.0,0.0,,0.8,,,
2025-09-23 10:00:00,,precip,0.0,0.0,,0.1,,,
2025-09-23 11:00:00,,precip,0.0,0.0,,0.1,,,
2025-09-23 12:00:00,,precip,0.0,0.0,,0.1,,,
2025-09-23 13:00:00,,precip,0.0,0.0,,2.7,,,
2025-09-23 15:00:00,,precip,0.0,0.0,,0.5,,,
2025-09-23 16:00:00,,precip,0.0,0.0,,0.6,,,
2025-09-23 19:00:00,,precip,0.0,0.0,,0.1,,,
2025-09-23 20:00:00,,precip,0.0,0.0,,0.1,,,
2025-09-23 23:00:00,,precip,0.0,0.0,,0.1,,,
2025-09-24 00:00:00,,precip,0.0,0.0,,0.1,,,
2025-09-24 01:00:00,,precip,0.0,0.0,,0.2,,,
2025-09-24 03:00:00,,precip,0.0,0.0,,0.1,,,
2025-09-24 13:00:00,,precip,0.0,0.0,,3.6,,,
2025-09-24 14:00:00,,precip,0.0,0.0,,0.2,,,
2025-09-24 15:00:00,,precip,0.0,0.0,,2.8,,,
2025-09-24 18:00:00,,precip,0.0,0.0,,0.5,,,
2025-09-24 19:00:00,,precip,0.0,0.0,,0.7,,,
2025-09-24 20:00:00,,precip,0.0,0.0,,1.3,,,
2025-09-24 21:00:00,,precip,0.0,0.0,,1.0,,,
2025-09-25 00:00:00,,precip,0.0,0.0,,0.1,,,
2025-09-25 01:00:00,,precip,0.0,0.0,,0.2,,,
2025-09-25 12:00:00,,precip,0.0,0.0,,0.1,,,
2025-09-25 13:00:00,,precip,0.0,0.0,,0.1,,,
2025-09-25 15:00:00,,precip,0.0,0.0,,0.1,,,
2025-09-25 16:00:00,,precip,0.0,0.0,,0.1,,,
2025-09-25 17:00:00,,precip,0.0,0.0,,0.2,,,
2025-09-25 18:00:00,,precip,0.0,0.0,,0.1,,,
2025-09-25 19:00:00,,precip,0.0,0.0,,1.0,,,
2025-09-25 20:00:00,,precip,0.0,0.0,,1.6,,,
2025-09-25 21:00:00,,precip,0.0,0.0,,0.9,,,
2025-09-25 22:00:00,,precip,0.0,0.0,,1.1,,,
2025-09-25 23:00:00,,precip,0.0,0.0,,1.3,,,
2025-09-26 00:00:00,,precip,0.0,0.0,,2.9,,,
2025-09-26 01:00:00,,precip,0.0,0.0,,2.6,,,
2025-09-26 02:00:00,,precip,0.0,0.0,,0.7,,,
2025-09-26 03:00:00,,precip,0.0,0.0,,0.1,,,
2025-09-26 04:00:00,,precip,0.0,0.0,,0.2,,,
2025-09-26 05:00:00,,precip,0.0,0.0,,0.3,,,
2025-09-26 06:00:00,,precip,0.0,0.0,,0.3,,,
2025-09-26 07:00:00,,precip,0.0,0.0,,0.3,,,
2025-09-26 08:00:00,,precip,0.0,0.0,,0.1,,,
2025-09-26 10:00:00,,precip,0.0,0.0,,0.1,,,
2025-09-26 11:00:00,,precip,0.0,0.0,,0.6,,,
2025-09-26 12:00:00,,precip,0.0,0.0,,0.1,,,
2025-09-26 13:00:00,,precip,0.0,0.0,,0.1,,,
2025-09-26 14:00:00,,precip,0.0,0.0,,0.3,,,
2025-09-26 15:00:00,,precip,0.0,0.0,,2.3,,,
2025-09-26 16:00:00,,precip,0.0,0.0,,0.9,,,
2025-09-26 17:00:00,,precip,0.0,0.0,,0.6,,,
2025-09-26 18:00:00,,precip,0.0,0.0,,1.0,,,
2025-09-26 19:00:00,,precip,0.0,0.0,,0.6,,,
2025-09-26 20:00:00,,precip,0.0,0.0,,0.9,,,
2025-09-26 21:00:00,,precip,0.0,0.0,,1.3,,,
2025-09-26 22:00:00,,precip,0.0,0.0,,0.9,,,
2025-09-26 23:00:00,,precip,0.0,0.0,,0.7,,,
2025-09-27 00:00:00,,precip,0.0,0.0,,0.9,,,
2025-09-27 01:00:00,,precip,0.0,0.0,,0.5,,,
2025-09-27 02:00:00,,precip,0.0,0.0,,0.1,,,
2025-09-27 03:00:00,,precip,0.0,0.0,,0.6,,,
2025-09-27 04:00:00,,precip,0.0,0.0,,0.8,,,
2025-09-27 05:00:00,,precip,0.0,0.0,,0.7,,,
2025-09-27 06:00:00,,precip,0.0,0.0,,1.1,,,
2025-09-27 07:00:00,,precip,0.0,0.0,,1.4,,,
2025-09-27 08:00:00,,precip,0.0,0.0,,1.7,,,
2025-09-27 09:00:00,,precip,0.0,0.0,,1.4,,,
2025-09-27 10:00:00,,precip,0.0,0.0,,1.7,,,
2025-09-27 11:00:00,,precip,0.0,0.0,,0.8,,,
2025-09-27 12:00:00,,precip,0.0,0.0,,0.8,,,
2025-09-27 13:00:00,,precip,0.0,0.0,,2.8,,,
2025-09-27 14:00:00,,precip,0.0,0.0,,1.8,,,
2025-09-27 15:00:00,,precip,0.0,0.0,,2.0,,,
2025-09-27 16:00:00,,precip,0.0,0.0,,1.4,,,
2025-09-27 17:00:00,,precip,0.0,0.0,,1.4,,,
2025-09-27 18:00:00,,precip,0.0,0.0,,1.7,,,
2025-09-27 19:00:00,,precip,0.0,0.0,,1.7,,,
2025-09-27 20:00:00,,precip,0.0,0.0,,2.1,,,
2025-09-27 21:00:00,,precip,0.0,0.0,,2.6,,,
2025-09-27 22:00:00,,precip,0.0,0.0,,4.0,,,
2025-09-27 23:00:00,,precip,0.0,0.0,,4.4,,,
2025-09-28 00:00:00,,precip,0.0,0.0,,3.2,,,
2025-09-28 01:00:00,,precip,0.0,0.0,,2.7,,,
2025-09-28 02:00:00,,precip,0.0,0.0,,2.4,,,
2025-09-28 03:00:00,,precip,0.0,0.0,,2.5,,,
2025-09-28 04:00:00,,precip,0.0,0.0,,2.8,,,
2025-09-28 05:00:00,,precip,0.0,0.0,,2.4,,,
2025-09-28 06:00:00,,precip,0.0,0.0,,2.8,,,
2025-09-28 07:00:00,,precip,0.0,0.0,,2.9,,,
2025-09-28 08:00:00,,precip,0.0,0.0,,2.8,,,
2025-09-28 09:00:00,,precip,0.0,0.0,,2.7,,,
2025-09-28 10:00:00,,precip,0.0,0.0,,2.9,,,
2025-09-28 11:00:00,,precip,0.0,0.0,,2.7,,,
2025-09-28 12:00:00,,precip,0.0,0.0,,3.6,,,
2025-09-28 13:00:00,,precip,0.0,0.0,,2.6,,,
2025-09-28 14:00:00,,precip,0.0,0.0,,7.5,,,
2025-09-28 15:00:00,,precip,0.0,0.0,,7.9,,,
2025-09-28 16:00:00,,precip,0.0,0.0,,6.9,,,
2025-09-28 17:00:00,,precip,0.0,0.0,,4.7,,,
2025-09-28 18:00:00,,precip,0.0,0.0,,2.3,,,
2025-09-28 19:00:00,,precip,0.0,0.0,,1.0,,,
2025-09-28 20:00:00,,precip,0.0,0.0,,0.5,,,
2025-09-28 21:00:00,,precip,0.0,0.0,,0.1,,,
2025-09-29 02:00:00,,precip,0.0,0.0,,0.3,,,
2025-09-29 03:00:00,,precip,0.0,0.0,,0.3,,,
2025-09-29 04:00:00,,precip,0.0,0.0,,0.2,,,
2025-09-29 05:00:00,,precip,0.0,0.0,,0.1,,,
2025-09-29 13:00:00,,precip,0.0,0.0,,0.2,,,
2025-09-29 14:00:00,,precip,0.0,0.0,,0.2,,,
2025-09-29 15:00:00,,precip,0.0,0.0,,0.7,,,
2025-09-30 14:00:00,,precip,0.0,0.0,,0.5,,,
2025-09-30 16:00:00,,precip,0.0,0.0,,0.7,,,
2025-09-30 17:00:00,,precip,0.0,0.0,,0.1,,,
2025-10-01 03:00:00,,precip,0.0,0.0,,0.2,,,
2025-10-01 04:00:00,,precip,0.0,0.0,,0.1,,,
2025-10-01 09:00:00,,precip,0.0,0.0,,0.1,,,
2025-10-01 10:00:00,,precip,0.0,0.0,,0.1,,,
2025-10-01 12:00:00,,precip,0.0,0.0,,0.1,,,
2025-10-02 23:00:00,,precip,0.0,0.0,,0.1,,,
2025-10-03 17:00:00,,precip,0.0,0.0,,0.1,,,
2025-10-03 18:00:00,,precip,0.0,0.0,,0.1,,,
2025-10-03 19:00:00,,precip,0.0,0.0,,0.1,,,
2025-10-03 20:00:00,,precip,0.0,0.0,,0.1,,,
2025-10-03 21:00:00,,precip,0.0,0.0,,0.1,,,
2025-10-04 00:00:00,,precip,0.0,0.0,,0.1,,,
2025-10-04 13:00:00,,precip,0.0,0.0,,0.5,,,
2025-10-04 14:00:00,,precip,0.0,0.0,,0.9,,,
2025-10-04 16:00:00,,precip,0.0,0.0,,0.1,,,
2025-10-04 17:00:00,,precip,0.0,0.0,,0.6,,,
2025-10-04 18:00:00,,precip,0.0,0.0,,0.2,,,
2025-10-05 16:00:00,,precip,0.0,0.0,,1.0,,,
2025-10-05 17:00:00,,precip,0.0,0.0,,0.1,,,
2025-10-06 14:00:00,,precip,0.0,0.0,,1.1,,,
2025-10-06 15:00:00,,precip,0.0,0.0,,0.7,,,
2025-10-06 16:00:00,,precip,0.0,0.0,,0.3,,,
2025-10-07 12:00:00,,precip,0.0,0.0,,0.3,,,
2025-10-07 13:00:00,,precip,0.0,0.0,,0.1,,,
2025-10-07 14:00:00,,precip,0.0,0.0,,0.2,,,
2025-10-07 15:00:00,,precip,0.0,0.0,,0.3,,,
2025-10-07 16:00:00,,precip,0.0,0.0,,0.3,,,
2025-10-07 17:00:00,,precip,0.0,0.0,,0.7,,,
2025-10-07 18:00:00,,precip,0.0,0.0,,0.1,,,
2025-10-07 19:00:00,,precip,0.0,0.0,,0.2,,,
2025-10-07 20:00:00,,precip,0.0,0.0,,0.4,,,
2025-10-07 21:00:00,,precip,0.0,0.0,,0.2,,,
2025-10-07 22:00:00,,precip,0.0,0.0,,0.2,,,
2025-10-07 23:00:00,,precip,0.0,0.0,,0.1,,,
2025-10-08 04:00:00,,precip,0.0,0.0,,0.1,,,
2025-10-08 06:00:00,,precip,0.0,0.0,,0.1,,,
2025-10-08 10:00:00,,precip,0.0,0.0,,0.1,,,
2025-10-08 11:00:00,,precip,0.0,0.0,,0.1,,,
2025-10-08 20:00:00,,precip,0.0,0.0,,0.1,,,
2025-10-08 21:00:00,,precip,0.0,0.0,,0.1,,,
2025-10-08 23:00:00,,precip,0.0,0.0,,0.1,,,
2025-10-09 00:00:00,,precip,0.0,0.0,,0.1,,,
2025-10-09 02:00:00,,precip,0.0,0.0,,0.1,,,
2025-10-09 03:00:00,,precip,0.0,0.0,,0.1,,,
2025-10-09 04:00:00,,precip,0.0,0.0,,0.2,,,
2025-10-09 05:00:00,,precip,0.0,0.0,,0.6,,,
2025-10-09 06:00:00,,precip,0.0,0.0,,0.2,,,
2025-10-09 07:00:00,,precip,0.0,0.0,,0.3,,,
2025-10-09 08:00:00,,precip,0.0,0.0,,0.2,,,
2025-10-09 09:00:00,,precip,0.0,0.0,,0.2,,,
2025-10-09 10:00:00,,precip,0.0,0.0,,0.6,,,
2025-10-09 11:00:00,,precip,0.0,0.0,,0.5,,,
2025-10-09 12:00:00,,precip,0.0,0.0,,0.3,,,
2025-10-09 13:00:00,,precip,0.0,0.0,,0.1,,,
2025-10-09 14:00:00,,precip,0.0,0.0,,0.6,,,
2025-10-09 15:00:00,,precip,0.0,0.0,,1.5,,,
2025-10-09 16:00:00,,precip,0.0,0.0,,0.7,,,
2025-10-09 17:00:00,,precip,0.0,0.0,,0.3,,,
2025-10-09 18:00:00,,precip,0.0,0.0,,0.2,,,
2025-10-09 19:00:00,,precip,0.0,0.0,,0.2,,,
2025-10-09 20:00:00,,precip,0.0,0.0,,0.1,,,
2025-10-09 21:00:00,,precip,0.0,0.0,,0.1,,,
2025-10-09 22:00:00,,precip,0.0,0.0,,0.2,,,
2025-10-09 23:00:00,,precip,0.0,0.0,,0.3,,,
2025-10-10 00:00:00,,precip,0.0,0.0,,0.4,,,
2025-10-10 01:00:00,,precip,0.0,0.0,,0.3,,,
2025-10-10 02:00:00,,precip,0.0,0.0,,0.4,,,
2025-10-10 03:00:00,,precip,0.0,0.0,,0.5,,,
2025-10-10 04:00:00,,precip,0.0,0.0,,0.5,,,
2025-10-10 05:00:00,,precip,0.0,0.0,,0.7,,,
2025-10-10 06:00:00,,precip,0.0,0.0,,0.4,,,
2025-10-10 07:00:00,,precip,0.0,0.0,,0.2,,,
2025-10-10 08:00:00,,precip,0.0,0.0,,0.2,,,
2025-10-10 09:00:00,,precip,0.0,0.0,,0.1,,,
2025-10-10 10:00:00,,precip,0.0,0.0,,0.1,,,
2025-10-10 11:00:00,,precip,0.0,0.0,,0.2,,,
2025-10-10 12:00:00,,precip,0.0,0.0,,0.2,,,
2025-10-10 13:00:00,,precip,0.0,0.0,,0.2,,,
2025-10-10 14:00:00,,precip,0.0,0.0,,0.2,,,
2025-10-10 15:00:00,,precip,0.0,0.0,,0.2,,,
2025-10-10 16:00:00,,precip,0.0,0.0,,0.7,,,
2025-10-10 17:00:00,,precip,0.0,0.0,,0.5,,,
2025-10-10 18:00:00,,precip,0.0,0.0,,0.7,,,
2025-10-10 19:00:00,,precip,0.0,0.0,,1.3,,,
2025-10-10 20:00:00,,precip,0.0,0.0,,0.5,,,
2025-10-10 21:00:00,,precip,0.0,0.0,,0.2,,,
2025-10-11 03:00:00,,precip,0.0,0.0,,0.1,,,
2025-10-11 04:00:00,,precip,0.0,0.0,,0.1,,,
2025-10-11 05:00:00,,precip,0.0,0.0,,0.2,,,
2025-10-11 06:00:00,,precip,0.0,0.0,,0.1,,,
2025-10-11 07:00:00,,precip,0.0,0.0,,0.1,,,
2025-10-11 08:00:00,,precip,0.0,0.0,,0.2,,,
2025-10-11 09:00:00,,precip,0.0,0.0,,0.4,,,
2025-10-11 10:00:00,,precip,0.0,0.0,,0.3,,,
2025-10-11 11:00:00,,precip,0.0,0.0,,0.1,,,
2025-10-11 14:00:00,,precip,0.0,0.0,,0.2,,,
2025-10-11 15:00:00,,precip,0.0,0.0,,0.1,,,
2025-10-11 17:00:00,,precip,0.0,0.0,,0.5,,,
2025-10-11 18:00:00,,precip,0.0,0.0,,0.5,,,
2025-10-11 19:00:00,,precip,0.0,0.0,,0.3,,,
2025-10-11 20:00:00,,precip,0.0,0.0,,0.9,,,
2025-10-11 21:00:00,,precip,0.0,0.0,,0.5,,,
2025-10-11 22:00:00,,precip,0.0,0.0,,0.2,,,
2025-10-11 23:00:00,,precip,0.0,0.0,,0.1,,,
2025-10-12 03:00:00,,precip,0.0,0.0,,0.1,,,
2025-10-12 05:00:00,,precip,0.0,0.0,,0.1,,,
2025-10-12 06:00:00,,precip,0.0,0.0,,0.1,,,
2025-10-12 09:00:00,,precip,0.0,0.0,,0.1,,,
2025-10-12 11:00:00,,precip,0.0,0.0,,0.2,,,
2025-10-12 12:00:00,,precip,0.0,0.0,,0.2,,,
2025-10-12 13:00:00,,precip,0.0,0.0,,0.3,,,
2025-10-12 14:00:00,,precip,0.0,0.0,,1.6,,,
2025-10-12 15:00:00,,precip,0.0,0.0,,0.6,,,
2025-10-12 16:00:00,,precip,0.0,0.0,,2.8,,,
2025-10-12 17:00:00,,precip,0.0,0.0,,2.7,,,
2025-10-12 18:00:00,,precip,0.0,0.0,,0.7,,,
2025-10-12 19:00:00,,precip,0.0,0.0,,0.6,,,
2025-10-12 20:00:00,,precip,0.0,0.0,,0.7,,,
2025-10-12 21:00:00,,precip,0.0,0.0,,0.4,,,
2025-10-13 07:00:00,,precip,0.0,0.0,,0.9,,,
2025-10-13 08:00:00,,precip,0.0,0.0,,0.9,,,
2025-10-13 09:00:00,,precip,0.0,0.0,,0.3,,,
2025-10-13 10:00:00,,precip,0.0,0.0,,0.2,,,
2025-10-13 11:00:00,,precip,0.0,0.0,,0.1,,,
2025-10-13 12:00:00,,precip,0.0,0.0,,0.1,,,
2025-10-13 13:00:00,,precip,0.0,0.0,,0.5,,,
2025-10-13 14:00:00,,precip,0.0,0.0,,0.1,,,
2025-10-13 16:00:00,,precip,0.0,0.0,,0.9,,,
2025-10-13 17:00:00,,precip,0.0,0.0,,0.3,,,
2025-10-13 18:00:00,,precip,0.0,0.0,,1.1,,,
2025-10-13 19:00:00,,precip,0.0,0.0,,0.2,,,
2025-10-13 20:00:00,,precip,0.0,0.0,,0.1,,,
2025-10-13 21:00:00,,precip,0.0,0.0,,0.1,,,
2025-10-13 22:00:00,,precip,0.0,0.0,,0.1,,,
2025-10-13 23:00:00,,precip,0.0,0.0,,0.1,,,
2025-10-14 00:00:00,,precip,0.0,0.0,,0.1,,,
2025-10-14 02:00:00,,precip,0.0,0.0,,0.7,,,
2025-10-14 03:00:00,,precip,0.0,0.0,,0.2,,,
2025-10-14 08:00:00,,precip,0.0,0.0,,0.1,,,
2025-10-14 11:00:00,,precip,0.0,0.0,,0.1,,,
2025-10-14 12:00:00,,precip,0.0,0.0,,0.1,,,
2025-10-14 13:00:00,,precip,0.0,0.0,,0.4,,,
2025-10-14 14:00:00,,precip,0.0,0.0,,0.2,,,
2025-10-14 16:00:00,,precip,0.0,0.0,,0.4,,,
2025-10-14 17:00:00,,precip,0.0,0.0,,2.2,,,
2025-10-14 18:00:00,,precip,0.0,0.0,,0.2,,,
2025-10-14 19:00:00,,precip,0.0,0.0,,0.1,,,
2025-10-15 07:00:00,,precip,0.0,0.0,,0.1,,,
2025-10-15 09:00:00,,precip,0.0,0.0,,0.1,,,
2025-10-15 10:00:00,,precip,0.0,0.0,,0.1,,,
2025-10-15 11:00:00,,precip,0.0,0.0,,0.1,,,
2025-10-15 12:00:00,,precip,0.0,0.0,,0.1,,,
2025-10-15 14:00:00,,precip,0.0,0.0,,0.1,,,
2025-10-15 15:00:00,,precip,0.0,0.0,,0.2,,,
2025-10-15 16:00:00,,precip,0.0,0.0,,0.2,,,
2025-10-15 17:00:00,,precip,0.0,0.0,,0.1,,,
2025-10-15 18:00:00,,precip,0.0,0.0,,0.2,,,
2025-10-15 19:00:00,,precip,0.0,0.0,,0.1,,,
2025-10-15 20:00:00,,precip,0.0,0.0,,0.1,,,
2025-10-15 21:00:00,,precip,0.0,0.0,,0.3,,,
2025-10-15 22:00:00,,precip,0.0,0.0,,1.8,,,
2025-10-15 23:00:00,,precip,0.0,0.0,,0.4,,,
2025-10-16 00:00:00,,precip,0.0,0.0,,0.3,,,
2025-10-16 01:00:00,,precip,0.0,0.0,,0.1,,,
2025-10-16 02:00:00,,precip,0.0,0.0,,0.6,,,
2025-10-16 03:00:00,,precip,0.0,0.0,,0.4,,,
2025-10-16 04:00:00,,precip,0.0,0.0,,0.4,,,
2025-10-16 05:00:00,,precip,0.0,0.0,,0.4,,,
2025-10-16 06:00:00,,precip,0.0,0.0,,0.4,,,
2025-10-16 07:00:00,,precip,0.0,0.0,,0.7,,,
2025-10-16 08:00:00,,precip,0.0,0.0,,0.5,,,
2025-10-16 09:00:00,,precip,0.0,0.0,,0.7,,,
2025-10-16 10:00:00,,precip,0.0,0.0,,1.0,,,
2025-10-16 11:00:00,,precip,0.0,0.0,,3.2,,,
2025-10-16 12:00:00,,precip,0.0,0.0,,3.2,,,
2025-10-16 13:00:00,,precip,0.0,0.0,,0.8,,,
2025-10-16 14:00:00,,precip,0.0,0.0,,0.3,,,
2025-10-16 15:00:00,,precip,0.0,0.0,,0.4,,,
2025-10-16 16:00:00,,precip,0.0,0.0,,1.1,,,
2025-10-16 17:00:00,,precip,0.0,0.0,,0.2,,,
2025-10-16 19:00:00,,precip,0.0,0.0,,0.2,,,
2025-10-16 20:00:00,,precip,0.0,0.0,,0.1,,,
2025-10-16 21:00:00,,precip,0.0,0.0,,0.2,,,
2025-10-16 22:00:00,,precip,0.0,0.0,,0.2,,,
2025-10-16 23:00:00,,precip,0.0,0.0,,0.2,,,
2025-10-17 00:00:00,,precip,0.0,0.0,,0.4,,,
2025-10-17 01:00:00,,precip,0.0,0.0,,0.6,,,
2025-10-17 02:00:00,,precip,0.0,0.0,,0.5,,,
2025-10-17 03:00:00,,precip,0.0,0.0,,0.9,,,
2025-10-17 04:00:00,,precip,0.0,0.0,,1.1,,,
2025-10-17 05:00:00,,precip,0.0,0.0,,1.1,,,
2025-10-17 06:00:00,,precip,0.0,0.0,,0.8,,,
2025-10-17 07:00:00,,precip,0.0,0.0,,0.6,,,
2025-10-17 08:00:00,,precip,0.0,0.0,,0.3,,,
2025-10-17 09:00:00,,precip,0.0,0.0,,0.6,,,
2025-10-17 10:00:00,,precip,0.0,0.0,,1.3,,,
2025-10-17 11:00:00,,precip,0.0,0.0,,0.3,,,
2025-10-17 12:00:00,,precip,0.0,0.0,,0.2,,,
2025-10-17 13:00:00,,precip,0.0,0.0,,0.3,,,
2025-10-17 14:00:00,,precip,0.0,0.0,,0.4,,,
2025-10-17 15:00:00,,precip,0.0,0.0,,0.2,,,
2025-10-17 16:00:00,,precip,0.0,0.0,,0.5,,,
2025-10-17 17:00:00,,precip,0.0,0.0,,0.6,,,
2025-10-17 18:00:00,,precip,0.0,0.0,,0.6,,,
2025-10-17 19:00:00,,precip,0.0,0.0,,0.3,,,
2025-10-17 20:00:00,,precip,0.0,0.0,,0.2,,,
2025-10-17 21:00:00,,precip,0.0,0.0,,0.3,,,
2025-10-17 22:00:00,,precip,0.0,0.0,,0.6,,,
2025-10-17 23:00:00,,precip,0.0,0.0,,0.2,,,
2025-10-18 00:00:00,,precip,0.0,0.0,,0.3,,,
2025-10-18 01:00:00,,precip,0.0,0.0,,0.6,,,
2025-10-18 02:00:00,,precip,0.0,0.0,,1.0,,,
2025-10-18 03:00:00,,precip,0.0,0.0,,0.5,,,
2025-10-18 04:00:00,,precip,0.0,0.0,,0.2,,,
2025-10-18 05:00:00,,precip,0.0,0.0,,0.2,,,
2025-10-18 06:00:00,,precip,0.0,0.0,,0.6,,,
2025-10-18 07:00:00,,precip,0.0,0.0,,1.1,,,
2025-10-18 08:00:00,,precip,0.0,0.0,,1.2,,,
2025-10-18 09:00:00,,precip,0.0,0.0,,0.9,,,
2025-10-18 10:00:00,,precip,0.0,0.0,,0.6,,,
2025-10-18 11:00:00,,precip,0.0,0.0,,2.2,,,
2025-10-18 12:00:00,,precip,0.0,0.0,,1.6,,,
2025-10-18 13:00:00,,precip,0.0,0.0,,0.6,,,
2025-10-18 14:00:00,,precip,0.0,0.0,,0.6,,,
2025-10-18 15:00:00,,precip,0.0,0.0,,1.6,,,
2025-10-18 16:00:00,,precip,0.0,0.0,,0.7,,,
2025-10-18 17:00:00,,precip,0.0,0.0,,0.5,,,
2025-10-18 18:00:00,,precip,0.0,0.0,,0.6,,,
2025-10-18 19:00:00,,precip,0.0,0.0,,0.3,,,
2025-10-18 20:00:00,,precip,0.0,0.0,,1.2,,,
2025-10-18 21:00:00,,precip,0.0,0.0,,1.3,,,
2025-10-18 22:00:00,,precip,0.0,0.0,,1.2,,,
2025-10-18 23:00:00,,precip,0.0,0.0,,1.4,,,
2025-10-19 00:00:00,,precip,0.0,0.0,,2.3,,,
2025-10-19 01:00:00,,precip,0.0,0.0,,2.0,,,
2025-10-19 02:00:00,,precip,0.0,0.0,,1.2,,,
2025-10-19 03:00:00,,precip,0.0,0.0,,1.4,,,
2025-10-19 04:00:00,,precip,0.0,0.0,,0.7,,,
2025-10-19 05:00:00,,precip,0.0,0.0,,0.3,,,
2025-10-19 06:00:00,,precip,0.0,0.0,,0.2,,,
2025-10-19 07:00:00,,precip,0.0,0.0,,0.4,,,
2025-10-19 08:00:00,,precip,0.0,0.0,,0.2,,,
2025-10-19 09:00:00,,precip,0.0,0.0,,0.3,,,
2025-10-19 10:00:00,,precip,0.0,0.0,,0.4,,,
2025-10-19 11:00:00,,precip,0.0,0.0,,0.2,,,
2025-10-19 12:00:00,,precip,0.0,0.0,,1.3,,,
2025-10-19 13:00:00,,precip,0.0,0.0,,0.7,,,
2025-10-19 14:00:00,,precip,0.0,0.0,,0.6,,,
2025-10-19 15:00:00,,precip,0.0,0.0,,0.3,,,
2025-10-19 16:00:00,,precip,0.0,0.0,,0.1,,,
2025-10-19 17:00:00,,precip,0.0,0.0,,0.5,,,
2025-10-19 18:00:00,,precip,0.0,0.0,,0.4,,,
2025-10-19 19:00:00,,precip,0.0,0.0,,0.2,,,
2025-10-19 20:00:00,,precip,0.0,0.0,,0.2,,,
2025-10-19 21:00:00,,precip,0.0,0.0,,0.3,,,
2025-10-19 22:00:00,,precip,0.0,0.0,,0.7,,,
2025-10-19 23:00:00,,precip,0.0,0.0,,1.7,,,
2025-10-20 00:00:00,,precip,0.0,0.0,,1.9,,,
2025-10-20 01:00:00,,precip,0.0,0.0,,1.1,,,
2025-10-20 02:00:00,,precip,0.0,0.0,,1.6,,,
2025-10-20 03:00:00,,precip,0.0,0.0,,1.7,,,
2025-10-20 04:00:00,,precip,0.0,0.0,,0.5,,,
2025-10-20 05:00:00,,precip,0.0,0.0,,0.5,,,
2025-10-20 06:00:00,,precip,0.0,0.0,,0.5,,,
2025-10-20 07:00:00,,precip,0.0,0.0,,0.6,,,
2025-10-20 08:00:00,,precip,0.0,0.0,,0.7,,,
2025-10-20 09:00:00,,precip,0.0,0.0,,0.8,,,
2025-10-20 10:00:00,,precip,0.0,0.0,,2.7,,,
2025-10-20 11:00:00,,precip,0.0,0.0,,1.0,,,
2025-10-20 12:00:00,,precip,0.0,0.0,,0.4,,,
2025-10-20 13:00:00,,precip,0.0,0.0,,0.3,,,
2025-10-20 14:00:00,,precip,0.0,0.0,,0.3,,,
2025-10-20 15:00:00,,precip,0.0,0.0,,0.3,,,
2025-10-20 16:00:00,,precip,0.0,0.0,,0.1,,,
2025-10-20 17:00:00,,precip,0.0,0.0,,0.1,,,
2025-10-20 18:00:00,,precip,0.0,0.0,,0.1,,,
2025-10-20 19:00:00,,precip,0.0,0.0,,0.4,,,
2025-10-20 20:00:00,,precip,0.0,0.0,,0.6,,,
2025-10-20 21:00:00,,precip,0.0,0.0,,1.4,,,
2025-10-20 22:00:00,,precip,0.0,0.0,,1.2,,,
2025-10-20 23:00:00,,precip,0.0,0.0,,1.0,,,
2025-10-21 00:00:00,,precip,0.0,0.0,,1.3,,,
2025-10-21 01:00:00,,precip,0.0,0.0,,0.9,,,
2025-10-21 02:00:00,,precip,0.0,0.0,,0.5,,,
2025-10-21 03:00:00,,precip,0.0,0.0,,0.6,,,
2025-10-21 04:00:00,,precip,0.0,0.0,,0.4,,,
2025-10-21 05:00:00,,precip,0.0,0.0,,0.2,,,
2025-10-21 06:00:00,,precip,0.0,0.0,,0.2,,,
2025-10-21 07:00:00,,precip,0.0,0.0,,0.1,,,
2025-10-21 08:00:00,,precip,0.0,0.0,,0.2,,,
2025-10-21 09:00:00,,precip,0.0,0.0,,0.2,,,
2025-10-21 10:00:00,,precip,0.0,0.0,,0.8,,,
2025-10-21 11:00:00,,precip,0.0,0.0,,0.3,,,
2025-10-21 12:00:00,,precip,0.0,0.0,,0.2,,,
2025-10-21 13:00:00,,precip,0.0,0.0,,0.5,,,
2025-10-21 14:00:00,,precip,0.0,0.0,,0.4,,,
2025-10-21 15:00:00,,precip,0.0,0.0,,0.3,,,
2025-10-21 16:00:00,,precip,0.0,0.0,,0.2,,,
2025-10-21 17:00:00,,precip,0.0,0.0,,0.1,,,
2025-10-21 18:00:00,,precip,0.0,0.0,,0.1,,,
2025-10-21 19:00:00,,precip,0.0,0.0,,0.2,,,
2025-10-21 20:00:00,,precip,0.0,0.0,,0.1,,,
2025-10-21 21:00:00,,precip,0.0,0.0,,0.1,,,
2025-10-21 22:00:00,,precip,0.0,0.0,,0.2,,,
2025-10-21 23:00:00,,precip,0.0,0.0,,0.1,,,
2025-10-22 00:00:00,,precip,0.0,0.0,,0.2,,,
2025-10-22 01:00:00,,precip,0.0,0.0,,0.2,,,
2025-10-22 02:00:00,,precip,0.0,0.0,,0.5,,,
2025-10-22 03:00:00,,precip,0.0,0.0,,0.1,,,
2025-10-22 04:00:00,,precip,0.0,0.0,,0.1,,,
2025-10-22 05:00:00,,precip,0.0,0.0,,0.1,,,
2025-10-22 06:00:00,,precip,0.0,0.0,,0.1,,,
2025-10-22 07:00:00,,precip,0.0,0.0,,0.2,,,
2025-10-22 08:00:00,,precip,0.0,0.0,,0.2,,,
2025-10-22 09:00:00,,precip,0.0,0.0,,0.4,,,
2025-10-22 10:00:00,,precip,0.0,0.0,,0.7,,,
2025-10-22 11:00:00,,precip,0.0,0.0,,0.6,,,
2025-10-22 12:00:00,,precip,0.0,0.0,,0.4,,,
2025-10-22 13:00:00,,precip,0.0,0.0,,0.4,,,
2025-10-22 14:00:00,,precip,0.0,0.0,,0.8,,,
2025-10-22 15:00:00,,precip,0.0,0.0,,0.7,,,
2025-10-22 16:00:00,,precip,0.0,0.0,,0.6,,,
2025-10-22 17:00:00,,precip,0.0,0.0,,0.7,,,
2025-10-22 18:00:00,,precip,0.0,0.0,,0.6,,,
2025-10-22 19:00:00,,precip,0.0,0.0,,0.5,,,
2025-10-22 20:00:00,,precip,0.0,0.0,,0.5,,,
2025-10-22 21:00:00,,precip,0.0,0.0,,0.4,,,
2025-10-22 22:00:00,,precip,0.0,0.0,,0.3,,,
2025-10-22 23:00:00,,precip,0.0,0.0,,0.2,,,
2025-10-23 00:00:00,,precip,0.0,0.0,,0.3,,,
2025-10-23 01:00:00,,precip,0.0,0.0,,0.3,,,
2025-10-23 02:00:00,,precip,0.0,0.0,,1.0,,,
2025-10-23 03:00:00,,precip,0.0,0.0,,1.2,,,
2025-10-23 04:00:00,,precip,0.0,0.0,,1.3,,,
2025-10-23 05:00:00,,precip,0.0,0.0,,1.2,,,
2025-10-23 06:00:00,,precip,0.0,0.0,,0.9,,,
2025-10-23 07:00:00,,precip,0.0,0.0,,0.8,,,
2025-10-23 08:00:00,,precip,0.0,0.0,,0.8,,,
2025-10-23 09:00:00,,precip,0.0,0.0,,0.5,,,
2025-10-23 10:00:00,,precip,0.0,0.0,,0.4,,,
2025-10-23 11:00:00,,precip,0.0,0.0,,0.6,,,
2025-10-23 12:00:00,,precip,0.0,0.0,,0.6,,,
2025-10-23 13:00:00,,precip,0.0,0.0,,0.4,,,
2025-10-23 14:00:00,,precip,0.0,0.0,,1.5,,,
2025-10-23 15:00:00,,precip,0.0,0.0,,2.0,,,
2025-10-23 16:00:00,,precip,0.0,0.0,,2.3,,,
2025-10-23 17:00:00,,precip,0.0,0.0,,2.9,,,
2025-10-23 18:00:00,,precip,0.0,0.0,,2.6,,,
2025-10-23 19:00:00,,precip,0.0,0.0,,3.1,,,
2025-10-23 20:00:00,,precip,0.0,0.0,,3.0,,,
2025-10-23 21:00:00,,precip,0.0,0.0,,3.3,,,
2025-10-23 22:00:00,,precip,0.0,0.0,,3.9,,,
2025-10-23 23:00:00,,precip,0.0,0.0,,5.7,,,
2025-10-24 00:00:00,,precip,0.0,0.0,,6.7,,,
2025-10-24 01:00:00,,precip,0.0,0.0,,7.5,,,
2025-10-24 02:00:00,,precip,0.0,0.0,,4.0,,,
2025-10-24 03:00:00,,precip,0.0,0.0,,3.9,,,
2025-10-24 04:00:00,,precip,0.0,0.0,,3.7,,,
2025-10-24 05:00:00,,precip,0.0,0.0,,3.7,,,
2025-10-24 06:00:00,,precip,0.0,0.0,,4.1,,,
2025-10-24 07:00:00,,precip,0.0,0.0,,4.6,,,
2025-10-24 08:00:00,,precip,0.0,0.0,,4.9,,,
2025-10-24 09:00:00,,precip,0.0,0.0,,4.8,,,
2025-10-24 10:00:00,,precip,0.0,0.0,,4.6,,,
2025-10-24 11:00:00,,precip,0.0,0.0,,4.5,,,
2025-10-24 12:00:00,,precip,0.0,0.0,,3.8,,,
2025-10-24 13:00:00,,precip,0.0,0.0,,3.3,,,
2025-10-24 14:00:00,,precip,0.0,0.0,,1.6,,,
2025-10-24 15:00:00,,precip,0.0,0.0,,3.4,,,
2025-10-24 16:00:00,,precip,0.0,0.0,,1.5,,,
2025-10-24 17:00:00,,precip,0.0,0.0,,1.1,,,
2025-10-24 18:00:00,,precip,0.0,0.0,,1.1,,,
2025-10-24 19:00:00,,precip,0.0,0.0,,1.3,,,
2025-10-24 20:00:00,,precip,0.0,0.0,,0.8,,,
2025-10-24 21:00:00,,precip,0.0,0.0,,0.8,,,
2025-10-24 22:00:00,,precip,0.0,0.0,,0.8,,,
2025-10-24 23:00:00,,precip,0.0,0.0,,1.3,,,
2025-10-25 00:00:00,,precip,0.0,0.0,,0.7,,,
2025-10-25 01:00:00,,precip,0.0,0.0,,0.7,,,
2025-10-25 02:00:00,,precip,0.0,0.0,,0.7,,,
2025-10-25 03:00:00,,precip,0.0,0.0,,0.6,,,
2025-10-25 04:00:00,,precip,0.0,0.0,,0.5,,,
2025-10-25 05:00:00,,precip,0.0,0.0,,0.8,,,
2025-10-25 06:00:00,,precip,0.0,0.0,,0.8,,,
2025-10-25 07:00:00,,precip,0.0,0.0,,0.4,,,
2025-10-25 08:00:00,,precip,0.0,0.0,,0.2,,,
2025-10-25 09:00:00,,precip,0.0,0.0,,0.3,,,
2025-10-25 10:00:00,,precip,0.0,0.0,,0.2,,,
2025-10-25 11:00:00,,precip,0.0,0.0,,0.1,,,
2025-10-25 12:00:00,,precip,0.0,0.0,,0.2,,,
2025-10-25 13:00:00,,precip,0.0,0.0,,0.9,,,
2025-10-25 14:00:00,,precip,0.0,0.0,,0.7,,,
2025-10-25 15:00:00,,precip,0.0,0.0,,1.4,,,
2025-10-25 16:00:00,,precip,0.0,0.0,,1.7,,,
2025-10-25 17:00:00,,precip,0.0,0.0,,1.6,,,
2025-10-25 18:00:00,,precip,0.0,0.0,,1.5,,,
2025-10-25 19:00:00,,precip,0.0,0.0,,1.5,,,
2025-10-25 20:00:00,,precip,0.0,0.0,,2.2,,,
2025-10-25 21:00:00,,precip,0.0,0.0,,3.3,,,
2025-10-25 22:00:00,,precip,0.0,0.0,,3.6,,,
2025-10-25 23:00:00,,precip,0.0,0.0,,4.2,,,
2025-10-26 00:00:00,,precip,0.0,0.0,,3.9,,,
2025-10-26 01:00:00,,precip,0.0,0.0,,3.8,,,
2025-10-26 02:00:00,,precip,0.0,0.0,,2.4,,,
2025-10-26 03:00:00,,precip,0.0,0.0,,2.8,,,
2025-10-26 04:00:00,,precip,0.0,0.0,,4.0,,,
2025-10-26 05:00:00,,precip,0.0,0.0,,4.3,,,
2025-10-26 06:00:00,,precip,0.0,0.0,,4.0,,,
2025-10-26 07:00:00,,precip,0.0,0.0,,3.4,,,
2025-10-26 08:00:00,,precip,0.0,0.0,,3.6,,,
2025-10-26 09:00:00,,precip,0.0,0.0,,3.1,,,
2025-10-26 10:00:00,,precip,0.0,0.0,,3.7,,,
2025-10-26 11:00:00,,precip,0.0,0.0,,5.6,,,
2025-10-26 12:00:00,,precip,0.0,0.0,,6.1,,,
2025-10-26 13:00:00,,precip,0.0,0.0,,6.0,,,
2025-10-26 14:00:00,,precip,0.0,0.0,,3.4,,,
2025-10-26 15:00:00,,precip,0.0,0.0,,3.7,,,
2025-10-26 16:00:00,,precip,0.0,0.0,,4.6,,,
2025-10-26 17:00:00,,precip,0.0,0.0,,5.3,,,
2025-10-26 18:00:00,,precip,0.0,0.0,,5.0,,,
2025-10-26 19:00:00,,precip,0.0,0.0,,4.5,,,
2025-10-26 20:00:00,,precip,0.0,0.0,,3.9,,,
2025-10-26 21:00:00,,precip,0.0,0.0,,2.9,,,
2025-10-26 22:00:00,,precip,0.0,0.0,,1.8,,,
2025-10-26 23:00:00,,precip,0.0,0.0,,1.4,,,
2025-10-27 00:00:00,,precip,0.0,0.0,,1.4,,,
2025-10-27 01:00:00,,precip,0.0,0.0,,1.8,,,
2025-10-27 02:00:00,,precip,0.0,0.0,,3.7,,,
2025-10-27 03:00:00,,precip,0.0,0.0,,4.4,,,
2025-10-27 04:00:00,,precip,0.0,0.0,,4.8,,,
2025-10-27 05:00:00,,precip,0.0,0.0,,4.6,,,
2025-10-27 06:00:00,,precip,0.0,0.0,,4.3,,,
2025-10-27 07:00:00,,precip,0.0,0.0,,4.1,,,
2025-10-27 08:00:00,,precip,0.0,0.0,,4.4,,,
2025-10-27 09:00:00,,precip,0.0,0.0,,4.4,,,
2025-10-27 10:00:00,,precip,0.0,0.0,,3.9,,,
2025-10-27 11:00:00,,precip,0.0,0.0,,4.3,,,
2025-10-27 12:00:00,,precip,0.0,0.0,,3.5,,,
2025-10-27 13:00:00,,precip,0.0,0.0,,2.8,,,
2025-10-27 14:00:00,,precip,0.0,0.0,,2.6,,,
2025-10-27 15:00:00,,precip,0.0,0.0,,2.2,,,
2025-10-27 16:00:00,,precip,0.0,0.0,,1.7,,,
2025-10-27 17:00:00,,precip,0.0,0.0,,1.8,,,
2025-10-27 18:00:00,,precip,0.0,0.0,,3.0,,,
2025-10-27 19:00:00,,precip,0.0,0.0,,5.3,,,
2025-10-27 20:00:00,,precip,0.0,0.0,,6.4,,,
2025-10-27 21:00:00,,precip,0.0,0.0,,4.6,,,
2025-10-27 22:00:00,,precip,0.0,0.0,,2.1,,,
2025-10-27 23:00:00,,precip,0.0,0.0,,2.5,,,
2025-10-28 00:00:00,,precip,0.0,0.0,,2.1,,,
2025-10-28 01:00:00,,precip,0.0,0.0,,2.0,,,
2025-10-28 02:00:00,,precip,0.0,0.0,,2.8,,,
2025-10-28 03:00:00,,precip,0.0,0.0,,3.5,,,
2025-10-28 04:00:00,,precip,0.0,0.0,,4.6,,,
2025-10-28 05:00:00,,precip,0.0,0.0,,7.9,,,
2025-10-28 06:00:00,,precip,0.0,0.0,,9.2,,,
2025-10-28 07:00:00,,precip,0.0,0.0,,5.5,,,
2025-10-28 08:00:00,,precip,0.0,0.0,,4.3,,,
2025-10-28 09:00:00,,precip,0.0,0.0,,4.3,,,
2025-10-28 10:00:00,,precip,0.0,0.0,,4.3,,,
2025-10-28 11:00:00,,precip,0.0,0.0,,4.7,,,
2025-10-28 12:00:00,,precip,0.0,0.0,,4.7,,,
2025-10-28 13:00:00,,precip,0.0,0.0,,6.5,,,
2025-10-28 14:00:00,,precip,0.0,0.0,,2.8,,,
2025-10-28 15:00:00,,precip,0.0,0.0,,2.8,,,
2025-10-28 16:00:00,,precip,0.0,0.0,,2.9,,,
2025-10-28 17:00:00,,precip,0.0,0.0,,2.8,,,
2025-10-28 18:00:00,,precip,0.0,0.0,,2.7,,,
2025-10-28 19:00:00,,precip,0.0,0.0,,2.4,,,
2025-10-28 20:00:00,,precip,0.0,0.0,,1.8,,,
2025-10-28 21:00:00,,precip,0.0,0.0,,2.0,,,
2025-10-28 22:00:00,,precip,0.0,0.0,,2.7,,,
2025-10-28 23:00:00,,precip,0.0,0.0,,3.3,,,
2025-10-29 00:00:00,,precip,0.0,0.0,,4.4,,,
2025-10-29 01:00:00,,precip,0.0,0.0,,5.6,,,
2025-10-29 02:00:00,,precip,0.0,0.0,,3.6,,,
2025-10-29 03:00:00,,precip,0.0,0.0,,3.6,,,
2025-10-29 04:00:00,,precip,0.0,0.0,,3.6,,,
2025-10-29 05:00:00,,precip,0.0,0.0,,3.5,,,
2025-10-29 06:00:00,,precip,0.0,0.0,,4.1,,,
2025-10-29 07:00:00,,precip,0.0,0.0,,5.3,,,
2025-10-29 08:00:00,,precip,0.0,0.0,,4.9,,,
2025-10-29 09:00:00,,precip,0.0,0.0,,3.6,,,
2025-10-29 10:00:00,,precip,0.0,0.0,,3.7,,,
2025-10-29 11:00:00,,precip,0.0,0.0,,3.7,,,
2025-10-29 12:00:00,,precip,0.0,0.0,,3.2,,,
2025-10-29 13:00:00,,precip,0.0,0.0,,2.5,,,
2025-10-29 14:00:00,,precip,0.0,0.0,,3.4,,,
2025-10-29 15:00:00,,precip,0.0,0.0,,2.8,,,
2025-10-29 16:00:00,,precip,0.0,0.0,,2.1,,,
2025-10-29 17:00:00,,precip,0.0,0.0,,1.7,,,
2025-10-29 18:00:00,,precip,0.0,0.0,,1.4,,,
2025-10-29 19:00:00,,precip,0.0,0.0,,1.4,,,
2025-10-29 20:00:00,,precip,0.0,0.0,,1.1,,,
2025-10-29 21:00:00,,precip,0.0,0.0,,1.0,,,
2025-10-29 22:00:00,,precip,0.0,0.0,,1.1,,,
2025-10-29 23:00:00,,precip,0.0,0.0,,1.6,,,
2025-10-30 00:00:00,,precip,0.0,0.0,,1.7,,,
2025-10-30 01:00:00,,precip,0.0,0.0,,1.6,,,
2025-10-30 02:00:00,,precip,0.0,0.0,,0.7,,,
2025-10-30 03:00:00,,precip,0.0,0.0,,0.5,,,
2025-10-30 04:00:00,,precip,0.0,0.0,,0.4,,,
2025-10-30 05:00:00,,precip,0.0,0.0,,0.4,,,
2025-10-30 06:00:00,,precip,0.0,0.0,,0.5,,,
2025-10-30 07:00:00,,precip,0.0,0.0,,0.3,,,
2025-10-30 08:00:00,,precip,0.0,0.0,,0.3,,,
2025-10-30 09:00:00,,precip,0.0,0.0,,0.5,,,
2025-10-30 10:00:00,,precip,0.0,0.0,,0.7,,,
2025-10-30 11:00:00,,precip,0.0,0.0,,2.0,,,
2025-10-30 12:00:00,,precip,0.0,0.0,,0.5,,,
2025-10-30 13:00:00,,precip,0.0,0.0,,0.1,,,
2025-10-30 14:00:00,,precip,0.0,0.0,,0.3,,,
2025-10-30 15:00:00,,precip,0.0,0.0,,2.1,,,
2025-10-30 16:00:00,,precip,0.0,0.0,,1.3,,,
2025-10-30 17:00:00,,precip,0.0,0.0,,1.6,,,
2025-10-30 18:00:00,,precip,0.0,0.0,,1.0,,,
2025-10-30 19:00:00,,precip,0.0,0.0,,0.7,,,
2025-10-30 20:00:00,,precip,0.0,0.0,,0.5,,,
2025-10-30 21:00:00,,precip,0.0,0.0,,0.2,,,
2025-10-30 22:00:00,,precip,0.0,0.0,,0.2,,,
2025-10-30 23:00:00,,precip,0.0,0.0,,0.3,,,
2025-10-31 00:00:00,,precip,0.0,0.0,,0.2,,,
2025-10-31 01:00:00,,precip,0.0,0.0,,0.1,,,
2025-10-31 02:00:00,,precip,0.0,0.0,,0.2,,,
2025-10-31 03:00:00,,precip,0.0,0.0,,0.1,,,
2025-10-31 04:00:00,,precip,0.0,0.0,,0.1,,,
2025-10-31 05:00:00,,precip,0.0,0.0,,0.1,,,
2025-10-31 06:00:00,,precip,0.0,0.0,,0.1,,,
2025-10-31 07:00:00,,precip,0.0,0.0,,0.2,,,
2025-10-31 08:00:00,,precip,0.0,0.0,,0.4,,,
2025-10-31 09:00:00,,precip,0.0,0.0,,0.1,,,
2025-10-31 10:00:00,,precip,0.0,0.0,,0.1,,,
2025-10-31 11:00:00,,precip,0.0,0.0,,0.4,,,
2025-10-31 12:00:00,,precip,0.0,0.0,,2.4,,,
2025-10-31 13:00:00,,precip,0.0,0.0,,1.1,,,
2025-10-31 14:00:00,,precip,0.0,0.0,,0.3,,,
2025-10-31 15:00:00,,precip,0.0,0.0,,2.2,,,
2025-10-31 16:00:00,,precip,0.0,0.0,,0.8,,,
2025-10-31 17:00:00,,precip,0.0,0.0,,0.4,,,
2025-10-31 18:00:00,,precip,0.0,0.0,,0.6,,,
2025-10-31 19:00:00,,precip,0.0,0.0,,0.4,,,
2025-10-31 20:00:00,,precip,0.0,0.0,,0.3,,,
2025-10-31 21:00:00,,precip,0.0,0.0,,0.2,,,
2025-10-31 22:00:00,,precip,0.0,0.0,,0.4,,,
2025-10-31 23:00:00,,precip,0.0,0.0,,0.4,,,
2025-11-01 00:00:00,,precip,0.0,0.0,,0.5,,,
2025-11-01 01:00:00,,precip,0.0,0.0,,1.0,,,
2025-11-01 02:00:00,,precip,0.0,0.0,,1.3,,,
2025-11-01 03:00:00,,precip,0.0,0.0,,1.8,,,
2025-11-01 04:00:00,,precip,0.0,0.0,,2.7,,,
2025-11-01 05:00:00,,precip,0.0,0.0,,2.4,,,
2025-11-01 06:00:00,,precip,0.0,0.0,,2.0,,,
2025-11-01 07:00:00,,precip,0.0,0.0,,1.8,,,
2025-11-01 08:00:00,,precip,0.0,0.0,,1.0,,,
2025-11-01 09:00:00,,precip,0.0,0.0,,0.4,,,
2025-11-01 10:00:00,,precip,0.0,0.0,,0.4,,,
2025-11-01 11:00:00,,precip,0.0,0.0,,1.5,,,
2025-11-01 12:00:00,,precip,0.0,0.0,,0.6,,,
2025-11-01 13:00:00,,precip,0.0,0.0,,1.3,,,
2025-11-01 14:00:00,,precip,0.0,0.0,,0.7,,,
2025-11-01 15:00:00,,precip,0.0,0.0,,0.5,,,
2025-11-01 16:00:00,,precip,0.0,0.0,,0.3,,,
2025-11-01 17:00:00,,precip,0.0,0.0,,0.2,,,
2025-11-01 18:00:00,,precip,0.0,0.0,,0.3,,,
2025-11-01 19:00:00,,precip,0.0,0.0,,0.2,,,
2025-11-01 20:00:00,,precip,0.0,0.0,,0.3,,,
2025-11-01 21:00:00,,precip,0.0,0.0,,0.6,,,
2025-11-01 22:00:00,,precip,0.0,0.0,,1.6,,,
2025-11-01 23:00:00,,precip,0.0,0.0,,3.0,,,
2025-11-02 00:00:00,,precip,0.0,0.0,,2.7,,,
2025-11-02 01:00:00,,precip,0.0,0.0,,2.2,,,
2025-11-02 02:00:00,,precip,0.0,0.0,,2.6,,,
2025-11-02 03:00:00,,precip,0.0,0.0,,3.0,,,
2025-11-02 04:00:00,,precip,0.0,0.0,,3.2,,,
2025-11-02 05:00:00,,precip,0.0,0.0,,2.6,,,
2025-11-02 06:00:00,,precip,0.0,0.0,,1.7,,,
2025-11-02 07:00:00,,precip,0.0,0.0,,2.1,,,
2025-11-02 08:00:00,,precip,0.0,0.0,,1.8,,,
2025-11-02 09:00:00,,precip,0.0,0.0,,1.6,,,
2025-11-02 10:00:00,,precip,0.0,0.0,,1.6,,,
2025-11-02 11:00:00,,precip,0.0,0.0,,1.6,,,
2025-11-02 12:00:00,,precip,0.0,0.0,,1.4,,,
2025-11-02 13:00:00,,precip,0.0,0.0,,2.5,,,
2025-11-02 14:00:00,,precip,0.0,0.0,,5.2,,,
2025-11-02 15:00:00,,precip,0.0,0.0,,4.4,,,
2025-11-02 16:00:00,,precip,0.0,0.0,,5.8,,,
2025-11-02 17:00:00,,precip,0.0,0.0,,6.1,,,
2025-11-02 18:00:00,,precip,0.0,0.0,,4.8,,,
2025-11-02 19:00:00,,precip,0.0,0.0,,3.6,,,
2025-11-02 20:00:00,,precip,0.0,0.0,,3.3,,,
2025-11-02 21:00:00,,precip,0.0,0.0,,2.5,,,
2025-11-02 22:00:00,,precip,0.0,0.0,,2.8,,,
2025-11-02 23:00:00,,precip,0.0,0.0,,3.7,,,
2025-11-03 00:00:00,,precip,0.0,0.0,,3.4,,,
2025-11-03 01:00:00,,precip,0.0,0.0,,3.0,,,
2025-11-03 02:00:00,,precip,0.0,0.0,,2.8,,,
2025-11-03 03:00:00,,precip,0.0,0.0,,3.0,,,
2025-11-03 04:00:00,,precip,0.0,0.0,,3.2,,,
2025-11-03 05:00:00,,precip,0.0,0.0,,3.3,,,
2025-11-03 06:00:00,,precip,0.0,0.0,,2.7,,,
2025-11-03 07:00:00,,precip,0.0,0.0,,4.7,,,
2025-11-03 08:00:00,,precip,0.0,0.0,,4.1,,,
2025-11-03 09:00:00,,precip,0.0,0.0,,3.6,,,
2025-11-03 10:00:00,,precip,0.0,0.0,,3.3,,,
2025-11-03 11:00:00,,precip,0.0,0.0,,1.2,,,
2025-11-03 12:00:00,,precip,0.0,0.0,,0.5,,,
2025-11-03 13:00:00,,precip,0.0,0.0,,0.5,,,
2025-11-03 14:00:00,,precip,0.0,0.0,,0.5,,,
2025-11-03 15:00:00,,precip,0.0,0.0,,0.3,,,
2025-11-03 16:00:00,,precip,0.0,0.0,,0.6,,,
2025-11-03 17:00:00,,precip,0.0,0.0,,0.5,,,
2025-11-03 18:00:00,,precip,0.0,0.0,,1.0,,,
2025-11-03 19:00:00,,precip,0.0,0.0,,1.4,,,
2025-11-03 20:00:00,,precip,0.0,0.0,,0.5,,,
2025-11-03 21:00:00,,precip,0.0,0.0,,0.2,,,
2025-11-03 22:00:00,,precip,0.0,0.0,,0.3,,,
2025-11-03 23:00:00,,precip,0.0,0.0,,0.4,,,
2025-11-04 00:00:00,,precip,0.0,0.0,,0.8,,,
2025-11-04 01:00:00,,precip,0.0,0.0,,1.5,,,
2025-11-04 02:00:00,,precip,0.0,0.0,,0.4,,,
2025-11-04 03:00:00,,precip,0.0,0.0,,0.4,,,
2025-11-04 04:00:00,,precip,0.0,0.0,,0.4,,,
2025-11-04 05:00:00,,precip,0.0,0.0,,0.5,,,
2025-11-04 06:00:00,,precip,0.0,0.0,,0.3,,,
2025-11-04 07:00:00,,precip,0.0,0.0,,0.3,,,
2025-11-04 08:00:00,,precip,0.0,0.0,,0.2,,,
2025-11-04 09:00:00,,precip,0.0,0.0,,0.1,,,
2025-11-04 10:00:00,,precip,0.0,0.0,,0.1,,,
2025-11-04 11:00:00,,precip,0.0,0.0,,0.2,,,
2025-11-04 12:00:00,,precip,0.0,0.0,,0.2,,,
2025-11-04 14:00:00,,precip,0.0,0.0,,0.1,,,
2025-11-04 15:00:00,,precip,0.0,0.0,,0.1,,,
2025-11-04 17:00:00,,precip,0.0,0.0,,0.1,,,
2025-11-04 18:00:00,,precip,0.0,0.0,,0.1,,,
2025-11-04 19:00:00,,precip,0.0,0.0,,0.5,,,
2025-11-04 20:00:00,,precip,0.0,0.0,,0.3,,,
2025-11-04 21:00:00,,precip,0.0,0.0,,0.8,,,
2025-11-04 22:00:00,,precip,0.0,0.0,,0.6,,,
2025-11-04 23:00:00,,precip,0.0,0.0,,0.6,,,
2025-11-05 00:00:00,,precip,0.0,0.0,,0.5,,,
2025-11-05 01:00:00,,precip,0.0,0.0,,0.2,,,
2025-11-05 02:00:00,,precip,0.0,0.0,,1.0,,,
2025-11-05 03:00:00,,precip,0.0,0.0,,0.8,,,
2025-11-05 04:00:00,,precip,0.0,0.0,,0.2,,,
2025-11-05 05:00:00,,precip,0.0,0.0,,0.1,,,
2025-11-05 07:00:00,,precip,0.0,0.0,,0.2,,,
2025-11-05 08:00:00,,precip,0.0,0.0,,0.1,,,
2025-11-05 09:00:00,,precip,0.0,0.0,,0.4,,,
2025-11-05 10:00:00,,precip,0.0,0.0,,0.3,,,
2025-11-05 11:00:00,,precip,0.0,0.0,,0.1,,,
2025-11-05 12:00:00,,precip,0.0,0.0,,0.3,,,
2025-11-05 13:00:00,,precip,0.0,0.0,,0.3,,,
2025-11-05 14:00:00,,precip,0.0,0.0,,0.6,,,
2025-11-05 15:00:00,,precip,0.0,0.0,,0.2,,,
2025-11-05 16:00:00,,precip,0.0,0.0,,0.4,,,
2025-11-05 17:00:00,,precip,0.0,0.0,,0.7,,,
2025-11-05 18:00:00,,precip,0.0,0.0,,0.4,,,
2025-11-05 19:00:00,,precip,0.0,0.0,,0.2,,,
2025-11-05 20:00:00,,precip,0.0,0.0,,0.2,,,
2025-11-05 21:00:00,,precip,0.0,0.0,,0.6,,,
2025-11-05 22:00:00,,precip,0.0,0.0,,0.8,,,
2025-11-05 23:00:00,,precip,0.0,0.0,,0.7,,,
2025-11-06 00:00:00,,precip,0.0,0.0,,0.7,,,
2025-11-06 01:00:00,,precip,0.0,0.0,,0.7,,,
2025-11-06 02:00:00,,precip,0.0,0.0,,0.7,,,
2025-11-06 03:00:00,,precip,0.0,0.0,,0.5,,,
2025-11-06 04:00:00,,precip,0.0,0.0,,0.4,,,
2025-11-06 05:00:00,,precip,0.0,0.0,,0.2,,,
2025-11-06 06:00:00,,precip,0.0,0.0,,0.2,,,
2025-11-06 07:00:00,,precip,0.0,0.0,,0.1,,,
2025-11-06 08:00:00,,precip,0.0,0.0,,0.1,,,
2025-11-06 09:00:00,,precip,0.0,0.0,,0.3,,,
2025-11-06 10:00:00,,precip,0.0,0.0,,0.6,,,
2025-11-06 11:00:00,,precip,0.0,0.0,,0.5,,,
2025-11-06 12:00:00,,precip,0.0,0.0,,1.5,,,
2025-11-06 13:00:00,,precip,0.0,0.0,,1.0,,,
2025-11-06 14:00:00,,precip,0.0,0.0,,1.6,,,
2025-11-06 15:00:00,,precip,0.0,0.0,,2.5,,,
2025-11-06 16:00:00,,precip,0.0,0.0,,3.4,,,
2025-11-06 17:00:00,,precip,0.0,0.0,,3.7,,,
2025-11-06 18:00:00,,precip,0.0,0.0,,4.4,,,
2025-11-06 19:00:00,,precip,0.0,0.0,,4.8,,,
2025-11-06 20:00:00,,precip,0.0,0.0,,5.0,,,
2025-11-06 21:00:00,,precip,0.0,0.0,,4.0,,,
2025-11-06 22:00:00,,precip,0.0,0.0,,5.2,,,
2025-11-06 23:00:00,,precip,0.0,0.0,,3.4,,,
2025-11-07 00:00:00,,precip,0.0,0.0,,2.0,,,
2025-11-07 01:00:00,,precip,0.0,0.0,,1.4,,,
2025-11-07 02:00:00,,precip,0.0,0.0,,0.9,,,
2025-11-07 03:00:00,,precip,0.0,0.0,,0.8,,,
2025-11-07 04:00:00,,precip,0.0,0.0,,0.5,,,
2025-11-07 05:00:00,,precip,0.0,0.0,,0.4,,,
2025-11-07 06:00:00,,precip,0.0,0.0,,0.3,,,
2025-11-07 07:00:00,,precip,0.0,0.0,,0.1,,,
2025-11-07 08:00:00,,precip,0.0,0.0,,0.1,,,
2025-11-08 14:00:00,,precip,0.0,0.0,,0.2,,,
2025-11-08 15:00:00,,precip,0.0,0.0,,0.2,,,
2025-11-08 16:00:00,,precip,0.0,0.0,,0.1,,,
2025-11-08 19:00:00,,precip,0.0,0.0,,0.1,,,
2025-11-08 22:00:00,,precip,0.0,0.0,,0.1,,,
2025-11-08 23:00:00,,precip,0.0,0.0,,0.2,,,
2025-11-09 00:00:00,,precip,0.0,0.0,,0.1,,,
2025-11-09 01:00:00,,precip,0.0,0.0,,0.1,,,
2025-11-09 08:00:00,,precip,0.0,0.0,,0.1,,,
2025-11-09 09:00:00,,precip,0.0,0.0,,0.1,,,
2025-11-09 10:00:00,,precip,0.0,0.0,,0.1,,,
2025-11-09 15:00:00,,precip,0.0,0.0,,0.1,,,
2025-11-09 23:00:00,,precip,0.0,0.0,,0.1,,,
2025-11-10 00:00:00,,precip,0.0,0.0,,0.1,,,
2025-11-10 08:00:00,,precip,0.0,0.0,,0.1,,,
2025-11-10 09:00:00,,precip,0.0,0.0,,0.1,,,
2025-11-10 10:00:00,,precip,0.0,0.0,,0.2,,,
2025-11-10 11:00:00,,precip,0.0,0.0,,0.3,,,
2025-11-10 12:00:00,,precip,0.0,0.0,,0.1,,,
2025-11-10 14:00:00,,precip,0.0,0.0,,0.1,,,
2025-11-11 12:00:00,,precip,0.0,0.0,,0.1,,,
2025-11-14 05:00:00,,precip,0.0,0.0,,0.1,,,
2025-11-14 06:00:00,,precip,0.0,0.0,,0.1,,,
2025-11-14 07:00:00,,precip,0.0,0.0,,0.1,,,
2025-11-14 08:00:00,,precip,0.0,0.0,,0.1,,,
2025-11-14 09:00:00,,precip,0.0,0.0,,0.3,,,
2025-11-14 10:00:00,,precip,0.0,0.0,,0.2,,,
2025-11-14 11:00:00,,precip,0.0,0.0,,0.3,,,
2025-11-14 12:00:00,,precip,0.0,0.0,,0.2,,,
2025-11-14 13:00:00,,precip,0.0,0.0,,0.2,,,
2025-11-15 00:00:00,,precip,0.0,0.0,,0.2,,,
2025-11-15 01:00:00,,precip,0.0,0.0,,0.2,,,
2025-11-15 02:00:00,,precip,0.0,0.0,,0.3,,,
2025-11-15 03:00:00,,precip,0.0,0.0,,0.3,,,
2025-11-15 04:00:00,,precip,0.0,0.0,,0.4,,,
2025-11-15 05:00:00,,precip,0.0,0.0,,0.9,,,
2025-11-15 06:00:00,,precip,0.0,0.0,,1.4,,,
2025-11-15 07:00:00,,precip,0.0,0.0,,1.7,,,
2025-11-15 08:00:00,,precip,0.0,0.0,,1.6,,,
2025-11-15 09:00:00,,precip,0.0,0.0,,1.2,,,
2025-11-15 10:00:00,,precip,0.0,0.0,,1.1,,,
2025-11-15 11:00:00,,precip,0.0,0.0,,1.2,,,
2025-11-15 12:00:00,,precip,0.0,0.0,,1.5,,,
2025-11-15 13:00:00,,precip,0.0,0.0,,0.9,,,
2025-11-15 14:00:00,,precip,0.0,0.0,,1.8,,,
2025-11-15 15:00:00,,precip,0.0,0.0,,1.2,,,
2025-11-15 16:00:00,,precip,0.0,0.0,,0.7,,,
2025-11-15 17:00:00,,precip,0.0,0.0,,0.5,,,
2025-11-15 18:00:00,,precip,0.0,0.0,,0.4,,,
2025-11-15 19:00:00,,precip,0.0,0.0,,0.5,,,
2025-11-15 20:00:00,,precip,0.0,0.0,,1.3,,,
2025-11-15 21:00:00,,precip,0.0,0.0,,0.9,,,
2025-11-15 22:00:00,,precip,0.0,0.0,,1.2,,,
2025-11-15 23:00:00,,precip,0.0,0.0,,1.0,,,
2025-11-16 00:00:00,,precip,0.0,0.0,,1.1,,,
2025-11-16 01:00:00,,precip,0.0,0.0,,1.2,,,
2025-11-16 02:00:00,,precip,0.0,0.0,,1.1,,,
2025-11-16 03:00:00,,precip,0.0,0.0,,1.0,,,
2025-11-16 04:00:00,,precip,0.0,0.0,,1.3,,,
2025-11-16 05:00:00,,precip,0.0,0.0,,1.2,,,
2025-11-16 06:00:00,,precip,0.0,0.0,,1.2,,,
2025-11-16 07:00:00,,precip,0.0,0.0,,1.2,,,
2025-11-16 08:00:00,,precip,0.0,0.0,,1.2,,,
2025-11-16 09:00:00,,precip,0.0,0.0,,1.3,,,
2025-11-16 10:00:00,,precip,0.0,0.0,,2.0,,,
2025-11-16 11:00:00,,precip,0.0,0.0,,2.4,,,
2025-11-16 12:00:00,,precip,0.0,0.0,,2.4,,,
2025-11-16 13:00:00,,precip,0.0,0.0,,2.9,,,
2025-11-16 14:00:00,,precip,0.0,0.0,,5.3,,,
2025-11-16 15:00:00,,precip,0.0,0.0,,5.2,,,
2025-11-16 16:00:00,,precip,0.0,0.0,,4.8,,,
2025-11-16 17:00:00,,precip,0.0,0.0,,4.9,,,
2025-11-16 18:00:00,,precip,0.0,0.0,,4.9,,,
2025-11-16 19:00:00,,precip,0.0,0.0,,4.9,,,
2025-11-16 20:00:00,,precip,0.0,0.0,,4.7,,,
2025-11-16 21:00:00,,precip,0.0,0.0,,3.3,,,
2025-11-16 22:00:00,,precip,0.0,0.0,,3.1,,,
2025-11-16 23:00:00,,precip,0.0,0.0,,3.2,,,
2025-11-17 00:00:00,,precip,0.0,0.0,,3.1,,,
2025-11-17 01:00:00,,precip,0.0,0.0,,3.7,,,
2025-11-17 02:00:00,,precip,0.0,0.0,,2.9,,,
2025-11-17 03:00:00,,precip,0.0,0.0,,2.5,,,
2025-11-17 04:00:00,,precip,0.0,0.0,,2.3,,,
2025-11-17 05:00:00,,precip,0.0,0.0,,2.1,,,
2025-11-17 06:00:00,,precip,0.0,0.0,,1.8,,,
2025-11-17 07:00:00,,precip,0.0,0.0,,1.9,,,
2025-11-17 08:00:00,,precip,0.0,0.0,,1.9,,,
2025-11-17 09:00:00,,precip,0.0,0.0,,2.1,,,
2025-11-17 10:00:00,,precip,0.0,0.0,,1.7,,,
2025-11-17 11:00:00,,precip,0.0,0.0,,1.5,,,
2025-11-17 12:00:00,,precip,0.0,0.0,,1.6,,,
2025-11-17 13:00:00,,precip,0.0,0.0,,1.1,,,
2025-11-17 14:00:00,,precip,0.0,0.0,,2.5,,,
2025-11-17 15:00:00,,precip,0.0,0.0,,1.2,,,
2025-11-17 16:00:00,,precip,0.0,0.0,,1.4,,,
2025-11-17 17:00:00,,precip,0.0,0.0,,1.3,,,
2025-11-17 18:00:00,,precip,0.0,0.0,,1.6,,,
2025-11-17 19:00:00,,precip,0.0,0.0,,1.9,,,
2025-11-17 20:00:00,,precip,0.0,0.0,,1.8,,,
2025-11-17 21:00:00,,precip,0.0,0.0,,2.7,,,
2025-11-17 22:00:00,,precip,0.0,0.0,,1.6,,,
2025-11-17 23:00:00,,precip,0.0,0.0,,1.4,,,
2025-11-18 00:00:00,,precip,0.0,0.0,,1.4,,,
2025-11-18 01:00:00,,precip,0.0,0.0,,1.2,,,
2025-11-18 02:00:00,,precip,0.0,0.0,,2.7,,,
2025-11-18 03:00:00,,precip,0.0,0.0,,3.7,,,
2025-11-18 04:00:00,,precip,0.0,0.0,,4.9,,,
2025-11-18 05:00:00,,precip,0.0,0.0,,4.3,,,
2025-11-18 06:00:00,,precip,0.0,0.0,,2.4,,,
2025-11-18 07:00:00,,precip,0.0,0.0,,0.8,,,
2025-11-18 08:00:00,,precip,0.0,0.0,,0.2,,,
2025-11-18 09:00:00,,precip,0.0,0.0,,0.4,,,
2025-11-18 10:00:00,,precip,0.0,0.0,,0.7,,,
2025-11-18 11:00:00,,precip,0.0,0.0,,0.8,,,
2025-11-18 12:00:00,,precip,0.0,0.0,,0.8,,,
2025-11-18 13:00:00,,precip,0.0,0.0,,0.5,,,
2025-11-18 14:00:00,,precip,0.0,0.0,,0.3,,,
2025-11-18 15:00:00,,precip,0.0,0.0,,0.6,,,
2025-11-18 16:00:00,,precip,0.0,0.0,,1.7,,,
2025-11-18 17:00:00,,precip,0.0,0.0,,2.3,,,
2025-11-18 18:00:00,,precip,0.0,0.0,,2.9,,,
2025-11-18 19:00:00,,precip,0.0,0.0,,4.0,,,
2025-11-18 20:00:00,,precip,0.0,0.0,,4.3,,,
2025-11-18 21:00:00,,precip,0.0,0.0,,3.8,,,
2025-11-18 22:00:00,,precip,0.0,0.0,,3.1,,,
2025-11-18 23:00:00,,precip,0.0,0.0,,3.7,,,
2025-11-19 00:00:00,,precip,0.0,0.0,,4.4,,,
2025-11-19 01:00:00,,precip,0.0,0.0,,4.2,,,
2025-11-19 02:00:00,,precip,0.0,0.0,,3.3,,,
2025-11-19 03:00:00,,precip,0.0,0.0,,3.7,,,
2025-11-19 04:00:00,,precip,0.0,0.0,,3.9,,,
2025-11-19 05:00:00,,precip,0.0,0.0,,3.8,,,
2025-11-19 06:00:00,,precip,0.0,0.0,,4.1,,,
2025-11-19 07:00:00,,precip,0.0,0.0,,4.0,,,
2025-11-19 08:00:00,,precip,0.0,0.0,,3.9,,,
2025-11-19 09:00:00,,precip,0.0,0.0,,3.0,,,
2025-11-19 10:00:00,,precip,0.0,0.0,,2.2,,,
2025-11-19 11:00:00,,precip,0.0,0.0,,1.9,,,
2025-11-19 12:00:00,,precip,0.0,0.0,,1.7,,,
2025-11-19 13:00:00,,precip,0.0,0.0,,1.3,,,
2025-11-19 14:00:00,,precip,0.0,0.0,,0.4,,,
2025-11-19 15:00:00,,precip,0.0,0.0,,0.3,,,
2025-11-19 16:00:00,,precip,0.0,0.0,,0.3,,,
2025-11-19 17:00:00,,precip,0.0,0.0,,0.3,,,
2025-11-19 18:00:00,,precip,0.0,0.0,,0.3,,,
2025-11-19 19:00:00,,precip,0.0,0.0,,0.4,,,
2025-11-19 20:00:00,,precip,0.0,0.0,,0.3,,,
2025-11-19 21:00:00,,precip,0.0,0.0,,0.3,,,
2025-11-19 22:00:00,,precip,0.0,0.0,,0.2,,,
2025-11-19 23:00:00,,precip,0.0,0.0,,0.2,,,
2025-11-20 00:00:00,,precip,0.0,0.0,,0.4,,,
2025-11-20 01:00:00,,precip,0.0,0.0,,0.5,,,
2025-11-20 02:00:00,,precip,0.0,0.0,,0.4,,,
2025-11-20 03:00:00,,precip,0.0,0.0,,0.4,,,
2025-11-20 04:00:00,,precip,0.0,0.0,,0.5,,,
2025-11-20 05:00:00,,precip,0.0,0.0,,0.5,,,
2025-11-20 06:00:00,,precip,0.0,0.0,,0.6,,,
2025-11-20 07:00:00,,precip,0.0,0.0,,0.4,,,
2025-11-20 08:00:00,,precip,0.0,0.0,,0.3,,,
2025-11-20 09:00:00,,precip,0.0,0.0,,0.2,,,
2025-11-20 10:00:00,,precip,0.0,0.0,,0.2,,,
2025-11-20 11:00:00,,precip,0.0,0.0,,0.2,,,
2025-11-20 12:00:00,,precip,0.0,0.0,,0.2,,,
2025-11-20 13:00:00,,precip,0.0,0.0,,0.2,,,
2025-11-20 14:00:00,,precip,0.0,0.0,,0.5,,,
2025-11-20 15:00:00,,precip,0.0,0.0,,0.3,,,
2025-11-20 16:00:00,,precip,0.0,0.0,,0.1,,,
2025-11-20 17:00:00,,precip,0.0,0.0,,0.1,,,
2025-11-20 18:00:00,,precip,0.0,0.0,,0.1,,,
2025-11-20 19:00:00,,precip,0.0,0.0,,0.1,,,
2025-11-20 20:00:00,,precip,0.0,0.0,,0.1,,,
2025-11-20 21:00:00,,precip,0.0,0.0,,0.1,,,
2025-11-20 22:00:00,,precip,0.0,0.0,,0.1,,,
2025-11-20 23:00:00,,precip,0.0,0.0,,0.1,,,
2025-11-21 00:00:00,,precip,0.0,0.0,,0.2,,,
2025-11-21 01:00:00,,precip,0.0,0.0,,0.3,,,
2025-11-21 02:00:00,,precip,0.0,0.0,,0.2,,,
2025-11-21 03:00:00,,precip,0.0,0.0,,0.3,,,
2025-11-21 04:00:00,,precip,0.0,0.0,,0.7,,,
2025-11-21 05:00:00,,precip,0.0,0.0,,0.8,,,
2025-11-21 06:00:00,,precip,0.0,0.0,,0.8,,,
2025-11-21 07:00:00,,precip,0.0,0.0,,0.6,,,
2025-11-21 08:00:00,,precip,0.0,0.0,,0.4,,,
2025-11-21 09:00:00,,precip,0.0,0.0,,0.2,,,
2025-11-21 10:00:00,,precip,0.0,0.0,,0.2,,,
2025-11-21 11:00:00,,precip,0.0,0.0,,0.2,,,
2025-11-21 12:00:00,,precip,0.0,0.0,,0.1,,,
2025-11-21 13:00:00,,precip,0.0,0.0,,0.1,,,
2025-11-21 14:00:00,,precip,0.0,0.0,,0.1,,,
2025-11-21 15:00:00,,precip,0.0,0.0,,0.1,,,
2025-11-22 00:00:00,,precip,0.0,0.0,,0.2,,,
2025-11-22 01:00:00,,precip,0.0,0.0,,0.2,,,
2025-11-22 03:00:00,,precip,0.0,0.0,,0.1,,,
2025-11-22 04:00:00,,precip,0.0,0.0,,0.2,,,
2025-11-22 05:00:00,,precip,0.0,0.0,,0.4,,,
2025-11-22 06:00:00,,precip,0.0,0.0,,0.5,,,
2025-11-22 07:00:00,,precip,0.0,0.0,,0.4,,,
2025-11-22 08:00:00,,precip,0.0,0.0,,0.5,,,
2025-11-22 09:00:00,,precip,0.0,0.0,,0.7,,,
2025-11-22 10:00:00,,precip,0.0,0.0,,0.5,,,
2025-11-22 11:00:00,,precip,0.0,0.0,,0.6,,,
2025-11-22 12:00:00,,precip,0.0,0.0,,0.6,,,
2025-11-22 13:00:00,,precip,0.0,0.0,,0.4,,,
2025-11-22 14:00:00,,precip,0.0,0.0,,0.7,,,
2025-11-22 15:00:00,,precip,0.0,0.0,,0.6,,,
2025-11-22 16:00:00,,precip,0.0,0.0,,0.5,,,
2025-11-22 17:00:00,,precip,0.0,0.0,,0.4,,,
2025-11-22 18:00:00,,precip,0.0,0.0,,0.8,,,
2025-11-22 19:00:00,,precip,0.0,0.0,,1.4,,,
2025-11-22 20:00:00,,precip,0.0,0.0,,1.7,,,
2025-11-22 21:00:00,,precip,0.0,0.0,,2.1,,,
2025-11-22 22:00:00,,precip,0.0,0.0,,2.4,,,
2025-11-22 23:00:00,,precip,0.0,0.0,,2.2,,,
2025-11-23 00:00:00,,precip,0.0,0.0,,2.1,,,
2025-11-23 01:00:00,,precip,0.0,0.0,,2.1,,,
2025-11-23 02:00:00,,precip,0.0,0.0,,1.8,,,
2025-11-23 03:00:00,,precip,0.0,0.0,,2.3,,,
2025-11-23 04:00:00,,precip,0.0,0.0,,2.5,,,
2025-11-23 05:00:00,,precip,0.0,0.0,,2.5,,,
2025-11-23 06:00:00,,precip,0.0,0.0,,2.3,,,
2025-11-23 07:00:00,,precip,0.0,0.0,,2.3,,,
2025-11-23 08:00:00,,precip,0.0,0.0,,2.4,,,
2025-11-23 09:00:00,,precip,0.0,0.0,,2.5,,,
2025-11-23 10:00:00,,precip,0.0,0.0,,2.7,,,
2025-11-23 11:00:00,,precip,0.0,0.0,,2.8,,,
2025-11-23 12:00:00,,precip,0.0,0.0,,3.3,,,
2025-11-23 13:00:00,,precip,0.0,0.0,,3.5,,,
2025-11-23 14:00:00,,precip,0.0,0.0,,3.5,,,
2025-11-23 15:00:00,,precip,0.0,0.0,,3.5,,,
2025-11-23 16:00:00,,precip,0.0,0.0,,4.5,,,
2025-11-23 17:00:00,,precip,0.0,0.0,,4.0,,,
2025-11-23 18:00:00,,precip,0.0,0.0,,4.3,,,
2025-11-23 19:00:00,,precip,0.0,0.0,,4.4,,,
2025-11-23 20:00:00,,precip,0.0,0.0,,4.6,,,
2025-11-23 21:00:00,,precip,0.0,0.0,,4.6,,,
2025-11-23 22:00:00,,precip,0.0,0.0,,4.0,,,
2025-11-23 23:00:00,,precip,0.0,0.0,,3.9,,,
2025-11-24 00:00:00,,precip,0.0,0.0,,3.5,,,
2025-11-24 01:00:00,,precip,0.0,0.0,,3.3,,,
2025-11-24 02:00:00,,precip,0.0,0.0,,1.6,,,
2025-11-24 03:00:00,,precip,0.0,0.0,,1.5,,,
2025-11-24 04:00:00,,precip,0.0,0.0,,1.4,,,
2025-11-24 05:00:00,,precip,0.0,0.0,,1.1,,,
2025-11-24 06:00:00,,precip,0.0,0.0,,0.9,,,
2025-11-24 07:00:00,,precip,0.0,0.0,,0.9,,,
2025-11-24 08:00:00,,precip,0.0,0.0,,0.7,,,
2025-11-24 09:00:00,,precip,0.0,0.0,,0.7,,,
2025-11-24 10:00:00,,precip,0.0,0.0,,0.8,,,
2025-11-24 11:00:00,,precip,0.0,0.0,,1.7,,,
2025-11-24 12:00:00,,precip,0.0,0.0,,0.8,,,
2025-11-24 13:00:00,,precip,0.0,0.0,,1.1,,,
2025-11-24 14:00:00,,precip,0.0,0.0,,0.2,,,
2025-11-24 15:00:00,,precip,0.0,0.0,,0.4,,,
2025-11-24 16:00:00,,precip,0.0,0.0,,0.5,,,
2025-11-24 17:00:00,,precip,0.0,0.0,,0.3,,,
2025-11-24 18:00:00,,precip,0.0,0.0,,0.4,,,
2025-11-24 19:00:00,,precip,0.0,0.0,,0.7,,,
2025-11-24 20:00:00,,precip,0.0,0.0,,0.7,,,
2025-11-24 21:00:00,,precip,0.0,0.0,,0.5,,,
2025-11-24 22:00:00,,precip,0.0,0.0,,0.6,,,
2025-11-24 23:00:00,,precip,0.0,0.0,,0.8,,,
2025-11-25 00:00:00,,precip,0.0,0.0,,1.1,,,
2025-11-25 01:00:00,,precip,0.0,0.0,,0.9,,,
2025-11-25 02:00:00,,precip,0.0,0.0,,0.6,,,
2025-11-25 03:00:00,,precip,0.0,0.0,,0.4,,,
2025-11-25 04:00:00,,precip,0.0,0.0,,0.7,,,
2025-11-25 05:00:00,,precip,0.0,0.0,,0.8,,,
2025-11-25 06:00:00,,precip,0.0,0.0,,0.7,,,
2025-11-25 07:00:00,,precip,0.0,0.0,,0.3,,,
2025-11-25 08:00:00,,precip,0.0,0.0,,0.1,,,
2025-11-25 09:00:00,,precip,0.0,0.0,,0.1,,,
2025-11-25 10:00:00,,precip,0.0,0.0,,0.1,,,
2025-11-25 11:00:00,,precip,0.0,0.0,,0.1,,,
2025-11-25 15:00:00,,precip,0.0,0.0,,0.1,,,
2025-11-25 17:00:00,,precip,0.0,0.0,,0.1,,,
2025-11-25 23:00:00,,precip,0.0,0.0,,0.1,,,
2025-11-26 05:00:00,,precip,0.0,0.0,,0.1,,,
2025-11-26 06:00:00,,precip,0.0,0.0,,0.2,,,
2025-11-26 07:00:00,,precip,0.0,0.0,,0.2,,,
2025-11-26 08:00:00,,precip,0.0,0.0,,0.1,,,
2025-11-26 09:00:00,,precip,0.0,0.0,,0.2,,,
2025-11-26 10:00:00,,precip,0.0,0.0,,0.1,,,
2025-11-26 14:00:00,,precip,0.0,0.0,,0.1,,,
2025-11-27 03:00:00,,precip,0.0,0.0,,0.1,,,
2025-11-27 04:00:00,,precip,0.0,0.0,,0.2,,,
2025-11-27 05:00:00,,precip,0.0,0.0,,0.4,,,
2025-11-27 06:00:00,,precip,0.0,0.0,,0.7,,,
2025-11-27 07:00:00,,precip,0.0,0.0,,0.1,,,
2025-12-01 02:00:00,,precip,0.0,0.0,,0.3,,,
2025-12-01 04:00:00,,precip,0.0,0.0,,0.1,,,
2025-12-01 05:00:00,,precip,0.0,0.0,,0.5,,,
2025-12-01 06:00:00,,precip,0.0,0.0,,0.5,,,
2025-12-01 07:00:00,,precip,0.0,0.0,,0.3,,,
2025-12-01 08:00:00,,precip,0.0,0.0,,0.3,,,
2025-12-01 09:00:00,,precip,0.0,0.0,,0.5,,,
2025-12-01 10:00:00,,precip,0.0,0.0,,0.4,,,
2025-12-01 11:00:00,,precip,0.0,0.0,,0.2,,,
2025-12-01 12:00:00,,precip,0.0,0.0,,0.1,,,
2025-12-01 13:00:00,,precip,0.0,0.0,,0.2,,,
2025-12-01 14:00:00,,precip,0.0,0.0,,0.2,,,
2025-12-01 15:00:00,,precip,0.0,0.0,,0.3,,,
2025-12-01 16:00:00,,precip,0.0,0.0,,0.2,,,
2025-12-01 17:00:00,,precip,0.0,0.0,,0.2,,,
2025-12-01 18:00:00,,precip,0.0,0.0,,0.1,,,
2025-12-02 21:00:00,,precip,0.0,0.0,,0.1,,,
2025-12-02 22:00:00,,precip,0.0,0.0,,0.2,,,
2025-12-02 23:00:00,,precip,0.0,0.0,,0.2,,,
2025-12-03 00:00:00,,precip,0.0,0.0,,0.4,,,
2025-12-03 01:00:00,,precip,0.0,0.0,,0.8,,,
2025-12-03 02:00:00,,precip,0.0,0.0,,0.4,,,
2025-12-03 03:00:00,,precip,0.0,0.0,,0.4,,,
2025-12-03 04:00:00,,precip,0.0,0.0,,0.4,,,
2025-12-03 05:00:00,,precip,0.0,0.0,,0.4,,,
2025-12-03 06:00:00,,precip,0.0,0.0,,0.6,,,
2025-12-03 07:00:00,,precip,0.0,0.0,,1.1,,,
2025-12-03 08:00:00,,precip,0.0,0.0,,1.4,,,
2025-12-03 09:00:00,,precip,0.0,0.0,,1.4,,,
2025-12-03 10:00:00,,precip,0.0,0.0,,1.2,,,
2025-12-03 11:00:00,,precip,0.0,0.0,,2.3,,,
2025-12-03 12:00:00,,precip,0.0,0.0,,1.4,,,
2025-12-03 13:00:00,,precip,0.0,0.0,,2.5,,,
2025-12-03 14:00:00,,precip,0.0,0.0,,2.4,,,
2025-12-03 15:00:00,,precip,0.0,0.0,,1.2,,,
2025-12-03 16:00:00,,precip,0.0,0.0,,0.9,,,
2025-12-03 17:00:00,,precip,0.0,0.0,,0.9,,,
2025-12-03 18:00:00,,precip,0.0,0.0,,0.8,,,
2025-12-03 19:00:00,,precip,0.0,0.0,,2.0,,,
2025-12-03 20:00:00,,precip,0.0,0.0,,2.4,,,
2025-12-03 21:00:00,,precip,0.0,0.0,,1.4,,,
2025-12-03 22:00:00,,precip,0.0,0.0,,1.0,,,
2025-12-03 23:00:00,,precip,0.0,0.0,,1.0,,,
2025-12-04 00:00:00,,precip,0.0,0.0,,1.7,,,
2025-12-04 01:00:00,,precip,0.0,0.0,,1.8,,,
2025-12-04 02:00:00,,precip,0.0,0.0,,1.2,,,
2025-12-04 03:00:00,,precip,0.0,0.0,,0.8,,,
2025-12-04 04:00:00,,precip,0.0,0.0,,0.8,,,
2025-12-04 05:00:00,,precip,0.0,0.0,,0.6,,,
2025-12-04 06:00:00,,precip,0.0,0.0,,0.7,,,
2025-12-04 07:00:00,,precip,0.0,0.0,,0.9,,,
2025-12-04 08:00:00,,precip,0.0,0.0,,1.0,,,
2025-12-04 09:00:00,,precip,0.0,0.0,,1.5,,,
2025-12-04 10:00:00,,precip,0.0,0.0,,2.2,,,
2025-12-04 11:00:00,,precip,0.0,0.0,,2.0,,,
2025-12-04 12:00:00,,precip,0.0,0.0,,1.1,,,
2025-12-04 13:00:00,,precip,0.0,0.0,,0.8,,,
2025-12-04 14:00:00,,precip,0.0,0.0,,1.0,,,
2025-12-04 15:00:00,,precip,0.0,0.0,,0.5,,,
2025-12-04 16:00:00,,precip,0.0,0.0,,0.5,,,
2025-12-04 17:00:00,,precip,0.0,0.0,,0.3,,,
2025-12-04 18:00:00,,precip,0.0,0.0,,0.6,,,
2025-12-04 19:00:00,,precip,0.0,0.0,,0.9,,,
2025-12-04 20:00:00,,precip,0.0,0.0,,0.7,,,
2025-12-04 21:00:00,,precip,0.0,0.0,,0.9,,,
2025-12-04 22:00:00,,precip,0.0,0.0,,0.9,,,
2025-12-04 23:00:00,,precip,0.0,0.0,,0.5,,,
2025-12-05 00:00:00,,precip,0.0,0.0,,0.3,,,
2025-12-05 01:00:00,,precip,0.0,0.0,,0.2,,,
2025-12-05 02:00:00,,precip,0.0,0.0,,0.2,,,
2025-12-05 03:00:00,,precip,0.0,0.0,,0.3,,,
2025-12-05 04:00:00,,precip,0.0,0.0,,0.3,,,
2025-12-05 05:00:00,,precip,0.0,0.0,,0.2,,,
2025-12-05 06:00:00,,precip,0.0,0.0,,0.7,,,
2025-12-05 07:00:00,,precip,0.0,0.0,,0.3,,,
2025-12-05 08:00:00,,precip,0.0,0.0,,0.2,,,
2025-12-05 09:00:00,,precip,0.0,0.0,,0.3,,,
2025-12-05 10:00:00,,precip,0.0,0.0,,1.0,,,
2025-12-05 11:00:00,,precip,0.0,0.0,,0.3,,,
2025-12-05 12:00:00,,precip,0.0,0.0,,0.3,,,
2025-12-05 13:00:00,,precip,0.0,0.0,,0.7,,,
2025-12-05 14:00:00,,precip,0.0,0.0,,0.2,,,
2025-12-05 15:00:00,,precip,0.0,0.0,,0.1,,,
2025-12-05 16:00:00,,precip,0.0,0.0,,0.1,,,
2025-12-05 17:00:00,,precip,0.0,0.0,,0.1,,,
2025-12-05 18:00:00,,precip,0.0,0.0,,0.2,,,
2025-12-05 19:00:00,,precip,0.0,0.0,,0.2,,,
2025-12-05 20:00:00,,precip,0.0,0.0,,0.1,,,
2025-12-05 21:00:00,,precip,0.0,0.0,,0.1,,,
2025-12-05 22:00:00,,precip,0.0,0.0,,0.4,,,
2025-12-05 23:00:00,,precip,0.0,0.0,,0.3,,,
2025-12-06 00:00:00,,precip,0.0,0.0,,0.3,,,
2025-12-06 01:00:00,,precip,0.0,0.0,,0.4,,,
2025-12-06 02:00:00,,precip,0.0,0.0,,0.3,,,
2025-12-06 03:00:00,,precip,0.0,0.0,,0.4,,,
2025-12-06 04:00:00,,precip,0.0,0.0,,0.6,,,
2025-12-06 05:00:00,,precip,0.0,0.0,,0.2,,,
2025-12-06 06:00:00,,precip,0.0,0.0,,0.3,,,
2025-12-06 07:00:00,,precip,0.0,0.0,,0.3,,,
2025-12-06 08:00:00,,precip,0.0,0.0,,0.3,,,
2025-12-06 09:00:00,,precip,0.0,0.0,,0.3,,,
2025-12-06 10:00:00,,precip,0.0,0.0,,0.6,,,
2025-12-06 11:00:00,,precip,0.0,0.0,,0.1,,,
2025-12-06 12:00:00,,precip,0.0,0.0,,0.3,,,
2025-12-06 13:00:00,,precip,0.0,0.0,,0.2,,,
2025-12-06 14:00:00,,precip,0.0,0.0,,0.2,,,
2025-12-06 15:00:00,,precip,0.0,0.0,,0.1,,,
2025-12-06 16:00:00,,precip,0.0,0.0,,0.1,,,
2025-12-07 08:00:00,,precip,0.0,0.0,,0.1,,,
2025-12-07 10:00:00,,precip,0.0,0.0,,0.1,,,
2025-12-07 12:00:00,,precip,0.0,0.0,,0.1,,,
2025-12-07 14:00:00,,precip,0.0,0.0,,0.1,,,
2025-12-07 15:00:00,,precip,0.0,0.0,,0.1,,,
2025-12-07 16:00:00,,precip,0.0,0.0,,0.1,,,
2025-12-07 23:00:00,,precip,0.0,0.0,,0.1,,,
2025-12-08 00:00:00,,precip,0.0,0.0,,0.1,,,
2025-12-08 01:00:00,,precip,0.0,0.0,,0.1,,,
2025-12-08 03:00:00,,precip,0.0,0.0,,0.1,,,
2025-12-08 04:00:00,,precip,0.0,0.0,,0.1,,,
2025-12-08 06:00:00,,precip,0.0,0.0,,0.1,,,
2025-12-08 07:00:00,,precip,0.0,0.0,,0.1,,,
2025-12-08 08:00:00,,precip,0.0,0.0,,0.5,,,
2025-12-08 09:00:00,,precip,0.0,0.0,,0.8,,,
2025-12-08 10:00:00,,precip,0.0,0.0,,0.5,,,
2025-12-08 11:00:00,,precip,0.0,0.0,,0.8,,,
2025-12-08 12:00:00,,precip,0.0,0.0,,1.6,,,
2025-12-08 13:00:00,,precip,0.0,0.0,,1.2,,,
2025-12-08 14:00:00,,precip,0.0,0.0,,1.0,,,
2025-12-08 15:00:00,,precip,0.0,0.0,,0.6,,,
2025-12-08 16:00:00,,precip,0.0,0.0,,0.3,,,
2025-12-08 17:00:00,,precip,0.0,0.0,,0.2,,,
2025-12-08 18:00:00,,precip,0.0,0.0,,0.2,,,
2025-12-08 19:00:00,,precip,0.0,0.0,,0.1,,,
2025-12-08 20:00:00,,precip,0.0,0.0,,0.1,,,
2025-12-08 22:00:00,,precip,0.0,0.0,,0.1,,,
2025-12-08 23:00:00,,precip,0.0,0.0,,0.1,,,
2025-12-09 00:00:00,,precip,0.0,0.0,,0.1,,,
2025-12-09 01:00:00,,precip,0.0,0.0,,0.1,,,
2025-12-09 02:00:00,,precip,0.0,0.0,,0.2,,,
2025-12-09 03:00:00,,precip,0.0,0.0,,0.1,,,
2025-12-09 04:00:00,,precip,0.0,0.0,,0.1,,,
2025-12-09 05:00:00,,precip,0.0,0.0,,0.1,,,
2025-12-09 06:00:00,,precip,0.0,0.0,,0.1,,,
2025-12-09 07:00:00,,precip,0.0,0.0,,0.2,,,
2025-12-09 08:00:00,,precip,0.0,0.0,,0.2,,,
2025-12-09 09:00:00,,precip,0.0,0.0,,0.4,,,
2025-12-09 10:00:00,,precip,0.0,0.0,,0.2,,,
2025-12-09 11:00:00,,precip,0.0,0.0,,0.3,,,
2025-12-09 12:00:00,,precip,0.0,0.0,,0.2,,,
2025-12-09 13:00:00,,precip,0.0,0.0,,0.3,,,
2025-12-09 14:00:00,,precip,0.0,0.0,,0.1,,,
2025-12-09 16:00:00,,precip,0.0,0.0,,0.1,,,
2025-12-09 17:00:00,,precip,0.0,0.0,,0.1,,,
2025-12-09 18:00:00,,precip,0.0,0.0,,0.1,,,
2025-12-09 19:00:00,,precip,0.0,0.0,,0.1,,,
2025-12-09 20:00:00,,precip,0.0,0.0,,0.1,,,
2025-12-09 21:00:00,,precip,0.0,0.0,,0.1,,,
2025-12-09 22:00:00,,precip,0.0,0.0,,0.1,,,
2025-12-09 23:00:00,,precip,0.0,0.0,,0.4,,,
2025-12-10 00:00:00,,precip,0.0,0.0,,0.7,,,
2025-12-10 01:00:00,,precip,0.0,0.0,,1.0,,,
2025-12-10 02:00:00,,precip,0.0,0.0,,1.1,,,
2025-12-10 03:00:00,,precip,0.0,0.0,,1.4,,,
2025-12-10 04:00:00,,precip,0.0,0.0,,1.9,,,
2025-12-10 05:00:00,,precip,0.0,0.0,,2.1,,,
2025-12-10 06:00:00,,precip,0.0,0.0,,2.2,,,
2025-12-10 07:00:00,,precip,0.0,0.0,,2.0,,,
2025-12-10 08:00:00,,precip,0.0,0.0,,2.0,,,
2025-12-10 09:00:00,,precip,0.0,0.0,,2.1,,,
2025-12-10 10:00:00,,precip,0.0,0.0,,2.3,,,
2025-12-10 11:00:00,,precip,0.0,0.0,,1.7,,,
2025-12-10 12:00:00,,precip,0.0,0.0,,1.0,,,
2025-12-10 13:00:00,,precip,0.0,0.0,,0.3,,,
2025-12-10 14:00:00,,precip,0.0,0.0,,1.1,,,
2025-12-10 15:00:00,,precip,0.0,0.0,,0.4,,,
2025-12-10 16:00:00,,precip,0.0,0.0,,0.2,,,
2025-12-10 17:00:00,,precip,0.0,0.0,,0.3,,,
2025-12-10 18:00:00,,precip,0.0,0.0,,0.5,,,
2025-12-10 19:00:00,,precip,0.0,0.0,,0.7,,,
2025-12-10 20:00:00,,precip,0.0,0.0,,0.7,,,
2025-12-10 21:00:00,,precip,0.0,0.0,,0.6,,,
2025-12-10 22:00:00,,precip,0.0,0.0,,0.7,,,
2025-12-10 23:00:00,,precip,0.0,0.0,,1.2,,,
2025-12-11 00:00:00,,precip,0.0,0.0,,1.2,,,
2025-12-11 01:00:00,,precip,0.0,0.0,,1.5,,,
2025-12-11 02:00:00,,precip,0.0,0.0,,1.1,,,
2025-12-11 03:00:00,,precip,0.0,0.0,,0.9,,,
2025-12-11 04:00:00,,precip,0.0,0.0,,0.9,,,
2025-12-11 05:00:00,,precip,0.0,0.0,,0.8,,,
2025-12-11 06:00:00,,precip,0.0,0.0,,0.8,,,
2025-12-11 07:00:00,,precip,0.0,0.0,,0.5,,,
2025-12-11 08:00:00,,precip,0.0,0.0,,0.5,,,
2025-12-11 09:00:00,,precip,0.0,0.0,,0.4,,,
2025-12-11 10:00:00,,precip,0.0,0.0,,0.2,,,
2025-12-11 11:00:00,,precip,0.0,0.0,,0.2,,,
2025-12-11 12:00:00,,precip,0.0,0.0,,0.2,,,
2025-12-11 13:00:00,,precip,0.0,0.0,,0.4,,,
2025-12-11 14:00:00,,precip,0.0,0.0,,0.2,,,
2025-12-11 15:00:00,,precip,0.0,0.0,,0.2,,,
2025-12-11 16:00:00,,precip,0.0,0.0,,0.2,,,
2025-12-11 17:00:00,,precip,0.0,0.0,,0.2,,,
2025-12-11 18:00:00,,precip,0.0,0.0,,0.3,,,
2025-12-11 19:00:00,,precip,0.0,0.0,,0.7,,,
2025-12-11 20:00:00,,precip,0.0,0.0,,0.7,,,
2025-12-11 21:00:00,,precip,0.0,0.0,,0.6,,,
2025-12-11 22:00:00,,precip,0.0,0.0,,0.5,,,
2025-12-11 23:00:00,,precip,0.0,0.0,,0.7,,,
2025-12-12 00:00:00,,precip,0.0,0.0,,1.1,,,
2025-12-12 01:00:00,,precip,0.0,0.0,,1.1,,,
2025-12-12 02:00:00,,precip,0.0,0.0,,0.8,,,
2025-12-12 03:00:00,,precip,0.0,0.0,,0.7,,,
2025-12-12 04:00:00,,precip,0.0,0.0,,0.5,,,
2025-12-12 05:00:00,,precip,0.0,0.0,,0.3,,,
2025-12-12 06:00:00,,precip,0.0,0.0,,0.2,,,
2025-12-12 07:00:00,,precip,0.0,0.0,,0.2,,,
2025-12-12 08:00:00,,precip,0.0,0.0,,0.1,,,
2025-12-12 09:00:00,,precip,0.0,0.0,,0.3,,,
2025-12-12 10:00:00,,precip,0.0,0.0,,0.1,,,
2025-12-12 11:00:00,,precip,0.0,0.0,,0.1,,,
2025-12-12 14:00:00,,precip,0.0,0.0,,0.1,,,
2025-12-13 00:00:00,,precip,0.0,0.0,,0.1,,,
2025-12-13 01:00:00,,precip,0.0,0.0,,0.1,,,
2025-12-13 03:00:00,,precip,0.0,0.0,,0.1,,,
2025-12-13 04:00:00,,precip,0.0,0.0,,0.2,,,
2025-12-13 05:00:00,,precip,0.0,0.0,,0.1,,,
2025-12-13 06:00:00,,precip,0.0,0.0,,0.1,,,
2025-12-13 07:00:00,,precip,0.0,0.0,,0.1,,,
2025-12-13 08:00:00,,precip,0.0,0.0,,0.2,,,
2025-12-13 09:00:00,,precip,0.0,0.0,,0.1,,,
2025-12-13 10:00:00,,precip,0.0,0.0,,0.1,,,
2025-12-13 11:00:00,,precip,0.0,0.0,,0.1,,,
2025-12-13 12:00:00,,precip,0.0,0.0,,0.1,,,
2025-12-13 13:00:00,,precip,0.0,0.0,,0.2,,,
2025-12-13 14:00:00,,precip,0.0,0.0,,0.1,,,
2025-12-13 15:00:00,,precip,0.0,0.0,,0.2,,,
2025-12-13 16:00:00,,precip,0.0,0.0,,0.1,,,
2025-12-13 17:00:00,,precip,0.0,0.0,,0.2,,,
2025-12-13 18:00:00,,precip,0.0,0.0,,0.2,,,
2025-12-13 19:00:00,,precip,0.0,0.0,,0.1,,,
2025-12-13 20:00:00,,precip,0.0,0.0,,0.2,,,
2025-12-13 21:00:00,,precip,0.0,0.0,,0.7,,,
2025-12-13 22:00:00,,precip,0.0,0.0,,0.8,,,
2025-12-13 23:00:00,,precip,0.0,0.0,,0.9,,,
2025-12-14 00:00:00,,precip,0.0,0.0,,1.8,,,
2025-12-14 01:00:00,,precip,0.0,0.0,,1.6,,,
2025-12-14 02:00:00,,precip,0.0,0.0,,1.7,,,
2025-12-14 03:00:00,,precip,0.0,0.0,,1.4,,,
2025-12-14 04:00:00,,precip,0.0,0.0,,1.4,,,
2025-12-14 05:00:00,,precip,0.0,0.0,,1.1,,,
2025-12-14 06:00:00,,precip,0.0,0.0,,1.0,,,
2025-12-14 07:00:00,,precip,0.0,0.0,,0.8,,,
2025-12-14 08:00:00,,precip,0.0,0.0,,0.7,,,
2025-12-14 09:00:00,,precip,0.0,0.0,,0.9,,,
2025-12-14 10:00:00,,precip,0.0,0.0,,1.4,,,
2025-12-14 11:00:00,,precip,0.0,0.0,,1.0,,,
2025-12-14 12:00:00,,precip,0.0,0.0,,1.5,,,
2025-12-14 13:00:00,,precip,0.0,0.0,,1.4,,,
2025-12-14 14:00:00,,precip,0.0,0.0,,1.3,,,
2025-12-14 15:00:00,,precip,0.0,0.0,,0.8,,,
2025-12-14 16:00:00,,precip,0.0,0.0,,0.4,,,
2025-12-14 17:00:00,,precip,0.0,0.0,,0.6,,,
2025-12-14 18:00:00,,precip,0.0,0.0,,0.7,,,
2025-12-14 19:00:00,,precip,0.0,0.0,,0.2,,,
2025-12-14 20:00:00,,precip,0.0,0.0,,0.2,,,
2025-12-14 21:00:00,,precip,0.0,0.0,,0.4,,,
2025-12-14 22:00:00,,precip,0.0,0.0,,0.2,,,
2025-12-14 23:00:00,,precip,0.0,0.0,,0.2,,,
2025-12-15 00:00:00,,precip,0.0,0.0,,0.3,,,
2025-12-15 01:00:00,,precip,0.0,0.0,,0.5,,,
2025-12-15 02:00:00,,precip,0.0,0.0,,0.3,,,
2025-12-15 03:00:00,,precip,0.0,0.0,,0.3,,,
2025-12-15 04:00:00,,precip,0.0,0.0,,0.4,,,
2025-12-15 05:00:00,,precip,0.0,0.0,,0.2,,,
2025-12-15 06:00:00,,precip,0.0,0.0,,0.2,,,
2025-12-15 07:00:00,,precip,0.0,0.0,,0.2,,,
2025-12-15 08:00:00,,precip,0.0,0.0,,0.2,,,
2025-12-15 09:00:00,,precip,0.0,0.0,,0.2,,,
2025-12-15 10:00:00,,precip,0.0,0.0,,0.2,,,
2025-12-15 11:00:00,,precip,0.0,0.0,,0.3,,,
2025-12-15 12:00:00,,precip,0.0,0.0,,0.2,,,
2025-12-15 13:00:00,,precip,0.0,0.0,,0.2,,,
2025-12-15 14:00:00,,precip,0.0,0.0,,0.2,,,
2025-12-15 15:00:00,,precip,0.0,0.0,,0.2,,,
2025-12-15 16:00:00,,precip,0.0,0.0,,0.1,,,
2025-12-15 17:00:00,,precip,0.0,0.0,,0.1,,,
2025-12-15 18:00:00,,precip,0.0,0.0,,0.1,,,
2025-12-15 19:00:00,,precip,0.0,0.0,,0.2,,,
2025-12-15 20:00:00,,precip,0.0,0.0,,0.2,,,
2025-12-15 21:00:00,,precip,0.0,0.0,,0.2,,,
2025-12-15 22:00:00,,precip,0.0,0.0,,0.2,,,
2025-12-15 23:00:00,,precip,0.0,0.0,,0.2,,,
2025-12-16 00:00:00,,precip,0.0,0.0,,0.2,,,
2025-12-16 01:00:00,,precip,0.0,0.0,,0.2,,,
2025-12-16 02:00:00,,precip,0.0,0.0,,0.3,,,
2025-12-16 03:00:00,,precip,0.0,0.0,,0.5,,,
2025-12-16 04:00:00,,precip,0.0,0.0,,0.6,,,
2025-12-16 05:00:00,,precip,0.0,0.0,,0.6,,,
2025-12-16 06:00:00,,precip,0.0,0.0,,0.5,,,
2025-12-16 07:00:00,,precip,0.0,0.0,,0.3,,,
2025-12-16 08:00:00,,precip,0.0,0.0,,0.1,,,
2025-12-16 09:00:00,,precip,0.0,0.0,,0.2,,,
2025-12-16 10:00:00,,precip,0.0,0.0,,0.1,,,
2025-12-16 11:00:00,,precip,0.0,0.0,,0.2,,,
2025-12-16 12:00:00,,precip,0.0,0.0,,0.2,,,
2025-12-16 13:00:00,,precip,0.0,0.0,,0.1,,,
2025-12-16 14:00:00,,precip,0.0,0.0,,0.1,,,
2025-12-16 15:00:00,,precip,0.0,0.0,,0.1,,,
2025-12-16 19:00:00,,precip,0.0,0.0,,0.1,,,
2025-12-16 20:00:00,,precip,0.0,0.0,,0.1,,,
2025-12-16 21:00:00,,precip,0.0,0.0,,0.1,,,
2025-12-16 22:00:00,,precip,0.0,0.0,,0.2,,,
2025-12-16 23:00:00,,precip,0.0,0.0,,0.3,,,
2025-12-17 00:00:00,,precip,0.0,0.0,,0.2,,,
2025-12-17 01:00:00,,precip,0.0,0.0,,0.2,,,
2025-12-17 02:00:00,,precip,0.0,0.0,,0.4,,,
2025-12-17 03:00:00,,precip,0.0,0.0,,0.5,,,
2025-12-17 04:00:00,,precip,0.0,0.0,,0.6,,,
2025-12-17 05:00:00,,precip,0.0,0.0,,0.7,,,
2025-12-17 06:00:00,,precip,0.0,0.0,,0.8,,,
2025-12-17 07:00:00,,precip,0.0,0.0,,0.9,,,
2025-12-17 08:00:00,,precip,0.0,0.0,,0.6,,,
2025-12-17 09:00:00,,precip,0.0,0.0,,0.9,,,
2025-12-17 10:00:00,,precip,0.0,0.0,,1.9,,,
2025-12-17 11:00:00,,precip,0.0,0.0,,1.7,,,
2025-12-17 12:00:00,,precip,0.0,0.0,,1.9,,,
2025-12-17 13:00:00,,precip,0.0,0.0,,0.9,,,
2025-12-17 14:00:00,,precip,0.0,0.0,,2.0,,,
2025-12-17 15:00:00,,precip,0.0,0.0,,0.8,,,
2025-12-17 16:00:00,,precip,0.0,0.0,,0.3,,,
2025-12-17 17:00:00,,precip,0.0,0.0,,0.1,,,
2025-12-17 18:00:00,,precip,0.0,0.0,,0.2,,,
2025-12-17 19:00:00,,precip,0.0,0.0,,0.2,,,
2025-12-17 20:00:00,,precip,0.0,0.0,,0.2,,,
2025-12-17 21:00:00,,precip,0.0,0.0,,0.1,,,
2025-12-17 22:00:00,,precip,0.0,0.0,,0.1,,,
2025-12-18 01:00:00,,precip,0.0,0.0,,0.1,,,
2025-12-18 08:00:00,,precip,0.0,0.0,,0.1,,,
2025-12-18 09:00:00,,precip,0.0,0.0,,0.1,,,
2025-12-18 10:00:00,,precip,0.0,0.0,,0.3,,,
2025-12-18 11:00:00,,precip,0.0,0.0,,0.3,,,
2025-12-18 12:00:00,,precip,0.0,0.0,,0.1,,,
2025-12-18 13:00:00,,precip,0.0,0.0,,0.2,,,
2025-12-18 14:00:00,,precip,0.0,0.0,,0.1,,,
2025-12-18 15:00:00,,precip,0.0,0.0,,0.4,,,
2025-12-18 16:00:00,,precip,0.0,0.0,,0.2,,,
2025-12-18 17:00:00,,precip,0.0,0.0,,0.3,,,
2025-12-18 18:00:00,,precip,0.0,0.0,,0.3,,,
2025-12-18 19:00:00,,precip,0.0,0.0,,0.4,,,
2025-12-18 20:00:00,,precip,0.0,0.0,,0.4,,,
2025-12-18 21:00:00,,precip,0.0,0.0,,0.5,,,
2025-12-18 22:00:00,,precip,0.0,0.0,,0.8,,,
2025-12-18 23:00:00,,precip,0.0,0.0,,0.9,,,
2025-12-19 00:00:00,,precip,0.0,0.0,,0.8,,,
2025-12-19 01:00:00,,precip,0.0,0.0,,0.4,,,
2025-12-19 02:00:00,,precip,0.0,0.0,,0.3,,,
2025-12-19 03:00:00,,precip,0.0,0.0,,0.5,,,
2025-12-19 04:00:00,,precip,0.0,0.0,,0.4,,,
2025-12-19 05:00:00,,precip,0.0,0.0,,0.4,,,
2025-12-19 06:00:00,,precip,0.0,0.0,,0.3,,,
2025-12-19 07:00:00,,precip,0.0,0.0,,0.1,,,
2025-12-19 08:00:00,,precip,0.0,0.0,,0.1,,,
2025-12-19 09:00:00,,precip,0.0,0.0,,0.1,,,
2025-12-19 10:00:00,,precip,0.0,0.0,,0.1,,,
2025-12-19 11:00:00,,precip,0.0,0.0,,0.1,,,
2025-12-19 12:00:00,,precip,0.0,0.0,,0.1,,,
2025-12-19 13:00:00,,precip,0.0,0.0,,0.1,,,
2025-12-20 02:00:00,,precip,0.0,0.0,,0.1,,,
2025-12-20 06:00:00,,precip,0.0,0.0,,0.2,,,
2025-12-20 07:00:00,,precip,0.0,0.0,,0.2,,,
2025-12-20 08:00:00,,precip,0.0,0.0,,0.2,,,
2025-12-20 09:00:00,,precip,0.0,0.0,,0.2,,,
2025-12-20 10:00:00,,precip,0.0,0.0,,0.8,,,
2025-12-20 11:00:00,,precip,0.0,0.0,,0.4,,,
2025-12-20 12:00:00,,precip,0.0,0.0,,0.3,,,
2025-12-20 13:00:00,,precip,0.0,0.0,,0.2,,,
2025-12-20 14:00:00,,precip,0.0,0.0,,0.8,,,
2025-12-20 15:00:00,,precip,0.0,0.0,,0.2,,,
2025-12-20 16:00:00,,precip,0.0,0.0,,0.2,,,
2025-12-20 17:00:00,,precip,0.0,0.0,,0.3,,,
2025-12-20 18:00:00,,precip,0.0,0.0,,0.5,,,
2025-12-20 19:00:00,,precip,0.0,0.0,,0.4,,,
2025-12-20 20:00:00,,precip,0.0,0.0,,0.4,,,
2025-12-20 21:00:00,,precip,0.0,0.0,,0.4,,,
2025-12-20 22:00:00,,precip,0.0,0.0,,0.4,,,
2025-12-20 23:00:00,,precip,0.0,0.0,,1.0,,,
2025-12-21 00:00:00,,precip,0.0,0.0,,0.7,,,
2025-12-21 01:00:00,,precip,0.0,0.0,,0.6,,,
2025-12-21 02:00:00,,precip,0.0,0.0,,0.5,,,
2025-12-21 03:00:00,,precip,0.0,0.0,,0.6,,,
2025-12-21 04:00:00,,precip,0.0,0.0,,0.6,,,
2025-12-21 05:00:00,,precip,0.0,0.0,,0.6,,,
2025-12-21 06:00:00,,precip,0.0,0.0,,0.7,,,
2025-12-21 07:00:00,,precip,0.0,0.0,,0.9,,,
2025-12-21 08:00:00,,precip,0.0,0.0,,1.4,,,
2025-12-21 09:00:00,,precip,0.0,0.0,,0.9,,,
2025-12-21 10:00:00,,precip,0.0,0.0,,1.1,,,
2025-12-21 11:00:00,,precip,0.0,0.0,,0.7,,,
2025-12-21 12:00:00,,precip,0.0,0.0,,1.3,,,
2025-12-21 13:00:00,,precip,0.0,0.0,,0.5,,,
2025-12-21 14:00:00,,precip,0.0,0.0,,1.3,,,
2025-12-21 15:00:00,,precip,0.0,0.0,,1.2,,,
2025-12-21 16:00:00,,precip,0.0,0.0,,1.2,,,
2025-12-21 17:00:00,,precip,0.0,0.0,,1.1,,,
2025-12-21 18:00:00,,precip,0.0,0.0,,1.5,,,
2025-12-21 19:00:00,,precip,0.0,0.0,,1.1,,,
2025-12-21 20:00:00,,precip,0.0,0.0,,1.1,,,
2025-12-21 21:00:00,,precip,0.0,0.0,,0.9,,,
2025-12-21 22:00:00,,precip,0.0,0.0,,1.0,,,
2025-12-21 23:00:00,,precip,0.0,0.0,,1.3,,,
2025-12-22 00:00:00,,precip,0.0,0.0,,1.1,,,
2025-12-22 01:00:00,,precip,0.0,0.0,,0.4,,,
2025-12-22 02:00:00,,precip,0.0,0.0,,0.6,,,
2025-12-22 03:00:00,,precip,0.0,0.0,,0.3,,,
2025-12-22 04:00:00,,precip,0.0,0.0,,0.2,,,
2025-12-22 05:00:00,,precip,0.0,0.0,,0.2,,,
2025-12-22 06:00:00,,precip,0.0,0.0,,0.2,,,
2025-12-22 07:00:00,,precip,0.0,0.0,,0.3,,,
2025-12-22 08:00:00,,precip,0.0,0.0,,0.3,,,
2025-12-22 09:00:00,,precip,0.0,0.0,,0.4,,,
2025-12-22 10:00:00,,precip,0.0,0.0,,0.6,,,
2025-12-22 11:00:00,,precip,0.0,0.0,,0.6,,,
2025-12-22 12:00:00,,precip,0.0,0.0,,0.4,,,
2025-12-22 13:00:00,,precip,0.0,0.0,,0.3,,,
2025-12-22 14:00:00,,precip,0.0,0.0,,0.2,,,
2025-12-22 15:00:00,,precip,0.0,0.0,,0.3,,,
2025-12-22 16:00:00,,precip,0.0,0.0,,0.5,,,
2025-12-22 17:00:00,,precip,0.0,0.0,,0.2,,,
2025-12-22 18:00:00,,precip,0.0,0.0,,0.3,,,
2025-12-22 19:00:00,,precip,0.0,0.0,,0.2,,,
2025-12-22 20:00:00,,precip,0.0,0.0,,0.2,,,
2025-12-22 21:00:00,,precip,0.0,0.0,,0.4,,,
2025-12-22 22:00:00,,precip,0.0,0.0,,0.3,,,
2025-12-22 23:00:00,,precip,0.0,0.0,,0.2,,,
2025-12-23 00:00:00,,precip,0.0,0.0,,0.2,,,
2025-12-23 01:00:00,,precip,0.0,0.0,,0.2,,,
2025-12-23 02:00:00,,precip,0.0,0.0,,0.4,,,
2025-12-23 03:00:00,,precip,0.0,0.0,,0.3,,,
2025-12-23 04:00:00,,precip,0.0,0.0,,0.3,,,
2025-12-23 05:00:00,,precip,0.0,0.0,,0.3,,,
2025-12-23 06:00:00,,precip,0.0,0.0,,0.1,,,
2025-12-23 07:00:00,,precip,0.0,0.0,,0.2,,,
2025-12-23 08:00:00,,precip,0.0,0.0,,0.1,,,
2025-12-23 09:00:00,,precip,0.0,0.0,,0.2,,,
2025-12-23 10:00:00,,precip,0.0,0.0,,0.2,,,
2025-12-23 11:00:00,,precip,0.0,0.0,,0.2,,,
2025-12-23 12:00:00,,precip,0.0,0.0,,0.2,,,
2025-12-23 13:00:00,,precip,0.0,0.0,,0.1,,,
2025-12-23 14:00:00,,precip,0.0,0.0,,0.1,,,
2025-12-23 15:00:00,,precip,0.0,0.0,,0.1,,,
2025-12-23 16:00:00,,precip,0.0,0.0,,0.3,,,
2025-12-23 17:00:00,,precip,0.0,0.0,,0.1,,,
2025-12-23 20:00:00,,precip,0.0,0.0,,0.1,,,
2025-12-23 21:00:00,,precip,0.0,0.0,,0.1,,,
2025-12-23 22:00:00,,precip,0.0,0.0,,0.1,,,
2025-12-23 23:00:00,,precip,0.0,0.0,,0.2,,,
2025-12-24 00:00:00,,precip,0.0,0.0,,0.2,,,
2025-12-24 01:00:00,,precip,0.0,0.0,,0.2,,,
2025-12-24 02:00:00,,precip,0.0,0.0,,0.1,,,
2025-12-24 03:00:00,,precip,0.0,0.0,,0.1,,,
2025-12-24 04:00:00,,precip,0.0,0.0,,0.1,,,
2025-12-24 07:00:00,,precip,0.0,0.0,,0.1,,,
2025-12-24 10:00:00,,precip,0.0,0.0,,0.1,,,
2025-12-24 11:00:00,,precip,0.0,0.0,,0.1,,,
2025-12-24 12:00:00,,precip,0.0,0.0,,0.1,,,
2025-12-24 13:00:00,,precip,0.0,0.0,,0.1,,,
2025-12-24 14:00:00,,precip,0.0,0.0,,0.1,,,
2025-12-24 15:00:00,,precip,0.0,0.0,,0.1,,,
2025-12-24 16:00:00,,precip,0.0,0.0,,0.1,,,
2025-12-24 21:00:00,,precip,0.0,0.0,,0.1,,,
2025-12-24 22:00:00,,precip,0.0,0.0,,0.2,,,
2025-12-24 23:00:00,,precip,0.0,0.0,,0.3,,,
2025-12-25 00:00:00,,precip,0.0,0.0,,0.5,,,
2025-12-25 01:00:00,,precip,0.0,0.0,,0.5,,,
2025-12-25 02:00:00,,precip,0.0,0.0,,0.3,,,
2025-12-25 03:00:00,,precip,0.0,0.0,,0.7,,,
2025-12-25 04:00:00,,precip,0.0,0.0,,0.9,,,
2025-12-25 05:00:00,,precip,0.0,0.0,,0.8,,,
2025-12-25 06:00:00,,precip,0.0,0.0,,0.7,,,
2025-12-25 07:00:00,,precip,0.0,0.0,,0.4,,,
2025-12-25 08:00:00,,precip,0.0,0.0,,0.4,,,
2025-12-25 09:00:00,,precip,0.0,0.0,,0.4,,,
2025-12-25 10:00:00,,precip,0.0,0.0,,0.9,,,
2025-12-25 11:00:00,,precip,0.0,0.0,,0.3,,,
2025-12-25 12:00:00,,precip,0.0,0.0,,0.5,,,
2025-12-25 13:00:00,,precip,0.0,0.0,,0.2,,,
2025-12-25 14:00:00,,precip,0.0,0.0,,0.7,,,
2025-12-25 15:00:00,,precip,0.0,0.0,,0.7,,,
2025-12-25 16:00:00,,precip,0.0,0.0,,0.5,,,
2025-12-25 17:00:00,,precip,0.0,0.0,,0.6,,,
2025-12-25 18:00:00,,precip,0.0,0.0,,0.7,,,
2025-12-25 19:00:00,,precip,0.0,0.0,,1.2,,,
2025-12-25 20:00:00,,precip,0.0,0.0,,1.5,,,
2025-12-25 21:00:00,,precip,0.0,0.0,,1.9,,,
2025-12-25 22:00:00,,precip,0.0,0.0,,1.9,,,
2025-12-25 23:00:00,,precip,0.0,0.0,,1.8,,,
2025-12-26 00:00:00,,precip,0.0,0.0,,1.3,,,
2025-12-26 01:00:00,,precip,0.0,0.0,,1.5,,,
2025-12-26 02:00:00,,precip,0.0,0.0,,2.1,,,
2025-12-26 03:00:00,,precip,0.0,0.0,,1.9,,,
2025-12-26 04:00:00,,precip,0.0,0.0,,1.9,,,
2025-12-26 05:00:00,,precip,0.0,0.0,,1.8,,,
2025-12-26 06:00:00,,precip,0.0,0.0,,1.8,,,
2025-12-26 07:00:00,,precip,0.0,0.0,,1.8,,,
2025-12-26 08:00:00,,precip,0.0,0.0,,1.6,,,
2025-12-26 09:00:00,,precip,0.0,0.0,,1.1,,,
2025-12-26 10:00:00,,precip,0.0,0.0,,0.8,,,
2025-12-26 11:00:00,,precip,0.0,0.0,,1.2,,,
2025-12-26 12:00:00,,precip,0.0,0.0,,1.3,,,
2025-12-26 13:00:00,,precip,0.0,0.0,,1.2,,,
2025-12-26 14:00:00,,precip,0.0,0.0,,1.1,,,
2025-12-26 15:00:00,,precip,0.0,0.0,,0.8,,,
2025-12-26 16:00:00,,precip,0.0,0.0,,0.3,,,
2025-12-26 17:00:00,,precip,0.0,0.0,,0.3,,,
2025-12-26 18:00:00,,precip,0.0,0.0,,0.3,,,
2025-12-26 19:00:00,,precip,0.0,0.0,,0.4,,,
2025-12-26 20:00:00,,precip,0.0,0.0,,0.3,,,
2025-12-26 21:00:00,,precip,0.0,0.0,,0.2,,,
2025-12-26 22:00:00,,precip,0.0,0.0,,0.2,,,
2025-12-27 00:00:00,,precip,0.0,0.0,,0.1,,,
2025-12-27 02:00:00,,precip,0.0,0.0,,0.2,,,
2025-12-27 03:00:00,,precip,0.0,0.0,,0.1,,,
2025-12-27 04:00:00,,precip,0.0,0.0,,0.3,,,
2025-12-27 05:00:00,,precip,0.0,0.0,,0.3,,,
2025-12-27 06:00:00,,precip,0.0,0.0,,0.1,,,
2025-12-27 07:00:00,,precip,0.0,0.0,,0.3,,,
2025-12-27 08:00:00,,precip,0.0,0.0,,0.3,,,
2025-12-27 09:00:00,,precip,0.0,0.0,,0.5,,,
2025-12-27 10:00:00,,precip,0.0,0.0,,0.4,,,
2025-12-27 11:00:00,,precip,0.0,0.0,,0.5,,,
2025-12-27 12:00:00,,precip,0.0,0.0,,0.5,,,
2025-12-27 13:00:00,,precip,0.0,0.0,,0.2,,,
2025-12-27 14:00:00,,precip,0.0,0.0,,0.5,,,
2025-12-27 15:00:00,,precip,0.0,0.0,,0.7,,,
2025-12-27 16:00:00,,precip,0.0,0.0,,0.4,,,
2025-12-27 17:00:00,,precip,0.0,0.0,,0.7,,,
2025-12-27 18:00:00,,precip,0.0,0.0,,0.3,,,
2025-12-27 19:00:00,,precip,0.0,0.0,,0.4,,,
2025-12-27 20:00:00,,precip,0.0,0.0,,0.6,,,
2025-12-27 21:00:00,,precip,0.0,0.0,,0.3,,,
2025-12-27 22:00:00,,precip,0.0,0.0,,0.4,,,
2025-12-27 23:00:00,,precip,0.0,0.0,,0.4,,,
2025-12-28 00:00:00,,precip,0.0,0.0,,0.2,,,
2025-12-28 01:00:00,,precip,0.0,0.0,,0.2,,,
2025-12-28 02:00:00,,precip,0.0,0.0,,0.6,,,
2025-12-28 03:00:00,,precip,0.0,0.0,,0.5,,,
2025-12-28 04:00:00,,precip,0.0,0.0,,0.5,,,
2025-12-28 05:00:00,,precip,0.0,0.0,,0.3,,,
2025-12-28 06:00:00,,precip,0.0,0.0,,0.2,,,
2025-12-28 07:00:00,,precip,0.0,0.0,,0.2,,,
2025-12-28 08:00:00,,precip,0.0,0.0,,0.2,,,
2025-12-28 09:00:00,,precip,0.0,0.0,,0.3,,,
2025-12-28 10:00:00,,precip,0.0,0.0,,0.2,,,
2025-12-28 11:00:00,,precip,0.0,0.0,,0.3,,,
2025-12-28 12:00:00,,precip,0.0,0.0,,0.1,,,
2025-12-28 13:00:00,,precip,0.0,0.0,,0.1,,,
2025-12-28 14:00:00,,precip,0.0,0.0,,0.2,,,
2025-12-28 15:00:00,,precip,0.0,0.0,,0.1,,,
2025-12-28 16:00:00,,precip,0.0,0.0,,0.5,,,
2025-12-28 17:00:00,,precip,0.0,0.0,,0.3,,,
2025-12-28 18:00:00,,precip,0.0,0.0,,0.2,,,
2025-12-28 19:00:00,,precip,0.0,0.0,,0.2,,,
2025-12-28 20:00:00,,precip,0.0,0.0,,0.3,,,
2025-12-28 21:00:00,,precip,0.0,0.0,,0.2,,,
2025-12-28 22:00:00,,precip,0.0,0.0,,0.2,,,
2025-12-28 23:00:00,,precip,0.0,0.0,,0.1,,,
2025-12-29 00:00:00,,precip,0.0,0.0,,0.1,,,
2025-12-29 02:00:00,,precip,0.0,0.0,,0.2,,,
2025-12-29 03:00:00,,precip,0.0,0.0,,0.1,,,
2025-12-29 04:00:00,,precip,0.0,0.0,,0.2,,,
2025-12-29 05:00:00,,precip,0.0,0.0,,0.1,,,
2025-12-29 06:00:00,,precip,0.0,0.0,,0.2,,,
2025-12-29 07:00:00,,precip,0.0,0.0,,0.1,,,
2025-12-29 08:00:00,,precip,0.0,0.0,,0.1,,,
2025-12-29 09:00:00,,precip,0.0,0.0,,0.2,,,
2025-12-29 10:00:00,,precip,0.0,0.0,,0.3,,,
2025-12-29 11:00:00,,precip,0.0,0.0,,0.2,,,
2025-12-29 12:00:00,,precip,0.0,0.0,,0.2,,,
2025-12-29 13:00:00,,precip,0.0,0.0,,0.1,,,
2025-12-29 14:00:00,,precip,0.0,0.0,,0.1,,,
2025-12-29 17:00:00,,precip,0.0,0.0,,0.1,,,
2025-12-29 18:00:00,,precip,0.0,0.0,,0.1,,,
2025-12-29 20:00:00,,precip,0.0,0.0,,0.1,,,
2025-12-29 21:00:00,,precip,0.0,0.0,,0.1,,,
2025-12-29 22:00:00,,precip,0.0,0.0,,0.1,,,
2025-12-30 02:00:00,,precip,0.0,0.0,,0.1,,,
2025-12-30 03:00:00,,precip,0.0,0.0,,0.2,,,
2025-12-30 04:00:00,,precip,0.0,0.0,,0.2,,,
2025-12-30 05:00:00,,precip,0.0,0.0,,0.1,,,
2025-12-30 06:00:00,,precip,0.0,0.0,,0.2,,,
2025-12-30 07:00:00,,precip,0.0,0.0,,0.2,,,
2025-12-30 08:00:00,,precip,0.0,0.0,,0.1,,,
2025-12-30 09:00:00,,precip,0.0,0.0,,0.1,,,
2025-12-30 10:00:00,,precip,0.0,0.0,,0.1,,,
2026-01-01 23:00:00,,precip,0.0,0.0,,0.1,,,
2026-01-02 00:00:00,,precip,0.0,0.0,,0.1,,,
2026-01-02 01:00:00,,precip,0.0,0.0,,0.3,,,
2026-01-02 02:00:00,,precip,0.0,0.0,,0.2,,,
2026-01-02 03:00:00,,precip,0.0,0.0,,0.3,,,
2026-01-02 04:00:00,,precip,0.0,0.0,,0.6,,,
2026-01-02 05:00:00,,precip,0.0,0.0,,0.6,,,
2026-01-02 06:00:00,,precip,0.0,0.0,,0.6,,,
2026-01-02 07:00:00,,precip,0.0,0.0,,0.6,,,
2026-01-02 08:00:00,,precip,0.0,0.0,,0.4,,,
2026-01-02 09:00:00,,precip,0.0,0.0,,0.4,,,
2026-01-02 10:00:00,,precip,0.0,0.0,,0.2,,,
2026-01-02 11:00:00,,precip,0.0,0.0,,0.3,,,
2026-01-02 12:00:00,,precip,0.0,0.0,,0.2,,,
2026-01-02 13:00:00,,precip,0.0,0.0,,0.1,,,
2026-01-02 14:00:00,,precip,0.0,0.0,,0.1,,,
2026-01-02 15:00:00,,precip,0.0,0.0,,0.1,,,
2026-01-02 16:00:00,,precip,0.0,0.0,,0.1,,,
2026-01-02 17:00:00,,precip,0.0,0.0,,0.2,,,
2026-01-02 18:00:00,,precip,0.0,0.0,,0.3,,,
2026-01-02 19:00:00,,precip,0.0,0.0,,0.4,,,
2026-01-02 20:00:00,,precip,0.0,0.0,,0.5,,,
2026-01-02 21:00:00,,precip,0.0,0.0,,0.4,,,
2026-01-02 22:00:00,,precip,0.0,0.0,,0.4,,,
2026-01-02 23:00:00,,precip,0.0,0.0,,0.4,,,
2026-01-03 00:00:00,,precip,0.0,0.0,,0.5,,,
2026-01-03 01:00:00,,precip,0.0,0.0,,0.6,,,
2026-01-03 02:00:00,,precip,0.0,0.0,,0.4,,,
2026-01-03 03:00:00,,precip,0.0,0.0,,0.5,,,
2026-01-03 04:00:00,,precip,0.0,0.0,,0.4,,,
2026-01-03 05:00:00,,precip,0.0,0.0,,0.4,,,
2026-01-03 06:00:00,,precip,0.0,0.0,,0.4,,,
2026-01-03 07:00:00,,precip,0.0,0.0,,0.4,,,
2026-01-03 08:00:00,,precip,0.0,0.0,,0.3,,,
2026-01-03 09:00:00,,precip,0.0,0.0,,0.3,,,
2026-01-03 10:00:00,,precip,0.0,0.0,,0.6,,,
2026-01-03 11:00:00,,precip,0.0,0.0,,0.3,,,
2026-01-03 12:00:00,,precip,0.0,0.0,,0.2,,,
2026-01-03 13:00:00,,precip,0.0,0.0,,0.3,,,
2026-01-03 14:00:00,,precip,0.0,0.0,,0.1,,,
2026-01-03 15:00:00,,precip,0.0,0.0,,0.1,,,
2026-01-03 16:00:00,,precip,0.0,0.0,,0.1,,,
2026-01-03 17:00:00,,precip,0.0,0.0,,0.1,,,
2026-01-04 09:00:00,,precip,0.0,0.0,,0.1,,,
2026-01-04 10:00:00,,precip,0.0,0.0,,0.2,,,
2026-01-04 11:00:00,,precip,0.0,0.0,,0.2,,,
2026-01-04 12:00:00,,precip,0.0,0.0,,0.2,,,
2026-01-04 13:00:00,,precip,0.0,0.0,,0.3,,,
2026-01-04 14:00:00,,precip,0.0,0.0,,0.2,,,
2026-01-04 15:00:00,,precip,0.0,0.0,,0.2,,,
2026-01-04 16:00:00,,precip,0.0,0.0,,0.1,,,
2026-01-04 17:00:00,,precip,0.0,0.0,,0.1,,,
2026-01-04 18:00:00,,precip,0.0,0.0,,0.2,,,
2026-01-04 19:00:00,,precip,0.0,0.0,,0.4,,,
2026-01-04 20:00:00,,precip,0.0,0.0,,0.3,,,
2026-01-04 21:00:00,,precip,0.0,0.0,,0.3,,,
2026-01-04 22:00:00,,precip,0.0,0.0,,0.3,,,
2026-01-04 23:00:00,,precip,0.0,0.0,,0.2,,,
2026-01-05 00:00:00,,precip,0.0,0.0,,0.2,,,
2026-01-05 01:00:00,,precip,0.0,0.0,,0.2,,,
2026-01-05 02:00:00,,precip,0.0,0.0,,0.2,,,
2026-01-05 03:00:00,,precip,0.0,0.0,,0.1,,,
2026-01-05 04:00:00,,precip,0.0,0.0,,0.1,,,
2026-01-05 05:00:00,,precip,0.0,0.0,,0.1,,,
2026-01-05 06:00:00,,precip,0.0,0.0,,0.1,,,
2026-01-05 07:00:00,,precip,0.0,0.0,,0.1,,,
2026-01-05 08:00:00,,precip,0.0,0.0,,0.2,,,
2026-01-05 09:00:00,,precip,0.0,0.0,,0.1,,,
2026-01-05 10:00:00,,precip,0.0,0.0,,0.2,,,
2026-01-05 11:00:00,,precip,0.0,0.0,,0.1,,,
2026-01-05 12:00:00,,precip,0.0,0.0,,0.2,,,
2026-01-05 13:00:00,,precip,0.0,0.0,,0.3,,,
2026-01-06 03:00:00,,precip,0.0,0.0,,0.1,,,
2026-01-06 04:00:00,,precip,0.0,0.0,,0.1,,,
2026-01-06 05:00:00,,precip,0.0,0.0,,0.1,,,
2026-01-06 06:00:00,,precip,0.0,0.0,,0.2,,,
2026-01-06 07:00:00,,precip,0.0,0.0,,0.2,,,
2026-01-06 08:00:00,,precip,0.0,0.0,,0.1,,,
2026-01-06 09:00:00,,precip,0.0,0.0,,0.1,,,
2026-01-06 10:00:00,,precip,0.0,0.0,,0.2,,,
2026-01-06 11:00:00,,precip,0.0,0.0,,0.2,,,
2026-01-06 12:00:00,,precip,0.0,0.0,,0.2,,,
2026-01-06 13:00:00,,precip,0.0,0.0,,0.2,,,
2026-01-06 14:00:00,,precip,0.0,0.0,,0.2,,,
2026-01-06 15:00:00,,precip,0.0,0.0,,0.1,,,
2026-01-06 16:00:00,,precip,0.0,0.0,,0.2,,,
2026-01-06 17:00:00,,precip,0.0,0.0,,0.2,,,
2026-01-06 18:00:00,,precip,0.0,0.0,,0.1,,,
2026-01-06 19:00:00,,precip,0.0,0.0,,0.1,,,
2026-01-06 21:00:00,,precip,0.0,0.0,,0.1,,,
2026-01-06 22:00:00,,precip,0.0,0.0,,0.1,,,
2026-01-06 23:00:00,,precip,0.0,0.0,,0.1,,,
2026-01-07 00:00:00,,precip,0.0,0.0,,0.2,,,
2026-01-07 01:00:00,,precip,0.0,0.0,,0.5,,,
2026-01-07 02:00:00,,precip,0.0,0.0,,0.5,,,
2026-01-07 03:00:00,,precip,0.0,0.0,,0.5,,,
2026-01-07 04:00:00,,precip,0.0,0.0,,0.6,,,
2026-01-07 05:00:00,,precip,0.0,0.0,,0.4,,,
2026-01-07 06:00:00,,precip,0.0,0.0,,0.5,,,
2026-01-07 07:00:00,,precip,0.0,0.0,,0.8,,,
2026-01-07 08:00:00,,precip,0.0,0.0,,0.5,,,
2026-01-07 09:00:00,,precip,0.0,0.0,,0.3,,,
2026-01-07 10:00:00,,precip,0.0,0.0,,0.3,,,
2026-01-07 11:00:00,,precip,0.0,0.0,,0.3,,,
2026-01-07 12:00:00,,precip,0.0,0.0,,0.2,,,
2026-01-07 13:00:00,,precip,0.0,0.0,,0.1,,,
2026-01-07 14:00:00,,precip,0.0,0.0,,0.2,,,
2026-01-07 15:00:00,,precip,0.0,0.0,,0.2,,,
2026-01-07 16:00:00,,precip,0.0,0.0,,0.2,,,
2026-01-07 17:00:00,,precip,0.0,0.0,,0.1,,,
2026-01-07 18:00:00,,precip,0.0,0.0,,0.1,,,
2026-01-07 19:00:00,,precip,0.0,0.0,,0.1,,,
2026-01-08 00:00:00,,precip,0.0,0.0,,0.1,,,
2026-01-08 01:00:00,,precip,0.0,0.0,,0.1,,,
2026-01-08 02:00:00,,precip,0.0,0.0,,0.1,,,
2026-01-08 03:00:00,,precip,0.0,0.0,,0.2,,,
2026-01-08 04:00:00,,precip,0.0,0.0,,0.3,,,
2026-01-08 05:00:00,,precip,0.0,0.0,,0.3,,,
2026-01-08 06:00:00,,precip,0.0,0.0,,0.2,,,
2026-01-08 07:00:00,,precip,0.0,0.0,,0.2,,,
2026-01-08 08:00:00,,precip,0.0,0.0,,0.1,,,
2026-01-08 09:00:00,,precip,0.0,0.0,,0.1,,,
2026-01-08 10:00:00,,precip,0.0,0.0,,0.1,,,
2026-01-08 12:00:00,,precip,0.0,0.0,,0.1,,,
2026-01-08 14:00:00,,precip,0.0,0.0,,0.1,,,
2026-01-11 10:00:00,,precip,0.0,0.0,,0.1,,,
2026-01-14 12:00:00,,precip,0.0,0.0,,0.1,,,
2026-01-20 11:00:00,,precip,0.0,0.0,,0.1,,,
2026-01-20 12:00:00,,precip,0.0,0.0,,0.1,,,
2026-01-20 13:00:00,,precip,0.0,0.0,,0.1,,,
2026-01-20 14:00:00,,precip,0.0,0.0,,0.1,,,
2026-01-21 02:00:00,,precip,0.0,0.0,,0.1,,,
2026-01-21 03:00:00,,precip,0.0,0.0,,0.1,,,
2026-01-21 04:00:00,,precip,0.0,0.0,,0.2,,,
2026-01-21 05:00:00,,precip,0.0,0.0,,0.3,,,
2026-01-21 06:00:00,,precip,0.0,0.0,,0.2,,,
2026-01-21 07:00:00,,precip,0.0,0.0,,0.2,,,
2026-01-21 08:00:00,,precip,0.0,0.0,,0.1,,,
2026-01-21 09:00:00,,precip,0.0,0.0,,0.1,,,
2026-01-21 10:00:00,,precip,0.0,0.0,,0.2,,,
2026-01-21 11:00:00,,precip,0.0,0.0,,0.2,,,
2026-01-21 12:00:00,,precip,0.0,0.0,,0.3,,,
2026-01-21 13:00:00,,precip,0.0,0.0,,0.1,,,
2026-01-21 14:00:00,,precip,0.0,0.0,,0.1,,,
2026-01-21 15:00:00,,precip,0.0,0.0,,0.1,,,
2026-01-22 04:00:00,,precip,0.0,0.0,,0.1,,,
2026-01-22 05:00:00,,precip,0.0,0.0,,0.2,,,
2026-01-22 06:00:00,,precip,0.0,0.0,,0.1,,,
2026-01-22 07:00:00,,precip,0.0,0.0,,0.1,,,
2026-01-22 08:00:00,,precip,0.0,0.0,,0.1,,,
2026-01-22 09:00:00,,precip,0.0,0.0,,0.2,,,
2026-01-22 10:00:00,,precip,0.0,0.0,,0.1,,,
2026-01-22 11:00:00,,precip,0.0,0.0,,0.2,,,
2026-01-22 12:00:00,,precip,0.0,0.0,,0.1,,,
2026-01-22 13:00:00,,precip,0.0,0.0,,0.1,,,
2026-01-22 14:00:00,,precip,0.0,0.0,,0.1,,,
2026-01-22 15:00:00,,precip,0.0,0.0,,0.1,,,
2026-01-22 16:00:00,,precip,0.0,0.0,,0.1,,,
2026-01-22 17:00:00,,precip,0.0,0.0,,0.1,,,
2026-01-22 18:00:00,,precip,0.0,0.0,,0.1,,,
2026-01-22 19:00:00,,precip,0.0,0.0,,0.1,,,
2026-01-22 20:00:00,,precip,0.0,0.0,,0.1,,,
2026-01-22 21:00:00,,precip,0.0,0.0,,0.2,,,
2026-01-22 22:00:00,,precip,0.0,0.0,,0.1,,,
2026-01-22 23:00:00,,precip,0.0,0.0,,0.2,,,
2026-01-23 00:00:00,,precip,0.0,0.0,,0.3,,,
2026-01-23 01:00:00,,precip,0.0,0.0,,0.2,,,
2026-01-23 02:00:00,,precip,0.0,0.0,,0.3,,,
2026-01-23 03:00:00,,precip,0.0,0.0,,0.2,,,
2026-01-23 04:00:00,,precip,0.0,0.0,,0.2,,,
2026-01-23 05:00:00,,precip,0.0,0.0,,0.2,,,
2026-01-23 06:00:00,,precip,0.0,0.0,,0.2,,,
2026-01-23 07:00:00,,precip,0.0,0.0,,0.2,,,
2026-01-23 08:00:00,,precip,0.0,0.0,,0.2,,,
2026-01-23 09:00:00,,precip,0.0,0.0,,0.2,,,
2026-01-23 10:00:00,,precip,0.0,0.0,,0.2,,,
2026-01-23 11:00:00,,precip,0.0,0.0,,0.2,,,
2026-01-23 12:00:00,,precip,0.0,0.0,,0.2,,,
2026-01-23 13:00:00,,precip,0.0,0.0,,0.3,,,
2026-01-23 14:00:00,,precip,0.0,0.0,,0.3,,,
2026-01-23 15:00:00,,precip,0.0,0.0,,0.3,,,
2026-01-23 16:00:00,,precip,0.0,0.0,,0.4,,,
2026-01-23 17:00:00,,precip,0.0,0.0,,0.2,,,
2026-01-23 18:00:00,,precip,0.0,0.0,,0.2,,,
2026-01-23 19:00:00,,precip,0.0,0.0,,0.1,,,
2026-01-23 20:00:00,,precip,0.0,0.0,,0.2,,,
2026-01-23 21:00:00,,precip,0.0,0.0,,0.2,,,
2026-01-23 22:00:00,,precip,0.0,0.0,,0.1,,,
2026-01-23 23:00:00,,precip,0.0,0.0,,0.2,,,
2026-01-24 00:00:00,,precip,0.0,0.0,,0.2,,,
2026-01-24 01:00:00,,precip,0.0,0.0,,0.4,,,
2026-01-24 02:00:00,,precip,0.0,0.0,,0.4,,,
2026-01-24 03:00:00,,precip,0.0,0.0,,0.4,,,
2026-01-24 04:00:00,,precip,0.0,0.0,,0.3,,,
2026-01-24 05:00:00,,precip,0.0,0.0,,0.5,,,
2026-01-24 06:00:00,,precip,0.0,0.0,,0.2,,,
2026-01-24 07:00:00,,precip,0.0,0.0,,0.3,,,
2026-01-24 08:00:00,,precip,0.0,0.0,,0.2,,,
2026-01-24 09:00:00,,precip,0.0,0.0,,0.3,,,
2026-01-24 10:00:00,,precip,0.0,0.0,,0.2,,,
2026-01-24 11:00:00,,precip,0.0,0.0,,0.1,,,
2026-01-27 01:00:00,,precip,0.0,0.0,,0.1,,,
2026-01-27 02:00:00,,precip,0.0,0.0,,0.2,,,
2026-01-27 03:00:00,,precip,0.0,0.0,,0.2,,,
2026-01-27 04:00:00,,precip,0.0,0.0,,0.3,,,
2026-01-27 05:00:00,,precip,0.0,0.0,,0.3,,,
2026-01-27 06:00:00,,precip,0.0,0.0,,0.3,,,
2026-01-27 07:00:00,,precip,0.0,0.0,,0.3,,,
2026-01-27 08:00:00,,precip,0.0,0.0,,0.3,,,
2026-01-27 09:00:00,,precip,0.0,0.0,,0.2,,,
2026-01-27 10:00:00,,precip,0.0,0.0,,0.2,,,
2026-01-27 11:00:00,,precip,0.0,0.0,,0.2,,,
2026-01-27 12:00:00,,precip,0.0,0.0,,0.3,,,
2026-01-27 13:00:00,,precip,0.0,0.0,,0.2,,,
2026-01-27 14:00:00,,precip,0.0,0.0,,0.2,,,
2026-01-27 15:00:00,,precip,0.0,0.0,,0.1,,,
2026-01-27 16:00:00,,precip,0.0,0.0,,0.1,,,
2026-01-28 02:00:00,,precip,0.0,0.0,,0.1,,,
2026-01-28 03:00:00,,precip,0.0,0.0,,0.1,,,
2026-01-28 04:00:00,,precip,0.0,0.0,,0.1,,,
2026-01-28 05:00:00,,precip,0.0,0.0,,0.2,,,
2026-01-28 06:00:00,,precip,0.0,0.0,,0.1,,,
2026-01-28 07:00:00,,precip,0.0,0.0,,0.1,,,
2026-01-28 08:00:00,,precip,0.0,0.0,,0.1,,,
2026-01-28 09:00:00,,precip,0.0,0.0,,0.2,,,
2026-01-28 10:00:00,,precip,0.0,0.0,,0.2,,,
2026-01-28 11:00:00,,precip,0.0,0.0,,0.2,,,
2026-01-28 12:00:00,,precip,0.0,0.0,,0.1,,,
2026-01-28 13:00:00,,precip,0.0,0.0,,0.1,,,
2026-01-28 14:00:00,,precip,0.0,0.0,,0.1,,,
2026-01-28 15:00:00,,precip,0.0,0.0,,0.1,,,
2026-01-28 16:00:00,,precip,0.0,0.0,,0.1,,,
2026-01-28 17:00:00,,precip,0.0,0.0,,0.1,,,
2026-01-28 18:00:00,,precip,0.0,0.0,,0.1,,,
2026-01-28 19:00:00,,precip,0.0,0.0,,0.1,,,
2026-01-28 21:00:00,,precip,0.0,0.0,,0.1,,,
2026-01-28 23:00:00,,precip,0.0,0.0,,0.1,,,
2026-01-29 00:00:00,,precip,0.0,0.0,,0.1,,,
2026-01-29 02:00:00,,precip,0.0,0.0,,0.3,,,
2026-01-29 03:00:00,,precip,0.0,0.0,,0.4,,,
2026-01-29 04:00:00,,precip,0.0,0.0,,0.3,,,
2026-01-29 05:00:00,,precip,0.0,0.0,,0.5,,,
2026-01-29 06:00:00,,precip,0.0,0.0,,0.7,,,
2026-01-29 07:00:00,,precip,0.0,0.0,,0.3,,,
2026-01-29 08:00:00,,precip,0.0,0.0,,0.5,,,
2026-01-29 09:00:00,,precip,0.0,0.0,,0.3,,,
2026-01-29 10:00:00,,precip,0.0,0.0,,0.2,,,
2026-01-29 11:00:00,,precip,0.0,0.0,,0.2,,,
2026-01-29 12:00:00,,precip,0.0,0.0,,0.1,,,
2026-01-31 10:00:00,,precip,0.0,0.0,,0.1,,,
2026-01-31 11:00:00,,precip,0.0,0.0,,0.1,,,
2026-01-31 12:00:00,,precip,0.0,0.0,,0.1,,,
2026-01-31 13:00:00,,precip,0.0,0.0,,0.1,,,
2026-01-31 14:00:00,,precip,0.0,0.0,,0.1,,,
2026-02-01 01:00:00,,precip,0.0,0.0,,0.1,,,
2026-02-01 02:00:00,,precip,0.0,0.0,,0.3,,,
2026-02-01 03:00:00,,precip,0.0,0.0,,0.3,,,
2026-02-01 04:00:00,,precip,0.0,0.0,,0.4,,,
2026-02-01 05:00:00,,precip,0.0,0.0,,0.4,,,
2026-02-01 06:00:00,,precip,0.0,0.0,,0.4,,,
2026-02-01 07:00:00,,precip,0.0,0.0,,0.6,,,
2026-02-01 08:00:00,,precip,0.0,0.0,,0.6,,,
2026-02-01 09:00:00,,precip,0.0,0.0,,0.6,,,
2026-02-01 10:00:00,,precip,0.0,0.0,,0.8,,,
2026-02-01 11:00:00,,precip,0.0,0.0,,0.6,,,
2026-02-01 12:00:00,,precip,0.0,0.0,,0.6,,,
2026-02-01 13:00:00,,precip,0.0,0.0,,0.3,,,
2026-02-01 14:00:00,,precip,0.0,0.0,,0.4,,,
2026-02-01 15:00:00,,precip,0.0,0.0,,0.2,,,
2026-02-01 16:00:00,,precip,0.0,0.0,,0.2,,,
2026-02-01 17:00:00,,precip,0.0,0.0,,0.3,,,
2026-02-01 18:00:00,,precip,0.0,0.0,,0.1,,,
2026-02-01 19:00:00,,precip,0.0,0.0,,0.1,,,
2026-02-01 20:00:00,,precip,0.0,0.0,,0.6,,,
2026-02-01 21:00:00,,precip,0.0,0.0,,0.5,,,
2026-02-01 22:00:00,,precip,0.0,0.0,,0.4,,,
2026-02-01 23:00:00,,precip,0.0,0.0,,0.3,,,
2026-02-02 00:00:00,,precip,0.0,0.0,,0.2,,,
2026-02-02 01:00:00,,precip,0.0,0.0,,0.2,,,
2026-02-02 02:00:00,,precip,0.0,0.0,,0.2,,,
2026-02-02 03:00:00,,precip,0.0,0.0,,0.2,,,
2026-02-02 04:00:00,,precip,0.0,0.0,,0.3,,,
2026-02-02 05:00:00,,precip,0.0,0.0,,0.4,,,
2026-02-02 06:00:00,,precip,0.0,0.0,,0.4,,,
2026-02-02 07:00:00,,precip,0.0,0.0,,0.8,,,
2026-02-02 08:00:00,,precip,0.0,0.0,,0.9,,,
2026-02-02 09:00:00,,precip,0.0,0.0,,1.0,,,
2026-02-02 10:00:00,,precip,0.0,0.0,,0.9,,,
2026-02-02 11:00:00,,precip,0.0,0.0,,0.9,,,
2026-02-02 12:00:00,,precip,0.0,0.0,,0.9,,,
2026-02-02 13:00:00,,precip,0.0,0.0,,0.6,,,
2026-02-02 14:00:00,,precip,0.0,0.0,,0.5,,,
2026-02-02 15:00:00,,precip,0.0,0.0,,0.4,,,
2026-02-02 16:00:00,,precip,0.0,0.0,,0.2,,,
2026-02-02 17:00:00,,precip,0.0,0.0,,0.2,,,
2026-02-02 18:00:00,,precip,0.0,0.0,,0.2,,,
2026-02-02 19:00:00,,precip,0.0,0.0,,0.2,,,
2026-02-02 20:00:00,,precip,0.0,0.0,,0.3,,,
2026-02-02 21:00:00,,precip,0.0,0.0,,0.4,,,
2026-02-02 22:00:00,,precip,0.0,0.0,,0.2,,,
2026-02-02 23:00:00,,precip,0.0,0.0,,0.3,,,
2026-02-03 00:00:00,,precip,0.0,0.0,,0.4,,,
2026-02-03 01:00:00,,precip,0.0,0.0,,0.1,,,
2026-02-03 02:00:00,,precip,0.0,0.0,,0.3,,,
2026-02-03 03:00:00,,precip,0.0,0.0,,0.4,,,
2026-02-03 04:00:00,,precip,0.0,0.0,,0.3,,,
2026-02-03 05:00:00,,precip,0.0,0.0,,0.2,,,
2026-02-03 06:00:00,,precip,0.0,0.0,,0.3,,,
2026-02-03 07:00:00,,precip,0.0,0.0,,0.2,,,
2026-02-03 08:00:00,,precip,0.0,0.0,,0.2,,,
2026-02-03 09:00:00,,precip,0.0,0.0,,0.2,,,
2026-02-03 10:00:00,,precip,0.0,0.0,,0.1,,,
2026-02-03 11:00:00,,precip,0.0,0.0,,0.1,,,
2026-02-03 12:00:00,,precip,0.0,0.0,,0.1,,,
2026-02-03 13:00:00,,precip,0.0,0.0,,0.1,,,
2026-02-03 14:00:00,,precip,0.0,0.0,,0.1,,,
2026-02-04 04:00:00,,precip,0.0,0.0,,0.1,,,
2026-02-07 22:00:00,,precip,0.0,0.0,,0.1,,,
2026-02-07 23:00:00,,precip,0.0,0.0,,0.3,,,
2026-02-08 00:00:00,,precip,0.0,0.0,,0.1,,,
2026-02-08 01:00:00,,precip,0.0,0.0,,0.2,,,
2026-02-08 02:00:00,,precip,0.0,0.0,,0.1,,,
2026-02-08 03:00:00,,precip,0.0,0.0,,0.1,,,
2026-02-08 04:00:00,,precip,0.0,0.0,,0.1,,,
2026-02-08 05:00:00,,precip,0.0,0.0,,0.1,,,
2026-02-08 06:00:00,,precip,0.0,0.0,,0.1,,,
2026-02-08 07:00:00,,precip,0.0,0.0,,0.1,,,
2026-02-08 08:00:00,,precip,0.0,0.0,,0.2,,,
2026-02-08 09:00:00,,precip,0.0,0.0,,0.4,,,
2026-02-08 10:00:00,,precip,0.0,0.0,,0.8,,,
2026-02-08 11:00:00,,precip,0.0,0.0,,0.5,,,
2026-02-08 12:00:00,,precip,0.0,0.0,,0.6,,,
2026-02-08 13:00:00,,precip,0.0,0.0,,0.5,,,
2026-02-08 14:00:00,,precip,0.0,0.0,,0.3,,,
2026-02-08 15:00:00,,precip,0.0,0.0,,0.1,,,
2026-02-08 17:00:00,,precip,0.0,0.0,,0.2,,,
2026-02-08 18:00:00,,precip,0.0,0.0,,0.2,,,
2026-02-08 19:00:00,,precip,0.0,0.0,,0.3,,,
2026-02-08 20:00:00,,precip,0.0,0.0,,0.1,,,
2026-02-08 21:00:00,,precip,0.0,0.0,,0.3,,,
2026-02-08 22:00:00,,precip,0.0,0.0,,0.5,,,
2026-02-08 23:00:00,,precip,0.0,0.0,,0.4,,,
2026-02-09 00:00:00,,precip,0.0,0.0,,0.4,,,
2026-02-09 01:00:00,,precip,0.0,0.0,,0.5,,,
2026-02-09 02:00:00,,precip,0.0,0.0,,0.7,,,
2026-02-09 03:00:00,,precip,0.0,0.0,,0.9,,,
2026-02-09 04:00:00,,precip,0.0,0.0,,0.5,,,
2026-02-09 05:00:00,,precip,0.0,0.0,,0.6,,,
2026-02-09 06:00:00,,precip,0.0,0.0,,0.4,,,
2026-02-09 07:00:00,,precip,0.0,0.0,,0.2,,,
2026-02-09 08:00:00,,precip,0.0,0.0,,0.3,,,
2026-02-09 09:00:00,,precip,0.0,0.0,,0.2,,,
2026-02-09 10:00:00,,precip,0.0,0.0,,0.3,,,
2026-02-09 11:00:00,,precip,0.0,0.0,,0.2,,,
2026-02-09 12:00:00,,precip,0.0,0.0,,0.2,,,
2026-02-09 13:00:00,,precip,0.0,0.0,,0.2,,,
2026-02-09 14:00:00,,precip,0.0,0.0,,0.1,,,
2026-02-09 15:00:00,,precip,0.0,0.0,,0.1,,,
2026-02-09 16:00:00,,precip,0.0,0.0,,0.1,,,
2026-02-10 02:00:00,,precip,0.0,0.0,,0.1,,,
2026-02-10 03:00:00,,precip,0.0,0.0,,0.1,,,
2026-02-10 04:00:00,,precip,0.0,0.0,,0.1,,,
2026-02-10 05:00:00,,precip,0.0,0.0,,0.1,,,
2026-02-10 06:00:00,,precip,0.0,0.0,,0.1,,,
2026-02-10 07:00:00,,precip,0.0,0.0,,0.1,,,
2026-02-10 08:00:00,,precip,0.0,0.0,,0.1,,,
2026-02-10 09:00:00,,precip,0.0,0.0,,0.1,,,
2026-02-10 10:00:00,,precip,0.0,0.0,,0.1,,,
2026-02-11 09:00:00,,precip,0.0,0.0,,0.1,,,
2026-02-11 11:00:00,,precip,0.0,0.0,,0.1,,,
2026-02-11 13:00:00,,precip,0.0,0.0,,0.1,,,
2026-02-17 02:00:00,,precip,0.0,0.0,,0.1,,,
2026-02-17 03:00:00,,precip,0.0,0.0,,0.1,,,
2026-02-17 04:00:00,,precip,0.0,0.0,,0.1,,,
2026-02-17 05:00:00,,precip,0.0,0.0,,0.1,,,
2026-02-17 06:00:00,,precip,0.0,0.0,,0.1,,,
2026-02-17 07:00:00,,precip,0.0,0.0,,0.1,,,
2026-02-17 08:00:00,,precip,0.0,0.0,,0.2,,,
2026-02-17 09:00:00,,precip,0.0,0.0,,0.3,,,
2026-02-17 10:00:00,,precip,0.0,0.0,,0.2,,,
2026-02-17 11:00:00,,precip,0.0,0.0,,0.2,,,
2026-02-17 12:00:00,,precip,0.0,0.0,,0.2,,,
2026-02-17 13:00:00,,precip,0.0,0.0,,0.2,,,
2026-02-17 14:00:00,,precip,0.0,0.0,,0.1,,,
2026-02-17 15:00:00,,precip,0.0,0.0,,0.1,,,
2026-02-17 16:00:00,,precip,0.0,0.0,,0.1,,,
2026-02-17 17:00:00,,precip,0.0,0.0,,0.1,,,
2026-02-17 18:00:00,,precip,0.0,0.0,,0.1,,,
2026-02-17 20:00:00,,precip,0.0,0.0,,0.1,,,
2026-02-17 21:00:00,,precip,0.0,0.0,,0.1,,,
2026-02-17 22:00:00,,precip,0.0,0.0,,0.1,,,
2026-02-17 23:00:00,,precip,0.0,0.0,,0.2,,,
2026-02-18 00:00:00,,precip,0.0,0.0,,0.3,,,
2026-02-18 01:00:00,,precip,0.0,0.0,,0.3,,,
2026-02-18 02:00:00,,precip,0.0,0.0,,0.7,,,
2026-02-18 03:00:00,,precip,0.0,0.0,,0.6,,,
2026-02-18 04:00:00,,precip,0.0,0.0,,0.4,,,
2026-02-18 05:00:00,,precip,0.0,0.0,,0.4,,,
2026-02-18 06:00:00,,precip,0.0,0.0,,0.4,,,
2026-02-18 07:00:00,,precip,0.0,0.0,,0.3,,,
2026-02-18 08:00:00,,precip,0.0,0.0,,0.5,,,
2026-02-18 09:00:00,,precip,0.0,0.0,,0.4,,,
2026-02-18 10:00:00,,precip,0.0,0.0,,0.6,,,
2026-02-18 11:00:00,,precip,0.0,0.0,,0.6,,,
2026-02-18 12:00:00,,precip,0.0,0.0,,0.5,,,
2026-02-18 13:00:00,,precip,0.0,0.0,,0.6,,,
2026-02-18 14:00:00,,precip,0.0,0.0,,0.3,,,
2026-02-18 15:00:00,,precip,0.0,0.0,,0.6,,,
2026-02-18 16:00:00,,precip,0.0,0.0,,1.0,,,
2026-02-18 17:00:00,,precip,0.0,0.0,,0.4,,,
2026-02-18 18:00:00,,precip,0.0,0.0,,0.7,,,
2026-02-18 19:00:00,,precip,0.0,0.0,,0.4,,,
2026-02-18 20:00:00,,precip,0.0,0.0,,0.3,,,
2026-02-18 21:00:00,,precip,0.0,0.0,,0.1,,,
2026-02-18 22:00:00,,precip,0.0,0.0,,0.2,,,
2026-02-18 23:00:00,,precip,0.0,0.0,,0.3,,,
2026-02-19 00:00:00,,precip,0.0,0.0,,0.4,,,
2026-02-19 01:00:00,,precip,0.0,0.0,,0.4,,,
2026-02-19 02:00:00,,precip,0.0,0.0,,0.1,,,
2026-02-19 03:00:00,,precip,0.0,0.0,,0.1,,,
2026-02-19 04:00:00,,precip,0.0,0.0,,0.1,,,
2026-02-19 05:00:00,,precip,0.0,0.0,,0.1,,,
2026-02-19 06:00:00,,precip,0.0,0.0,,0.3,,,
2026-02-19 07:00:00,,precip,0.0,0.0,,0.4,,,
2026-02-19 08:00:00,,precip,0.0,0.0,,0.3,,,
2026-02-19 09:00:00,,precip,0.0,0.0,,0.4,,,
2026-02-19 10:00:00,,precip,0.0,0.0,,0.5,,,
2026-02-19 11:00:00,,precip,0.0,0.0,,0.3,,,
2026-02-19 12:00:00,,precip,0.0,0.0,,0.4,,,
2026-02-19 13:00:00,,precip,0.0,0.0,,0.3,,,
2026-02-19 14:00:00,,precip,0.0,0.0,,0.2,,,
2026-02-19 15:00:00,,precip,0.0,0.0,,0.1,,,
2026-02-19 16:00:00,,precip,0.0,0.0,,0.1,,,
2026-02-19 17:00:00,,precip,0.0,0.0,,0.1,,,
2026-02-19 18:00:00,,precip,0.0,0.0,,0.1,,,
2026-02-19 19:00:00,,precip,0.0,0.0,,0.1,,,
2026-02-19 20:00:00,,precip,0.0,0.0,,0.1,,,
2026-02-19 21:00:00,,precip,0.0,0.0,,0.2,,,
2026-02-19 22:00:00,,precip,0.0,0.0,,0.4,,,
2026-02-19 23:00:00,,precip,0.0,0.0,,0.2,,,
2026-02-20 00:00:00,,precip,0.0,0.0,,0.2,,,
2026-02-20 01:00:00,,precip,0.0,0.0,,0.2,,,
2026-02-20 02:00:00,,precip,0.0,0.0,,0.1,,,
2026-02-20 03:00:00,,precip,0.0,0.0,,0.1,,,
2026-02-20 04:00:00,,precip,0.0,0.0,,0.1,,,
2026-02-20 05:00:00,,precip,0.0,0.0,,0.1,,,
2026-02-20 06:00:00,,precip,0.0,0.0,,0.1,,,
2026-02-20 07:00:00,,precip,0.0,0.0,,0.1,,,
2026-02-20 08:00:00,,precip,0.0,0.0,,0.1,,,
2026-02-20 09:00:00,,precip,0.0,0.0,,0.3,,,
2026-02-20 10:00:00,,precip,0.0,0.0,,0.1,,,
2026-02-20 11:00:00,,precip,0.0,0.0,,0.2,,,
2026-02-20 12:00:00,,precip,0.0,0.0,,0.2,,,
2026-02-20 13:00:00,,precip,0.0,0.0,,0.1,,,
2026-02-20 14:00:00,,precip,0.0,0.0,,0.1,,,
2026-02-21 00:00:00,,precip,0.0,0.0,,0.1,,,
2026-02-23 02:00:00,,precip,0.0,0.0,,0.1,,,
2026-02-23 03:00:00,,precip,0.0,0.0,,0.1,,,
2026-02-23 04:00:00,,precip,0.0,0.0,,0.1,,,
2026-02-27 07:00:00,,precip,0.0,0.0,,0.1,,,
2026-02-27 08:00:00,,precip,0.0,0.0,,0.1,,,
2026-02-27 09:00:00,,precip,0.0,0.0,,0.4,,,
2026-02-27 10:00:00,,precip,0.0,0.0,,1.5,,,
2026-02-27 11:00:00,,precip,0.0,0.0,,0.9,,,
2026-02-27 12:00:00,,precip,0.0,0.0,,0.6,,,
2026-02-27 13:00:00,,precip,0.0,0.0,,0.4,,,
2026-02-27 14:00:00,,precip,0.0,0.0,,0.7,,,
2026-02-27 15:00:00,,precip,0.0,0.0,,0.5,,,
2026-02-27 16:00:00,,precip,0.0,0.0,,0.6,,,
2026-02-27 17:00:00,,precip,0.0,0.0,,1.0,,,
2026-02-27 18:00:00,,precip,0.0,0.0,,1.0,,,
2026-02-27 19:00:00,,precip,0.0,0.0,,1.1,,,
2026-02-27 20:00:00,,precip,0.0,0.0,,0.7,,,
2026-02-27 21:00:00,,precip,0.0,0.0,,1.2,,,
2026-02-27 22:00:00,,precip,0.0,0.0,,0.4,,,
2026-02-27 23:00:00,,precip,0.0,0.0,,0.1,,,
2026-03-01 15:00:00,,precip,0.0,0.0,,0.1,,,
2026-03-01 16:00:00,,precip,0.0,0.0,,0.3,,,
2026-03-02 14:00:00,,precip,0.0,0.0,,0.3,,,
2026-03-02 17:00:00,,precip,0.0,0.0,,0.3,,,
2026-03-03 13:00:00,,precip,0.0,0.0,,0.3,,,
2026-03-03 15:00:00,,precip,0.0,0.0,,0.4,,,
2026-03-03 16:00:00,,precip,0.0,0.0,,0.4,,,
2026-03-03 17:00:00,,precip,0.0,0.0,,0.3,,,
2026-03-03 18:00:00,,precip,0.0,0.0,,0.4,,,
2026-03-03 19:00:00,,precip,0.0,0.0,,1.8,,,
2026-03-03 20:00:00,,precip,0.0,0.0,,1.5,,,
2026-03-03 21:00:00,,precip,0.0,0.0,,0.3,,,
2026-03-03 22:00:00,,precip,0.0,0.0,,0.7,,,
2026-03-03 23:00:00,,precip,0.0,0.0,,0.5,,,
2026-03-04 00:00:00,,precip,0.0,0.0,,1.2,,,
2026-03-04 01:00:00,,precip,0.0,0.0,,2.5,,,
2026-03-04 02:00:00,,precip,0.0,0.0,,1.0,,,
2026-03-04 03:00:00,,precip,0.0,0.0,,2.0,,,
2026-03-04 04:00:00,,precip,0.0,0.0,,3.5,,,
2026-03-04 05:00:00,,precip,0.0,0.0,,5.6,,,
2026-03-04 06:00:00,,precip,0.0,0.0,,9.0,,,
2026-03-04 07:00:00,,precip,0.0,0.0,,9.0,,,
2026-03-04 08:00:00,,precip,0.0,0.0,,6.2,,,
2026-03-04 09:00:00,,precip,0.0,0.0,,3.5,,,
2026-03-04 10:00:00,,precip,0.0,0.0,,0.9,,,
2026-03-04 11:00:00,,precip,0.0,0.0,,0.3,,,
2026-03-04 12:00:00,,precip,0.0,0.0,,0.4,,,
2026-03-04 13:00:00,,precip,0.0,0.0,,0.5,,,
2026-03-04 14:00:00,,precip,0.0,0.0,,0.9,,,
2026-03-04 15:00:00,,precip,0.0,0.0,,0.5,,,
2026-03-04 16:00:00,,precip,0.0,0.0,,0.4,,,
2026-03-04 17:00:00,,precip,0.0,0.0,,0.3,,,
2026-03-04 18:00:00,,precip,0.0,0.0,,0.2,,,
2026-03-04 19:00:00,,precip,0.0,0.0,,0.1,,,
2026-03-04 20:00:00,,precip,0.0,0.0,,0.1,,,
2026-03-04 21:00:00,,precip,0.0,0.0,,0.2,,,
2026-03-04 22:00:00,,precip,0.0,0.0,,0.2,,,
2026-03-04 23:00:00,,precip,0.0,0.0,,0.2,,,
2026-03-05 00:00:00,,precip,0.0,0.0,,0.3,,,
2026-03-05 01:00:00,,precip,0.0,0.0,,0.4,,,
2026-03-05 02:00:00,,precip,0.0,0.0,,0.6,,,
2026-03-05 03:00:00,,precip,0.0,0.0,,0.7,,,
2026-03-05 04:00:00,,precip,0.0,0.0,,0.5,,,
2026-03-05 05:00:00,,precip,0.0,0.0,,0.4,,,
2026-03-05 06:00:00,,precip,0.0,0.0,,0.3,,,
2026-03-05 07:00:00,,precip,0.0,0.0,,0.2,,,
2026-03-05 08:00:00,,precip,0.0,0.0,,0.2,,,
2026-03-05 09:00:00,,precip,0.0,0.0,,0.2,,,
2026-03-05 10:00:00,,precip,0.0,0.0,,0.1,,,
2026-03-05 11:00:00,,precip,0.0,0.0,,0.2,,,
2026-03-05 12:00:00,,precip,0.0,0.0,,0.3,,,
2026-03-05 13:00:00,,precip,0.0,0.0,,0.3,,,
2026-03-05 14:00:00,,precip,0.0,0.0,,0.2,,,
2026-03-05 15:00:00,,precip,0.0,0.0,,1.0,,,
2026-03-05 16:00:00,,precip,0.0,0.0,,0.5,,,
2026-03-05 17:00:00,,precip,0.0,0.0,,0.4,,,
2026-03-05 18:00:00,,precip,0.0,0.0,,0.5,,,
2026-03-05 19:00:00,,precip,0.0,0.0,,0.5,,,
2026-03-05 20:00:00,,precip,0.0,0.0,,0.5,,,
2026-03-05 21:00:00,,precip,0.0,0.0,,0.6,,,
2026-03-05 22:00:00,,precip,0.0,0.0,,1.0,,,
2026-03-05 23:00:00,,precip,0.0,0.0,,1.0,,,
2026-03-06 00:00:00,,precip,0.0,0.0,,1.3,,,
2026-03-06 01:00:00,,precip,0.0,0.0,,0.7,,,
2026-03-06 02:00:00,,precip,0.0,0.0,,0.4,,,
2026-03-06 03:00:00,,precip,0.0,0.0,,0.7,,,
2026-03-06 04:00:00,,precip,0.0,0.0,,1.1,,,
2026-03-06 05:00:00,,precip,0.0,0.0,,1.0,,,
2026-03-06 06:00:00,,precip,0.0,0.0,,0.6,,,
2026-03-06 07:00:00,,precip,0.0,0.0,,0.3,,,
2026-03-06 08:00:00,,precip,0.0,0.0,,0.3,,,
2026-03-06 09:00:00,,precip,0.0,0.0,,0.2,,,
2026-03-06 10:00:00,,precip,0.0,0.0,,0.7,,,
2026-03-06 11:00:00,,precip,0.0,0.0,,0.9,,,
2026-03-06 12:00:00,,precip,0.0,0.0,,0.5,,,
2026-03-06 13:00:00,,precip,0.0,0.0,,0.2,,,
2026-03-06 14:00:00,,precip,0.0,0.0,,0.1,,,
2026-03-06 15:00:00,,precip,0.0,0.0,,0.1,,,
2026-03-06 16:00:00,,precip,0.0,0.0,,0.3,,,
2026-03-06 17:00:00,,precip,0.0,0.0,,0.1,,,
2026-03-06 19:00:00,,precip,0.0,0.0,,0.1,,,
2026-03-06 20:00:00,,precip,0.0,0.0,,0.1,,,
2026-03-07 01:00:00,,precip,0.0,0.0,,0.1,,,
2026-03-07 03:00:00,,precip,0.0,0.0,,0.1,,,
2026-03-07 04:00:00,,precip,0.0,0.0,,0.1,,,
2026-03-07 05:00:00,,precip,0.0,0.0,,0.2,,,
2026-03-07 06:00:00,,precip,0.0,0.0,,0.2,,,
2026-03-07 07:00:00,,precip,0.0,0.0,,0.1,,,
2026-03-07 08:00:00,,precip,0.0,0.0,,0.2,,,
2026-03-07 09:00:00,,precip,0.0,0.0,,0.3,,,
2026-03-07 10:00:00,,precip,0.0,0.0,,0.3,,,
2026-03-07 11:00:00,,precip,0.0,0.0,,0.2,,,
2026-03-08 02:00:00,,precip,0.0,0.0,,0.1,,,
2026-03-08 03:00:00,,precip,0.0,0.0,,0.1,,,
2026-03-08 04:00:00,,precip,0.0,0.0,,0.1,,,
2026-03-08 05:00:00,,precip,0.0,0.0,,0.2,,,
2026-03-08 06:00:00,,precip,0.0,0.0,,0.2,,,
2026-03-08 07:00:00,,precip,0.0,0.0,,0.2,,,
2026-03-08 08:00:00,,precip,0.0,0.0,,0.2,,,
2026-03-08 09:00:00,,precip,0.0,0.0,,0.2,,,
2026-03-08 10:00:00,,precip,0.0,0.0,,0.1,,,
2026-03-08 11:00:00,,precip,0.0,0.0,,0.2,,,
2026-03-08 12:00:00,,precip,0.0,0.0,,0.2,,,
2026-03-08 13:00:00,,precip,0.0,0.0,,0.2,,,
2026-03-08 14:00:00,,precip,0.0,0.0,,0.1,,,
2026-03-08 15:00:00,,precip,0.0,0.0,,0.2,,,
2026-03-08 16:00:00,,precip,0.0,0.0,,0.6,,,
2026-03-08 17:00:00,,precip,0.0,0.0,,0.2,,,
2026-03-08 18:00:00,,precip,0.0,0.0,,0.3,,,
2026-03-08 19:00:00,,precip,0.0,0.0,,0.2,,,
2026-03-08 20:00:00,,precip,0.0,0.0,,0.2,,,
2026-03-08 21:00:00,,precip,0.0,0.0,,0.3,,,
2026-03-08 22:00:00,,precip,0.0,0.0,,1.1,,,
2026-03-08 23:00:00,,precip,0.0,0.0,,0.6,,,
2026-03-09 00:00:00,,precip,0.0,0.0,,0.5,,,
2026-03-09 01:00:00,,precip,0.0,0.0,,0.5,,,
2026-03-09 02:00:00,,precip,0.0,0.0,,0.6,,,
2026-03-09 03:00:00,,precip,0.0,0.0,,0.6,,,
2026-03-09 04:00:00,,precip,0.0,0.0,,0.6,,,
2026-03-09 05:00:00,,precip,0.0,0.0,,0.4,,,
2026-03-09 06:00:00,,precip,0.0,0.0,,0.3,,,
2026-03-09 07:00:00,,precip,0.0,0.0,,0.2,,,
2026-03-09 08:00:00,,precip,0.0,0.0,,0.4,,,
2026-03-09 09:00:00,,precip,0.0,0.0,,0.7,,,
2026-03-09 10:00:00,,precip,0.0,0.0,,0.5,,,
2026-03-09 11:00:00,,precip,0.0,0.0,,0.3,,,
2026-03-09 12:00:00,,precip,0.0,0.0,,0.2,,,
2026-03-09 13:00:00,,precip,0.0,0.0,,0.5,,,
2026-03-09 14:00:00,,precip,0.0,0.0,,0.2,,,
2026-03-09 15:00:00,,precip,0.0,0.0,,0.3,,,
2026-03-09 16:00:00,,precip,0.0,0.0,,0.6,,,
2026-03-09 17:00:00,,precip,0.0,0.0,,0.3,,,
2026-03-09 18:00:00,,precip,0.0,0.0,,0.2,,,
2026-03-09 19:00:00,,precip,0.0,0.0,,0.4,,,
2026-03-09 20:00:00,,precip,0.0,0.0,,0.3,,,
2026-03-09 21:00:00,,precip,0.0,0.0,,0.4,,,
2026-03-09 22:00:00,,precip,0.0,0.0,,0.4,,,
2026-03-09 23:00:00,,precip,0.0,0.0,,0.8,,,
2026-03-10 00:00:00,,precip,0.0,0.0,,0.7,,,
2026-03-10 01:00:00,,precip,0.0,0.0,,0.7,,,
2026-03-10 02:00:00,,precip,0.0,0.0,,0.9,,,
2026-03-10 03:00:00,,precip,0.0,0.0,,0.9,,,
2026-03-10 04:00:00,,precip,0.0,0.0,,0.9,,,
2026-03-10 05:00:00,,precip,0.0,0.0,,1.2,,,
2026-03-10 06:00:00,,precip,0.0,0.0,,0.7,,,
2026-03-10 07:00:00,,precip,0.0,0.0,,1.0,,,
2026-03-10 08:00:00,,precip,0.0,0.0,,1.3,,,
2026-03-10 09:00:00,,precip,0.0,0.0,,2.2,,,
2026-03-10 10:00:00,,precip,0.0,0.0,,1.4,,,
2026-03-10 11:00:00,,precip,0.0,0.0,,1.7,,,
2026-03-10 12:00:00,,precip,0.0,0.0,,0.5,,,
2026-03-10 13:00:00,,precip,0.0,0.0,,1.4,,,
2026-03-10 14:00:00,,precip,0.0,0.0,,0.8,,,
2026-03-10 15:00:00,,precip,0.0,0.0,,0.6,,,
2026-03-10 16:00:00,,precip,0.0,0.0,,0.3,,,
2026-03-10 17:00:00,,precip,0.0,0.0,,0.7,,,
2026-03-10 18:00:00,,precip,0.0,0.0,,0.2,,,
2026-03-10 19:00:00,,precip,0.0,0.0,,0.1,,,
2026-03-10 20:00:00,,precip,0.0,0.0,,0.2,,,
2026-03-10 21:00:00,,precip,0.0,0.0,,0.6,,,
2026-03-10 22:00:00,,precip,0.0,0.0,,0.5,,,
2026-03-10 23:00:00,,precip,0.0,0.0,,0.4,,,
2023-03-13 13:00:00,,precipprob,0.0,0.0,,,100.0,,
2023-03-13 19:00:00,,precipprob,0.0,0.0,,,100.0,,
2023-03-14 01:00:00,,precipprob,0.0,0.0,,,100.0,,
2023-03-14 13:00:00,,precipprob,0.0,0.0,,,100.0,,
2023-03-16 19:00:00,,precipprob,0.0,0.0,,,100.0,,
2023-03-27 19:00:00,,precipprob,0.0,0.0,,,100.0,,
2023-03-28 01:00:00,,precipprob,0.0,0.0,,,100.0,,
2023-03-30 07:00:00,,precipprob,0.0,0.0,,,100.0,,
2023-04-02 19:00:00,,precipprob,0.0,0.0,,,100.0,,
2023-04-03 01:00:00,,precipprob,0.0,0.0,,,100.0,,
2023-04-09 01:00:00,,precipprob,0.0,0.0,,,100.0,,
2023-04-15 19:00:00,,precipprob,0.0,0.0,,,100.0,,
2023-04-16 01:00:00,,precipprob,0.0,0.0,,,100.0,,
2023-04-16 13:00:00,,precipprob,0.0,0.0,,,100.0,,
2023-04-21 19:00:00,,precipprob,0.0,0.0,,,100.0,,
2023-04-22 01:00:00,,precipprob,0.0,0.0,,,100.0,,
2023-04-23 19:00:00,,precipprob,0.0,0.0,,,100.0,,
2023-04-24 01:00:00,,precipprob,0.0,0.0,,,100.0,,
2023-04-26 19:00:00,,precipprob,0.0,0.0,,,100.0,,
2023-04-27 19:00:00,,precipprob,0.0,0.0,,,100.0,,
2023-04-28 19:00:00,,precipprob,0.0,0.0,,,100.0,,
2023-04-30 13:00:00,,precipprob,0.0,0.0,,,100.0,,
2023-04-30 19:00:00,,precipprob,0.0,0.0,,,100.0,,
2023-05-10 19:00:00,,precipprob,0.0,0.0,,,100.0,,
2023-05-11 13:00:00,,precipprob,0.0,0.0,,,100.0,,
2023-05-11 19:00:00,,precipprob,0.0,0.0,,,100.0,,
2023-05-12 01:00:00,,precipprob,0.0,0.0,,,100.0,,
2023-05-12 07:00:00,,precipprob,0.0,0.0,,,100.0,,
2023-05-12 19:00:00,,precipprob,0.0,0.0,,,100.0,,
2023-05-13 01:00:00,,precipprob,0.0,0.0,,,100.0,,
2023-05-13 19:00:00,,precipprob,0.0,0.0,,,100.0,,
2023-05-14 01:00:00,,precipprob,0.0,0.0,,,100.0,,
2023-05-14 19:00:00,,precipprob,0.0,0.0,,,100.0,,
2023-05-15 19:00:00,,precipprob,0.0,0.0,,,100.0,,
2023-05-16 01:00:00,,precipprob,0.0,0.0,,,100.0,,
2023-05-20 01:00:00,,precipprob,0.0,0.0,,,100.0,,
2023-05-24 19:00:00,,precipprob,0.0,0.0,,,100.0,,
2023-05-25 19:00:00,,precipprob,0.0,0.0,,,100.0,,
2023-05-28 19:00:00,,precipprob,0.0,0.0,,,100.0,,
2023-05-29 19:00:00,,precipprob,0.0,0.0,,,100.0,,
2023-06-01 18:00:00,,precipprob,0.0,0.0,,,100.0,,
2023-06-03 01:00:00,,precipprob,0.0,0.0,,,100.0,,
2023-06-06 01:00:00,,precipprob,0.0,0.0,,,100.0,,
2023-06-06 13:00:00,,precipprob,0.0,0.0,,,100.0,,
2023-06-07 01:00:00,,precipprob,0.0,0.0,,,100.0,,
2023-06-07 19:00:00,,precipprob,0.0,0.0,,,100.0,,
2023-06-08 01:00:00,,precipprob,0.0,0.0,,,100.0,,
2023-06-10 19:00:00,,precipprob,0.0,0.0,,,100.0,,
2023-06-11 19:00:00,,precipprob,0.0,0.0,,,100.0,,
2023-06-12 19:00:00,,precipprob,0.0,0.0,,,100.0,,
2023-06-14 14:00:00,,precipprob,0.0,0.0,,,100.0,,
2023-06-16 19:00:00,,precipprob,0.0,0.0,,,100.0,,
2023-06-17 19:00:00,,precipprob,0.0,0.0,,,100.0,,
2023-06-18 19:00:00,,precipprob,0.0,0.0,,,100.0,,
2023-06-19 19:00:00,,precipprob,0.0,0.0,,,100.0,,
2023-06-25 19:00:00,,precipprob,0.0,0.0,,,100.0,,
2023-06-30 19:00:00,,precipprob,0.0,0.0,,,100.0,,
2023-07-02 19:00:00,,precipprob,0.0,0.0,,,100.0,,
2023-07-04 19:00:00,,precipprob,0.0,0.0,,,100.0,,
2023-07-05 19:00:00,,precipprob,0.0,0.0,,,100.0,,
2023-07-15 19:00:00,,precipprob,0.0,0.0,,,100.0,,
2023-07-16 19:00:00,,precipprob,0.0,0.0,,,100.0,,
2023-07-19 19:00:00,,precipprob,0.0,0.0,,,100.0,,
2023-07-20 13:00:00,,precipprob,0.0,0.0,,,100.0,,
2023-07-21 01:00:00,,precipprob,0.0,0.0,,,100.0,,
2023-07-21 19:00:00,,precipprob,0.0,0.0,,,100.0,,
2023-07-22 19:00:00,,precipprob,0.0,0.0,,,100.0,,
2023-07-25 13:00:00,,precipprob,0.0,0.0,,,100.0,,
2023-07-25 19:00:00,,precipprob,0.0,0.0,,,100.0,,
2023-07-26 19:00:00,,precipprob,0.0,0.0,,,100.0,,
2023-07-28 19:00:00,,precipprob,0.0,0.0,,,100.0,,
2023-07-29 19:00:00,,precipprob,0.0,0.0,,,100.0,,
2023-07-30 19:00:00,,precipprob,0.0,0.0,,,100.0,,
2023-08-01 19:00:00,,precipprob,0.0,0.0,,,100.0,,
2023-08-02 07:00:00,,precipprob,0.0,0.0,,,100.0,,
2023-08-02 19:00:00,,precipprob,0.0,0.0,,,100.0,,
2023-08-04 19:00:00,,precipprob,0.0,0.0,,,100.0,,
2023-08-14 13:00:00,,precipprob,0.0,0.0,,,100.0,,
2023-08-14 19:00:00,,precipprob,0.0,0.0,,,100.0,,
2023-08-17 01:00:00,,precipprob,0.0,0.0,,,100.0,,
2023-08-21 19:00:00,,precipprob,0.0,0.0,,,100.0,,
2023-08-22 19:00:00,,precipprob,0.0,0.0,,,100.0,,
2023-08-23 19:00:00,,precipprob,0.0,0.0,,,100.0,,
2023-08-26 19:00:00,,precipprob,0.0,0.0,,,100.0,,
2023-08-29 19:00:00,,precipprob,0.0,0.0,,,100.0,,
2023-08-30 01:00:00,,precipprob,0.0,0.0,,,100.0,,
2023-08-31 07:00:00,,precipprob,0.0,0.0,,,100.0,,
2023-08-31 13:00:00,,precipprob,0.0,0.0,,,100.0,,
2023-08-31 19:00:00,,precipprob,0.0,0.0,,,100.0,,
2023-09-01 01:00:00,,precipprob,0.0,0.0,,,100.0,,
2023-09-04 01:00:00,,precipprob,0.0,0.0,,,100.0,,
2023-09-04 19:00:00,,precipprob,0.0,0.0,,,100.0,,
2023-09-05 01:00:00,,precipprob,0.0,0.0,,,100.0,,
2023-09-05 19:00:00,,precipprob,0.0,0.0,,,100.0,,
2023-09-06 01:00:00,,precipprob,0.0,0.0,,,100.0,,
2023-09-06 19:00:00,,precipprob,0.0,0.0,,,100.0,,
2023-09-07 19:00:00,,precipprob,0.0,0.0,,,100.0,,
2023-09-08 01:00:00,,precipprob,0.0,0.0,,,100.0,,
2023-09-08 19:00:00,,precipprob,0.0,0.0,,,100.0,,
2023-09-10 01:00:00,,precipprob,0.0,0.0,,,100.0,,
2023-09-10 19:00:00,,precipprob,0.0,0.0,,,100.0,,
2023-09-14 01:00:00,,precipprob,0.0,0.0,,,100.0,,
2023-09-15 19:00:00,,precipprob,0.0,0.0,,,100.0,,
2023-09-16 01:00:00,,precipprob,0.0,0.0,,,100.0,,
2023-09-16 19:00:00,,precipprob,0.0,0.0,,,100.0,,
2023-09-17 01:00:00,,precipprob,0.0,0.0,,,100.0,,
2023-09-17 13:00:00,,precipprob,0.0,0.0,,,100.0,,
2023-09-22 01:00:00,,precipprob,0.0,0.0,,,100.0,,
2023-09-23 13:00:00,,precipprob,0.0,0.0,,,100.0,,
2023-09-24 07:00:00,,precipprob,0.0,0.0,,,100.0,,
2023-09-24 13:00:00,,precipprob,0.0,0.0,,,100.0,,
2023-09-25 01:00:00,,precipprob,0.0,0.0,,,100.0,,
2023-09-25 07:00:00,,precipprob,0.0,0.0,,,100.0,,
2023-09-25 13:00:00,,precipprob,0.0,0.0,,,100.0,,
2023-09-25 19:00:00,,precipprob,0.0,0.0,,,100.0,,
2023-09-25 22:00:00,,precipprob,0.0,0.0,,,100.0,,
2023-09-26 01:00:00,,precipprob,0.0,0.0,,,100.0,,
2023-09-26 19:00:00,,precipprob,0.0,0.0,,,100.0,,
2023-09-28 01:00:00,,precipprob,0.0,0.0,,,100.0,,
2023-09-29 00:00:00,,precipprob,0.0,0.0,,,100.0,,
2023-10-01 07:00:00,,precipprob,0.0,0.0,,,100.0,,
2023-10-02 13:00:00,,precipprob,0.0,0.0,,,100.0,,
2023-10-03 07:00:00,,precipprob,0.0,0.0,,,100.0,,
2023-10-03 13:00:00,,precipprob,0.0,0.0,,,100.0,,
2023-10-04 01:00:00,,precipprob,0.0,0.0,,,100.0,,
2023-10-04 07:00:00,,precipprob,0.0,0.0,,,100.0,,
2023-10-04 13:00:00,,precipprob,0.0,0.0,,,100.0,,
2023-10-06 19:00:00,,precipprob,0.0,0.0,,,100.0,,
2023-10-07 07:00:00,,precipprob,0.0,0.0,,,100.0,,
2023-10-07 19:00:00,,precipprob,0.0,0.0,,,100.0,,
2023-10-08 01:00:00,,precipprob,0.0,0.0,,,100.0,,
2023-10-08 19:00:00,,precipprob,0.0,0.0,,,100.0,,
2023-10-09 01:00:00,,precipprob,0.0,0.0,,,100.0,,
2023-10-09 07:00:00,,precipprob,0.0,0.0,,,100.0,,
2023-10-09 13:00:00,,precipprob,0.0,0.0,,,100.0,,
2023-10-10 01:00:00,,precipprob,0.0,0.0,,,100.0,,
2023-10-10 13:00:00,,precipprob,0.0,0.0,,,100.0,,
2023-10-10 19:00:00,,precipprob,0.0,0.0,,,100.0,,
2023-10-11 01:00:00,,precipprob,0.0,0.0,,,100.0,,
2023-10-11 07:00:00,,precipprob,0.0,0.0,,,100.0,,
2023-10-11 13:00:00,,precipprob,0.0,0.0,,,100.0,,
2023-10-11 19:00:00,,precipprob,0.0,0.0,,,100.0,,
2023-10-12 01:00:00,,precipprob,0.0,0.0,,,100.0,,
2023-10-12 07:00:00,,precipprob,0.0,0.0,,,100.0,,
2023-10-12 13:00:00,,precipprob,0.0,0.0,,,100.0,,
2023-10-12 19:00:00,,precipprob,0.0,0.0,,,100.0,,
2023-10-13 01:00:00,,precipprob,0.0,0.0,,,100.0,,
2023-10-13 07:00:00,,precipprob,0.0,0.0,,,100.0,,
2023-10-13 19:00:00,,precipprob,0.0,0.0,,,100.0,,
2023-10-14 01:00:00,,precipprob,0.0,0.0,,,100.0,,
2023-10-14 07:00:00,,precipprob,0.0,0.0,,,100.0,,
2023-10-14 13:00:00,,precipprob,0.0,0.0,,,100.0,,
2023-10-14 19:00:00,,precipprob,0.0,0.0,,,100.0,,
2023-10-15 01:00:00,,precipprob,0.0,0.0,,,100.0,,
2023-10-15 07:00:00,,precipprob,0.0,0.0,,,100.0,,
2023-10-15 13:00:00,,precipprob,0.0,0.0,,,100.0,,
2023-10-15 19:00:00,,precipprob,0.0,0.0,,,100.0,,
2023-10-16 01:00:00,,precipprob,0.0,0.0,,,100.0,,
2023-10-16 07:00:00,,precipprob,0.0,0.0,,,100.0,,
2023-10-16 13:00:00,,precipprob,0.0,0.0,,,100.0,,
2023-10-16 19:00:00,,precipprob,0.0,0.0,,,100.0,,
2023-10-17 01:00:00,,precipprob,0.0,0.0,,,100.0,,
2023-10-17 07:00:00,,precipprob,0.0,0.0,,,100.0,,
2023-10-17 13:00:00,,precipprob,0.0,0.0,,,100.0,,
2023-10-17 19:00:00,,precipprob,0.0,0.0,,,100.0,,
2023-10-18 01:00:00,,precipprob,0.0,0.0,,,100.0,,
2023-10-18 07:00:00,,precipprob,0.0,0.0,,,100.0,,
2023-10-18 19:00:00,,precipprob,0.0,0.0,,,100.0,,
2023-10-19 19:00:00,,precipprob,0.0,0.0,,,100.0,,
2023-10-20 19:00:00,,precipprob,0.0,0.0,,,100.0,,
2023-10-21 01:00:00,,precipprob,0.0,0.0,,,100.0,,
2023-10-21 13:00:00,,precipprob,0.0,0.0,,,100.0,,
2023-10-21 19:00:00,,precipprob,0.0,0.0,,,100.0,,
2023-10-22 01:00:00,,precipprob,0.0,0.0,,,100.0,,
2023-10-22 19:00:00,,precipprob,0.0,0.0,,,100.0,,
2023-10-23 01:00:00,,precipprob,0.0,0.0,,,100.0,,
2023-10-23 07:00:00,,precipprob,0.0,0.0,,,100.0,,
2023-10-23 13:00:00,,precipprob,0.0,0.0,,,100.0,,
2023-10-23 19:00:00,,precipprob,0.0,0.0,,,100.0,,
2023-10-24 01:00:00,,precipprob,0.0,0.0,,,100.0,,
2023-10-24 07:00:00,,precipprob,0.0,0.0,,,100.0,,
2023-10-24 13:00:00,,precipprob,0.0,0.0,,,100.0,,
2023-10-24 19:00:00,,precipprob,0.0,0.0,,,100.0,,
2023-10-25 01:00:00,,precipprob,0.0,0.0,,,100.0,,
2023-10-27 01:00:00,,precipprob,0.0,0.0,,,100.0,,
2023-10-28 19:00:00,,precipprob,0.0,0.0,,,100.0,,
2023-10-30 01:00:00,,precipprob,0.0,0.0,,,100.0,,
2023-10-30 07:00:00,,precipprob,0.0,0.0,,,100.0,,
2023-10-30 13:00:00,,precipprob,0.0,0.0,,,100.0,,
2023-10-31 01:00:00,,precipprob,0.0,0.0,,,100.0,,
2023-10-31 07:00:00,,precipprob,0.0,0.0,,,100.0,,
2023-10-31 13:00:00,,precipprob,0.0,0.0,,,100.0,,
2023-10-31 19:00:00,,precipprob,0.0,0.0,,,100.0,,
2023-11-01 01:00:00,,precipprob,0.0,0.0,,,100.0,,
2023-11-01 07:00:00,,precipprob,0.0,0.0,,,100.0,,
2023-11-02 01:00:00,,precipprob,0.0,0.0,,,100.0,,
2023-11-02 07:00:00,,precipprob,0.0,0.0,,,100.0,,
2023-11-02 13:00:00,,precipprob,0.0,0.0,,,100.0,,
2023-11-03 01:00:00,,precipprob,0.0,0.0,,,100.0,,
2023-11-04 01:00:00,,precipprob,0.0,0.0,,,100.0,,
2023-11-06 01:00:00,,precipprob,0.0,0.0,,,100.0,,
2023-11-07 07:00:00,,precipprob,0.0,0.0,,,100.0,,
2023-11-07 13:00:00,,precipprob,0.0,0.0,,,100.0,,
2023-11-07 19:00:00,,precipprob,0.0,0.0,,,100.0,,
2023-11-08 01:00:00,,precipprob,0.0,0.0,,,100.0,,
2023-11-08 07:00:00,,precipprob,0.0,0.0,,,100.0,,
2023-11-08 13:00:00,,precipprob,0.0,0.0,,,100.0,,
2023-11-08 19:00:00,,precipprob,0.0,0.0,,,100.0,,
2023-11-09 07:00:00,,precipprob,0.0,0.0,,,100.0,,
2023-11-10 01:00:00,,precipprob,0.0,0.0,,,100.0,,
2023-11-11 01:00:00,,precipprob,0.0,0.0,,,100.0,,
2023-11-12 01:00:00,,precipprob,0.0,0.0,,,100.0,,
2023-11-12 13:00:00,,precipprob,0.0,0.0,,,100.0,,
2023-11-13 01:00:00,,precipprob,0.0,0.0,,,100.0,,
2023-11-13 07:00:00,,precipprob,0.0,0.0,,,100.0,,
2023-11-13 13:00:00,,precipprob,0.0,0.0,,,100.0,,
2023-11-13 19:00:00,,precipprob,0.0,0.0,,,100.0,,
2023-11-14 01:00:00,,precipprob,0.0,0.0,,,100.0,,
2023-11-14 07:00:00,,precipprob,0.0,0.0,,,100.0,,
2023-11-14 13:00:00,,precipprob,0.0,0.0,,,100.0,,
2023-11-14 19:00:00,,precipprob,0.0,0.0,,,100.0,,
2023-11-15 01:00:00,,precipprob,0.0,0.0,,,100.0,,
2023-11-15 07:00:00,,precipprob,0.0,0.0,,,100.0,,
2023-11-15 13:00:00,,precipprob,0.0,0.0,,,100.0,,
2023-11-15 19:00:00,,precipprob,0.0,0.0,,,100.0,,
2023-11-16 01:00:00,,precipprob,0.0,0.0,,,100.0,,
2023-11-16 07:00:00,,precipprob,0.0,0.0,,,100.0,,
2023-11-16 13:00:00,,precipprob,0.0,0.0,,,100.0,,
2023-11-16 19:00:00,,precipprob,0.0,0.0,,,100.0,,
2023-11-17 01:00:00,,precipprob,0.0,0.0,,,100.0,,
2023-11-17 07:00:00,,precipprob,0.0,0.0,,,100.0,,
2023-11-17 13:00:00,,precipprob,0.0,0.0,,,100.0,,
2023-11-17 19:00:00,,precipprob,0.0,0.0,,,100.0,,
2023-11-18 19:00:00,,precipprob,0.0,0.0,,,100.0,,
2023-11-20 13:00:00,,precipprob,0.0,0.0,,,100.0,,
2023-11-20 19:00:00,,precipprob,0.0,0.0,,,100.0,,
2023-11-21 01:00:00,,precipprob,0.0,0.0,,,100.0,,
2023-11-21 19:00:00,,precipprob,0.0,0.0,,,100.0,,
2023-11-22 19:00:00,,precipprob,0.0,0.0,,,100.0,,
2023-11-23 07:00:00,,precipprob,0.0,0.0,,,100.0,,
2023-11-23 19:00:00,,precipprob,0.0,0.0,,,100.0,,
2023-11-24 19:00:00,,precipprob,0.0,0.0,,,100.0,,
2023-11-25 19:00:00,,precipprob,0.0,0.0,,,100.0,,
2023-11-26 01:00:00,,precipprob,0.0,0.0,,,100.0,,
2023-11-26 07:00:00,,precipprob,0.0,0.0,,,100.0,,
2023-11-26 13:00:00,,precipprob,0.0,0.0,,,100.0,,
2023-11-26 19:00:00,,precipprob,0.0,0.0,,,100.0,,
2023-11-27 01:00:00,,precipprob,0.0,0.0,,,100.0,,
2023-11-27 19:00:00,,precipprob,0.0,0.0,,,100.0,,
2023-11-28 07:00:00,,precipprob,0.0,0.0,,,100.0,,
2023-11-28 19:00:00,,precipprob,0.0,0.0,,,100.0,,
2023-11-29 01:00:00,,precipprob,0.0,0.0,,,100.0,,
2023-11-29 13:00:00,,precipprob,0.0,0.0,,,100.0,,
2023-11-29 19:00:00,,precipprob,0.0,0.0,,,100.0,,
2023-11-30 01:00:00,,precipprob,0.0,0.0,,,100.0,,
2023-11-30 07:00:00,,precipprob,0.0,0.0,,,100.0,,
2023-11-30 19:00:00,,precipprob,0.0,0.0,,,100.0,,
2023-12-01 01:00:00,,precipprob,0.0,0.0,,,100.0,,
2023-12-01 07:00:00,,precipprob,0.0,0.0,,,100.0,,
2023-12-01 13:00:00,,precipprob,0.0,0.0,,,100.0,,
2023-12-01 19:00:00,,precipprob,0.0,0.0,,,100.0,,
2023-12-02 01:00:00,,precipprob,0.0,0.0,,,100.0,,
2023-12-02 07:00:00,,precipprob,0.0,0.0,,,100.0,,
2023-12-02 13:00:00,,precipprob,0.0,0.0,,,100.0,,
2023-12-02 19:00:00,,precipprob,0.0,0.0,,,100.0,,
2023-12-03 01:00:00,,precipprob,0.0,0.0,,,100.0,,
2023-12-03 07:00:00,,precipprob,0.0,0.0,,,100.0,,
2023-12-03 13:00:00,,precipprob,0.0,0.0,,,100.0,,
2023-12-04 07:00:00,,precipprob,0.0,0.0,,,100.0,,
2023-12-04 13:00:00,,precipprob,0.0,0.0,,,100.0,,
2023-12-04 19:00:00,,precipprob,0.0,0.0,,,100.0,,
2023-12-05 01:00:00,,precipprob,0.0,0.0,,,100.0,,
2023-12-05 07:00:00,,precipprob,0.0,0.0,,,100.0,,
2023-12-07 01:00:00,,precipprob,0.0,0.0,,,100.0,,
2023-12-07 07:00:00,,precipprob,0.0,0.0,,,100.0,,
2023-12-07 13:00:00,,precipprob,0.0,0.0,,,100.0,,
2023-12-13 13:00:00,,precipprob,0.0,0.0,,,100.0,,
2023-12-16 19:00:00,,precipprob,0.0,0.0,,,100.0,,
2023-12-17 01:00:00,,precipprob,0.0,0.0,,,100.0,,
2023-12-17 07:00:00,,precipprob,0.0,0.0,,,100.0,,
2023-12-17 13:00:00,,precipprob,0.0,0.0,,,100.0,,
2023-12-17 19:00:00,,precipprob,0.0,0.0,,,100.0,,
2023-12-18 01:00:00,,precipprob,0.0,0.0,,,100.0,,
2023-12-18 07:00:00,,precipprob,0.0,0.0,,,100.0,,
2023-12-18 13:00:00,,precipprob,0.0,0.0,,,100.0,,
2023-12-19 14:00:00,,precipprob,0.0,0.0,,,100.0,,
2023-12-20 01:00:00,,precipprob,0.0,0.0,,,100.0,,
2023-12-20 07:00:00,,precipprob,0.0,0.0,,,100.0,,
2023-12-20 13:00:00,,precipprob,0.0,0.0,,,100.0,,
2023-12-20 19:00:00,,precipprob,0.0,0.0,,,100.0,,
2023-12-21 01:00:00,,precipprob,0.0,0.0,,,100.0,,
2023-12-21 07:00:00,,precipprob,0.0,0.0,,,100.0,,
2023-12-21 13:00:00,,precipprob,0.0,0.0,,,100.0,,
2023-12-21 19:00:00,,precipprob,0.0,0.0,,,100.0,,
2023-12-22 01:00:00,,precipprob,0.0,0.0,,,100.0,,
2023-12-22 07:00:00,,precipprob,0.0,0.0,,,100.0,,
2023-12-22 13:00:00,,precipprob,0.0,0.0,,,100.0,,
2023-12-22 19:00:00,,precipprob,0.0,0.0,,,100.0,,
2023-12-23 01:00:00,,precipprob,0.0,0.0,,,100.0,,
2023-12-23 07:00:00,,precipprob,0.0,0.0,,,100.0,,
2023-12-23 13:00:00,,precipprob,0.0,0.0,,,100.0,,
2023-12-23 19:00:00,,precipprob,0.0,0.0,,,100.0,,
2023-12-24 01:00:00,,precipprob,0.0,0.0,,,100.0,,
2023-12-24 07:00:00,,precipprob,0.0,0.0,,,100.0,,
2023-12-24 13:00:00,,precipprob,0.0,0.0,,,100.0,,
2023-12-24 19:00:00,,precipprob,0.0,0.0,,,100.0,,
2023-12-25 13:00:00,,precipprob,0.0,0.0,,,100.0,,
2023-12-26 13:00:00,,precipprob,0.0,0.0,,,100.0,,
2023-12-27 01:00:00,,precipprob,0.0,0.0,,,100.0,,
2023-12-27 07:00:00,,precipprob,0.0,0.0,,,100.0,,
2023-12-27 13:00:00,,precipprob,0.0,0.0,,,100.0,,
2023-12-27 19:00:00,,precipprob,0.0,0.0,,,100.0,,
2023-12-28 01:00:00,,precipprob,0.0,0.0,,,100.0,,
2023-12-28 13:00:00,,precipprob,0.0,0.0,,,100.0,,
2023-12-28 19:00:00,,precipprob,0.0,0.0,,,100.0,,
2023-12-29 01:00:00,,precipprob,0.0,0.0,,,100.0,,
2023-12-29 07:00:00,,precipprob,0.0,0.0,,,100.0,,
2023-12-29 13:00:00,,precipprob,0.0,0.0,,,100.0,,
2023-12-29 19:00:00,,precipprob,0.0,0.0,,,100.0,,
2023-12-30 01:00:00,,precipprob,0.0,0.0,,,100.0,,
2023-12-30 13:00:00,,precipprob,0.0,0.0,,,100.0,,
2023-12-30 19:00:00,,precipprob,0.0,0.0,,,100.0,,
2023-12-31 01:00:00,,precipprob,0.0,0.0,,,100.0,,
2023-12-31 13:00:00,,precipprob,0.0,0.0,,,100.0,,
2023-12-31 19:00:00,,precipprob,0.0,0.0,,,100.0,,
2024-01-01 13:00:00,,precipprob,0.0,0.0,,,100.0,,
2024-01-01 19:00:00,,precipprob,0.0,0.0,,,100.0,,
2024-01-02 13:00:00,,precipprob,0.0,0.0,,,100.0,,
2024-01-02 19:00:00,,precipprob,0.0,0.0,,,100.0,,
2024-01-03 13:00:00,,precipprob,0.0,0.0,,,100.0,,
2024-01-03 19:00:00,,precipprob,0.0,0.0,,,100.0,,
2024-01-05 13:00:00,,precipprob,0.0,0.0,,,100.0,,
2024-01-05 19:00:00,,precipprob,0.0,0.0,,,100.0,,
2024-01-06 07:00:00,,precipprob,0.0,0.0,,,100.0,,
2024-01-06 19:00:00,,precipprob,0.0,0.0,,,100.0,,
2024-01-07 13:00:00,,precipprob,0.0,0.0,,,100.0,,
2024-01-07 19:00:00,,precipprob,0.0,0.0,,,100.0,,
2024-01-08 19:00:00,,precipprob,0.0,0.0,,,100.0,,
2024-01-10 19:00:00,,precipprob,0.0,0.0,,,100.0,,
2024-01-11 19:00:00,,precipprob,0.0,0.0,,,100.0,,
2024-01-13 19:00:00,,precipprob,0.0,0.0,,,100.0,,
2024-01-14 19:00:00,,precipprob,0.0,0.0,,,100.0,,
2024-01-15 19:00:00,,precipprob,0.0,0.0,,,100.0,,
2024-01-16 01:00:00,,precipprob,0.0,0.0,,,100.0,,
2024-01-16 19:00:00,,precipprob,0.0,0.0,,,100.0,,
2024-01-17 19:00:00,,precipprob,0.0,0.0,,,100.0,,
2024-01-18 13:00:00,,precipprob,0.0,0.0,,,100.0,,
2024-01-22 07:00:00,,precipprob,0.0,0.0,,,100.0,,
2024-01-22 13:00:00,,precipprob,0.0,0.0,,,100.0,,
2024-01-23 01:00:00,,precipprob,0.0,0.0,,,100.0,,
2024-01-23 07:00:00,,precipprob,0.0,0.0,,,100.0,,
2024-01-23 13:00:00,,precipprob,0.0,0.0,,,100.0,,
2024-01-23 19:00:00,,precipprob,0.0,0.0,,,100.0,,
2024-01-24 01:00:00,,precipprob,0.0,0.0,,,100.0,,
2024-01-24 07:00:00,,precipprob,0.0,0.0,,,100.0,,
2024-01-24 13:00:00,,precipprob,0.0,0.0,,,100.0,,
2024-01-24 19:00:00,,precipprob,0.0,0.0,,,100.0,,
2024-01-25 01:00:00,,precipprob,0.0,0.0,,,100.0,,
2024-01-25 07:00:00,,precipprob,0.0,0.0,,,100.0,,
2024-01-25 13:00:00,,precipprob,0.0,0.0,,,100.0,,
2024-01-26 01:00:00,,precipprob,0.0,0.0,,,100.0,,
2024-01-26 13:00:00,,precipprob,0.0,0.0,,,100.0,,
2024-01-26 19:00:00,,precipprob,0.0,0.0,,,100.0,,
2024-01-28 19:00:00,,precipprob,0.0,0.0,,,100.0,,
2024-02-07 19:00:00,,precipprob,0.0,0.0,,,100.0,,
2024-02-08 19:00:00,,precipprob,0.0,0.0,,,100.0,,
2024-02-09 13:00:00,,precipprob,0.0,0.0,,,100.0,,
2024-02-10 07:00:00,,precipprob,0.0,0.0,,,100.0,,
2024-02-10 13:00:00,,precipprob,0.0,0.0,,,100.0,,
2024-02-11 01:00:00,,precipprob,0.0,0.0,,,100.0,,
2024-02-11 19:00:00,,precipprob,0.0,0.0,,,100.0,,
2024-02-12 07:00:00,,precipprob,0.0,0.0,,,100.0,,
2024-02-12 19:00:00,,precipprob,0.0,0.0,,,100.0,,
2024-02-15 19:00:00,,precipprob,0.0,0.0,,,100.0,,
2024-02-16 03:00:00,,precipprob,0.0,0.0,,,100.0,,
2024-02-26 07:00:00,,precipprob,0.0,0.0,,,100.0,,
2024-02-27 01:00:00,,precipprob,0.0,0.0,,,100.0,,
2024-02-27 07:00:00,,precipprob,0.0,0.0,,,100.0,,
2024-02-27 13:00:00,,precipprob,0.0,0.0,,,100.0,,
2024-03-01 13:00:00,,precipprob,0.0,0.0,,,100.0,,
2024-03-02 19:00:00,,precipprob,0.0,0.0,,,100.0,,
2024-03-08 01:00:00,,precipprob,0.0,0.0,,,100.0,,
2024-03-10 01:00:00,,precipprob,0.0,0.0,,,100.0,,
2024-03-10 19:00:00,,precipprob,0.0,0.0,,,100.0,,
2024-03-11 13:00:00,,precipprob,0.0,0.0,,,100.0,,
2024-03-12 01:00:00,,precipprob,0.0,0.0,,,100.0,,
2024-03-15 07:00:00,,precipprob,0.0,0.0,,,100.0,,
2024-03-15 13:00:00,,precipprob,0.0,0.0,,,100.0,,
2024-03-20 01:00:00,,precipprob,0.0,0.0,,,100.0,,
2024-03-20 07:00:00,,precipprob,0.0,0.0,,,100.0,,
2024-03-20 13:00:00,,precipprob,0.0,0.0,,,100.0,,
2024-03-20 19:00:00,,precipprob,0.0,0.0,,,100.0,,
2024-03-21 01:00:00,,precipprob,0.0,0.0,,,100.0,,
2024-03-21 13:00:00,,precipprob,0.0,0.0,,,100.0,,
2024-03-28 14:00:00,,precipprob,0.0,0.0,,,100.0,,
2024-03-28 17:00:00,,precipprob,0.0,0.0,,,100.0,,
2024-03-28 18:00:00,,precipprob,0.0,0.0,,,100.0,,
2024-03-29 07:00:00,,precipprob,0.0,0.0,,,100.0,,
2024-03-29 09:00:00,,precipprob,0.0,0.0,,,100.0,,
2024-03-29 10:00:00,,precipprob,0.0,0.0,,,100.0,,
2024-03-29 11:00:00,,precipprob,0.0,0.0,,,100.0,,
2024-03-29 12:00:00,,precipprob,0.0,0.0,,,100.0,,
2024-03-29 13:00:00,,precipprob,0.0,0.0,,,100.0,,
2024-03-29 14:00:00,,precipprob,0.0,0.0,,,100.0,,
2024-03-31 16:00:00,,precipprob,0.0,0.0,,,100.0,,
2024-04-18 07:00:00,,precipprob,0.0,0.0,,,100.0,,
2024-04-26 19:00:00,,precipprob,0.0,0.0,,,100.0,,
2024-05-02 07:00:00,,precipprob,0.0,0.0,,,100.0,,
2024-05-02 19:00:00,,precipprob,0.0,0.0,,,100.0,,
2024-05-03 01:00:00,,precipprob,0.0,0.0,,,100.0,,
2024-05-04 13:00:00,,precipprob,0.0,0.0,,,100.0,,
2024-05-06 19:00:00,,precipprob,0.0,0.0,,,100.0,,
2024-05-13 19:00:00,,precipprob,0.0,0.0,,,100.0,,
2024-05-14 01:00:00,,precipprob,0.0,0.0,,,100.0,,
2024-05-16 07:00:00,,precipprob,0.0,0.0,,,100.0,,
2024-05-17 01:00:00,,precipprob,0.0,0.0,,,100.0,,
2024-05-17 07:00:00,,precipprob,0.0,0.0,,,100.0,,
2024-05-17 13:00:00,,precipprob,0.0,0.0,,,100.0,,
2024-05-20 13:00:00,,precipprob,0.0,0.0,,,100.0,,
2024-05-20 19:00:00,,precipprob,0.0,0.0,,,100.0,,
2024-05-21 01:00:00,,precipprob,0.0,0.0,,,100.0,,
2024-05-21 19:00:00,,precipprob,0.0,0.0,,,100.0,,
2024-05-22 01:00:00,,precipprob,0.0,0.0,,,100.0,,
2024-05-22 07:00:00,,precipprob,0.0,0.0,,,100.0,,
2024-05-22 19:00:00,,precipprob,0.0,0.0,,,100.0,,
2024-05-23 01:00:00,,precipprob,0.0,0.0,,,100.0,,
2024-05-23 13:00:00,,precipprob,0.0,0.0,,,100.0,,
2024-05-23 19:00:00,,precipprob,0.0,0.0,,,100.0,,
2024-05-24 19:00:00,,precipprob,0.0,0.0,,,100.0,,
2024-05-25 13:00:00,,precipprob,0.0,0.0,,,100.0,,
2024-05-31 13:00:00,,precipprob,0.0,0.0,,,100.0,,
2024-06-01 19:00:00,,precipprob,0.0,0.0,,,100.0,,
2024-06-02 01:00:00,,precipprob,0.0,0.0,,,100.0,,
2024-06-07 19:00:00,,precipprob,0.0,0.0,,,100.0,,
2024-06-08 01:00:00,,precipprob,0.0,0.0,,,100.0,,
2024-06-08 07:00:00,,precipprob,0.0,0.0,,,100.0,,
2024-06-09 19:00:00,,precipprob,0.0,0.0,,,100.0,,
2024-06-10 01:00:00,,precipprob,0.0,0.0,,,100.0,,
2024-06-10 19:00:00,,precipprob,0.0,0.0,,,100.0,,
2024-06-18 19:00:00,,precipprob,0.0,0.0,,,100.0,,
2024-06-19 19:00:00,,precipprob,0.0,0.0,,,100.0,,
2024-06-20 01:00:00,,precipprob,0.0,0.0,,,100.0,,
2024-06-23 01:00:00,,precipprob,0.0,0.0,,,100.0,,
2024-06-23 19:00:00,,precipprob,0.0,0.0,,,100.0,,
2024-06-26 19:00:00,,precipprob,0.0,0.0,,,100.0,,
2024-06-29 01:00:00,,precipprob,0.0,0.0,,,100.0,,
2024-07-03 19:00:00,,precipprob,0.0,0.0,,,100.0,,
2024-07-04 01:00:00,,precipprob,0.0,0.0,,,100.0,,
2024-07-04 19:00:00,,precipprob,0.0,0.0,,,100.0,,
2024-07-11 19:00:00,,precipprob,0.0,0.0,,,100.0,,
2024-07-13 18:00:00,,precipprob,0.0,0.0,,,100.0,,
2024-07-13 21:00:00,,precipprob,0.0,0.0,,,100.0,,
2024-07-14 13:00:00,,precipprob,0.0,0.0,,,100.0,,
2024-07-15 01:00:00,,precipprob,0.0,0.0,,,100.0,,
2024-07-15 13:00:00,,precipprob,0.0,0.0,,,100.0,,
2024-07-15 19:00:00,,precipprob,0.0,0.0,,,100.0,,
2024-07-16 19:00:00,,precipprob,0.0,0.0,,,100.0,,
2024-07-17 19:00:00,,precipprob,0.0,0.0,,,100.0,,
2024-07-18 01:00:00,,precipprob,0.0,0.0,,,100.0,,
2024-07-18 19:00:00,,precipprob,0.0,0.0,,,100.0,,
2024-07-19 01:00:00,,precipprob,0.0,0.0,,,100.0,,
2024-07-19 19:00:00,,precipprob,0.0,0.0,,,100.0,,
2024-07-20 10:00:00,,precipprob,0.0,0.0,,,100.0,,
2024-07-20 11:00:00,,precipprob,0.0,0.0,,,100.0,,
2024-07-20 12:00:00,,precipprob,0.0,0.0,,,100.0,,
2024-07-21 19:00:00,,precipprob,0.0,0.0,,,100.0,,
2024-07-22 19:00:00,,precipprob,0.0,0.0,,,100.0,,
2024-07-23 19:00:00,,precipprob,0.0,0.0,,,100.0,,
2024-07-24 19:00:00,,precipprob,0.0,0.0,,,100.0,,
2024-07-25 19:00:00,,precipprob,0.0,0.0,,,100.0,,
2024-07-28 13:00:00,,precipprob,0.0,0.0,,,100.0,,
2024-07-28 19:00:00,,precipprob,0.0,0.0,,,100.0,,
2024-07-31 19:00:00,,precipprob,0.0,0.0,,,100.0,,
2024-08-01 19:00:00,,precipprob,0.0,0.0,,,100.0,,
2024-08-08 19:00:00,,precipprob,0.0,0.0,,,100.0,,
2024-08-12 19:00:00,,precipprob,0.0,0.0,,,100.0,,
2024-08-14 19:00:00,,precipprob,0.0,0.0,,,100.0,,
2024-08-15 19:00:00,,precipprob,0.0,0.0,,,100.0,,
2024-08-16 19:00:00,,precipprob,0.0,0.0,,,100.0,,
2024-08-20 01:00:00,,precipprob,0.0,0.0,,,100.0,,
2024-08-20 19:00:00,,precipprob,0.0,0.0,,,100.0,,
2024-08-21 19:00:00,,precipprob,0.0,0.0,,,100.0,,
2024-09-02 07:00:00,,precipprob,0.0,0.0,,,100.0,,
2024-09-04 01:00:00,,precipprob,0.0,0.0,,,100.0,,
2024-09-05 19:00:00,,precipprob,0.0,0.0,,,100.0,,
2024-09-06 13:00:00,,precipprob,0.0,0.0,,,100.0,,
2024-09-09 19:00:00,,precipprob,0.0,0.0,,,100.0,,
2024-09-10 01:00:00,,precipprob,0.0,0.0,,,100.0,,
2024-09-11 13:00:00,,precipprob,0.0,0.0,,,100.0,,
2024-09-12 19:00:00,,precipprob,0.0,0.0,,,100.0,,
2024-09-13 01:00:00,,precipprob,0.0,0.0,,,100.0,,
2024-09-16 01:00:00,,precipprob,0.0,0.0,,,100.0,,
2024-09-17 01:00:00,,precipprob,0.0,0.0,,,100.0,,
2024-09-17 19:00:00,,precipprob,0.0,0.0,,,100.0,,
2024-09-18 01:00:00,,precipprob,0.0,0.0,,,100.0,,
2024-09-18 07:00:00,,precipprob,0.0,0.0,,,100.0,,
2024-09-18 13:00:00,,precipprob,0.0,0.0,,,100.0,,
2024-09-18 19:00:00,,precipprob,0.0,0.0,,,100.0,,
2024-09-19 01:00:00,,precipprob,0.0,0.0,,,100.0,,
2024-09-19 04:00:00,,precipprob,0.0,0.0,,,100.0,,
2024-09-19 07:00:00,,precipprob,0.0,0.0,,,100.0,,
2024-09-19 10:00:00,,precipprob,0.0,0.0,,,100.0,,
2024-09-19 19:00:00,,precipprob,0.0,0.0,,,100.0,,
2024-09-20 01:00:00,,precipprob,0.0,0.0,,,100.0,,
2024-09-20 19:00:00,,precipprob,0.0,0.0,,,100.0,,
2024-09-21 01:00:00,,precipprob,0.0,0.0,,,100.0,,
2024-09-21 19:00:00,,precipprob,0.0,0.0,,,100.0,,
2024-09-22 19:00:00,,precipprob,0.0,0.0,,,100.0,,
2024-09-23 01:00:00,,precipprob,0.0,0.0,,,100.0,,
2024-09-23 19:00:00,,precipprob,0.0,0.0,,,100.0,,
2024-09-24 01:00:00,,precipprob,0.0,0.0,,,100.0,,
2024-09-24 19:00:00,,precipprob,0.0,0.0,,,100.0,,
2024-10-02 07:00:00,,precipprob,0.0,0.0,,,100.0,,
2024-10-02 13:00:00,,precipprob,0.0,0.0,,,100.0,,
2024-10-02 19:00:00,,precipprob,0.0,0.0,,,100.0,,
2024-10-03 01:00:00,,precipprob,0.0,0.0,,,100.0,,
2024-10-04 13:00:00,,precipprob,0.0,0.0,,,100.0,,
2024-10-04 19:00:00,,precipprob,0.0,0.0,,,100.0,,
2024-10-05 13:00:00,,precipprob,0.0,0.0,,,100.0,,
2024-10-05 19:00:00,,precipprob,0.0,0.0,,,100.0,,
2024-10-06 07:00:00,,precipprob,0.0,0.0,,,100.0,,
2024-10-06 13:00:00,,precipprob,0.0,0.0,,,100.0,,
2024-10-06 19:00:00,,precipprob,0.0,0.0,,,100.0,,
2024-10-07 01:00:00,,precipprob,0.0,0.0,,,100.0,,
2024-10-07 07:00:00,,precipprob,0.0,0.0,,,100.0,,
2024-10-07 13:00:00,,precipprob,0.0,0.0,,,100.0,,
2024-10-07 19:00:00,,precipprob,0.0,0.0,,,100.0,,
2024-10-08 07:00:00,,precipprob,0.0,0.0,,,100.0,,
2024-10-08 13:00:00,,precipprob,0.0,0.0,,,100.0,,
2024-10-08 19:00:00,,precipprob,0.0,0.0,,,100.0,,
2024-10-09 13:00:00,,precipprob,0.0,0.0,,,100.0,,
2024-10-09 19:00:00,,precipprob,0.0,0.0,,,100.0,,
2024-10-10 13:00:00,,precipprob,0.0,0.0,,,100.0,,
2024-10-10 19:00:00,,precipprob,0.0,0.0,,,100.0,,
2024-10-11 07:00:00,,precipprob,0.0,0.0,,,100.0,,
2024-10-11 13:00:00,,precipprob,0.0,0.0,,,100.0,,
2024-10-11 19:00:00,,precipprob,0.0,0.0,,,100.0,,
2024-10-12 01:00:00,,precipprob,0.0,0.0,,,100.0,,
2024-10-12 19:00:00,,precipprob,0.0,0.0,,,100.0,,
2024-10-13 01:00:00,,precipprob,0.0,0.0,,,100.0,,
2024-10-13 19:00:00,,precipprob,0.0,0.0,,,100.0,,
2024-10-14 07:00:00,,precipprob,0.0,0.0,,,100.0,,
2024-10-14 19:00:00,,precipprob,0.0,0.0,,,100.0,,
2024-10-15 01:00:00,,precipprob,0.0,0.0,,,100.0,,
2024-10-16 19:00:00,,precipprob,0.0,0.0,,,100.0,,
2024-10-19 01:00:00,,precipprob,0.0,0.0,,,100.0,,
2024-10-19 19:00:00,,precipprob,0.0,0.0,,,100.0,,
2024-10-20 13:00:00,,precipprob,0.0,0.0,,,100.0,,
2024-10-20 19:00:00,,precipprob,0.0,0.0,,,100.0,,
2024-10-21 01:00:00,,precipprob,0.0,0.0,,,100.0,,
2024-10-21 07:00:00,,precipprob,0.0,0.0,,,100.0,,
2024-10-21 13:00:00,,precipprob,0.0,0.0,,,100.0,,
2024-10-21 19:00:00,,precipprob,0.0,0.0,,,100.0,,
2024-10-22 19:00:00,,precipprob,0.0,0.0,,,100.0,,
2024-10-23 19:00:00,,precipprob,0.0,0.0,,,100.0,,
2024-10-24 19:00:00,,precipprob,0.0,0.0,,,100.0,,
2024-10-26 19:00:00,,precipprob,0.0,0.0,,,100.0,,
2024-10-27 19:00:00,,precipprob,0.0,0.0,,,100.0,,
2024-10-28 07:00:00,,precipprob,0.0,0.0,,,100.0,,
2024-10-28 13:00:00,,precipprob,0.0,0.0,,,100.0,,
2024-10-28 19:00:00,,precipprob,0.0,0.0,,,100.0,,
2024-10-29 19:00:00,,precipprob,0.0,0.0,,,100.0,,
2024-10-30 01:00:00,,precipprob,0.0,0.0,,,100.0,,
2024-10-30 07:00:00,,precipprob,0.0,0.0,,,100.0,,
2024-10-30 13:00:00,,precipprob,0.0,0.0,,,100.0,,
2024-10-30 19:00:00,,precipprob,0.0,0.0,,,100.0,,
2024-10-31 01:00:00,,precipprob,0.0,0.0,,,100.0,,
2024-10-31 07:00:00,,precipprob,0.0,0.0,,,100.0,,
2024-10-31 19:00:00,,precipprob,0.0,0.0,,,100.0,,
2024-11-02 19:00:00,,precipprob,0.0,0.0,,,100.0,,
2024-11-03 07:00:00,,precipprob,0.0,0.0,,,100.0,,
2024-11-03 13:00:00,,precipprob,0.0,0.0,,,100.0,,
2024-11-03 19:00:00,,precipprob,0.0,0.0,,,100.0,,
2024-11-04 01:00:00,,precipprob,0.0,0.0,,,100.0,,
2024-11-04 07:00:00,,precipprob,0.0,0.0,,,100.0,,
2024-11-04 13:00:00,,precipprob,0.0,0.0,,,100.0,,
2024-11-04 19:00:00,,precipprob,0.0,0.0,,,100.0,,
2024-11-05 07:00:00,,precipprob,0.0,0.0,,,100.0,,
2024-11-05 13:00:00,,precipprob,0.0,0.0,,,100.0,,
2024-11-06 01:00:00,,precipprob,0.0,0.0,,,100.0,,
2024-11-07 07:00:00,,precipprob,0.0,0.0,,,100.0,,
2024-11-07 13:00:00,,precipprob,0.0,0.0,,,100.0,,
2024-11-08 01:00:00,,precipprob,0.0,0.0,,,100.0,,
2024-11-08 13:00:00,,precipprob,0.0,0.0,,,100.0,,
2024-11-11 19:00:00,,precipprob,0.0,0.0,,,100.0,,
2024-11-12 01:00:00,,precipprob,0.0,0.0,,,100.0,,
2024-11-12 07:00:00,,precipprob,0.0,0.0,,,100.0,,
2024-11-12 13:00:00,,precipprob,0.0,0.0,,,100.0,,
2024-11-12 19:00:00,,precipprob,0.0,0.0,,,100.0,,
2024-11-13 01:00:00,,precipprob,0.0,0.0,,,100.0,,
2024-11-13 19:00:00,,precipprob,0.0,0.0,,,100.0,,
2024-11-18 01:00:00,,precipprob,0.0,0.0,,,100.0,,
2024-11-19 00:00:00,,precipprob,0.0,0.0,,,100.0,,
2024-11-19 01:00:00,,precipprob,0.0,0.0,,,100.0,,
2024-11-19 02:00:00,,precipprob,0.0,0.0,,,100.0,,
2024-11-19 03:00:00,,precipprob,0.0,0.0,,,100.0,,
2024-11-19 04:00:00,,precipprob,0.0,0.0,,,100.0,,
2024-11-19 05:00:00,,precipprob,0.0,0.0,,,100.0,,
2024-11-19 06:00:00,,precipprob,0.0,0.0,,,100.0,,
2024-11-19 07:00:00,,precipprob,0.0,0.0,,,100.0,,
2024-11-19 08:00:00,,precipprob,0.0,0.0,,,100.0,,
2024-11-19 09:00:00,,precipprob,0.0,0.0,,,100.0,,
2024-11-19 10:00:00,,precipprob,0.0,0.0,,,100.0,,
2024-11-19 11:00:00,,precipprob,0.0,0.0,,,100.0,,
2024-11-19 12:00:00,,precipprob,0.0,0.0,,,100.0,,
2024-11-19 13:00:00,,precipprob,0.0,0.0,,,100.0,,
2024-11-19 14:00:00,,precipprob,0.0,0.0,,,100.0,,
2024-11-19 15:00:00,,precipprob,0.0,0.0,,,100.0,,
2024-11-19 16:00:00,,precipprob,0.0,0.0,,,100.0,,
2024-11-19 17:00:00,,precipprob,0.0,0.0,,,100.0,,
2024-11-19 18:00:00,,precipprob,0.0,0.0,,,100.0,,
2024-11-19 19:00:00,,precipprob,0.0,0.0,,,100.0,,
2024-11-19 20:00:00,,precipprob,0.0,0.0,,,100.0,,
2024-11-19 21:00:00,,precipprob,0.0,0.0,,,100.0,,
2024-11-19 22:00:00,,precipprob,0.0,0.0,,,100.0,,
2024-11-19 23:00:00,,precipprob,0.0,0.0,,,100.0,,
2024-11-20 00:00:00,,precipprob,0.0,0.0,,,100.0,,
2024-11-20 01:00:00,,precipprob,0.0,0.0,,,100.0,,
2024-11-20 02:00:00,,precipprob,0.0,0.0,,,100.0,,
2024-11-20 03:00:00,,precipprob,0.0,0.0,,,100.0,,
2024-11-20 04:00:00,,precipprob,0.0,0.0,,,100.0,,
2024-11-20 05:00:00,,precipprob,0.0,0.0,,,100.0,,
2024-11-20 06:00:00,,precipprob,0.0,0.0,,,100.0,,
2024-11-20 07:00:00,,precipprob,0.0,0.0,,,100.0,,
2024-11-20 08:00:00,,precipprob,0.0,0.0,,,100.0,,
2024-11-20 09:00:00,,precipprob,0.0,0.0,,,100.0,,
2024-11-20 10:00:00,,precipprob,0.0,0.0,,,100.0,,
2024-11-20 11:00:00,,precipprob,0.0,0.0,,,100.0,,
2024-11-20 12:00:00,,precipprob,0.0,0.0,,,100.0,,
2024-11-20 13:00:00,,precipprob,0.0,0.0,,,100.0,,
2024-11-20 14:00:00,,precipprob,0.0,0.0,,,100.0,,
2024-11-20 15:00:00,,precipprob,0.0,0.0,,,100.0,,
2024-11-20 16:00:00,,precipprob,0.0,0.0,,,100.0,,
2024-11-20 17:00:00,,precipprob,0.0,0.0,,,100.0,,
2024-11-20 18:00:00,,precipprob,0.0,0.0,,,100.0,,
2024-11-20 19:00:00,,precipprob,0.0,0.0,,,100.0,,
2024-11-20 20:00:00,,precipprob,0.0,0.0,,,100.0,,
2024-11-20 21:00:00,,precipprob,0.0,0.0,,,100.0,,
2024-11-20 22:00:00,,precipprob,0.0,0.0,,,100.0,,
2024-11-20 23:00:00,,precipprob,0.0,0.0,,,100.0,,
2024-11-21 00:00:00,,precipprob,0.0,0.0,,,100.0,,
2024-11-21 01:00:00,,precipprob,0.0,0.0,,,100.0,,
2024-11-21 02:00:00,,precipprob,0.0,0.0,,,100.0,,
2024-11-21 03:00:00,,precipprob,0.0,0.0,,,100.0,,
2024-11-21 04:00:00,,precipprob,0.0,0.0,,,100.0,,
2024-11-21 05:00:00,,precipprob,0.0,0.0,,,100.0,,
2024-11-21 06:00:00,,precipprob,0.0,0.0,,,100.0,,
2024-11-21 07:00:00,,precipprob,0.0,0.0,,,100.0,,
2024-11-21 08:00:00,,precipprob,0.0,0.0,,,100.0,,
2024-11-21 09:00:00,,precipprob,0.0,0.0,,,100.0,,
2024-11-21 10:00:00,,precipprob,0.0,0.0,,,100.0,,
2024-11-21 11:00:00,,precipprob,0.0,0.0,,,100.0,,
2024-11-21 12:00:00,,precipprob,0.0,0.0,,,100.0,,
2024-11-21 13:00:00,,precipprob,0.0,0.0,,,100.0,,
2024-11-21 14:00:00,,precipprob,0.0,0.0,,,100.0,,
2024-11-21 15:00:00,,precipprob,0.0,0.0,,,100.0,,
2024-11-21 16:00:00,,precipprob,0.0,0.0,,,100.0,,
2024-11-21 17:00:00,,precipprob,0.0,0.0,,,100.0,,
2024-11-21 18:00:00,,precipprob,0.0,0.0,,,100.0,,
2024-11-21 19:00:00,,precipprob,0.0,0.0,,,100.0,,
2024-11-21 20:00:00,,precipprob,0.0,0.0,,,100.0,,
2024-11-21 21:00:00,,precipprob,0.0,0.0,,,100.0,,
2024-11-21 22:00:00,,precipprob,0.0,0.0,,,100.0,,
2024-11-21 23:00:00,,precipprob,0.0,0.0,,,100.0,,
2024-11-22 07:00:00,,precipprob,0.0,0.0,,,100.0,,
2024-11-22 13:00:00,,precipprob,0.0,0.0,,,100.0,,
2024-11-22 19:00:00,,precipprob,0.0,0.0,,,100.0,,
2024-11-23 01:00:00,,precipprob,0.0,0.0,,,100.0,,
2024-11-23 07:00:00,,precipprob,0.0,0.0,,,100.0,,
2024-11-23 13:00:00,,precipprob,0.0,0.0,,,100.0,,
2024-11-23 19:00:00,,precipprob,0.0,0.0,,,100.0,,
2024-11-24 01:00:00,,precipprob,0.0,0.0,,,100.0,,
2024-11-24 07:00:00,,precipprob,0.0,0.0,,,100.0,,
2024-11-24 13:00:00,,precipprob,0.0,0.0,,,100.0,,
2024-11-24 19:00:00,,precipprob,0.0,0.0,,,100.0,,
2024-11-25 01:00:00,,precipprob,0.0,0.0,,,100.0,,
2024-11-25 07:00:00,,precipprob,0.0,0.0,,,100.0,,
2024-11-25 13:00:00,,precipprob,0.0,0.0,,,100.0,,
2024-11-25 19:00:00,,precipprob,0.0,0.0,,,100.0,,
2024-11-26 01:00:00,,precipprob,0.0,0.0,,,100.0,,
2024-11-26 07:00:00,,precipprob,0.0,0.0,,,100.0,,
2024-11-26 13:00:00,,precipprob,0.0,0.0,,,100.0,,
2024-11-27 19:00:00,,precipprob,0.0,0.0,,,100.0,,
2024-11-29 07:00:00,,precipprob,0.0,0.0,,,100.0,,
2024-11-29 13:00:00,,precipprob,0.0,0.0,,,100.0,,
2024-12-01 14:00:00,,precipprob,0.0,0.0,,,100.0,,
2024-12-02 00:00:00,,precipprob,0.0,0.0,,,100.0,,
2024-12-02 01:00:00,,precipprob,0.0,0.0,,,100.0,,
2024-12-03 01:00:00,,precipprob,0.0,0.0,,,100.0,,
2024-12-03 07:00:00,,precipprob,0.0,0.0,,,100.0,,
2024-12-04 07:00:00,,precipprob,0.0,0.0,,,100.0,,
2024-12-05 19:00:00,,precipprob,0.0,0.0,,,100.0,,
2024-12-06 01:00:00,,precipprob,0.0,0.0,,,100.0,,
2024-12-06 07:00:00,,precipprob,0.0,0.0,,,100.0,,
2024-12-06 13:00:00,,precipprob,0.0,0.0,,,100.0,,
2024-12-07 07:00:00,,precipprob,0.0,0.0,,,100.0,,
2024-12-07 13:00:00,,precipprob,0.0,0.0,,,100.0,,
2024-12-08 13:00:00,,precipprob,0.0,0.0,,,100.0,,
2024-12-09 01:00:00,,precipprob,0.0,0.0,,,100.0,,
2024-12-09 13:00:00,,precipprob,0.0,0.0,,,100.0,,
2024-12-09 19:00:00,,precipprob,0.0,0.0,,,100.0,,
2024-12-10 01:00:00,,precipprob,0.0,0.0,,,100.0,,
2024-12-10 07:00:00,,precipprob,0.0,0.0,,,100.0,,
2024-12-11 01:00:00,,precipprob,0.0,0.0,,,100.0,,
2024-12-11 07:00:00,,precipprob,0.0,0.0,,,100.0,,
2024-12-11 13:00:00,,precipprob,0.0,0.0,,,100.0,,
2024-12-11 19:00:00,,precipprob,0.0,0.0,,,100.0,,
2024-12-12 01:00:00,,precipprob,0.0,0.0,,,100.0,,
2024-12-12 07:00:00,,precipprob,0.0,0.0,,,100.0,,
2024-12-12 13:00:00,,precipprob,0.0,0.0,,,100.0,,
2024-12-12 19:00:00,,precipprob,0.0,0.0,,,100.0,,
2024-12-13 01:00:00,,precipprob,0.0,0.0,,,100.0,,
2024-12-13 13:00:00,,precipprob,0.0,0.0,,,100.0,,
2024-12-13 19:00:00,,precipprob,0.0,0.0,,,100.0,,
2024-12-14 01:00:00,,precipprob,0.0,0.0,,,100.0,,
2024-12-14 07:00:00,,precipprob,0.0,0.0,,,100.0,,
2024-12-14 13:00:00,,precipprob,0.0,0.0,,,100.0,,
2024-12-14 19:00:00,,precipprob,0.0,0.0,,,100.0,,
2024-12-15 01:00:00,,precipprob,0.0,0.0,,,100.0,,
2024-12-15 07:00:00,,precipprob,0.0,0.0,,,100.0,,
2024-12-15 13:00:00,,precipprob,0.0,0.0,,,100.0,,
2024-12-15 19:00:00,,precipprob,0.0,0.0,,,100.0,,
2024-12-16 01:00:00,,precipprob,0.0,0.0,,,100.0,,
2024-12-16 07:00:00,,precipprob,0.0,0.0,,,100.0,,
2024-12-16 13:00:00,,precipprob,0.0,0.0,,,100.0,,
2024-12-17 07:00:00,,precipprob,0.0,0.0,,,100.0,,
2024-12-17 13:00:00,,precipprob,0.0,0.0,,,100.0,,
2024-12-18 16:00:00,,precipprob,0.0,0.0,,,100.0,,
2024-12-18 17:00:00,,precipprob,0.0,0.0,,,100.0,,
2024-12-18 19:00:00,,precipprob,0.0,0.0,,,100.0,,
2024-12-18 20:00:00,,precipprob,0.0,0.0,,,100.0,,
2024-12-19 01:00:00,,precipprob,0.0,0.0,,,100.0,,
2024-12-19 07:00:00,,precipprob,0.0,0.0,,,100.0,,
2024-12-19 13:00:00,,precipprob,0.0,0.0,,,100.0,,
2024-12-19 19:00:00,,precipprob,0.0,0.0,,,100.0,,
2024-12-20 07:00:00,,precipprob,0.0,0.0,,,100.0,,
2024-12-20 13:00:00,,precipprob,0.0,0.0,,,100.0,,
2024-12-21 07:00:00,,precipprob,0.0,0.0,,,100.0,,
2024-12-21 19:00:00,,precipprob,0.0,0.0,,,100.0,,
2024-12-22 13:00:00,,precipprob,0.0,0.0,,,100.0,,
2024-12-23 01:00:00,,precipprob,0.0,0.0,,,100.0,,
2024-12-23 07:00:00,,precipprob,0.0,0.0,,,100.0,,
2024-12-23 13:00:00,,precipprob,0.0,0.0,,,100.0,,
2024-12-23 19:00:00,,precipprob,0.0,0.0,,,100.0,,
2024-12-24 01:00:00,,precipprob,0.0,0.0,,,100.0,,
2024-12-24 07:00:00,,precipprob,0.0,0.0,,,100.0,,
2024-12-24 13:00:00,,precipprob,0.0,0.0,,,100.0,,
2024-12-24 19:00:00,,precipprob,0.0,0.0,,,100.0,,
2024-12-25 01:00:00,,precipprob,0.0,0.0,,,100.0,,
2024-12-25 13:00:00,,precipprob,0.0,0.0,,,100.0,,
2024-12-26 01:00:00,,precipprob,0.0,0.0,,,100.0,,
2024-12-26 07:00:00,,precipprob,0.0,0.0,,,100.0,,
2024-12-26 13:00:00,,precipprob,0.0,0.0,,,100.0,,
2024-12-26 19:00:00,,precipprob,0.0,0.0,,,100.0,,
2024-12-27 01:00:00,,precipprob,0.0,0.0,,,100.0,,
2024-12-27 07:00:00,,precipprob,0.0,0.0,,,100.0,,
2024-12-27 13:00:00,,precipprob,0.0,0.0,,,100.0,,
2024-12-27 19:00:00,,precipprob,0.0,0.0,,,100.0,,
2024-12-28 01:00:00,,precipprob,0.0,0.0,,,100.0,,
2024-12-28 07:00:00,,precipprob,0.0,0.0,,,100.0,,
2024-12-28 13:00:00,,precipprob,0.0,0.0,,,100.0,,
2024-12-28 19:00:00,,precipprob,0.0,0.0,,,100.0,,
2024-12-29 01:00:00,,precipprob,0.0,0.0,,,100.0,,
2024-12-29 13:00:00,,precipprob,0.0,0.0,,,100.0,,
2024-12-30 01:00:00,,precipprob,0.0,0.0,,,100.0,,
2024-12-31 01:00:00,,precipprob,0.0,0.0,,,100.0,,
2024-12-31 07:00:00,,precipprob,0.0,0.0,,,100.0,,
2024-12-31 13:00:00,,precipprob,0.0,0.0,,,100.0,,
2025-01-02 01:00:00,,precipprob,0.0,0.0,,,100.0,,
2025-01-02 07:00:00,,precipprob,0.0,0.0,,,100.0,,
2025-01-02 13:00:00,,precipprob,0.0,0.0,,,100.0,,
2025-01-03 01:00:00,,precipprob,0.0,0.0,,,100.0,,
2025-01-03 07:00:00,,precipprob,0.0,0.0,,,100.0,,
2025-01-03 13:00:00,,precipprob,0.0,0.0,,,100.0,,
2025-01-04 07:00:00,,precipprob,0.0,0.0,,,100.0,,
2025-01-08 04:00:00,,precipprob,0.0,0.0,,,100.0,,
2025-01-09 01:00:00,,precipprob,0.0,0.0,,,100.0,,
2025-01-09 07:00:00,,precipprob,0.0,0.0,,,100.0,,
2025-01-09 13:00:00,,precipprob,0.0,0.0,,,100.0,,
2025-01-09 19:00:00,,precipprob,0.0,0.0,,,100.0,,
2025-01-10 01:00:00,,precipprob,0.0,0.0,,,100.0,,
2025-01-10 07:00:00,,precipprob,0.0,0.0,,,100.0,,
2025-01-10 13:00:00,,precipprob,0.0,0.0,,,100.0,,
2025-01-11 07:00:00,,precipprob,0.0,0.0,,,100.0,,
2025-01-11 19:00:00,,precipprob,0.0,0.0,,,100.0,,
2025-01-12 01:00:00,,precipprob,0.0,0.0,,,100.0,,
2025-01-12 07:00:00,,precipprob,0.0,0.0,,,100.0,,
2025-01-12 13:00:00,,precipprob,0.0,0.0,,,100.0,,
2025-01-14 19:00:00,,precipprob,0.0,0.0,,,100.0,,
2025-01-15 19:00:00,,precipprob,0.0,0.0,,,100.0,,
2025-01-16 19:00:00,,precipprob,0.0,0.0,,,100.0,,
2025-01-17 19:00:00,,precipprob,0.0,0.0,,,100.0,,
2025-01-18 19:00:00,,precipprob,0.0,0.0,,,100.0,,
2025-01-26 19:00:00,,precipprob,0.0,0.0,,,100.0,,
2025-01-27 01:00:00,,precipprob,0.0,0.0,,,100.0,,
2025-01-27 07:00:00,,precipprob,0.0,0.0,,,100.0,,
2025-01-27 13:00:00,,precipprob,0.0,0.0,,,100.0,,
2025-01-27 19:00:00,,precipprob,0.0,0.0,,,100.0,,
2025-01-28 13:00:00,,precipprob,0.0,0.0,,,100.0,,
2025-01-29 01:00:00,,precipprob,0.0,0.0,,,100.0,,
2025-01-29 07:00:00,,precipprob,0.0,0.0,,,100.0,,
2025-01-29 13:00:00,,precipprob,0.0,0.0,,,100.0,,
2025-02-03 13:00:00,,precipprob,0.0,0.0,,,100.0,,
2025-02-03 19:00:00,,precipprob,0.0,0.0,,,100.0,,
2025-02-04 01:00:00,,precipprob,0.0,0.0,,,100.0,,
2025-02-04 07:00:00,,precipprob,0.0,0.0,,,100.0,,
2025-02-04 13:00:00,,precipprob,0.0,0.0,,,100.0,,
2025-02-04 19:00:00,,precipprob,0.0,0.0,,,100.0,,
2025-02-05 01:00:00,,precipprob,0.0,0.0,,,100.0,,
2025-02-07 19:00:00,,precipprob,0.0,0.0,,,100.0,,
2025-02-08 19:00:00,,precipprob,0.0,0.0,,,100.0,,
2025-02-09 19:00:00,,precipprob,0.0,0.0,,,100.0,,
2025-02-10 19:00:00,,precipprob,0.0,0.0,,,100.0,,
2025-02-12 19:00:00,,precipprob,0.0,0.0,,,100.0,,
2025-02-13 01:00:00,,precipprob,0.0,0.0,,,100.0,,
2025-02-13 07:00:00,,precipprob,0.0,0.0,,,100.0,,
2025-02-13 13:00:00,,precipprob,0.0,0.0,,,100.0,,
2025-02-13 19:00:00,,precipprob,0.0,0.0,,,100.0,,
2025-02-14 01:00:00,,precipprob,0.0,0.0,,,100.0,,
2025-02-14 13:00:00,,precipprob,0.0,0.0,,,100.0,,
2025-02-14 19:00:00,,precipprob,0.0,0.0,,,100.0,,
2025-02-15 19:00:00,,precipprob,0.0,0.0,,,100.0,,
2025-02-16 19:00:00,,precipprob,0.0,0.0,,,100.0,,
2025-02-18 19:00:00,,precipprob,0.0,0.0,,,100.0,,
2025-02-20 13:00:00,,precipprob,0.0,0.0,,,100.0,,
2025-02-21 19:00:00,,precipprob,0.0,0.0,,,100.0,,
2025-02-22 19:00:00,,precipprob,0.0,0.0,,,100.0,,
2025-02-23 19:00:00,,precipprob,0.0,0.0,,,100.0,,
2025-02-24 19:00:00,,precipprob,0.0,0.0,,,100.0,,
2025-02-25 19:00:00,,precipprob,0.0,0.0,,,100.0,,
2025-02-26 07:00:00,,precipprob,0.0,0.0,,,100.0,,
2025-02-26 19:00:00,,precipprob,0.0,0.0,,,100.0,,
2025-02-27 12:00:00,,precipprob,0.0,0.0,,,100.0,,
2025-03-06 01:00:00,,precipprob,0.0,0.0,,,100.0,,
2025-03-06 13:00:00,,precipprob,0.0,0.0,,,100.0,,
2025-03-06 19:00:00,,precipprob,0.0,0.0,,,100.0,,
2025-03-07 01:00:00,,precipprob,0.0,0.0,,,100.0,,
2025-03-07 13:00:00,,precipprob,0.0,0.0,,,100.0,,
2025-03-08 01:00:00,,precipprob,0.0,0.0,,,100.0,,
2025-03-10 01:00:00,,precipprob,0.0,0.0,,,100.0,,
2025-03-11 19:00:00,,precipprob,0.0,0.0,,,100.0,,
2025-03-12 19:00:00,,precipprob,0.0,0.0,,,100.0,,
2025-03-13 19:00:00,,precipprob,0.0,0.0,,,100.0,,
2025-03-17 01:00:00,,precipprob,0.0,0.0,,,100.0,,
2025-03-18 07:00:00,,precipprob,0.0,0.0,,,100.0,,
2025-03-18 13:00:00,,precipprob,0.0,0.0,,,100.0,,
2025-03-18 19:00:00,,precipprob,0.0,0.0,,,100.0,,
2025-03-19 01:00:00,,precipprob,0.0,0.0,,,100.0,,
2025-03-19 13:00:00,,precipprob,0.0,0.0,,,100.0,,
2025-03-20 19:00:00,,precipprob,0.0,0.0,,,100.0,,
2025-03-21 13:00:00,,precipprob,0.0,0.0,,,100.0,,
2025-03-21 19:00:00,,precipprob,0.0,0.0,,,100.0,,
2025-03-30 01:00:00,,precipprob,0.0,0.0,,,100.0,,
2025-03-30 13:00:00,,precipprob,0.0,0.0,,,100.0,,
2025-03-30 19:00:00,,precipprob,0.0,0.0,,,100.0,,
2025-03-31 01:00:00,,precipprob,0.0,0.0,,,100.0,,
2025-03-31 13:00:00,,precipprob,0.0,0.0,,,100.0,,
2025-04-01 13:00:00,,precipprob,0.0,0.0,,,100.0,,
2025-04-07 01:00:00,,precipprob,0.0,0.0,,,100.0,,
2025-04-09 19:00:00,,precipprob,0.0,0.0,,,100.0,,
2025-04-10 19:00:00,,precipprob,0.0,0.0,,,100.0,,
2025-04-13 01:00:00,,precipprob,0.0,0.0,,,100.0,,
2025-04-13 07:00:00,,precipprob,0.0,0.0,,,100.0,,
2025-04-13 13:00:00,,precipprob,0.0,0.0,,,100.0,,
2025-04-13 19:00:00,,precipprob,0.0,0.0,,,100.0,,
2025-04-17 19:00:00,,precipprob,0.0,0.0,,,100.0,,
2025-04-18 19:00:00,,precipprob,0.0,0.0,,,100.0,,
2025-04-19 19:00:00,,precipprob,0.0,0.0,,,100.0,,
2025-04-25 19:00:00,,precipprob,0.0,0.0,,,100.0,,
2025-04-26 19:00:00,,precipprob,0.0,0.0,,,100.0,,
2025-05-08 19:00:00,,precipprob,0.0,0.0,,,100.0,,
2025-05-09 19:00:00,,precipprob,0.0,0.0,,,100.0,,
2025-05-10 19:00:00,,precipprob,0.0,0.0,,,100.0,,
2025-05-11 01:00:00,,precipprob,0.0,0.0,,,100.0,,
2025-05-11 07:00:00,,precipprob,0.0,0.0,,,100.0,,
2025-05-11 19:00:00,,precipprob,0.0,0.0,,,100.0,,
2025-05-12 01:00:00,,precipprob,0.0,0.0,,,100.0,,
2025-05-12 13:00:00,,precipprob,0.0,0.0,,,100.0,,
2025-05-12 19:00:00,,precipprob,0.0,0.0,,,100.0,,
2025-05-13 19:00:00,,precipprob,0.0,0.0,,,100.0,,
2025-05-26 19:00:00,,precipprob,0.0,0.0,,,100.0,,
2025-05-27 13:00:00,,precipprob,0.0,0.0,,,100.0,,
2025-05-27 19:00:00,,precipprob,0.0,0.0,,,100.0,,
2025-05-28 19:00:00,,precipprob,0.0,0.0,,,100.0,,
2025-05-31 19:00:00,,precipprob,0.0,0.0,,,100.0,,
2025-06-03 19:00:00,,precipprob,0.0,0.0,,,100.0,,
2025-06-10 19:00:00,,precipprob,0.0,0.0,,,100.0,,
2025-06-11 01:00:00,,precipprob,0.0,0.0,,,100.0,,
2025-06-11 07:00:00,,precipprob,0.0,0.0,,,100.0,,
2025-06-11 13:00:00,,precipprob,0.0,0.0,,,100.0,,
2025-06-11 19:00:00,,precipprob,0.0,0.0,,,100.0,,
2025-06-12 01:00:00,,precipprob,0.0,0.0,,,100.0,,
2025-06-12 19:00:00,,precipprob,0.0,0.0,,,100.0,,
2025-06-13 01:00:00,,precipprob,0.0,0.0,,,100.0,,
2025-06-13 07:00:00,,precipprob,0.0,0.0,,,100.0,,
2025-06-13 13:00:00,,precipprob,0.0,0.0,,,100.0,,
2025-06-13 19:00:00,,precipprob,0.0,0.0,,,100.0,,
2025-06-14 07:00:00,,precipprob,0.0,0.0,,,100.0,,
2025-06-18 07:00:00,,precipprob,0.0,0.0,,,100.0,,
2025-06-20 01:00:00,,precipprob,0.0,0.0,,,100.0,,
2025-06-26 19:00:00,,precipprob,0.0,0.0,,,100.0,,
2025-06-27 13:00:00,,precipprob,0.0,0.0,,,100.0,,
2025-06-27 19:00:00,,precipprob,0.0,0.0,,,100.0,,
2025-06-28 19:00:00,,precipprob,0.0,0.0,,,100.0,,
2025-06-29 01:00:00,,precipprob,0.0,0.0,,,100.0,,
2025-06-29 19:00:00,,precipprob,0.0,0.0,,,100.0,,
2025-06-30 19:00:00,,precipprob,0.0,0.0,,,100.0,,
2025-07-01 01:00:00,,precipprob,0.0,0.0,,,100.0,,
2025-07-01 19:00:00,,precipprob,0.0,0.0,,,100.0,,
2025-07-02 19:00:00,,precipprob,0.0,0.0,,,100.0,,
2025-07-03 01:00:00,,precipprob,0.0,0.0,,,100.0,,
2025-07-03 19:00:00,,precipprob,0.0,0.0,,,100.0,,
2025-07-04 07:00:00,,precipprob,0.0,0.0,,,100.0,,
2025-07-04 19:00:00,,precipprob,0.0,0.0,,,100.0,,
2025-07-05 01:00:00,,precipprob,0.0,0.0,,,100.0,,
2025-07-05 19:00:00,,precipprob,0.0,0.0,,,100.0,,
2025-07-06 01:00:00,,precipprob,0.0,0.0,,,100.0,,
2025-07-06 19:00:00,,precipprob,0.0,0.0,,,100.0,,
2025-07-11 19:00:00,,precipprob,0.0,0.0,,,100.0,,
2025-07-12 19:00:00,,precipprob,0.0,0.0,,,100.0,,
2025-07-14 19:00:00,,precipprob,0.0,0.0,,,100.0,,
2025-07-15 01:00:00,,precipprob,0.0,0.0,,,100.0,,
2025-07-15 19:00:00,,precipprob,0.0,0.0,,,100.0,,
2025-07-16 20:00:00,,precipprob,0.0,0.0,,,100.0,,
2025-07-17 19:00:00,,precipprob,0.0,0.0,,,100.0,,
2025-07-20 07:00:00,,precipprob,0.0,0.0,,,100.0,,
2025-07-20 19:00:00,,precipprob,0.0,0.0,,,100.0,,
2025-07-21 19:00:00,,precipprob,0.0,0.0,,,100.0,,
2025-07-24 07:00:00,,precipprob,0.0,0.0,,,100.0,,
2025-07-24 19:00:00,,precipprob,0.0,0.0,,,100.0,,
2025-07-25 07:00:00,,precipprob,0.0,0.0,,,100.0,,
2025-07-25 19:00:00,,precipprob,0.0,0.0,,,100.0,,
2025-07-26 01:00:00,,precipprob,0.0,0.0,,,100.0,,
2025-07-26 07:00:00,,precipprob,0.0,0.0,,,100.0,,
2025-07-26 19:00:00,,precipprob,0.0,0.0,,,100.0,,
2025-07-27 01:00:00,,precipprob,0.0,0.0,,,100.0,,
2025-07-27 13:00:00,,precipprob,0.0,0.0,,,100.0,,
2025-07-27 19:00:00,,precipprob,0.0,0.0,,,100.0,,
2025-07-28 07:00:00,,precipprob,0.0,0.0,,,100.0,,
2025-07-28 13:00:00,,precipprob,0.0,0.0,,,100.0,,
2025-07-28 19:00:00,,precipprob,0.0,0.0,,,100.0,,
2025-07-29 13:00:00,,precipprob,0.0,0.0,,,100.0,,
2025-07-30 19:00:00,,precipprob,0.0,0.0,,,100.0,,
2025-08-07 01:00:00,,precipprob,0.0,0.0,,,100.0,,
2025-08-07 19:00:00,,precipprob,0.0,0.0,,,100.0,,
2025-08-10 19:00:00,,precipprob,0.0,0.0,,,100.0,,
2025-08-14 01:00:00,,precipprob,0.0,0.0,,,100.0,,
2025-08-14 19:00:00,,precipprob,0.0,0.0,,,100.0,,
2025-08-15 19:00:00,,precipprob,0.0,0.0,,,100.0,,
2025-08-16 01:00:00,,precipprob,0.0,0.0,,,100.0,,
2025-08-16 19:00:00,,precipprob,0.0,0.0,,,100.0,,
2025-08-17 01:00:00,,precipprob,0.0,0.0,,,100.0,,
2025-08-17 07:00:00,,precipprob,0.0,0.0,,,100.0,,
2025-08-17 13:00:00,,precipprob,0.0,0.0,,,100.0,,
2025-08-17 19:00:00,,precipprob,0.0,0.0,,,100.0,,
2025-08-18 19:00:00,,precipprob,0.0,0.0,,,100.0,,
2025-08-19 19:00:00,,precipprob,0.0,0.0,,,100.0,,
2025-08-24 13:00:00,,precipprob,0.0,0.0,,,100.0,,
2025-08-24 19:00:00,,precipprob,0.0,0.0,,,100.0,,
2025-08-25 01:00:00,,precipprob,0.0,0.0,,,100.0,,
2025-08-26 16:00:00,,precipprob,0.0,0.0,,,100.0,,
2025-08-26 17:00:00,,precipprob,0.0,0.0,,,100.0,,
2025-08-26 18:00:00,,precipprob,0.0,0.0,,,100.0,,
2025-08-26 19:00:00,,precipprob,0.0,0.0,,,100.0,,
2025-08-26 20:00:00,,precipprob,0.0,0.0,,,100.0,,
2025-08-26 21:00:00,,precipprob,0.0,0.0,,,100.0,,
2025-08-26 22:00:00,,precipprob,0.0,0.0,,,100.0,,
2025-08-26 23:00:00,,precipprob,0.0,0.0,,,100.0,,
2025-08-27 00:00:00,,precipprob,0.0,0.0,,,100.0,,
2025-08-27 01:00:00,,precipprob,0.0,0.0,,,100.0,,
2025-08-27 02:00:00,,precipprob,0.0,0.0,,,100.0,,
2025-08-27 03:00:00,,precipprob,0.0,0.0,,,100.0,,
2025-08-27 04:00:00,,precipprob,0.0,0.0,,,100.0,,
2025-08-27 05:00:00,,precipprob,0.0,0.0,,,100.0,,
2025-08-27 06:00:00,,precipprob,0.0,0.0,,,100.0,,
2025-08-27 07:00:00,,precipprob,0.0,0.0,,,100.0,,
2025-08-27 08:00:00,,precipprob,0.0,0.0,,,100.0,,
2025-08-27 09:00:00,,precipprob,0.0,0.0,,,100.0,,
2025-08-27 10:00:00,,precipprob,0.0,0.0,,,100.0,,
2025-08-27 11:00:00,,precipprob,0.0,0.0,,,100.0,,
2025-08-27 12:00:00,,precipprob,0.0,0.0,,,100.0,,
2025-08-27 13:00:00,,precipprob,0.0,0.0,,,100.0,,
2025-08-27 14:00:00,,precipprob,0.0,0.0,,,100.0,,
2025-08-27 15:00:00,,precipprob,0.0,0.0,,,100.0,,
2025-08-27 16:00:00,,precipprob,0.0,0.0,,,100.0,,
2025-08-27 17:00:00,,precipprob,0.0,0.0,,,100.0,,
2025-08-27 18:00:00,,precipprob,0.0,0.0,,,100.0,,
2025-08-27 19:00:00,,precipprob,0.0,0.0,,,100.0,,
2025-08-27 20:00:00,,precipprob,0.0,0.0,,,100.0,,
2025-08-27 21:00:00,,precipprob,0.0,0.0,,,100.0,,
2025-08-27 22:00:00,,precipprob,0.0,0.0,,,100.0,,
2025-08-27 23:00:00,,precipprob,0.0,0.0,,,100.0,,
2025-08-28 02:00:00,,precipprob,0.0,0.0,,,100.0,,
2025-08-28 03:00:00,,precipprob,0.0,0.0,,,100.0,,
2025-08-28 04:00:00,,precipprob,0.0,0.0,,,100.0,,
2025-08-28 05:00:00,,precipprob,0.0,0.0,,,100.0,,
2025-08-28 06:00:00,,precipprob,0.0,0.0,,,100.0,,
2025-08-28 07:00:00,,precipprob,0.0,0.0,,,100.0,,
2025-08-28 08:00:00,,precipprob,0.0,0.0,,,100.0,,
2025-08-28 09:00:00,,precipprob,0.0,0.0,,,100.0,,
2025-08-28 10:00:00,,precipprob,0.0,0.0,,,100.0,,
2025-08-28 11:00:00,,precipprob,0.0,0.0,,,100.0,,
2025-08-28 12:00:00,,precipprob,0.0,0.0,,,100.0,,
2025-08-28 13:00:00,,precipprob,0.0,0.0,,,100.0,,
2025-08-28 15:00:00,,precipprob,0.0,0.0,,,100.0,,
2025-08-28 16:00:00,,precipprob,0.0,0.0,,,100.0,,
2025-08-28 18:00:00,,precipprob,0.0,0.0,,,100.0,,
2025-08-28 19:00:00,,precipprob,0.0,0.0,,,100.0,,
2025-08-29 07:00:00,,precipprob,0.0,0.0,,,100.0,,
2025-08-29 08:00:00,,precipprob,0.0,0.0,,,100.0,,
2025-08-29 09:00:00,,precipprob,0.0,0.0,,,100.0,,
2025-08-29 10:00:00,,precipprob,0.0,0.0,,,100.0,,
2025-08-29 11:00:00,,precipprob,0.0,0.0,,,100.0,,
2025-08-29 12:00:00,,precipprob,0.0,0.0,,,100.0,,
2025-08-29 13:00:00,,precipprob,0.0,0.0,,,100.0,,
2025-08-29 14:00:00,,precipprob,0.0,0.0,,,100.0,,
2025-08-29 15:00:00,,precipprob,0.0,0.0,,,100.0,,
2025-08-29 16:00:00,,precipprob,0.0,0.0,,,100.0,,
2025-08-29 17:00:00,,precipprob,0.0,0.0,,,100.0,,
2025-08-29 18:00:00,,precipprob,0.0,0.0,,,100.0,,
2025-08-29 19:00:00,,precipprob,0.0,0.0,,,100.0,,
2025-08-29 20:00:00,,precipprob,0.0,0.0,,,100.0,,
2025-08-29 21:00:00,,precipprob,0.0,0.0,,,100.0,,
2025-08-29 22:00:00,,precipprob,0.0,0.0,,,100.0,,
2025-08-29 23:00:00,,precipprob,0.0,0.0,,,100.0,,
2025-08-30 00:00:00,,precipprob,0.0,0.0,,,100.0,,
2025-08-30 01:00:00,,precipprob,0.0,0.0,,,100.0,,
2025-08-30 02:00:00,,precipprob,0.0,0.0,,,100.0,,
2025-08-30 03:00:00,,precipprob,0.0,0.0,,,100.0,,
2025-08-30 04:00:00,,precipprob,0.0,0.0,,,100.0,,
2025-08-30 05:00:00,,precipprob,0.0,0.0,,,100.0,,
2025-08-30 06:00:00,,precipprob,0.0,0.0,,,100.0,,
2025-08-30 07:00:00,,precipprob,0.0,0.0,,,100.0,,
2025-08-30 08:00:00,,precipprob,0.0,0.0,,,100.0,,
2025-08-30 09:00:00,,precipprob,0.0,0.0,,,100.0,,
2025-08-30 10:00:00,,precipprob,0.0,0.0,,,100.0,,
2025-08-30 11:00:00,,precipprob,0.0,0.0,,,100.0,,
2025-08-30 12:00:00,,precipprob,0.0,0.0,,,100.0,,
2025-08-30 13:00:00,,precipprob,0.0,0.0,,,100.0,,
2025-08-30 15:00:00,,precipprob,0.0,0.0,,,100.0,,
2025-08-30 16:00:00,,precipprob,0.0,0.0,,,100.0,,
2025-08-30 17:00:00,,precipprob,0.0,0.0,,,100.0,,
2025-08-30 18:00:00,,precipprob,0.0,0.0,,,100.0,,
2025-08-30 23:00:00,,precipprob,0.0,0.0,,,100.0,,
2025-08-31 01:00:00,,precipprob,0.0,0.0,,,100.0,,
2025-08-31 02:00:00,,precipprob,0.0,0.0,,,100.0,,
2025-08-31 03:00:00,,precipprob,0.0,0.0,,,100.0,,
2025-08-31 04:00:00,,precipprob,0.0,0.0,,,100.0,,
2025-08-31 05:00:00,,precipprob,0.0,0.0,,,100.0,,
2025-08-31 06:00:00,,precipprob,0.0,0.0,,,100.0,,
2025-08-31 07:00:00,,precipprob,0.0,0.0,,,100.0,,
2025-08-31 08:00:00,,precipprob,0.0,0.0,,,100.0,,
2025-08-31 11:00:00,,precipprob,0.0,0.0,,,100.0,,
2025-08-31 12:00:00,,precipprob,0.0,0.0,,,100.0,,
2025-08-31 13:00:00,,precipprob,0.0,0.0,,,100.0,,
2025-08-31 14:00:00,,precipprob,0.0,0.0,,,100.0,,
2025-08-31 15:00:00,,precipprob,0.0,0.0,,,100.0,,
2025-08-31 16:00:00,,precipprob,0.0,0.0,,,100.0,,
2025-08-31 18:00:00,,precipprob,0.0,0.0,,,100.0,,
2025-08-31 19:00:00,,precipprob,0.0,0.0,,,100.0,,
2025-08-31 20:00:00,,precipprob,0.0,0.0,,,100.0,,
2025-08-31 21:00:00,,precipprob,0.0,0.0,,,100.0,,
2025-08-31 22:00:00,,precipprob,0.0,0.0,,,100.0,,
2025-08-31 23:00:00,,precipprob,0.0,0.0,,,100.0,,
2025-09-01 00:00:00,,precipprob,0.0,0.0,,,100.0,,
2025-09-01 02:00:00,,precipprob,0.0,0.0,,,100.0,,
2025-09-01 06:00:00,,precipprob,0.0,0.0,,,100.0,,
2025-09-01 07:00:00,,precipprob,0.0,0.0,,,100.0,,
2025-09-01 08:00:00,,precipprob,0.0,0.0,,,100.0,,
2025-09-01 09:00:00,,precipprob,0.0,0.0,,,100.0,,
2025-09-01 10:00:00,,precipprob,0.0,0.0,,,100.0,,
2025-09-01 11:00:00,,precipprob,0.0,0.0,,,100.0,,
2025-09-01 12:00:00,,precipprob,0.0,0.0,,,100.0,,
2025-09-01 13:00:00,,precipprob,0.0,0.0,,,100.0,,
2025-09-01 14:00:00,,precipprob,0.0,0.0,,,100.0,,
2025-09-01 15:00:00,,precipprob,0.0,0.0,,,100.0,,
2025-09-01 16:00:00,,precipprob,0.0,0.0,,,100.0,,
2025-09-01 17:00:00,,precipprob,0.0,0.0,,,100.0,,
2025-09-01 18:00:00,,precipprob,0.0,0.0,,,100.0,,
2025-09-01 19:00:00,,precipprob,0.0,0.0,,,100.0,,
2025-09-01 20:00:00,,precipprob,0.0,0.0,,,100.0,,
2025-09-02 02:00:00,,precipprob,0.0,0.0,,,100.0,,
2025-09-02 07:00:00,,precipprob,0.0,0.0,,,100.0,,
2025-09-02 08:00:00,,precipprob,0.0,0.0,,,100.0,,
2025-09-02 09:00:00,,precipprob,0.0,0.0,,,100.0,,
2025-09-02 11:00:00,,precipprob,0.0,0.0,,,100.0,,
2025-09-02 12:00:00,,precipprob,0.0,0.0,,,100.0,,
2025-09-02 13:00:00,,precipprob,0.0,0.0,,,100.0,,
2025-09-02 14:00:00,,precipprob,0.0,0.0,,,100.0,,
2025-09-02 15:00:00,,precipprob,0.0,0.0,,,100.0,,
2025-09-02 16:00:00,,precipprob,0.0,0.0,,,100.0,,
2025-09-02 17:00:00,,precipprob,0.0,0.0,,,100.0,,
2025-09-02 18:00:00,,precipprob,0.0,0.0,,,100.0,,
2025-09-02 19:00:00,,precipprob,0.0,0.0,,,100.0,,
2025-09-02 20:00:00,,precipprob,0.0,0.0,,,100.0,,
2025-09-02 21:00:00,,precipprob,0.0,0.0,,,100.0,,
2025-09-03 13:00:00,,precipprob,0.0,0.0,,,100.0,,
2025-09-03 14:00:00,,precipprob,0.0,0.0,,,100.0,,
2025-09-03 15:00:00,,precipprob,0.0,0.0,,,100.0,,
2025-09-03 16:00:00,,precipprob,0.0,0.0,,,100.0,,
2025-09-03 17:00:00,,precipprob,0.0,0.0,,,100.0,,
2025-09-03 19:00:00,,precipprob,0.0,0.0,,,100.0,,
2025-09-03 20:00:00,,precipprob,0.0,0.0,,,100.0,,
2025-09-03 23:00:00,,precipprob,0.0,0.0,,,100.0,,
2025-09-04 00:00:00,,precipprob,0.0,0.0,,,100.0,,
2025-09-04 01:00:00,,precipprob,0.0,0.0,,,100.0,,
2025-09-04 05:00:00,,precipprob,0.0,0.0,,,100.0,,
2025-09-04 06:00:00,,precipprob,0.0,0.0,,,100.0,,
2025-09-04 07:00:00,,precipprob,0.0,0.0,,,100.0,,
2025-09-04 13:00:00,,precipprob,0.0,0.0,,,100.0,,
2025-09-04 15:00:00,,precipprob,0.0,0.0,,,100.0,,
2025-09-04 17:00:00,,precipprob,0.0,0.0,,,100.0,,
2025-09-04 18:00:00,,precipprob,0.0,0.0,,,100.0,,
2025-09-05 01:00:00,,precipprob,0.0,0.0,,,100.0,,
2025-09-05 13:00:00,,precipprob,0.0,0.0,,,100.0,,
2025-09-05 14:00:00,,precipprob,0.0,0.0,,,100.0,,
2025-09-05 15:00:00,,precipprob,0.0,0.0,,,100.0,,
2025-09-05 16:00:00,,precipprob,0.0,0.0,,,100.0,,
2025-09-05 17:00:00,,precipprob,0.0,0.0,,,100.0,,
2025-09-05 18:00:00,,precipprob,0.0,0.0,,,100.0,,
2025-09-05 19:00:00,,precipprob,0.0,0.0,,,100.0,,
2025-09-05 22:00:00,,precipprob,0.0,0.0,,,100.0,,
2025-09-05 23:00:00,,precipprob,0.0,0.0,,,100.0,,
2025-09-06 00:00:00,,precipprob,0.0,0.0,,,100.0,,
2025-09-06 11:00:00,,precipprob,0.0,0.0,,,100.0,,
2025-09-06 12:00:00,,precipprob,0.0,0.0,,,100.0,,
2025-09-06 13:00:00,,precipprob,0.0,0.0,,,100.0,,
2025-09-06 14:00:00,,precipprob,0.0,0.0,,,100.0,,
2025-09-06 16:00:00,,precipprob,0.0,0.0,,,100.0,,
2025-09-06 17:00:00,,precipprob,0.0,0.0,,,100.0,,
2025-09-06 18:00:00,,precipprob,0.0,0.0,,,100.0,,
2025-09-06 19:00:00,,precipprob,0.0,0.0,,,100.0,,
2025-09-07 12:00:00,,precipprob,0.0,0.0,,,100.0,,
2025-09-07 13:00:00,,precipprob,0.0,0.0,,,100.0,,
2025-09-07 14:00:00,,precipprob,0.0,0.0,,,100.0,,
2025-09-07 15:00:00,,precipprob,0.0,0.0,,,100.0,,
2025-09-07 16:00:00,,precipprob,0.0,0.0,,,100.0,,
2025-09-07 19:00:00,,precipprob,0.0,0.0,,,100.0,,
2025-09-07 20:00:00,,precipprob,0.0,0.0,,,100.0,,
2025-09-07 21:00:00,,precipprob,0.0,0.0,,,100.0,,
2025-09-07 22:00:00,,precipprob,0.0,0.0,,,100.0,,
2025-09-08 16:00:00,,precipprob,0.0,0.0,,,100.0,,
2025-09-09 02:00:00,,precipprob,0.0,0.0,,,100.0,,
2025-09-09 11:00:00,,precipprob,0.0,0.0,,,100.0,,
2025-09-09 13:00:00,,precipprob,0.0,0.0,,,100.0,,
2025-09-09 14:00:00,,precipprob,0.0,0.0,,,100.0,,
2025-09-09 15:00:00,,precipprob,0.0,0.0,,,100.0,,
2025-09-09 16:00:00,,precipprob,0.0,0.0,,,100.0,,
2025-09-09 17:00:00,,precipprob,0.0,0.0,,,100.0,,
2025-09-09 18:00:00,,precipprob,0.0,0.0,,,100.0,,
2025-09-09 22:00:00,,precipprob,0.0,0.0,,,100.0,,
2025-09-09 23:00:00,,precipprob,0.0,0.0,,,100.0,,
2025-09-10 13:00:00,,precipprob,0.0,0.0,,,100.0,,
2025-09-10 14:00:00,,precipprob,0.0,0.0,,,100.0,,
2025-09-10 15:00:00,,precipprob,0.0,0.0,,,100.0,,
2025-09-10 16:00:00,,precipprob,0.0,0.0,,,100.0,,
2025-09-10 17:00:00,,precipprob,0.0,0.0,,,100.0,,
2025-09-10 18:00:00,,precipprob,0.0,0.0,,,100.0,,
2025-09-10 19:00:00,,precipprob,0.0,0.0,,,100.0,,
2025-09-10 21:00:00,,precipprob,0.0,0.0,,,100.0,,
2025-09-11 12:00:00,,precipprob,0.0,0.0,,,100.0,,
2025-09-11 13:00:00,,precipprob,0.0,0.0,,,100.0,,
2025-09-11 15:00:00,,precipprob,0.0,0.0,,,100.0,,
2025-09-12 14:00:00,,precipprob,0.0,0.0,,,100.0,,
2025-09-12 20:00:00,,precipprob,0.0,0.0,,,100.0,,
2025-09-12 21:00:00,,precipprob,0.0,0.0,,,100.0,,
2025-09-13 15:00:00,,precipprob,0.0,0.0,,,100.0,,
2025-09-13 16:00:00,,precipprob,0.0,0.0,,,100.0,,
2025-09-13 17:00:00,,precipprob,0.0,0.0,,,100.0,,
2025-09-13 18:00:00,,precipprob,0.0,0.0,,,100.0,,
2025-09-13 19:00:00,,precipprob,0.0,0.0,,,100.0,,
2025-09-14 15:00:00,,precipprob,0.0,0.0,,,100.0,,
2025-09-14 16:00:00,,precipprob,0.0,0.0,,,100.0,,
2025-09-14 17:00:00,,precipprob,0.0,0.0,,,100.0,,
2025-09-14 18:00:00,,precipprob,0.0,0.0,,,100.0,,
2025-09-14 19:00:00,,precipprob,0.0,0.0,,,100.0,,
2025-09-15 02:00:00,,precipprob,0.0,0.0,,,100.0,,
2025-09-15 09:00:00,,precipprob,0.0,0.0,,,100.0,,
2025-09-15 10:00:00,,precipprob,0.0,0.0,,,100.0,,
2025-09-15 11:00:00,,precipprob,0.0,0.0,,,100.0,,
2025-09-15 12:00:00,,precipprob,0.0,0.0,,,100.0,,
2025-09-15 13:00:00,,precipprob,0.0,0.0,,,100.0,,
2025-09-15 14:00:00,,precipprob,0.0,0.0,,,100.0,,
2025-09-15 16:00:00,,precipprob,0.0,0.0,,,100.0,,
2025-09-15 17:00:00,,precipprob,0.0,0.0,,,100.0,,
2025-09-15 18:00:00,,precipprob,0.0,0.0,,,100.0,,
2025-09-16 10:00:00,,precipprob,0.0,0.0,,,100.0,,
2025-09-16 11:00:00,,precipprob,0.0,0.0,,,100.0,,
2025-09-16 12:00:00,,precipprob,0.0,0.0,,,100.0,,
2025-09-16 13:00:00,,precipprob,0.0,0.0,,,100.0,,
2025-09-16 14:00:00,,precipprob,0.0,0.0,,,100.0,,
2025-09-16 15:00:00,,precipprob,0.0,0.0,,,100.0,,
2025-09-16 16:00:00,,precipprob,0.0,0.0,,,100.0,,
2025-09-16 17:00:00,,precipprob,0.0,0.0,,,100.0,,
2025-09-16 18:00:00,,precipprob,0.0,0.0,,,100.0,,
2025-09-16 19:00:00,,precipprob,0.0,0.0,,,100.0,,
2025-09-16 20:00:00,,precipprob,0.0,0.0,,,100.0,,
2025-09-16 21:00:00,,precipprob,0.0,0.0,,,100.0,,
2025-09-16 22:00:00,,precipprob,0.0,0.0,,,100.0,,
2025-09-16 23:00:00,,precipprob,0.0,0.0,,,100.0,,
2025-09-17 00:00:00,,precipprob,0.0,0.0,,,100.0,,
2025-09-17 01:00:00,,precipprob,0.0,0.0,,,100.0,,
2025-09-17 02:00:00,,precipprob,0.0,0.0,,,100.0,,
2025-09-17 03:00:00,,precipprob,0.0,0.0,,,100.0,,
2025-09-17 04:00:00,,precipprob,0.0,0.0,,,100.0,,
2025-09-17 05:00:00,,precipprob,0.0,0.0,,,100.0,,
2025-09-17 06:00:00,,precipprob,0.0,0.0,,,100.0,,
2025-09-17 07:00:00,,precipprob,0.0,0.0,,,100.0,,
2025-09-17 08:00:00,,precipprob,0.0,0.0,,,100.0,,
2025-09-17 09:00:00,,precipprob,0.0,0.0,,,100.0,,
2025-09-17 10:00:00,,precipprob,0.0,0.0,,,100.0,,
2025-09-17 11:00:00,,precipprob,0.0,0.0,,,100.0,,
2025-09-17 12:00:00,,precipprob,0.0,0.0,,,100.0,,
2025-09-17 13:00:00,,precipprob,0.0,0.0,,,100.0,,
2025-09-17 14:00:00,,precipprob,0.0,0.0,,,100.0,,
2025-09-17 15:00:00,,precipprob,0.0,0.0,,,100.0,,
2025-09-17 16:00:00,,precipprob,0.0,0.0,,,100.0,,
2025-09-17 17:00:00,,precipprob,0.0,0.0,,,100.0,,
2025-09-17 18:00:00,,precipprob,0.0,0.0,,,100.0,,
2025-09-17 19:00:00,,precipprob,0.0,0.0,,,100.0,,
2025-09-17 20:00:00,,precipprob,0.0,0.0,,,100.0,,
2025-09-17 21:00:00,,precipprob,0.0,0.0,,,100.0,,
2025-09-17 22:00:00,,precipprob,0.0,0.0,,,100.0,,
2025-09-17 23:00:00,,precipprob,0.0,0.0,,,100.0,,
2025-09-18 00:00:00,,precipprob,0.0,0.0,,,100.0,,
2025-09-18 01:00:00,,precipprob,0.0,0.0,,,100.0,,
2025-09-18 02:00:00,,precipprob,0.0,0.0,,,100.0,,
2025-09-18 03:00:00,,precipprob,0.0,0.0,,,100.0,,
2025-09-18 04:00:00,,precipprob,0.0,0.0,,,100.0,,
2025-09-18 05:00:00,,precipprob,0.0,0.0,,,100.0,,
2025-09-18 06:00:00,,precipprob,0.0,0.0,,,100.0,,
2025-09-18 07:00:00,,precipprob,0.0,0.0,,,100.0,,
2025-09-18 08:00:00,,precipprob,0.0,0.0,,,100.0,,
2025-09-18 09:00:00,,precipprob,0.0,0.0,,,100.0,,
2025-09-18 10:00:00,,precipprob,0.0,0.0,,,100.0,,
2025-09-18 11:00:00,,precipprob,0.0,0.0,,,100.0,,
2025-09-18 12:00:00,,precipprob,0.0,0.0,,,100.0,,
2025-09-18 13:00:00,,precipprob,0.0,0.0,,,100.0,,
2025-09-18 14:00:00,,precipprob,0.0,0.0,,,100.0,,
2025-09-18 15:00:00,,precipprob,0.0,0.0,,,100.0,,
2025-09-18 16:00:00,,precipprob,0.0,0.0,,,100.0,,
2025-09-18 17:00:00,,precipprob,0.0,0.0,,,100.0,,
2025-09-18 18:00:00,,precipprob,0.0,0.0,,,100.0,,
2025-09-18 19:00:00,,precipprob,0.0,0.0,,,100.0,,
2025-09-18 20:00:00,,precipprob,0.0,0.0,,,100.0,,
2025-09-18 21:00:00,,precipprob,0.0,0.0,,,100.0,,
2025-09-18 22:00:00,,precipprob,0.0,0.0,,,100.0,,
2025-09-19 02:00:00,,precipprob,0.0,0.0,,,100.0,,
2025-09-19 03:00:00,,precipprob,0.0,0.0,,,100.0,,
2025-09-19 04:00:00,,precipprob,0.0,0.0,,,100.0,,
2025-09-19 08:00:00,,precipprob,0.0,0.0,,,100.0,,
2025-09-19 09:00:00,,precipprob,0.0,0.0,,,100.0,,
2025-09-19 10:00:00,,precipprob,0.0,0.0,,,100.0,,
2025-09-19 11:00:00,,precipprob,0.0,0.0,,,100.0,,
2025-09-19 12:00:00,,precipprob,0.0,0.0,,,100.0,,
2025-09-19 13:00:00,,precipprob,0.0,0.0,,,100.0,,
2025-09-19 14:00:00,,precipprob,0.0,0.0,,,100.0,,
2025-09-19 15:00:00,,precipprob,0.0,0.0,,,100.0,,
2025-09-19 16:00:00,,precipprob,0.0,0.0,,,100.0,,
2025-09-19 17:00:00,,precipprob,0.0,0.0,,,100.0,,
2025-09-19 18:00:00,,precipprob,0.0,0.0,,,100.0,,
2025-09-19 22:00:00,,precipprob,0.0,0.0,,,100.0,,
2025-09-20 02:00:00,,precipprob,0.0,0.0,,,100.0,,
2025-09-20 03:00:00,,precipprob,0.0,0.0,,,100.0,,
2025-09-20 11:00:00,,precipprob,0.0,0.0,,,100.0,,
2025-09-20 12:00:00,,precipprob,0.0,0.0,,,100.0,,
2025-09-20 13:00:00,,precipprob,0.0,0.0,,,100.0,,
2025-09-20 14:00:00,,precipprob,0.0,0.0,,,100.0,,
2025-09-20 15:00:00,,precipprob,0.0,0.0,,,100.0,,
2025-09-20 16:00:00,,precipprob,0.0,0.0,,,100.0,,
2025-09-20 17:00:00,,precipprob,0.0,0.0,,,100.0,,
2025-09-20 18:00:00,,precipprob,0.0,0.0,,,100.0,,
2025-09-20 19:00:00,,precipprob,0.0,0.0,,,100.0,,
2025-09-20 20:00:00,,precipprob,0.0,0.0,,,100.0,,
2025-09-20 21:00:00,,precipprob,0.0,0.0,,,100.0,,
2025-09-20 22:00:00,,precipprob,0.0,0.0,,,100.0,,
2025-09-21 02:00:00,,precipprob,0.0,0.0,,,100.0,,
2025-09-21 12:00:00,,precipprob,0.0,0.0,,,100.0,,
2025-09-21 13:00:00,,precipprob,0.0,0.0,,,100.0,,
2025-09-21 14:00:00,,precipprob,0.0,0.0,,,100.0,,
2025-09-21 15:00:00,,precipprob,0.0,0.0,,,100.0,,
2025-09-21 17:00:00,,precipprob,0.0,0.0,,,100.0,,
2025-09-21 18:00:00,,precipprob,0.0,0.0,,,100.0,,
2025-09-21 19:00:00,,precipprob,0.0,0.0,,,100.0,,
2025-09-22 06:00:00,,precipprob,0.0,0.0,,,100.0,,
2025-09-22 07:00:00,,precipprob,0.0,0.0,,,100.0,,
2025-09-22 08:00:00,,precipprob,0.0,0.0,,,100.0,,
2025-09-22 09:00:00,,precipprob,0.0,0.0,,,100.0,,
2025-09-22 10:00:00,,precipprob,0.0,0.0,,,100.0,,
2025-09-22 11:00:00,,precipprob,0.0,0.0,,,100.0,,
2025-09-22 13:00:00,,precipprob,0.0,0.0,,,100.0,,
2025-09-22 14:00:00,,precipprob,0.0,0.0,,,100.0,,
2025-09-22 15:00:00,,precipprob,0.0,0.0,,,100.0,,
2025-09-22 16:00:00,,precipprob,0.0,0.0,,,100.0,,
2025-09-22 18:00:00,,precipprob,0.0,0.0,,,100.0,,
2025-09-22 19:00:00,,precipprob,0.0,0.0,,,100.0,,
2025-09-22 20:00:00,,precipprob,0.0,0.0,,,100.0,,
2025-09-22 21:00:00,,precipprob,0.0,0.0,,,100.0,,
2025-09-22 22:00:00,,precipprob,0.0,0.0,,,100.0,,
2025-09-23 03:00:00,,precipprob,0.0,0.0,,,100.0,,
2025-09-23 04:00:00,,precipprob,0.0,0.0,,,100.0,,
2025-09-23 05:00:00,,precipprob,0.0,0.0,,,100.0,,
2025-09-23 10:00:00,,precipprob,0.0,0.0,,,100.0,,
2025-09-23 11:00:00,,precipprob,0.0,0.0,,,100.0,,
2025-09-23 12:00:00,,precipprob,0.0,0.0,,,100.0,,
2025-09-23 13:00:00,,precipprob,0.0,0.0,,,100.0,,
2025-09-23 15:00:00,,precipprob,0.0,0.0,,,100.0,,
2025-09-23 16:00:00,,precipprob,0.0,0.0,,,100.0,,
2025-09-23 19:00:00,,precipprob,0.0,0.0,,,100.0,,
2025-09-23 20:00:00,,precipprob,0.0,0.0,,,100.0,,
2025-09-23 23:00:00,,precipprob,0.0,0.0,,,100.0,,
2025-09-24 00:00:00,,precipprob,0.0,0.0,,,100.0,,
2025-09-24 01:00:00,,precipprob,0.0,0.0,,,100.0,,
2025-09-24 03:00:00,,precipprob,0.0,0.0,,,100.0,,
2025-09-24 13:00:00,,precipprob,0.0,0.0,,,100.0,,
2025-09-24 14:00:00,,precipprob,0.0,0.0,,,100.0,,
2025-09-24 15:00:00,,precipprob,0.0,0.0,,,100.0,,
2025-09-24 18:00:00,,precipprob,0.0,0.0,,,100.0,,
2025-09-24 19:00:00,,precipprob,0.0,0.0,,,100.0,,
2025-09-24 20:00:00,,precipprob,0.0,0.0,,,100.0,,
2025-09-24 21:00:00,,precipprob,0.0,0.0,,,100.0,,
2025-09-25 00:00:00,,precipprob,0.0,0.0,,,100.0,,
2025-09-25 01:00:00,,precipprob,0.0,0.0,,,100.0,,
2025-09-25 12:00:00,,precipprob,0.0,0.0,,,100.0,,
2025-09-25 13:00:00,,precipprob,0.0,0.0,,,100.0,,
2025-09-25 15:00:00,,precipprob,0.0,0.0,,,100.0,,
2025-09-25 16:00:00,,precipprob,0.0,0.0,,,100.0,,
2025-09-25 17:00:00,,precipprob,0.0,0.0,,,100.0,,
2025-09-25 18:00:00,,precipprob,0.0,0.0,,,100.0,,
2025-09-25 19:00:00,,precipprob,0.0,0.0,,,100.0,,
2025-09-25 20:00:00,,precipprob,0.0,0.0,,,100.0,,
2025-09-25 21:00:00,,precipprob,0.0,0.0,,,100.0,,
2025-09-25 22:00:00,,precipprob,0.0,0.0,,,100.0,,
2025-09-25 23:00:00,,precipprob,0.0,0.0,,,100.0,,
2025-09-26 00:00:00,,precipprob,0.0,0.0,,,100.0,,
2025-09-26 01:00:00,,precipprob,0.0,0.0,,,100.0,,
2025-09-26 02:00:00,,precipprob,0.0,0.0,,,100.0,,
2025-09-26 03:00:00,,precipprob,0.0,0.0,,,100.0,,
2025-09-26 04:00:00,,precipprob,0.0,0.0,,,100.0,,
2025-09-26 05:00:00,,precipprob,0.0,0.0,,,100.0,,
2025-09-26 06:00:00,,precipprob,0.0,0.0,,,100.0,,
2025-09-26 07:00:00,,precipprob,0.0,0.0,,,100.0,,
2025-09-26 08:00:00,,precipprob,0.0,0.0,,,100.0,,
2025-09-26 10:00:00,,precipprob,0.0,0.0,,,100.0,,
2025-09-26 11:00:00,,precipprob,0.0,0.0,,,100.0,,
2025-09-26 12:00:00,,precipprob,0.0,0.0,,,100.0,,
2025-09-26 13:00:00,,precipprob,0.0,0.0,,,100.0,,
2025-09-26 14:00:00,,precipprob,0.0,0.0,,,100.0,,
2025-09-26 15:00:00,,precipprob,0.0,0.0,,,100.0,,
2025-09-26 16:00:00,,precipprob,0.0,0.0,,,100.0,,
2025-09-26 17:00:00,,precipprob,0.0,0.0,,,100.0,,
2025-09-26 18:00:00,,precipprob,0.0,0.0,,,100.0,,
2025-09-26 19:00:00,,precipprob,0.0,0.0,,,100.0,,
2025-09-26 20:00:00,,precipprob,0.0,0.0,,,100.0,,
2025-09-26 21:00:00,,precipprob,0.0,0.0,,,100.0,,
2025-09-26 22:00:00,,precipprob,0.0,0.0,,,100.0,,
2025-09-26 23:00:00,,precipprob,0.0,0.0,,,100.0,,
2025-09-27 00:00:00,,precipprob,0.0,0.0,,,100.0,,
2025-09-27 01:00:00,,precipprob,0.0,0.0,,,100.0,,
2025-09-27 02:00:00,,precipprob,0.0,0.0,,,100.0,,
2025-09-27 03:00:00,,precipprob,0.0,0.0,,,100.0,,
2025-09-27 04:00:00,,precipprob,0.0,0.0,,,100.0,,
2025-09-27 05:00:00,,precipprob,0.0,0.0,,,100.0,,
2025-09-27 06:00:00,,precipprob,0.0,0.0,,,100.0,,
2025-09-27 07:00:00,,precipprob,0.0,0.0,,,100.0,,
2025-09-27 08:00:00,,precipprob,0.0,0.0,,,100.0,,
2025-09-27 09:00:00,,precipprob,0.0,0.0,,,100.0,,
2025-09-27 10:00:00,,precipprob,0.0,0.0,,,100.0,,
2025-09-27 11:00:00,,precipprob,0.0,0.0,,,100.0,,
2025-09-27 12:00:00,,precipprob,0.0,0.0,,,100.0,,
2025-09-27 13:00:00,,precipprob,0.0,0.0,,,100.0,,
2025-09-27 14:00:00,,precipprob,0.0,0.0,,,100.0,,
2025-09-27 15:00:00,,precipprob,0.0,0.0,,,100.0,,
2025-09-27 16:00:00,,precipprob,0.0,0.0,,,100.0,,
2025-09-27 17:00:00,,precipprob,0.0,0.0,,,100.0,,
2025-09-27 18:00:00,,precipprob,0.0,0.0,,,100.0,,
2025-09-27 19:00:00,,precipprob,0.0,0.0,,,100.0,,
2025-09-27 20:00:00,,precipprob,0.0,0.0,,,100.0,,
2025-09-27 21:00:00,,precipprob,0.0,0.0,,,100.0,,
2025-09-27 22:00:00,,precipprob,0.0,0.0,,,100.0,,
2025-09-27 23:00:00,,precipprob,0.0,0.0,,,100.0,,
2025-09-28 00:00:00,,precipprob,0.0,0.0,,,100.0,,
2025-09-28 01:00:00,,precipprob,0.0,0.0,,,100.0,,
2025-09-28 02:00:00,,precipprob,0.0,0.0,,,100.0,,
2025-09-28 03:00:00,,precipprob,0.0,0.0,,,100.0,,
2025-09-28 04:00:00,,precipprob,0.0,0.0,,,100.0,,
2025-09-28 05:00:00,,precipprob,0.0,0.0,,,100.0,,
2025-09-28 06:00:00,,precipprob,0.0,0.0,,,100.0,,
2025-09-28 07:00:00,,precipprob,0.0,0.0,,,100.0,,
2025-09-28 08:00:00,,precipprob,0.0,0.0,,,100.0,,
2025-09-28 09:00:00,,precipprob,0.0,0.0,,,100.0,,
2025-09-28 10:00:00,,precipprob,0.0,0.0,,,100.0,,
2025-09-28 11:00:00,,precipprob,0.0,0.0,,,100.0,,
2025-09-28 12:00:00,,precipprob,0.0,0.0,,,100.0,,
2025-09-28 13:00:00,,precipprob,0.0,0.0,,,100.0,,
2025-09-28 14:00:00,,precipprob,0.0,0.0,,,100.0,,
2025-09-28 15:00:00,,precipprob,0.0,0.0,,,100.0,,
2025-09-28 16:00:00,,precipprob,0.0,0.0,,,100.0,,
2025-09-28 17:00:00,,precipprob,0.0,0.0,,,100.0,,
2025-09-28 18:00:00,,precipprob,0.0,0.0,,,100.0,,
2025-09-28 19:00:00,,precipprob,0.0,0.0,,,100.0,,
2025-09-28 20:00:00,,precipprob,0.0,0.0,,,100.0,,
2025-09-28 21:00:00,,precipprob,0.0,0.0,,,100.0,,
2025-09-29 02:00:00,,precipprob,0.0,0.0,,,100.0,,
2025-09-29 03:00:00,,precipprob,0.0,0.0,,,100.0,,
2025-09-29 04:00:00,,precipprob,0.0,0.0,,,100.0,,
2025-09-29 05:00:00,,precipprob,0.0,0.0,,,100.0,,
2025-09-29 13:00:00,,precipprob,0.0,0.0,,,100.0,,
2025-09-29 14:00:00,,precipprob,0.0,0.0,,,100.0,,
2025-09-29 15:00:00,,precipprob,0.0,0.0,,,100.0,,
2025-09-30 14:00:00,,precipprob,0.0,0.0,,,100.0,,
2025-09-30 16:00:00,,precipprob,0.0,0.0,,,100.0,,
2025-09-30 17:00:00,,precipprob,0.0,0.0,,,100.0,,
2025-10-01 03:00:00,,precipprob,0.0,0.0,,,100.0,,
2025-10-01 04:00:00,,precipprob,0.0,0.0,,,100.0,,
2025-10-01 09:00:00,,precipprob,0.0,0.0,,,100.0,,
2025-10-01 10:00:00,,precipprob,0.0,0.0,,,100.0,,
2025-10-01 12:00:00,,precipprob,0.0,0.0,,,100.0,,
2025-10-02 23:00:00,,precipprob,0.0,0.0,,,100.0,,
2025-10-03 17:00:00,,precipprob,0.0,0.0,,,100.0,,
2025-10-03 18:00:00,,precipprob,0.0,0.0,,,100.0,,
2025-10-03 19:00:00,,precipprob,0.0,0.0,,,100.0,,
2025-10-03 20:00:00,,precipprob,0.0,0.0,,,100.0,,
2025-10-03 21:00:00,,precipprob,0.0,0.0,,,100.0,,
2025-10-04 00:00:00,,precipprob,0.0,0.0,,,100.0,,
2025-10-04 13:00:00,,precipprob,0.0,0.0,,,100.0,,
2025-10-04 14:00:00,,precipprob,0.0,0.0,,,100.0,,
2025-10-04 16:00:00,,precipprob,0.0,0.0,,,100.0,,
2025-10-04 17:00:00,,precipprob,0.0,0.0,,,100.0,,
2025-10-04 18:00:00,,precipprob,0.0,0.0,,,100.0,,
2025-10-05 16:00:00,,precipprob,0.0,0.0,,,100.0,,
2025-10-05 17:00:00,,precipprob,0.0,0.0,,,100.0,,
2025-10-06 14:00:00,,precipprob,0.0,0.0,,,100.0,,
2025-10-06 15:00:00,,precipprob,0.0,0.0,,,100.0,,
2025-10-06 16:00:00,,precipprob,0.0,0.0,,,100.0,,
2025-10-07 12:00:00,,precipprob,0.0,0.0,,,100.0,,
2025-10-07 13:00:00,,precipprob,0.0,0.0,,,100.0,,
2025-10-07 14:00:00,,precipprob,0.0,0.0,,,100.0,,
2025-10-07 15:00:00,,precipprob,0.0,0.0,,,100.0,,
2025-10-07 16:00:00,,precipprob,0.0,0.0,,,100.0,,
2025-10-07 17:00:00,,precipprob,0.0,0.0,,,100.0,,
2025-10-07 18:00:00,,precipprob,0.0,0.0,,,100.0,,
2025-10-07 19:00:00,,precipprob,0.0,0.0,,,100.0,,
2025-10-07 20:00:00,,precipprob,0.0,0.0,,,100.0,,
2025-10-07 21:00:00,,precipprob,0.0,0.0,,,100.0,,
2025-10-07 22:00:00,,precipprob,0.0,0.0,,,100.0,,
2025-10-07 23:00:00,,precipprob,0.0,0.0,,,100.0,,
2025-10-08 04:00:00,,precipprob,0.0,0.0,,,100.0,,
2025-10-08 06:00:00,,precipprob,0.0,0.0,,,100.0,,
2025-10-08 10:00:00,,precipprob,0.0,0.0,,,100.0,,
2025-10-08 11:00:00,,precipprob,0.0,0.0,,,100.0,,
2025-10-08 20:00:00,,precipprob,0.0,0.0,,,100.0,,
2025-10-08 21:00:00,,precipprob,0.0,0.0,,,100.0,,
2025-10-08 23:00:00,,precipprob,0.0,0.0,,,100.0,,
2025-10-09 00:00:00,,precipprob,0.0,0.0,,,100.0,,
2025-10-09 02:00:00,,precipprob,0.0,0.0,,,100.0,,
2025-10-09 03:00:00,,precipprob,0.0,0.0,,,100.0,,
2025-10-09 04:00:00,,precipprob,0.0,0.0,,,100.0,,
2025-10-09 05:00:00,,precipprob,0.0,0.0,,,100.0,,
2025-10-09 06:00:00,,precipprob,0.0,0.0,,,100.0,,
2025-10-09 07:00:00,,precipprob,0.0,0.0,,,100.0,,
2025-10-09 08:00:00,,precipprob,0.0,0.0,,,100.0,,
2025-10-09 09:00:00,,precipprob,0.0,0.0,,,100.0,,
2025-10-09 10:00:00,,precipprob,0.0,0.0,,,100.0,,
2025-10-09 11:00:00,,precipprob,0.0,0.0,,,100.0,,
2025-10-09 12:00:00,,precipprob,0.0,0.0,,,100.0,,
2025-10-09 13:00:00,,precipprob,0.0,0.0,,,100.0,,
2025-10-09 14:00:00,,precipprob,0.0,0.0,,,100.0,,
2025-10-09 15:00:00,,precipprob,0.0,0.0,,,100.0,,
2025-10-09 16:00:00,,precipprob,0.0,0.0,,,100.0,,
2025-10-09 17:00:00,,precipprob,0.0,0.0,,,100.0,,
2025-10-09 18:00:00,,precipprob,0.0,0.0,,,100.0,,
2025-10-09 19:00:00,,precipprob,0.0,0.0,,,100.0,,
2025-10-09 20:00:00,,precipprob,0.0,0.0,,,100.0,,
2025-10-09 21:00:00,,precipprob,0.0,0.0,,,100.0,,
2025-10-09 22:00:00,,precipprob,0.0,0.0,,,100.0,,
2025-10-09 23:00:00,,precipprob,0.0,0.0,,,100.0,,
2025-10-10 00:00:00,,precipprob,0.0,0.0,,,100.0,,
2025-10-10 01:00:00,,precipprob,0.0,0.0,,,100.0,,
2025-10-10 02:00:00,,precipprob,0.0,0.0,,,100.0,,
2025-10-10 03:00:00,,precipprob,0.0,0.0,,,100.0,,
2025-10-10 04:00:00,,precipprob,0.0,0.0,,,100.0,,
2025-10-10 05:00:00,,precipprob,0.0,0.0,,,100.0,,
2025-10-10 06:00:00,,precipprob,0.0,0.0,,,100.0,,
2025-10-10 07:00:00,,precipprob,0.0,0.0,,,100.0,,
2025-10-10 08:00:00,,precipprob,0.0,0.0,,,100.0,,
2025-10-10 09:00:00,,precipprob,0.0,0.0,,,100.0,,
2025-10-10 10:00:00,,precipprob,0.0,0.0,,,100.0,,
2025-10-10 11:00:00,,precipprob,0.0,0.0,,,100.0,,
2025-10-10 12:00:00,,precipprob,0.0,0.0,,,100.0,,
2025-10-10 13:00:00,,precipprob,0.0,0.0,,,100.0,,
2025-10-10 14:00:00,,precipprob,0.0,0.0,,,100.0,,
2025-10-10 15:00:00,,precipprob,0.0,0.0,,,100.0,,
2025-10-10 16:00:00,,precipprob,0.0,0.0,,,100.0,,
2025-10-10 17:00:00,,precipprob,0.0,0.0,,,100.0,,
2025-10-10 18:00:00,,precipprob,0.0,0.0,,,100.0,,
2025-10-10 19:00:00,,precipprob,0.0,0.0,,,100.0,,
2025-10-10 20:00:00,,precipprob,0.0,0.0,,,100.0,,
2025-10-10 21:00:00,,precipprob,0.0,0.0,,,100.0,,
2025-10-11 03:00:00,,precipprob,0.0,0.0,,,100.0,,
2025-10-11 04:00:00,,precipprob,0.0,0.0,,,100.0,,
2025-10-11 05:00:00,,precipprob,0.0,0.0,,,100.0,,
2025-10-11 06:00:00,,precipprob,0.0,0.0,,,100.0,,
2025-10-11 07:00:00,,precipprob,0.0,0.0,,,100.0,,
2025-10-11 08:00:00,,precipprob,0.0,0.0,,,100.0,,
2025-10-11 09:00:00,,precipprob,0.0,0.0,,,100.0,,
2025-10-11 10:00:00,,precipprob,0.0,0.0,,,100.0,,
2025-10-11 11:00:00,,precipprob,0.0,0.0,,,100.0,,
2025-10-11 14:00:00,,precipprob,0.0,0.0,,,100.0,,
2025-10-11 15:00:00,,precipprob,0.0,0.0,,,100.0,,
2025-10-11 17:00:00,,precipprob,0.0,0.0,,,100.0,,
2025-10-11 18:00:00,,precipprob,0.0,0.0,,,100.0,,
2025-10-11 19:00:00,,precipprob,0.0,0.0,,,100.0,,
2025-10-11 20:00:00,,precipprob,0.0,0.0,,,100.0,,
2025-10-11 21:00:00,,precipprob,0.0,0.0,,,100.0,,
2025-10-11 22:00:00,,precipprob,0.0,0.0,,,100.0,,
2025-10-11 23:00:00,,precipprob,0.0,0.0,,,100.0,,
2025-10-12 03:00:00,,precipprob,0.0,0.0,,,100.0,,
2025-10-12 05:00:00,,precipprob,0.0,0.0,,,100.0,,
2025-10-12 06:00:00,,precipprob,0.0,0.0,,,100.0,,
2025-10-12 09:00:00,,precipprob,0.0,0.0,,,100.0,,
2025-10-12 11:00:00,,precipprob,0.0,0.0,,,100.0,,
2025-10-12 12:00:00,,precipprob,0.0,0.0,,,100.0,,
2025-10-12 13:00:00,,precipprob,0.0,0.0,,,100.0,,
2025-10-12 14:00:00,,precipprob,0.0,0.0,,,100.0,,
2025-10-12 15:00:00,,precipprob,0.0,0.0,,,100.0,,
2025-10-12 16:00:00,,precipprob,0.0,0.0,,,100.0,,
2025-10-12 17:00:00,,precipprob,0.0,0.0,,,100.0,,
2025-10-12 18:00:00,,precipprob,0.0,0.0,,,100.0,,
2025-10-12 19:00:00,,precipprob,0.0,0.0,,,100.0,,
2025-10-12 20:00:00,,precipprob,0.0,0.0,,,100.0,,
2025-10-12 21:00:00,,precipprob,0.0,0.0,,,100.0,,
2025-10-13 07:00:00,,precipprob,0.0,0.0,,,100.0,,
2025-10-13 08:00:00,,precipprob,0.0,0.0,,,100.0,,
2025-10-13 09:00:00,,precipprob,0.0,0.0,,,100.0,,
2025-10-13 10:00:00,,precipprob,0.0,0.0,,,100.0,,
2025-10-13 11:00:00,,precipprob,0.0,0.0,,,100.0,,
2025-10-13 12:00:00,,precipprob,0.0,0.0,,,100.0,,
2025-10-13 13:00:00,,precipprob,0.0,0.0,,,100.0,,
2025-10-13 14:00:00,,precipprob,0.0,0.0,,,100.0,,
2025-10-13 16:00:00,,precipprob,0.0,0.0,,,100.0,,
2025-10-13 17:00:00,,precipprob,0.0,0.0,,,100.0,,
2025-10-13 18:00:00,,precipprob,0.0,0.0,,,100.0,,
2025-10-13 19:00:00,,precipprob,0.0,0.0,,,100.0,,
2025-10-13 20:00:00,,precipprob,0.0,0.0,,,100.0,,
2025-10-13 21:00:00,,precipprob,0.0,0.0,,,100.0,,
2025-10-13 22:00:00,,precipprob,0.0,0.0,,,100.0,,
2025-10-13 23:00:00,,precipprob,0.0,0.0,,,100.0,,
2025-10-14 00:00:00,,precipprob,0.0,0.0,,,100.0,,
2025-10-14 02:00:00,,precipprob,0.0,0.0,,,100.0,,
2025-10-14 03:00:00,,precipprob,0.0,0.0,,,100.0,,
2025-10-14 08:00:00,,precipprob,0.0,0.0,,,100.0,,
2025-10-14 11:00:00,,precipprob,0.0,0.0,,,100.0,,
2025-10-14 12:00:00,,precipprob,0.0,0.0,,,100.0,,
2025-10-14 13:00:00,,precipprob,0.0,0.0,,,100.0,,
2025-10-14 14:00:00,,precipprob,0.0,0.0,,,100.0,,
2025-10-14 16:00:00,,precipprob,0.0,0.0,,,100.0,,
2025-10-14 17:00:00,,precipprob,0.0,0.0,,,100.0,,
2025-10-14 18:00:00,,precipprob,0.0,0.0,,,100.0,,
2025-10-14 19:00:00,,precipprob,0.0,0.0,,,100.0,,
2025-10-15 07:00:00,,precipprob,0.0,0.0,,,100.0,,
2025-10-15 09:00:00,,precipprob,0.0,0.0,,,100.0,,
2025-10-15 10:00:00,,precipprob,0.0,0.0,,,100.0,,
2025-10-15 11:00:00,,precipprob,0.0,0.0,,,100.0,,
2025-10-15 12:00:00,,precipprob,0.0,0.0,,,100.0,,
2025-10-15 14:00:00,,precipprob,0.0,0.0,,,100.0,,
2025-10-15 15:00:00,,precipprob,0.0,0.0,,,100.0,,
2025-10-15 16:00:00,,precipprob,0.0,0.0,,,100.0,,
2025-10-15 17:00:00,,precipprob,0.0,0.0,,,100.0,,
2025-10-15 18:00:00,,precipprob,0.0,0.0,,,100.0,,
2025-10-15 19:00:00,,precipprob,0.0,0.0,,,100.0,,
2025-10-15 20:00:00,,precipprob,0.0,0.0,,,100.0,,
2025-10-15 21:00:00,,precipprob,0.0,0.0,,,100.0,,
2025-10-15 22:00:00,,precipprob,0.0,0.0,,,100.0,,
2025-10-15 23:00:00,,precipprob,0.0,0.0,,,100.0,,
2025-10-16 00:00:00,,precipprob,0.0,0.0,,,100.0,,
2025-10-16 01:00:00,,precipprob,0.0,0.0,,,100.0,,
2025-10-16 02:00:00,,precipprob,0.0,0.0,,,100.0,,
2025-10-16 03:00:00,,precipprob,0.0,0.0,,,100.0,,
2025-10-16 04:00:00,,precipprob,0.0,0.0,,,100.0,,
2025-10-16 05:00:00,,precipprob,0.0,0.0,,,100.0,,
2025-10-16 06:00:00,,precipprob,0.0,0.0,,,100.0,,
2025-10-16 07:00:00,,precipprob,0.0,0.0,,,100.0,,
2025-10-16 08:00:00,,precipprob,0.0,0.0,,,100.0,,
2025-10-16 09:00:00,,precipprob,0.0,0.0,,,100.0,,
2025-10-16 10:00:00,,precipprob,0.0,0.0,,,100.0,,
2025-10-16 11:00:00,,precipprob,0.0,0.0,,,100.0,,
2025-10-16 12:00:00,,precipprob,0.0,0.0,,,100.0,,
2025-10-16 13:00:00,,precipprob,0.0,0.0,,,100.0,,
2025-10-16 14:00:00,,precipprob,0.0,0.0,,,100.0,,
2025-10-16 15:00:00,,precipprob,0.0,0.0,,,100.0,,
2025-10-16 16:00:00,,precipprob,0.0,0.0,,,100.0,,
2025-10-16 17:00:00,,precipprob,0.0,0.0,,,100.0,,
2025-10-16 19:00:00,,precipprob,0.0,0.0,,,100.0,,
2025-10-16 20:00:00,,precipprob,0.0,0.0,,,100.0,,
2025-10-16 21:00:00,,precipprob,0.0,0.0,,,100.0,,
2025-10-16 22:00:00,,precipprob,0.0,0.0,,,100.0,,
2025-10-16 23:00:00,,precipprob,0.0,0.0,,,100.0,,
2025-10-17 00:00:00,,precipprob,0.0,0.0,,,100.0,,
2025-10-17 01:00:00,,precipprob,0.0,0.0,,,100.0,,
2025-10-17 02:00:00,,precipprob,0.0,0.0,,,100.0,,
2025-10-17 03:00:00,,precipprob,0.0,0.0,,,100.0,,
2025-10-17 04:00:00,,precipprob,0.0,0.0,,,100.0,,
2025-10-17 05:00:00,,precipprob,0.0,0.0,,,100.0,,
2025-10-17 06:00:00,,precipprob,0.0,0.0,,,100.0,,
2025-10-17 07:00:00,,precipprob,0.0,0.0,,,100.0,,
2025-10-17 08:00:00,,precipprob,0.0,0.0,,,100.0,,
2025-10-17 09:00:00,,precipprob,0.0,0.0,,,100.0,,
2025-10-17 10:00:00,,precipprob,0.0,0.0,,,100.0,,
2025-10-17 11:00:00,,precipprob,0.0,0.0,,,100.0,,
2025-10-17 12:00:00,,precipprob,0.0,0.0,,,100.0,,
2025-10-17 13:00:00,,precipprob,0.0,0.0,,,100.0,,
2025-10-17 14:00:00,,precipprob,0.0,0.0,,,100.0,,
2025-10-17 15:00:00,,precipprob,0.0,0.0,,,100.0,,
2025-10-17 16:00:00,,precipprob,0.0,0.0,,,100.0,,
2025-10-17 17:00:00,,precipprob,0.0,0.0,,,100.0,,
2025-10-17 18:00:00,,precipprob,0.0,0.0,,,100.0,,
2025-10-17 19:00:00,,precipprob,0.0,0.0,,,100.0,,
2025-10-17 20:00:00,,precipprob,0.0,0.0,,,100.0,,
2025-10-17 21:00:00,,precipprob,0.0,0.0,,,100.0,,
2025-10-17 22:00:00,,precipprob,0.0,0.0,,,100.0,,
2025-10-17 23:00:00,,precipprob,0.0,0.0,,,100.0,,
2025-10-18 00:00:00,,precipprob,0.0,0.0,,,100.0,,
2025-10-18 01:00:00,,precipprob,0.0,0.0,,,100.0,,
2025-10-18 02:00:00,,precipprob,0.0,0.0,,,100.0,,
2025-10-18 03:00:00,,precipprob,0.0,0.0,,,100.0,,
2025-10-18 04:00:00,,precipprob,0.0,0.0,,,100.0,,
2025-10-18 05:00:00,,precipprob,0.0,0.0,,,100.0,,
2025-10-18 06:00:00,,precipprob,0.0,0.0,,,100.0,,
2025-10-18 07:00:00,,precipprob,0.0,0.0,,,100.0,,
2025-10-18 08:00:00,,precipprob,0.0,0.0,,,100.0,,
2025-10-18 09:00:00,,precipprob,0.0,0.0,,,100.0,,
2025-10-18 10:00:00,,precipprob,0.0,0.0,,,100.0,,
2025-10-18 11:00:00,,precipprob,0.0,0.0,,,100.0,,
2025-10-18 12:00:00,,precipprob,0.0,0.0,,,100.0,,
2025-10-18 13:00:00,,precipprob,0.0,0.0,,,100.0,,
2025-10-18 14:00:00,,precipprob,0.0,0.0,,,100.0,,
2025-10-18 15:00:00,,precipprob,0.0,0.0,,,100.0,,
2025-10-18 16:00:00,,precipprob,0.0,0.0,,,100.0,,
2025-10-18 17:00:00,,precipprob,0.0,0.0,,,100.0,,
2025-10-18 18:00:00,,precipprob,0.0,0.0,,,100.0,,
2025-10-18 19:00:00,,precipprob,0.0,0.0,,,100.0,,
2025-10-18 20:00:00,,precipprob,0.0,0.0,,,100.0,,
2025-10-18 21:00:00,,precipprob,0.0,0.0,,,100.0,,
2025-10-18 22:00:00,,precipprob,0.0,0.0,,,100.0,,
2025-10-18 23:00:00,,precipprob,0.0,0.0,,,100.0,,
2025-10-19 00:00:00,,precipprob,0.0,0.0,,,100.0,,
2025-10-19 01:00:00,,precipprob,0.0,0.0,,,100.0,,
2025-10-19 02:00:00,,precipprob,0.0,0.0,,,100.0,,
2025-10-19 03:00:00,,precipprob,0.0,0.0,,,100.0,,
2025-10-19 04:00:00,,precipprob,0.0,0.0,,,100.0,,
2025-10-19 05:00:00,,precipprob,0.0,0.0,,,100.0,,
2025-10-19 06:00:00,,precipprob,0.0,0.0,,,100.0,,
2025-10-19 07:00:00,,precipprob,0.0,0.0,,,100.0,,
2025-10-19 08:00:00,,precipprob,0.0,0.0,,,100.0,,
2025-10-19 09:00:00,,precipprob,0.0,0.0,,,100.0,,
2025-10-19 10:00:00,,precipprob,0.0,0.0,,,100.0,,
2025-10-19 11:00:00,,precipprob,0.0,0.0,,,100.0,,
2025-10-19 12:00:00,,precipprob,0.0,0.0,,,100.0,,
2025-10-19 13:00:00,,precipprob,0.0,0.0,,,100.0,,
2025-10-19 14:00:00,,precipprob,0.0,0.0,,,100.0,,
2025-10-19 15:00:00,,precipprob,0.0,0.0,,,100.0,,
2025-10-19 16:00:00,,precipprob,0.0,0.0,,,100.0,,
2025-10-19 17:00:00,,precipprob,0.0,0.0,,,100.0,,
2025-10-19 18:00:00,,precipprob,0.0,0.0,,,100.0,,
2025-10-19 19:00:00,,precipprob,0.0,0.0,,,100.0,,
2025-10-19 20:00:00,,precipprob,0.0,0.0,,,100.0,,
2025-10-19 21:00:00,,precipprob,0.0,0.0,,,100.0,,
2025-10-19 22:00:00,,precipprob,0.0,0.0,,,100.0,,
2025-10-19 23:00:00,,precipprob,0.0,0.0,,,100.0,,
2025-10-20 00:00:00,,precipprob,0.0,0.0,,,100.0,,
2025-10-20 01:00:00,,precipprob,0.0,0.0,,,100.0,,
2025-10-20 02:00:00,,precipprob,0.0,0.0,,,100.0,,
2025-10-20 03:00:00,,precipprob,0.0,0.0,,,100.0,,
2025-10-20 04:00:00,,precipprob,0.0,0.0,,,100.0,,
2025-10-20 05:00:00,,precipprob,0.0,0.0,,,100.0,,
2025-10-20 06:00:00,,precipprob,0.0,0.0,,,100.0,,
2025-10-20 07:00:00,,precipprob,0.0,0.0,,,100.0,,
2025-10-20 08:00:00,,precipprob,0.0,0.0,,,100.0,,
2025-10-20 09:00:00,,precipprob,0.0,0.0,,,100.0,,
2025-10-20 10:00:00,,precipprob,0.0,0.0,,,100.0,,
2025-10-20 11:00:00,,precipprob,0.0,0.0,,,100.0,,
2025-10-20 12:00:00,,precipprob,0.0,0.0,,,100.0,,
2025-10-20 13:00:00,,precipprob,0.0,0.0,,,100.0,,
2025-10-20 14:00:00,,precipprob,0.0,0.0,,,100.0,,
2025-10-20 15:00:00,,precipprob,0.0,0.0,,,100.0,,
2025-10-20 16:00:00,,precipprob,0.0,0.0,,,100.0,,
2025-10-20 17:00:00,,precipprob,0.0,0.0,,,100.0,,
2025-10-20 18:00:00,,precipprob,0.0,0.0,,,100.0,,
2025-10-20 19:00:00,,precipprob,0.0,0.0,,,100.0,,
2025-10-20 20:00:00,,precipprob,0.0,0.0,,,100.0,,
2025-10-20 21:00:00,,precipprob,0.0,0.0,,,100.0,,
2025-10-20 22:00:00,,precipprob,0.0,0.0,,,100.0,,
2025-10-20 23:00:00,,precipprob,0.0,0.0,,,100.0,,
2025-10-21 00:00:00,,precipprob,0.0,0.0,,,100.0,,
2025-10-21 01:00:00,,precipprob,0.0,0.0,,,100.0,,
2025-10-21 02:00:00,,precipprob,0.0,0.0,,,100.0,,
2025-10-21 03:00:00,,precipprob,0.0,0.0,,,100.0,,
2025-10-21 04:00:00,,precipprob,0.0,0.0,,,100.0,,
2025-10-21 05:00:00,,precipprob,0.0,0.0,,,100.0,,
2025-10-21 06:00:00,,precipprob,0.0,0.0,,,100.0,,
2025-10-21 07:00:00,,precipprob,0.0,0.0,,,100.0,,
2025-10-21 08:00:00,,precipprob,0.0,0.0,,,100.0,,
2025-10-21 09:00:00,,precipprob,0.0,0.0,,,100.0,,
2025-10-21 10:00:00,,precipprob,0.0,0.0,,,100.0,,
2025-10-21 11:00:00,,precipprob,0.0,0.0,,,100.0,,
2025-10-21 12:00:00,,precipprob,0.0,0.0,,,100.0,,
2025-10-21 13:00:00,,precipprob,0.0,0.0,,,100.0,,
2025-10-21 14:00:00,,precipprob,0.0,0.0,,,100.0,,
2025-10-21 15:00:00,,precipprob,0.0,0.0,,,100.0,,
2025-10-21 16:00:00,,precipprob,0.0,0.0,,,100.0,,
2025-10-21 17:00:00,,precipprob,0.0,0.0,,,100.0,,
2025-10-21 18:00:00,,precipprob,0.0,0.0,,,100.0,,
2025-10-21 19:00:00,,precipprob,0.0,0.0,,,100.0,,
2025-10-21 20:00:00,,precipprob,0.0,0.0,,,100.0,,
2025-10-21 21:00:00,,precipprob,0.0,0.0,,,100.0,,
2025-10-21 22:00:00,,precipprob,0.0,0.0,,,100.0,,
2025-10-21 23:00:00,,precipprob,0.0,0.0,,,100.0,,
2025-10-22 00:00:00,,precipprob,0.0,0.0,,,100.0,,
2025-10-22 01:00:00,,precipprob,0.0,0.0,,,100.0,,
2025-10-22 02:00:00,,precipprob,0.0,0.0,,,100.0,,
2025-10-22 03:00:00,,precipprob,0.0,0.0,,,100.0,,
2025-10-22 04:00:00,,precipprob,0.0,0.0,,,100.0,,
2025-10-22 05:00:00,,precipprob,0.0,0.0,,,100.0,,
2025-10-22 06:00:00,,precipprob,0.0,0.0,,,100.0,,
2025-10-22 07:00:00,,precipprob,0.0,0.0,,,100.0,,
2025-10-22 08:00:00,,precipprob,0.0,0.0,,,100.0,,
2025-10-22 09:00:00,,precipprob,0.0,0.0,,,100.0,,
2025-10-22 10:00:00,,precipprob,0.0,0.0,,,100.0,,
2025-10-22 11:00:00,,precipprob,0.0,0.0,,,100.0,,
2025-10-22 12:00:00,,precipprob,0.0,0.0,,,100.0,,
2025-10-22 13:00:00,,precipprob,0.0,0.0,,,100.0,,
2025-10-22 14:00:00,,precipprob,0.0,0.0,,,100.0,,
2025-10-22 15:00:00,,precipprob,0.0,0.0,,,100.0,,
2025-10-22 16:00:00,,precipprob,0.0,0.0,,,100.0,,
2025-10-22 17:00:00,,precipprob,0.0,0.0,,,100.0,,
2025-10-22 18:00:00,,precipprob,0.0,0.0,,,100.0,,
2025-10-22 19:00:00,,precipprob,0.0,0.0,,,100.0,,
2025-10-22 20:00:00,,precipprob,0.0,0.0,,,100.0,,
2025-10-22 21:00:00,,precipprob,0.0,0.0,,,100.0,,
2025-10-22 22:00:00,,precipprob,0.0,0.0,,,100.0,,
2025-10-22 23:00:00,,precipprob,0.0,0.0,,,100.0,,
2025-10-23 00:00:00,,precipprob,0.0,0.0,,,100.0,,
2025-10-23 01:00:00,,precipprob,0.0,0.0,,,100.0,,
2025-10-23 02:00:00,,precipprob,0.0,0.0,,,100.0,,
2025-10-23 03:00:00,,precipprob,0.0,0.0,,,100.0,,
2025-10-23 04:00:00,,precipprob,0.0,0.0,,,100.0,,
2025-10-23 05:00:00,,precipprob,0.0,0.0,,,100.0,,
2025-10-23 06:00:00,,precipprob,0.0,0.0,,,100.0,,
2025-10-23 07:00:00,,precipprob,0.0,0.0,,,100.0,,
2025-10-23 08:00:00,,precipprob,0.0,0.0,,,100.0,,
2025-10-23 09:00:00,,precipprob,0.0,0.0,,,100.0,,
2025-10-23 10:00:00,,precipprob,0.0,0.0,,,100.0,,
2025-10-23 11:00:00,,precipprob,0.0,0.0,,,100.0,,
2025-10-23 12:00:00,,precipprob,0.0,0.0,,,100.0,,
2025-10-23 13:00:00,,precipprob,0.0,0.0,,,100.0,,
2025-10-23 14:00:00,,precipprob,0.0,0.0,,,100.0,,
2025-10-23 15:00:00,,precipprob,0.0,0.0,,,100.0,,
2025-10-23 16:00:00,,precipprob,0.0,0.0,,,100.0,,
2025-10-23 17:00:00,,precipprob,0.0,0.0,,,100.0,,
2025-10-23 18:00:00,,precipprob,0.0,0.0,,,100.0,,
2025-10-23 19:00:00,,precipprob,0.0,0.0,,,100.0,,
2025-10-23 20:00:00,,precipprob,0.0,0.0,,,100.0,,
2025-10-23 21:00:00,,precipprob,0.0,0.0,,,100.0,,
2025-10-23 22:00:00,,precipprob,0.0,0.0,,,100.0,,
2025-10-23 23:00:00,,precipprob,0.0,0.0,,,100.0,,
2025-10-24 00:00:00,,precipprob,0.0,0.0,,,100.0,,
2025-10-24 01:00:00,,precipprob,0.0,0.0,,,100.0,,
2025-10-24 02:00:00,,precipprob,0.0,0.0,,,100.0,,
2025-10-24 03:00:00,,precipprob,0.0,0.0,,,100.0,,
2025-10-24 04:00:00,,precipprob,0.0,0.0,,,100.0,,
2025-10-24 05:00:00,,precipprob,0.0,0.0,,,100.0,,
2025-10-24 06:00:00,,precipprob,0.0,0.0,,,100.0,,
2025-10-24 07:00:00,,precipprob,0.0,0.0,,,100.0,,
2025-10-24 08:00:00,,precipprob,0.0,0.0,,,100.0,,
2025-10-24 09:00:00,,precipprob,0.0,0.0,,,100.0,,
2025-10-24 10:00:00,,precipprob,0.0,0.0,,,100.0,,
2025-10-24 11:00:00,,precipprob,0.0,0.0,,,100.0,,
2025-10-24 12:00:00,,precipprob,0.0,0.0,,,100.0,,
2025-10-24 13:00:00,,precipprob,0.0,0.0,,,100.0,,
2025-10-24 14:00:00,,precipprob,0.0,0.0,,,100.0,,
2025-10-24 15:00:00,,precipprob,0.0,0.0,,,100.0,,
2025-10-24 16:00:00,,precipprob,0.0,0.0,,,100.0,,
2025-10-24 17:00:00,,precipprob,0.0,0.0,,,100.0,,
2025-10-24 18:00:00,,precipprob,0.0,0.0,,,100.0,,
2025-10-24 19:00:00,,precipprob,0.0,0.0,,,100.0,,
2025-10-24 20:00:00,,precipprob,0.0,0.0,,,100.0,,
2025-10-24 21:00:00,,precipprob,0.0,0.0,,,100.0,,
2025-10-24 22:00:00,,precipprob,0.0,0.0,,,100.0,,
2025-10-24 23:00:00,,precipprob,0.0,0.0,,,100.0,,
2025-10-25 00:00:00,,precipprob,0.0,0.0,,,100.0,,
2025-10-25 01:00:00,,precipprob,0.0,0.0,,,100.0,,
2025-10-25 02:00:00,,precipprob,0.0,0.0,,,100.0,,
2025-10-25 03:00:00,,precipprob,0.0,0.0,,,100.0,,
2025-10-25 04:00:00,,precipprob,0.0,0.0,,,100.0,,
2025-10-25 05:00:00,,precipprob,0.0,0.0,,,100.0,,
2025-10-25 06:00:00,,precipprob,0.0,0.0,,,100.0,,
2025-10-25 07:00:00,,precipprob,0.0,0.0,,,100.0,,
2025-10-25 08:00:00,,precipprob,0.0,0.0,,,100.0,,
2025-10-25 09:00:00,,precipprob,0.0,0.0,,,100.0,,
2025-10-25 10:00:00,,precipprob,0.0,0.0,,,100.0,,
2025-10-25 11:00:00,,precipprob,0.0,0.0,,,100.0,,
2025-10-25 12:00:00,,precipprob,0.0,0.0,,,100.0,,
2025-10-25 13:00:00,,precipprob,0.0,0.0,,,100.0,,
2025-10-25 14:00:00,,precipprob,0.0,0.0,,,100.0,,
2025-10-25 15:00:00,,precipprob,0.0,0.0,,,100.0,,
2025-10-25 16:00:00,,precipprob,0.0,0.0,,,100.0,,
2025-10-25 17:00:00,,precipprob,0.0,0.0,,,100.0,,
2025-10-25 18:00:00,,precipprob,0.0,0.0,,,100.0,,
2025-10-25 19:00:00,,precipprob,0.0,0.0,,,100.0,,
2025-10-25 20:00:00,,precipprob,0.0,0.0,,,100.0,,
2025-10-25 21:00:00,,precipprob,0.0,0.0,,,100.0,,
2025-10-25 22:00:00,,precipprob,0.0,0.0,,,100.0,,
2025-10-25 23:00:00,,precipprob,0.0,0.0,,,100.0,,
2025-10-26 00:00:00,,precipprob,0.0,0.0,,,100.0,,
2025-10-26 01:00:00,,precipprob,0.0,0.0,,,100.0,,
2025-10-26 02:00:00,,precipprob,0.0,0.0,,,100.0,,
2025-10-26 03:00:00,,precipprob,0.0,0.0,,,100.0,,
2025-10-26 04:00:00,,precipprob,0.0,0.0,,,100.0,,
2025-10-26 05:00:00,,precipprob,0.0,0.0,,,100.0,,
2025-10-26 06:00:00,,precipprob,0.0,0.0,,,100.0,,
2025-10-26 07:00:00,,precipprob,0.0,0.0,,,100.0,,
2025-10-26 08:00:00,,precipprob,0.0,0.0,,,100.0,,
2025-10-26 09:00:00,,precipprob,0.0,0.0,,,100.0,,
2025-10-26 10:00:00,,precipprob,0.0,0.0,,,100.0,,
2025-10-26 11:00:00,,precipprob,0.0,0.0,,,100.0,,
2025-10-26 12:00:00,,precipprob,0.0,0.0,,,100.0,,
2025-10-26 13:00:00,,precipprob,0.0,0.0,,,100.0,,
2025-10-26 14:00:00,,precipprob,0.0,0.0,,,100.0,,
2025-10-26 15:00:00,,precipprob,0.0,0.0,,,100.0,,
2025-10-26 16:00:00,,precipprob,0.0,0.0,,,100.0,,
2025-10-26 17:00:00,,precipprob,0.0,0.0,,,100.0,,
2025-10-26 18:00:00,,precipprob,0.0,0.0,,,100.0,,
2025-10-26 19:00:00,,precipprob,0.0,0.0,,,100.0,,
2025-10-26 20:00:00,,precipprob,0.0,0.0,,,100.0,,
2025-10-26 21:00:00,,precipprob,0.0,0.0,,,100.0,,
2025-10-26 22:00:00,,precipprob,0.0,0.0,,,100.0,,
2025-10-26 23:00:00,,precipprob,0.0,0.0,,,100.0,,
2025-10-27 00:00:00,,precipprob,0.0,0.0,,,100.0,,
2025-10-27 01:00:00,,precipprob,0.0,0.0,,,100.0,,
2025-10-27 02:00:00,,precipprob,0.0,0.0,,,100.0,,
2025-10-27 03:00:00,,precipprob,0.0,0.0,,,100.0,,
2025-10-27 04:00:00,,precipprob,0.0,0.0,,,100.0,,
2025-10-27 05:00:00,,precipprob,0.0,0.0,,,100.0,,
2025-10-27 06:00:00,,precipprob,0.0,0.0,,,100.0,,
2025-10-27 07:00:00,,precipprob,0.0,0.0,,,100.0,,
2025-10-27 08:00:00,,precipprob,0.0,0.0,,,100.0,,
2025-10-27 09:00:00,,precipprob,0.0,0.0,,,100.0,,
2025-10-27 10:00:00,,precipprob,0.0,0.0,,,100.0,,
2025-10-27 11:00:00,,precipprob,0.0,0.0,,,100.0,,
2025-10-27 12:00:00,,precipprob,0.0,0.0,,,100.0,,
2025-10-27 13:00:00,,precipprob,0.0,0.0,,,100.0,,
2025-10-27 14:00:00,,precipprob,0.0,0.0,,,100.0,,
2025-10-27 15:00:00,,precipprob,0.0,0.0,,,100.0,,
2025-10-27 16:00:00,,precipprob,0.0,0.0,,,100.0,,
2025-10-27 17:00:00,,precipprob,0.0,0.0,,,100.0,,
2025-10-27 18:00:00,,precipprob,0.0,0.0,,,100.0,,
2025-10-27 19:00:00,,precipprob,0.0,0.0,,,100.0,,
2025-10-27 20:00:00,,precipprob,0.0,0.0,,,100.0,,
2025-10-27 21:00:00,,precipprob,0.0,0.0,,,100.0,,
2025-10-27 22:00:00,,precipprob,0.0,0.0,,,100.0,,
2025-10-27 23:00:00,,precipprob,0.0,0.0,,,100.0,,
2025-10-28 00:00:00,,precipprob,0.0,0.0,,,100.0,,
2025-10-28 01:00:00,,precipprob,0.0,0.0,,,100.0,,
2025-10-28 02:00:00,,precipprob,0.0,0.0,,,100.0,,
2025-10-28 03:00:00,,precipprob,0.0,0.0,,,100.0,,
2025-10-28 04:00:00,,precipprob,0.0,0.0,,,100.0,,
2025-10-28 05:00:00,,precipprob,0.0,0.0,,,100.0,,
2025-10-28 06:00:00,,precipprob,0.0,0.0,,,100.0,,
2025-10-28 07:00:00,,precipprob,0.0,0.0,,,100.0,,
2025-10-28 08:00:00,,precipprob,0.0,0.0,,,100.0,,
2025-10-28 09:00:00,,precipprob,0.0,0.0,,,100.0,,
2025-10-28 10:00:00,,precipprob,0.0,0.0,,,100.0,,
2025-10-28 11:00:00,,precipprob,0.0,0.0,,,100.0,,
2025-10-28 12:00:00,,precipprob,0.0,0.0,,,100.0,,
2025-10-28 13:00:00,,precipprob,0.0,0.0,,,100.0,,
2025-10-28 14:00:00,,precipprob,0.0,0.0,,,100.0,,
2025-10-28 15:00:00,,precipprob,0.0,0.0,,,100.0,,
2025-10-28 16:00:00,,precipprob,0.0,0.0,,,100.0,,
2025-10-28 17:00:00,,precipprob,0.0,0.0,,,100.0,,
2025-10-28 18:00:00,,precipprob,0.0,0.0,,,100.0,,
2025-10-28 19:00:00,,precipprob,0.0,0.0,,,100.0,,
2025-10-28 20:00:00,,precipprob,0.0,0.0,,,100.0,,
2025-10-28 21:00:00,,precipprob,0.0,0.0,,,100.0,,
2025-10-28 22:00:00,,precipprob,0.0,0.0,,,100.0,,
2025-10-28 23:00:00,,precipprob,0.0,0.0,,,100.0,,
2025-10-29 00:00:00,,precipprob,0.0,0.0,,,100.0,,
2025-10-29 01:00:00,,precipprob,0.0,0.0,,,100.0,,
2025-10-29 02:00:00,,precipprob,0.0,0.0,,,100.0,,
2025-10-29 03:00:00,,precipprob,0.0,0.0,,,100.0,,
2025-10-29 04:00:00,,precipprob,0.0,0.0,,,100.0,,
2025-10-29 05:00:00,,precipprob,0.0,0.0,,,100.0,,
2025-10-29 06:00:00,,precipprob,0.0,0.0,,,100.0,,
2025-10-29 07:00:00,,precipprob,0.0,0.0,,,100.0,,
2025-10-29 08:00:00,,precipprob,0.0,0.0,,,100.0,,
2025-10-29 09:00:00,,precipprob,0.0,0.0,,,100.0,,
2025-10-29 10:00:00,,precipprob,0.0,0.0,,,100.0,,
2025-10-29 11:00:00,,precipprob,0.0,0.0,,,100.0,,
2025-10-29 12:00:00,,precipprob,0.0,0.0,,,100.0,,
2025-10-29 13:00:00,,precipprob,0.0,0.0,,,100.0,,
2025-10-29 14:00:00,,precipprob,0.0,0.0,,,100.0,,
2025-10-29 15:00:00,,precipprob,0.0,0.0,,,100.0,,
2025-10-29 16:00:00,,precipprob,0.0,0.0,,,100.0,,
2025-10-29 17:00:00,,precipprob,0.0,0.0,,,100.0,,
2025-10-29 18:00:00,,precipprob,0.0,0.0,,,100.0,,
2025-10-29 19:00:00,,precipprob,0.0,0.0,,,100.0,,
2025-10-29 20:00:00,,precipprob,0.0,0.0,,,100.0,,
2025-10-29 21:00:00,,precipprob,0.0,0.0,,,100.0,,
2025-10-29 22:00:00,,precipprob,0.0,0.0,,,100.0,,
2025-10-29 23:00:00,,precipprob,0.0,0.0,,,100.0,,
2025-10-30 00:00:00,,precipprob,0.0,0.0,,,100.0,,
2025-10-30 01:00:00,,precipprob,0.0,0.0,,,100.0,,
2025-10-30 02:00:00,,precipprob,0.0,0.0,,,100.0,,
2025-10-30 03:00:00,,precipprob,0.0,0.0,,,100.0,,
2025-10-30 04:00:00,,precipprob,0.0,0.0,,,100.0,,
2025-10-30 05:00:00,,precipprob,0.0,0.0,,,100.0,,
2025-10-30 06:00:00,,precipprob,0.0,0.0,,,100.0,,
2025-10-30 07:00:00,,precipprob,0.0,0.0,,,100.0,,
2025-10-30 08:00:00,,precipprob,0.0,0.0,,,100.0,,
2025-10-30 09:00:00,,precipprob,0.0,0.0,,,100.0,,
2025-10-30 10:00:00,,precipprob,0.0,0.0,,,100.0,,
2025-10-30 11:00:00,,precipprob,0.0,0.0,,,100.0,,
2025-10-30 12:00:00,,precipprob,0.0,0.0,,,100.0,,
2025-10-30 13:00:00,,precipprob,0.0,0.0,,,100.0,,
2025-10-30 14:00:00,,precipprob,0.0,0.0,,,100.0,,
2025-10-30 15:00:00,,precipprob,0.0,0.0,,,100.0,,
2025-10-30 16:00:00,,precipprob,0.0,0.0,,,100.0,,
2025-10-30 17:00:00,,precipprob,0.0,0.0,,,100.0,,
2025-10-30 18:00:00,,precipprob,0.0,0.0,,,100.0,,
2025-10-30 19:00:00,,precipprob,0.0,0.0,,,100.0,,
2025-10-30 20:00:00,,precipprob,0.0,0.0,,,100.0,,
2025-10-30 21:00:00,,precipprob,0.0,0.0,,,100.0,,
2025-10-30 22:00:00,,precipprob,0.0,0.0,,,100.0,,
2025-10-30 23:00:00,,precipprob,0.0,0.0,,,100.0,,
2025-10-31 00:00:00,,precipprob,0.0,0.0,,,100.0,,
2025-10-31 01:00:00,,precipprob,0.0,0.0,,,100.0,,
2025-10-31 02:00:00,,precipprob,0.0,0.0,,,100.0,,
2025-10-31 03:00:00,,precipprob,0.0,0.0,,,100.0,,
2025-10-31 04:00:00,,precipprob,0.0,0.0,,,100.0,,
2025-10-31 05:00:00,,precipprob,0.0,0.0,,,100.0,,
2025-10-31 06:00:00,,precipprob,0.0,0.0,,,100.0,,
2025-10-31 07:00:00,,precipprob,0.0,0.0,,,100.0,,
2025-10-31 08:00:00,,precipprob,0.0,0.0,,,100.0,,
2025-10-31 09:00:00,,precipprob,0.0,0.0,,,100.0,,
2025-10-31 10:00:00,,precipprob,0.0,0.0,,,100.0,,
2025-10-31 11:00:00,,precipprob,0.0,0.0,,,100.0,,
2025-10-31 12:00:00,,precipprob,0.0,0.0,,,100.0,,
2025-10-31 13:00:00,,precipprob,0.0,0.0,,,100.0,,
2025-10-31 14:00:00,,precipprob,0.0,0.0,,,100.0,,
2025-10-31 15:00:00,,precipprob,0.0,0.0,,,100.0,,
2025-10-31 16:00:00,,precipprob,0.0,0.0,,,100.0,,
2025-10-31 17:00:00,,precipprob,0.0,0.0,,,100.0,,
2025-10-31 18:00:00,,precipprob,0.0,0.0,,,100.0,,
2025-10-31 19:00:00,,precipprob,0.0,0.0,,,100.0,,
2025-10-31 20:00:00,,precipprob,0.0,0.0,,,100.0,,
2025-10-31 21:00:00,,precipprob,0.0,0.0,,,100.0,,
2025-10-31 22:00:00,,precipprob,0.0,0.0,,,100.0,,
2025-10-31 23:00:00,,precipprob,0.0,0.0,,,100.0,,
2025-11-01 00:00:00,,precipprob,0.0,0.0,,,100.0,,
2025-11-01 01:00:00,,precipprob,0.0,0.0,,,100.0,,
2025-11-01 02:00:00,,precipprob,0.0,0.0,,,100.0,,
2025-11-01 03:00:00,,precipprob,0.0,0.0,,,100.0,,
2025-11-01 04:00:00,,precipprob,0.0,0.0,,,100.0,,
2025-11-01 05:00:00,,precipprob,0.0,0.0,,,100.0,,
2025-11-01 06:00:00,,precipprob,0.0,0.0,,,100.0,,
2025-11-01 07:00:00,,precipprob,0.0,0.0,,,100.0,,
2025-11-01 08:00:00,,precipprob,0.0,0.0,,,100.0,,
2025-11-01 09:00:00,,precipprob,0.0,0.0,,,100.0,,
2025-11-01 10:00:00,,precipprob,0.0,0.0,,,100.0,,
2025-11-01 11:00:00,,precipprob,0.0,0.0,,,100.0,,
2025-11-01 12:00:00,,precipprob,0.0,0.0,,,100.0,,
2025-11-01 13:00:00,,precipprob,0.0,0.0,,,100.0,,
2025-11-01 14:00:00,,precipprob,0.0,0.0,,,100.0,,
2025-11-01 15:00:00,,precipprob,0.0,0.0,,,100.0,,
2025-11-01 16:00:00,,precipprob,0.0,0.0,,,100.0,,
2025-11-01 17:00:00,,precipprob,0.0,0.0,,,100.0,,
2025-11-01 18:00:00,,precipprob,0.0,0.0,,,100.0,,
2025-11-01 19:00:00,,precipprob,0.0,0.0,,,100.0,,
2025-11-01 20:00:00,,precipprob,0.0,0.0,,,100.0,,
2025-11-01 21:00:00,,precipprob,0.0,0.0,,,100.0,,
2025-11-01 22:00:00,,precipprob,0.0,0.0,,,100.0,,
2025-11-01 23:00:00,,precipprob,0.0,0.0,,,100.0,,
2025-11-02 00:00:00,,precipprob,0.0,0.0,,,100.0,,
2025-11-02 01:00:00,,precipprob,0.0,0.0,,,100.0,,
2025-11-02 02:00:00,,precipprob,0.0,0.0,,,100.0,,
2025-11-02 03:00:00,,precipprob,0.0,0.0,,,100.0,,
2025-11-02 04:00:00,,precipprob,0.0,0.0,,,100.0,,
2025-11-02 05:00:00,,precipprob,0.0,0.0,,,100.0,,
2025-11-02 06:00:00,,precipprob,0.0,0.0,,,100.0,,
2025-11-02 07:00:00,,precipprob,0.0,0.0,,,100.0,,
2025-11-02 08:00:00,,precipprob,0.0,0.0,,,100.0,,
2025-11-02 09:00:00,,precipprob,0.0,0.0,,,100.0,,
2025-11-02 10:00:00,,precipprob,0.0,0.0,,,100.0,,
2025-11-02 11:00:00,,precipprob,0.0,0.0,,,100.0,,
2025-11-02 12:00:00,,precipprob,0.0,0.0,,,100.0,,
2025-11-02 13:00:00,,precipprob,0.0,0.0,,,100.0,,
2025-11-02 14:00:00,,precipprob,0.0,0.0,,,100.0,,
2025-11-02 15:00:00,,precipprob,0.0,0.0,,,100.0,,
2025-11-02 16:00:00,,precipprob,0.0,0.0,,,100.0,,
2025-11-02 17:00:00,,precipprob,0.0,0.0,,,100.0,,
2025-11-02 18:00:00,,precipprob,0.0,0.0,,,100.0,,
2025-11-02 19:00:00,,precipprob,0.0,0.0,,,100.0,,
2025-11-02 20:00:00,,precipprob,0.0,0.0,,,100.0,,
2025-11-02 21:00:00,,precipprob,0.0,0.0,,,100.0,,
2025-11-02 22:00:00,,precipprob,0.0,0.0,,,100.0,,
2025-11-02 23:00:00,,precipprob,0.0,0.0,,,100.0,,
2025-11-03 00:00:00,,precipprob,0.0,0.0,,,100.0,,
2025-11-03 01:00:00,,precipprob,0.0,0.0,,,100.0,,
2025-11-03 02:00:00,,precipprob,0.0,0.0,,,100.0,,
2025-11-03 03:00:00,,precipprob,0.0,0.0,,,100.0,,
2025-11-03 04:00:00,,precipprob,0.0,0.0,,,100.0,,
2025-11-03 05:00:00,,precipprob,0.0,0.0,,,100.0,,
2025-11-03 06:00:00,,precipprob,0.0,0.0,,,100.0,,
2025-11-03 07:00:00,,precipprob,0.0,0.0,,,100.0,,
2025-11-03 08:00:00,,precipprob,0.0,0.0,,,100.0,,
2025-11-03 09:00:00,,precipprob,0.0,0.0,,,100.0,,
2025-11-03 10:00:00,,precipprob,0.0,0.0,,,100.0,,
2025-11-03 11:00:00,,precipprob,0.0,0.0,,,100.0,,
2025-11-03 12:00:00,,precipprob,0.0,0.0,,,100.0,,
2025-11-03 13:00:00,,precipprob,0.0,0.0,,,100.0,,
2025-11-03 14:00:00,,precipprob,0.0,0.0,,,100.0,,
2025-11-03 15:00:00,,precipprob,0.0,0.0,,,100.0,,
2025-11-03 16:00:00,,precipprob,0.0,0.0,,,100.0,,
2025-11-03 17:00:00,,precipprob,0.0,0.0,,,100.0,,
2025-11-03 18:00:00,,precipprob,0.0,0.0,,,100.0,,
2025-11-03 19:00:00,,precipprob,0.0,0.0,,,100.0,,
2025-11-03 20:00:00,,precipprob,0.0,0.0,,,100.0,,
2025-11-03 21:00:00,,precipprob,0.0,0.0,,,100.0,,
2025-11-03 22:00:00,,precipprob,0.0,0.0,,,100.0,,
2025-11-03 23:00:00,,precipprob,0.0,0.0,,,100.0,,
2025-11-04 00:00:00,,precipprob,0.0,0.0,,,100.0,,
2025-11-04 01:00:00,,precipprob,0.0,0.0,,,100.0,,
2025-11-04 02:00:00,,precipprob,0.0,0.0,,,100.0,,
2025-11-04 03:00:00,,precipprob,0.0,0.0,,,100.0,,
2025-11-04 04:00:00,,precipprob,0.0,0.0,,,100.0,,
2025-11-04 05:00:00,,precipprob,0.0,0.0,,,100.0,,
2025-11-04 06:00:00,,precipprob,0.0,0.0,,,100.0,,
2025-11-04 07:00:00,,precipprob,0.0,0.0,,,100.0,,
2025-11-04 08:00:00,,precipprob,0.0,0.0,,,100.0,,
2025-11-04 09:00:00,,precipprob,0.0,0.0,,,100.0,,
2025-11-04 10:00:00,,precipprob,0.0,0.0,,,100.0,,
2025-11-04 11:00:00,,precipprob,0.0,0.0,,,100.0,,
2025-11-04 12:00:00,,precipprob,0.0,0.0,,,100.0,,
2025-11-04 14:00:00,,precipprob,0.0,0.0,,,100.0,,
2025-11-04 15:00:00,,precipprob,0.0,0.0,,,100.0,,
2025-11-04 17:00:00,,precipprob,0.0,0.0,,,100.0,,
2025-11-04 18:00:00,,precipprob,0.0,0.0,,,100.0,,
2025-11-04 19:00:00,,precipprob,0.0,0.0,,,100.0,,
2025-11-04 20:00:00,,precipprob,0.0,0.0,,,100.0,,
2025-11-04 21:00:00,,precipprob,0.0,0.0,,,100.0,,
2025-11-04 22:00:00,,precipprob,0.0,0.0,,,100.0,,
2025-11-04 23:00:00,,precipprob,0.0,0.0,,,100.0,,
2025-11-05 00:00:00,,precipprob,0.0,0.0,,,100.0,,
2025-11-05 01:00:00,,precipprob,0.0,0.0,,,100.0,,
2025-11-05 02:00:00,,precipprob,0.0,0.0,,,100.0,,
2025-11-05 03:00:00,,precipprob,0.0,0.0,,,100.0,,
2025-11-05 04:00:00,,precipprob,0.0,0.0,,,100.0,,
2025-11-05 05:00:00,,precipprob,0.0,0.0,,,100.0,,
2025-11-05 07:00:00,,precipprob,0.0,0.0,,,100.0,,
2025-11-05 08:00:00,,precipprob,0.0,0.0,,,100.0,,
2025-11-05 09:00:00,,precipprob,0.0,0.0,,,100.0,,
2025-11-05 10:00:00,,precipprob,0.0,0.0,,,100.0,,
2025-11-05 11:00:00,,precipprob,0.0,0.0,,,100.0,,
2025-11-05 12:00:00,,precipprob,0.0,0.0,,,100.0,,
2025-11-05 13:00:00,,precipprob,0.0,0.0,,,100.0,,
2025-11-05 14:00:00,,precipprob,0.0,0.0,,,100.0,,
2025-11-05 15:00:00,,precipprob,0.0,0.0,,,100.0,,
2025-11-05 16:00:00,,precipprob,0.0,0.0,,,100.0,,
2025-11-05 17:00:00,,precipprob,0.0,0.0,,,100.0,,
2025-11-05 18:00:00,,precipprob,0.0,0.0,,,100.0,,
2025-11-05 19:00:00,,precipprob,0.0,0.0,,,100.0,,
2025-11-05 20:00:00,,precipprob,0.0,0.0,,,100.0,,
2025-11-05 21:00:00,,precipprob,0.0,0.0,,,100.0,,
2025-11-05 22:00:00,,precipprob,0.0,0.0,,,100.0,,
2025-11-05 23:00:00,,precipprob,0.0,0.0,,,100.0,,
2025-11-06 00:00:00,,precipprob,0.0,0.0,,,100.0,,
2025-11-06 01:00:00,,precipprob,0.0,0.0,,,100.0,,
2025-11-06 02:00:00,,precipprob,0.0,0.0,,,100.0,,
2025-11-06 03:00:00,,precipprob,0.0,0.0,,,100.0,,
2025-11-06 04:00:00,,precipprob,0.0,0.0,,,100.0,,
2025-11-06 05:00:00,,precipprob,0.0,0.0,,,100.0,,
2025-11-06 06:00:00,,precipprob,0.0,0.0,,,100.0,,
2025-11-06 07:00:00,,precipprob,0.0,0.0,,,100.0,,
2025-11-06 08:00:00,,precipprob,0.0,0.0,,,100.0,,
2025-11-06 09:00:00,,precipprob,0.0,0.0,,,100.0,,
2025-11-06 10:00:00,,precipprob,0.0,0.0,,,100.0,,
2025-11-06 11:00:00,,precipprob,0.0,0.0,,,100.0,,
2025-11-06 12:00:00,,precipprob,0.0,0.0,,,100.0,,
2025-11-06 13:00:00,,precipprob,0.0,0.0,,,100.0,,
2025-11-06 14:00:00,,precipprob,0.0,0.0,,,100.0,,
2025-11-06 15:00:00,,precipprob,0.0,0.0,,,100.0,,
2025-11-06 16:00:00,,precipprob,0.0,0.0,,,100.0,,
2025-11-06 17:00:00,,precipprob,0.0,0.0,,,100.0,,
2025-11-06 18:00:00,,precipprob,0.0,0.0,,,100.0,,
2025-11-06 19:00:00,,precipprob,0.0,0.0,,,100.0,,
2025-11-06 20:00:00,,precipprob,0.0,0.0,,,100.0,,
2025-11-06 21:00:00,,precipprob,0.0,0.0,,,100.0,,
2025-11-06 22:00:00,,precipprob,0.0,0.0,,,100.0,,
2025-11-06 23:00:00,,precipprob,0.0,0.0,,,100.0,,
2025-11-07 00:00:00,,precipprob,0.0,0.0,,,100.0,,
2025-11-07 01:00:00,,precipprob,0.0,0.0,,,100.0,,
2025-11-07 02:00:00,,precipprob,0.0,0.0,,,100.0,,
2025-11-07 03:00:00,,precipprob,0.0,0.0,,,100.0,,
2025-11-07 04:00:00,,precipprob,0.0,0.0,,,100.0,,
2025-11-07 05:00:00,,precipprob,0.0,0.0,,,100.0,,
2025-11-07 06:00:00,,precipprob,0.0,0.0,,,100.0,,
2025-11-07 07:00:00,,precipprob,0.0,0.0,,,100.0,,
2025-11-07 08:00:00,,precipprob,0.0,0.0,,,100.0,,
2025-11-08 14:00:00,,precipprob,0.0,0.0,,,100.0,,
2025-11-08 15:00:00,,precipprob,0.0,0.0,,,100.0,,
2025-11-08 16:00:00,,precipprob,0.0,0.0,,,100.0,,
2025-11-08 19:00:00,,precipprob,0.0,0.0,,,100.0,,
2025-11-08 22:00:00,,precipprob,0.0,0.0,,,100.0,,
2025-11-08 23:00:00,,precipprob,0.0,0.0,,,100.0,,
2025-11-09 00:00:00,,precipprob,0.0,0.0,,,100.0,,
2025-11-09 01:00:00,,precipprob,0.0,0.0,,,100.0,,
2025-11-09 08:00:00,,precipprob,0.0,0.0,,,100.0,,
2025-11-09 09:00:00,,precipprob,0.0,0.0,,,100.0,,
2025-11-09 10:00:00,,precipprob,0.0,0.0,,,100.0,,
2025-11-09 15:00:00,,precipprob,0.0,0.0,,,100.0,,
2025-11-09 23:00:00,,precipprob,0.0,0.0,,,100.0,,
2025-11-10 00:00:00,,precipprob,0.0,0.0,,,100.0,,
2025-11-10 08:00:00,,precipprob,0.0,0.0,,,100.0,,
2025-11-10 09:00:00,,precipprob,0.0,0.0,,,100.0,,
2025-11-10 10:00:00,,precipprob,0.0,0.0,,,100.0,,
2025-11-10 11:00:00,,precipprob,0.0,0.0,,,100.0,,
2025-11-10 12:00:00,,precipprob,0.0,0.0,,,100.0,,
2025-11-10 14:00:00,,precipprob,0.0,0.0,,,100.0,,
2025-11-11 12:00:00,,precipprob,0.0,0.0,,,100.0,,
2025-11-14 05:00:00,,precipprob,0.0,0.0,,,100.0,,
2025-11-14 06:00:00,,precipprob,0.0,0.0,,,100.0,,
2025-11-14 07:00:00,,precipprob,0.0,0.0,,,100.0,,
2025-11-14 08:00:00,,precipprob,0.0,0.0,,,100.0,,
2025-11-14 09:00:00,,precipprob,0.0,0.0,,,100.0,,
2025-11-14 10:00:00,,precipprob,0.0,0.0,,,100.0,,
2025-11-14 11:00:00,,precipprob,0.0,0.0,,,100.0,,
2025-11-14 12:00:00,,precipprob,0.0,0.0,,,100.0,,
2025-11-14 13:00:00,,precipprob,0.0,0.0,,,100.0,,
2025-11-15 00:00:00,,precipprob,0.0,0.0,,,100.0,,
2025-11-15 01:00:00,,precipprob,0.0,0.0,,,100.0,,
2025-11-15 02:00:00,,precipprob,0.0,0.0,,,100.0,,
2025-11-15 03:00:00,,precipprob,0.0,0.0,,,100.0,,
2025-11-15 04:00:00,,precipprob,0.0,0.0,,,100.0,,
2025-11-15 05:00:00,,precipprob,0.0,0.0,,,100.0,,
2025-11-15 06:00:00,,precipprob,0.0,0.0,,,100.0,,
2025-11-15 07:00:00,,precipprob,0.0,0.0,,,100.0,,
2025-11-15 08:00:00,,precipprob,0.0,0.0,,,100.0,,
2025-11-15 09:00:00,,precipprob,0.0,0.0,,,100.0,,
2025-11-15 10:00:00,,precipprob,0.0,0.0,,,100.0,,
2025-11-15 11:00:00,,precipprob,0.0,0.0,,,100.0,,
2025-11-15 12:00:00,,precipprob,0.0,0.0,,,100.0,,
2025-11-15 13:00:00,,precipprob,0.0,0.0,,,100.0,,
2025-11-15 14:00:00,,precipprob,0.0,0.0,,,100.0,,
2025-11-15 15:00:00,,precipprob,0.0,0.0,,,100.0,,
2025-11-15 16:00:00,,precipprob,0.0,0.0,,,100.0,,
2025-11-15 17:00:00,,precipprob,0.0,0.0,,,100.0,,
2025-11-15 18:00:00,,precipprob,0.0,0.0,,,100.0,,
2025-11-15 19:00:00,,precipprob,0.0,0.0,,,100.0,,
2025-11-15 20:00:00,,precipprob,0.0,0.0,,,100.0,,
2025-11-15 21:00:00,,precipprob,0.0,0.0,,,100.0,,
2025-11-15 22:00:00,,precipprob,0.0,0.0,,,100.0,,
2025-11-15 23:00:00,,precipprob,0.0,0.0,,,100.0,,
2025-11-16 00:00:00,,precipprob,0.0,0.0,,,100.0,,
2025-11-16 01:00:00,,precipprob,0.0,0.0,,,100.0,,
2025-11-16 02:00:00,,precipprob,0.0,0.0,,,100.0,,
2025-11-16 03:00:00,,precipprob,0.0,0.0,,,100.0,,
2025-11-16 04:00:00,,precipprob,0.0,0.0,,,100.0,,
2025-11-16 05:00:00,,precipprob,0.0,0.0,,,100.0,,
2025-11-16 06:00:00,,precipprob,0.0,0.0,,,100.0,,
2025-11-16 07:00:00,,precipprob,0.0,0.0,,,100.0,,
2025-11-16 08:00:00,,precipprob,0.0,0.0,,,100.0,,
2025-11-16 09:00:00,,precipprob,0.0,0.0,,,100.0,,
2025-11-16 10:00:00,,precipprob,0.0,0.0,,,100.0,,
2025-11-16 11:00:00,,precipprob,0.0,0.0,,,100.0,,
2025-11-16 12:00:00,,precipprob,0.0,0.0,,,100.0,,
2025-11-16 13:00:00,,precipprob,0.0,0.0,,,100.0,,
2025-11-16 14:00:00,,precipprob,0.0,0.0,,,100.0,,
2025-11-16 15:00:00,,precipprob,0.0,0.0,,,100.0,,
2025-11-16 16:00:00,,precipprob,0.0,0.0,,,100.0,,
2025-11-16 17:00:00,,precipprob,0.0,0.0,,,100.0,,
2025-11-16 18:00:00,,precipprob,0.0,0.0,,,100.0,,
2025-11-16 19:00:00,,precipprob,0.0,0.0,,,100.0,,
2025-11-16 20:00:00,,precipprob,0.0,0.0,,,100.0,,
2025-11-16 21:00:00,,precipprob,0.0,0.0,,,100.0,,
2025-11-16 22:00:00,,precipprob,0.0,0.0,,,100.0,,
2025-11-16 23:00:00,,precipprob,0.0,0.0,,,100.0,,
2025-11-17 00:00:00,,precipprob,0.0,0.0,,,100.0,,
2025-11-17 01:00:00,,precipprob,0.0,0.0,,,100.0,,
2025-11-17 02:00:00,,precipprob,0.0,0.0,,,100.0,,
2025-11-17 03:00:00,,precipprob,0.0,0.0,,,100.0,,
2025-11-17 04:00:00,,precipprob,0.0,0.0,,,100.0,,
2025-11-17 05:00:00,,precipprob,0.0,0.0,,,100.0,,
2025-11-17 06:00:00,,precipprob,0.0,0.0,,,100.0,,
2025-11-17 07:00:00,,precipprob,0.0,0.0,,,100.0,,
2025-11-17 08:00:00,,precipprob,0.0,0.0,,,100.0,,
2025-11-17 09:00:00,,precipprob,0.0,0.0,,,100.0,,
2025-11-17 10:00:00,,precipprob,0.0,0.0,,,100.0,,
2025-11-17 11:00:00,,precipprob,0.0,0.0,,,100.0,,
2025-11-17 12:00:00,,precipprob,0.0,0.0,,,100.0,,
2025-11-17 13:00:00,,precipprob,0.0,0.0,,,100.0,,
2025-11-17 14:00:00,,precipprob,0.0,0.0,,,100.0,,
2025-11-17 15:00:00,,precipprob,0.0,0.0,,,100.0,,
2025-11-17 16:00:00,,precipprob,0.0,0.0,,,100.0,,
2025-11-17 17:00:00,,precipprob,0.0,0.0,,,100.0,,
2025-11-17 18:00:00,,precipprob,0.0,0.0,,,100.0,,
2025-11-17 19:00:00,,precipprob,0.0,0.0,,,100.0,,
2025-11-17 20:00:00,,precipprob,0.0,0.0,,,100.0,,
2025-11-17 21:00:00,,precipprob,0.0,0.0,,,100.0,,
2025-11-17 22:00:00,,precipprob,0.0,0.0,,,100.0,,
2025-11-17 23:00:00,,precipprob,0.0,0.0,,,100.0,,
2025-11-18 00:00:00,,precipprob,0.0,0.0,,,100.0,,
2025-11-18 01:00:00,,precipprob,0.0,0.0,,,100.0,,
2025-11-18 02:00:00,,precipprob,0.0,0.0,,,100.0,,
2025-11-18 03:00:00,,precipprob,0.0,0.0,,,100.0,,
2025-11-18 04:00:00,,precipprob,0.0,0.0,,,100.0,,
2025-11-18 05:00:00,,precipprob,0.0,0.0,,,100.0,,
2025-11-18 06:00:00,,precipprob,0.0,0.0,,,100.0,,
2025-11-18 07:00:00,,precipprob,0.0,0.0,,,100.0,,
2025-11-18 08:00:00,,precipprob,0.0,0.0,,,100.0,,
2025-11-18 09:00:00,,precipprob,0.0,0.0,,,100.0,,
2025-11-18 10:00:00,,precipprob,0.0,0.0,,,100.0,,
2025-11-18 11:00:00,,precipprob,0.0,0.0,,,100.0,,
2025-11-18 12:00:00,,precipprob,0.0,0.0,,,100.0,,
2025-11-18 13:00:00,,precipprob,0.0,0.0,,,100.0,,
2025-11-18 14:00:00,,precipprob,0.0,0.0,,,100.0,,
2025-11-18 15:00:00,,precipprob,0.0,0.0,,,100.0,,
2025-11-18 16:00:00,,precipprob,0.0,0.0,,,100.0,,
2025-11-18 17:00:00,,precipprob,0.0,0.0,,,100.0,,
2025-11-18 18:00:00,,precipprob,0.0,0.0,,,100.0,,
2025-11-18 19:00:00,,precipprob,0.0,0.0,,,100.0,,
2025-11-18 20:00:00,,precipprob,0.0,0.0,,,100.0,,
2025-11-18 21:00:00,,precipprob,0.0,0.0,,,100.0,,
2025-11-18 22:00:00,,precipprob,0.0,0.0,,,100.0,,
2025-11-18 23:00:00,,precipprob,0.0,0.0,,,100.0,,
2025-11-19 00:00:00,,precipprob,0.0,0.0,,,100.0,,
2025-11-19 01:00:00,,precipprob,0.0,0.0,,,100.0,,
2025-11-19 02:00:00,,precipprob,0.0,0.0,,,100.0,,
2025-11-19 03:00:00,,precipprob,0.0,0.0,,,100.0,,
2025-11-19 04:00:00,,precipprob,0.0,0.0,,,100.0,,
2025-11-19 05:00:00,,precipprob,0.0,0.0,,,100.0,,
2025-11-19 06:00:00,,precipprob,0.0,0.0,,,100.0,,
2025-11-19 07:00:00,,precipprob,0.0,0.0,,,100.0,,
2025-11-19 08:00:00,,precipprob,0.0,0.0,,,100.0,,
2025-11-19 09:00:00,,precipprob,0.0,0.0,,,100.0,,
2025-11-19 10:00:00,,precipprob,0.0,0.0,,,100.0,,
2025-11-19 11:00:00,,precipprob,0.0,0.0,,,100.0,,
2025-11-19 12:00:00,,precipprob,0.0,0.0,,,100.0,,
2025-11-19 13:00:00,,precipprob,0.0,0.0,,,100.0,,
2025-11-19 14:00:00,,precipprob,0.0,0.0,,,100.0,,
2025-11-19 15:00:00,,precipprob,0.0,0.0,,,100.0,,
2025-11-19 16:00:00,,precipprob,0.0,0.0,,,100.0,,
2025-11-19 17:00:00,,precipprob,0.0,0.0,,,100.0,,
2025-11-19 18:00:00,,precipprob,0.0,0.0,,,100.0,,
2025-11-19 19:00:00,,precipprob,0.0,0.0,,,100.0,,
2025-11-19 20:00:00,,precipprob,0.0,0.0,,,100.0,,
2025-11-19 21:00:00,,precipprob,0.0,0.0,,,100.0,,
2025-11-19 22:00:00,,precipprob,0.0,0.0,,,100.0,,
2025-11-19 23:00:00,,precipprob,0.0,0.0,,,100.0,,
2025-11-20 00:00:00,,precipprob,0.0,0.0,,,100.0,,
2025-11-20 01:00:00,,precipprob,0.0,0.0,,,100.0,,
2025-11-20 02:00:00,,precipprob,0.0,0.0,,,100.0,,
2025-11-20 03:00:00,,precipprob,0.0,0.0,,,100.0,,
2025-11-20 04:00:00,,precipprob,0.0,0.0,,,100.0,,
2025-11-20 05:00:00,,precipprob,0.0,0.0,,,100.0,,
2025-11-20 06:00:00,,precipprob,0.0,0.0,,,100.0,,
2025-11-20 07:00:00,,precipprob,0.0,0.0,,,100.0,,
2025-11-20 08:00:00,,precipprob,0.0,0.0,,,100.0,,
2025-11-20 09:00:00,,precipprob,0.0,0.0,,,100.0,,
2025-11-20 10:00:00,,precipprob,0.0,0.0,,,100.0,,
2025-11-20 11:00:00,,precipprob,0.0,0.0,,,100.0,,
2025-11-20 12:00:00,,precipprob,0.0,0.0,,,100.0,,
2025-11-20 13:00:00,,precipprob,0.0,0.0,,,100.0,,
2025-11-20 14:00:00,,precipprob,0.0,0.0,,,100.0,,
2025-11-20 15:00:00,,precipprob,0.0,0.0,,,100.0,,
2025-11-20 16:00:00,,precipprob,0.0,0.0,,,100.0,,
2025-11-20 17:00:00,,precipprob,0.0,0.0,,,100.0,,
2025-11-20 18:00:00,,precipprob,0.0,0.0,,,100.0,,
2025-11-20 19:00:00,,precipprob,0.0,0.0,,,100.0,,
2025-11-20 20:00:00,,precipprob,0.0,0.0,,,100.0,,
2025-11-20 21:00:00,,precipprob,0.0,0.0,,,100.0,,
2025-11-20 22:00:00,,precipprob,0.0,0.0,,,100.0,,
2025-11-20 23:00:00,,precipprob,0.0,0.0,,,100.0,,
2025-11-21 00:00:00,,precipprob,0.0,0.0,,,100.0,,
2025-11-21 01:00:00,,precipprob,0.0,0.0,,,100.0,,
2025-11-21 02:00:00,,precipprob,0.0,0.0,,,100.0,,
2025-11-21 03:00:00,,precipprob,0.0,0.0,,,100.0,,
2025-11-21 04:00:00,,precipprob,0.0,0.0,,,100.0,,
2025-11-21 05:00:00,,precipprob,0.0,0.0,,,100.0,,
2025-11-21 06:00:00,,precipprob,0.0,0.0,,,100.0,,
2025-11-21 07:00:00,,precipprob,0.0,0.0,,,100.0,,
2025-11-21 08:00:00,,precipprob,0.0,0.0,,,100.0,,
2025-11-21 09:00:00,,precipprob,0.0,0.0,,,100.0,,
2025-11-21 10:00:00,,precipprob,0.0,0.0,,,100.0,,
2025-11-21 11:00:00,,precipprob,0.0,0.0,,,100.0,,
2025-11-21 12:00:00,,precipprob,0.0,0.0,,,100.0,,
2025-11-21 13:00:00,,precipprob,0.0,0.0,,,100.0,,
2025-11-21 14:00:00,,precipprob,0.0,0.0,,,100.0,,
2025-11-21 15:00:00,,precipprob,0.0,0.0,,,100.0,,
2025-11-22 00:00:00,,precipprob,0.0,0.0,,,100.0,,
2025-11-22 01:00:00,,precipprob,0.0,0.0,,,100.0,,
2025-11-22 03:00:00,,precipprob,0.0,0.0,,,100.0,,
2025-11-22 04:00:00,,precipprob,0.0,0.0,,,100.0,,
2025-11-22 05:00:00,,precipprob,0.0,0.0,,,100.0,,
2025-11-22 06:00:00,,precipprob,0.0,0.0,,,100.0,,
2025-11-22 07:00:00,,precipprob,0.0,0.0,,,100.0,,
2025-11-22 08:00:00,,precipprob,0.0,0.0,,,100.0,,
2025-11-22 09:00:00,,precipprob,0.0,0.0,,,100.0,,
2025-11-22 10:00:00,,precipprob,0.0,0.0,,,100.0,,
2025-11-22 11:00:00,,precipprob,0.0,0.0,,,100.0,,
2025-11-22 12:00:00,,precipprob,0.0,0.0,,,100.0,,
2025-11-22 13:00:00,,precipprob,0.0,0.0,,,100.0,,
2025-11-22 14:00:00,,precipprob,0.0,0.0,,,100.0,,
2025-11-22 15:00:00,,precipprob,0.0,0.0,,,100.0,,
2025-11-22 16:00:00,,precipprob,0.0,0.0,,,100.0,,
2025-11-22 17:00:00,,precipprob,0.0,0.0,,,100.0,,
2025-11-22 18:00:00,,precipprob,0.0,0.0,,,100.0,,
2025-11-22 19:00:00,,precipprob,0.0,0.0,,,100.0,,
2025-11-22 20:00:00,,precipprob,0.0,0.0,,,100.0,,
2025-11-22 21:00:00,,precipprob,0.0,0.0,,,100.0,,
2025-11-22 22:00:00,,precipprob,0.0,0.0,,,100.0,,
2025-11-22 23:00:00,,precipprob,0.0,0.0,,,100.0,,
2025-11-23 00:00:00,,precipprob,0.0,0.0,,,100.0,,
2025-11-23 01:00:00,,precipprob,0.0,0.0,,,100.0,,
2025-11-23 02:00:00,,precipprob,0.0,0.0,,,100.0,,
2025-11-23 03:00:00,,precipprob,0.0,0.0,,,100.0,,
2025-11-23 04:00:00,,precipprob,0.0,0.0,,,100.0,,
2025-11-23 05:00:00,,precipprob,0.0,0.0,,,100.0,,
2025-11-23 06:00:00,,precipprob,0.0,0.0,,,100.0,,
2025-11-23 07:00:00,,precipprob,0.0,0.0,,,100.0,,
2025-11-23 08:00:00,,precipprob,0.0,0.0,,,100.0,,
2025-11-23 09:00:00,,precipprob,0.0,0.0,,,100.0,,
2025-11-23 10:00:00,,precipprob,0.0,0.0,,,100.0,,
2025-11-23 11:00:00,,precipprob,0.0,0.0,,,100.0,,
2025-11-23 12:00:00,,precipprob,0.0,0.0,,,100.0,,
2025-11-23 13:00:00,,precipprob,0.0,0.0,,,100.0,,
2025-11-23 14:00:00,,precipprob,0.0,0.0,,,100.0,,
2025-11-23 15:00:00,,precipprob,0.0,0.0,,,100.0,,
2025-11-23 16:00:00,,precipprob,0.0,0.0,,,100.0,,
2025-11-23 17:00:00,,precipprob,0.0,0.0,,,100.0,,
2025-11-23 18:00:00,,precipprob,0.0,0.0,,,100.0,,
2025-11-23 19:00:00,,precipprob,0.0,0.0,,,100.0,,
2025-11-23 20:00:00,,precipprob,0.0,0.0,,,100.0,,
2025-11-23 21:00:00,,precipprob,0.0,0.0,,,100.0,,
2025-11-23 22:00:00,,precipprob,0.0,0.0,,,100.0,,
2025-11-23 23:00:00,,precipprob,0.0,0.0,,,100.0,,
2025-11-24 00:00:00,,precipprob,0.0,0.0,,,100.0,,
2025-11-24 01:00:00,,precipprob,0.0,0.0,,,100.0,,
2025-11-24 02:00:00,,precipprob,0.0,0.0,,,100.0,,
2025-11-24 03:00:00,,precipprob,0.0,0.0,,,100.0,,
2025-11-24 04:00:00,,precipprob,0.0,0.0,,,100.0,,
2025-11-24 05:00:00,,precipprob,0.0,0.0,,,100.0,,
2025-11-24 06:00:00,,precipprob,0.0,0.0,,,100.0,,
2025-11-24 07:00:00,,precipprob,0.0,0.0,,,100.0,,
2025-11-24 08:00:00,,precipprob,0.0,0.0,,,100.0,,
2025-11-24 09:00:00,,precipprob,0.0,0.0,,,100.0,,
2025-11-24 10:00:00,,precipprob,0.0,0.0,,,100.0,,
2025-11-24 11:00:00,,precipprob,0.0,0.0,,,100.0,,
2025-11-24 12:00:00,,precipprob,0.0,0.0,,,100.0,,
2025-11-24 13:00:00,,precipprob,0.0,0.0,,,100.0,,
2025-11-24 14:00:00,,precipprob,0.0,0.0,,,100.0,,
2025-11-24 15:00:00,,precipprob,0.0,0.0,,,100.0,,
2025-11-24 16:00:00,,precipprob,0.0,0.0,,,100.0,,
2025-11-24 17:00:00,,precipprob,0.0,0.0,,,100.0,,
2025-11-24 18:00:00,,precipprob,0.0,0.0,,,100.0,,
2025-11-24 19:00:00,,precipprob,0.0,0.0,,,100.0,,
2025-11-24 20:00:00,,precipprob,0.0,0.0,,,100.0,,
2025-11-24 21:00:00,,precipprob,0.0,0.0,,,100.0,,
2025-11-24 22:00:00,,precipprob,0.0,0.0,,,100.0,,
2025-11-24 23:00:00,,precipprob,0.0,0.0,,,100.0,,
2025-11-25 00:00:00,,precipprob,0.0,0.0,,,100.0,,
2025-11-25 01:00:00,,precipprob,0.0,0.0,,,100.0,,
2025-11-25 02:00:00,,precipprob,0.0,0.0,,,100.0,,
2025-11-25 03:00:00,,precipprob,0.0,0.0,,,100.0,,
2025-11-25 04:00:00,,precipprob,0.0,0.0,,,100.0,,
2025-11-25 05:00:00,,precipprob,0.0,0.0,,,100.0,,
2025-11-25 06:00:00,,precipprob,0.0,0.0,,,100.0,,
2025-11-25 07:00:00,,precipprob,0.0,0.0,,,100.0,,
2025-11-25 08:00:00,,precipprob,0.0,0.0,,,100.0,,
2025-11-25 09:00:00,,precipprob,0.0,0.0,,,100.0,,
2025-11-25 10:00:00,,precipprob,0.0,0.0,,,100.0,,
2025-11-25 11:00:00,,precipprob,0.0,0.0,,,100.0,,
2025-11-25 15:00:00,,precipprob,0.0,0.0,,,100.0,,
2025-11-25 17:00:00,,precipprob,0.0,0.0,,,100.0,,
2025-11-25 23:00:00,,precipprob,0.0,0.0,,,100.0,,
2025-11-26 05:00:00,,precipprob,0.0,0.0,,,100.0,,
2025-11-26 06:00:00,,precipprob,0.0,0.0,,,100.0,,
2025-11-26 07:00:00,,precipprob,0.0,0.0,,,100.0,,
2025-11-26 08:00:00,,precipprob,0.0,0.0,,,100.0,,
2025-11-26 09:00:00,,precipprob,0.0,0.0,,,100.0,,
2025-11-26 10:00:00,,precipprob,0.0,0.0,,,100.0,,
2025-11-26 14:00:00,,precipprob,0.0,0.0,,,100.0,,
2025-11-27 03:00:00,,precipprob,0.0,0.0,,,100.0,,
2025-11-27 04:00:00,,precipprob,0.0,0.0,,,100.0,,
2025-11-27 05:00:00,,precipprob,0.0,0.0,,,100.0,,
2025-11-27 06:00:00,,precipprob,0.0,0.0,,,100.0,,
2025-11-27 07:00:00,,precipprob,0.0,0.0,,,100.0,,
2025-12-01 02:00:00,,precipprob,0.0,0.0,,,100.0,,
2025-12-01 04:00:00,,precipprob,0.0,0.0,,,100.0,,
2025-12-01 05:00:00,,precipprob,0.0,0.0,,,100.0,,
2025-12-01 06:00:00,,precipprob,0.0,0.0,,,100.0,,
2025-12-01 07:00:00,,precipprob,0.0,0.0,,,100.0,,
2025-12-01 08:00:00,,precipprob,0.0,0.0,,,100.0,,
2025-12-01 09:00:00,,precipprob,0.0,0.0,,,100.0,,
2025-12-01 10:00:00,,precipprob,0.0,0.0,,,100.0,,
2025-12-01 11:00:00,,precipprob,0.0,0.0,,,100.0,,
2025-12-01 12:00:00,,precipprob,0.0,0.0,,,100.0,,
2025-12-01 13:00:00,,precipprob,0.0,0.0,,,100.0,,
2025-12-01 14:00:00,,precipprob,0.0,0.0,,,100.0,,
2025-12-01 15:00:00,,precipprob,0.0,0.0,,,100.0,,
2025-12-01 16:00:00,,precipprob,0.0,0.0,,,100.0,,
2025-12-01 17:00:00,,precipprob,0.0,0.0,,,100.0,,
2025-12-01 18:00:00,,precipprob,0.0,0.0,,,100.0,,
2025-12-02 21:00:00,,precipprob,0.0,0.0,,,100.0,,
2025-12-02 22:00:00,,precipprob,0.0,0.0,,,100.0,,
2025-12-02 23:00:00,,precipprob,0.0,0.0,,,100.0,,
2025-12-03 00:00:00,,precipprob,0.0,0.0,,,100.0,,
2025-12-03 01:00:00,,precipprob,0.0,0.0,,,100.0,,
2025-12-03 02:00:00,,precipprob,0.0,0.0,,,100.0,,
2025-12-03 03:00:00,,precipprob,0.0,0.0,,,100.0,,
2025-12-03 04:00:00,,precipprob,0.0,0.0,,,100.0,,
2025-12-03 05:00:00,,precipprob,0.0,0.0,,,100.0,,
2025-12-03 06:00:00,,precipprob,0.0,0.0,,,100.0,,
2025-12-03 07:00:00,,precipprob,0.0,0.0,,,100.0,,
2025-12-03 08:00:00,,precipprob,0.0,0.0,,,100.0,,
2025-12-03 09:00:00,,precipprob,0.0,0.0,,,100.0,,
2025-12-03 10:00:00,,precipprob,0.0,0.0,,,100.0,,
2025-12-03 11:00:00,,precipprob,0.0,0.0,,,100.0,,
2025-12-03 12:00:00,,precipprob,0.0,0.0,,,100.0,,
2025-12-03 13:00:00,,precipprob,0.0,0.0,,,100.0,,
2025-12-03 14:00:00,,precipprob,0.0,0.0,,,100.0,,
2025-12-03 15:00:00,,precipprob,0.0,0.0,,,100.0,,
2025-12-03 16:00:00,,precipprob,0.0,0.0,,,100.0,,
2025-12-03 17:00:00,,precipprob,0.0,0.0,,,100.0,,
2025-12-03 18:00:00,,precipprob,0.0,0.0,,,100.0,,
2025-12-03 19:00:00,,precipprob,0.0,0.0,,,100.0,,
2025-12-03 20:00:00,,precipprob,0.0,0.0,,,100.0,,
2025-12-03 21:00:00,,precipprob,0.0,0.0,,,100.0,,
2025-12-03 22:00:00,,precipprob,0.0,0.0,,,100.0,,
2025-12-03 23:00:00,,precipprob,0.0,0.0,,,100.0,,
2025-12-04 00:00:00,,precipprob,0.0,0.0,,,100.0,,
2025-12-04 01:00:00,,precipprob,0.0,0.0,,,100.0,,
2025-12-04 02:00:00,,precipprob,0.0,0.0,,,100.0,,
2025-12-04 03:00:00,,precipprob,0.0,0.0,,,100.0,,
2025-12-04 04:00:00,,precipprob,0.0,0.0,,,100.0,,
2025-12-04 05:00:00,,precipprob,0.0,0.0,,,100.0,,
2025-12-04 06:00:00,,precipprob,0.0,0.0,,,100.0,,
2025-12-04 07:00:00,,precipprob,0.0,0.0,,,100.0,,
2025-12-04 08:00:00,,precipprob,0.0,0.0,,,100.0,,
2025-12-04 09:00:00,,precipprob,0.0,0.0,,,100.0,,
2025-12-04 10:00:00,,precipprob,0.0,0.0,,,100.0,,
2025-12-04 11:00:00,,precipprob,0.0,0.0,,,100.0,,
2025-12-04 12:00:00,,precipprob,0.0,0.0,,,100.0,,
2025-12-04 13:00:00,,precipprob,0.0,0.0,,,100.0,,
2025-12-04 14:00:00,,precipprob,0.0,0.0,,,100.0,,
2025-12-04 15:00:00,,precipprob,0.0,0.0,,,100.0,,
2025-12-04 16:00:00,,precipprob,0.0,0.0,,,100.0,,
2025-12-04 17:00:00,,precipprob,0.0,0.0,,,100.0,,
2025-12-04 18:00:00,,precipprob,0.0,0.0,,,100.0,,
2025-12-04 19:00:00,,precipprob,0.0,0.0,,,100.0,,
2025-12-04 20:00:00,,precipprob,0.0,0.0,,,100.0,,
2025-12-04 21:00:00,,precipprob,0.0,0.0,,,100.0,,
2025-12-04 22:00:00,,precipprob,0.0,0.0,,,100.0,,
2025-12-04 23:00:00,,precipprob,0.0,0.0,,,100.0,,
2025-12-05 00:00:00,,precipprob,0.0,0.0,,,100.0,,
2025-12-05 01:00:00,,precipprob,0.0,0.0,,,100.0,,
2025-12-05 02:00:00,,precipprob,0.0,0.0,,,100.0,,
2025-12-05 03:00:00,,precipprob,0.0,0.0,,,100.0,,
2025-12-05 04:00:00,,precipprob,0.0,0.0,,,100.0,,
2025-12-05 05:00:00,,precipprob,0.0,0.0,,,100.0,,
2025-12-05 06:00:00,,precipprob,0.0,0.0,,,100.0,,
2025-12-05 07:00:00,,precipprob,0.0,0.0,,,100.0,,
2025-12-05 08:00:00,,precipprob,0.0,0.0,,,100.0,,
2025-12-05 09:00:00,,precipprob,0.0,0.0,,,100.0,,
2025-12-05 10:00:00,,precipprob,0.0,0.0,,,100.0,,
2025-12-05 11:00:00,,precipprob,0.0,0.0,,,100.0,,
2025-12-05 12:00:00,,precipprob,0.0,0.0,,,100.0,,
2025-12-05 13:00:00,,precipprob,0.0,0.0,,,100.0,,
2025-12-05 14:00:00,,precipprob,0.0,0.0,,,100.0,,
2025-12-05 15:00:00,,precipprob,0.0,0.0,,,100.0,,
2025-12-05 16:00:00,,precipprob,0.0,0.0,,,100.0,,
2025-12-05 17:00:00,,precipprob,0.0,0.0,,,100.0,,
2025-12-05 18:00:00,,precipprob,0.0,0.0,,,100.0,,
2025-12-05 19:00:00,,precipprob,0.0,0.0,,,100.0,,
2025-12-05 20:00:00,,precipprob,0.0,0.0,,,100.0,,
2025-12-05 21:00:00,,precipprob,0.0,0.0,,,100.0,,
2025-12-05 22:00:00,,precipprob,0.0,0.0,,,100.0,,
2025-12-05 23:00:00,,precipprob,0.0,0.0,,,100.0,,
2025-12-06 00:00:00,,precipprob,0.0,0.0,,,100.0,,
2025-12-06 01:00:00,,precipprob,0.0,0.0,,,100.0,,
2025-12-06 02:00:00,,precipprob,0.0,0.0,,,100.0,,
2025-12-06 03:00:00,,precipprob,0.0,0.0,,,100.0,,
2025-12-06 04:00:00,,precipprob,0.0,0.0,,,100.0,,
2025-12-06 05:00:00,,precipprob,0.0,0.0,,,100.0,,
2025-12-06 06:00:00,,precipprob,0.0,0.0,,,100.0,,
2025-12-06 07:00:00,,precipprob,0.0,0.0,,,100.0,,
2025-12-06 08:00:00,,precipprob,0.0,0.0,,,100.0,,
2025-12-06 09:00:00,,precipprob,0.0,0.0,,,100.0,,
2025-12-06 10:00:00,,precipprob,0.0,0.0,,,100.0,,
2025-12-06 11:00:00,,precipprob,0.0,0.0,,,100.0,,
2025-12-06 12:00:00,,precipprob,0.0,0.0,,,100.0,,
2025-12-06 13:00:00,,precipprob,0.0,0.0,,,100.0,,
2025-12-06 14:00:00,,precipprob,0.0,0.0,,,100.0,,
2025-12-06 15:00:00,,precipprob,0.0,0.0,,,100.0,,
2025-12-06 16:00:00,,precipprob,0.0,0.0,,,100.0,,
2025-12-07 08:00:00,,precipprob,0.0,0.0,,,100.0,,
2025-12-07 10:00:00,,precipprob,0.0,0.0,,,100.0,,
2025-12-07 12:00:00,,precipprob,0.0,0.0,,,100.0,,
2025-12-07 14:00:00,,precipprob,0.0,0.0,,,100.0,,
2025-12-07 15:00:00,,precipprob,0.0,0.0,,,100.0,,
2025-12-07 16:00:00,,precipprob,0.0,0.0,,,100.0,,
2025-12-07 23:00:00,,precipprob,0.0,0.0,,,100.0,,
2025-12-08 00:00:00,,precipprob,0.0,0.0,,,100.0,,
2025-12-08 01:00:00,,precipprob,0.0,0.0,,,100.0,,
2025-12-08 03:00:00,,precipprob,0.0,0.0,,,100.0,,
2025-12-08 04:00:00,,precipprob,0.0,0.0,,,100.0,,
2025-12-08 06:00:00,,precipprob,0.0,0.0,,,100.0,,
2025-12-08 07:00:00,,precipprob,0.0,0.0,,,100.0,,
2025-12-08 08:00:00,,precipprob,0.0,0.0,,,100.0,,
2025-12-08 09:00:00,,precipprob,0.0,0.0,,,100.0,,
2025-12-08 10:00:00,,precipprob,0.0,0.0,,,100.0,,
2025-12-08 11:00:00,,precipprob,0.0,0.0,,,100.0,,
2025-12-08 12:00:00,,precipprob,0.0,0.0,,,100.0,,
2025-12-08 13:00:00,,precipprob,0.0,0.0,,,100.0,,
2025-12-08 14:00:00,,precipprob,0.0,0.0,,,100.0,,
2025-12-08 15:00:00,,precipprob,0.0,0.0,,,100.0,,
2025-12-08 16:00:00,,precipprob,0.0,0.0,,,100.0,,
2025-12-08 17:00:00,,precipprob,0.0,0.0,,,100.0,,
2025-12-08 18:00:00,,precipprob,0.0,0.0,,,100.0,,
2025-12-08 19:00:00,,precipprob,0.0,0.0,,,100.0,,
2025-12-08 20:00:00,,precipprob,0.0,0.0,,,100.0,,
2025-12-08 22:00:00,,precipprob,0.0,0.0,,,100.0,,
2025-12-08 23:00:00,,precipprob,0.0,0.0,,,100.0,,
2025-12-09 00:00:00,,precipprob,0.0,0.0,,,100.0,,
2025-12-09 01:00:00,,precipprob,0.0,0.0,,,100.0,,
2025-12-09 02:00:00,,precipprob,0.0,0.0,,,100.0,,
2025-12-09 03:00:00,,precipprob,0.0,0.0,,,100.0,,
2025-12-09 04:00:00,,precipprob,0.0,0.0,,,100.0,,
2025-12-09 05:00:00,,precipprob,0.0,0.0,,,100.0,,
2025-12-09 06:00:00,,precipprob,0.0,0.0,,,100.0,,
2025-12-09 07:00:00,,precipprob,0.0,0.0,,,100.0,,
2025-12-09 08:00:00,,precipprob,0.0,0.0,,,100.0,,
2025-12-09 09:00:00,,precipprob,0.0,0.0,,,100.0,,
2025-12-09 10:00:00,,precipprob,0.0,0.0,,,100.0,,
2025-12-09 11:00:00,,precipprob,0.0,0.0,,,100.0,,
2025-12-09 12:00:00,,precipprob,0.0,0.0,,,100.0,,
2025-12-09 13:00:00,,precipprob,0.0,0.0,,,100.0,,
2025-12-09 14:00:00,,precipprob,0.0,0.0,,,100.0,,
2025-12-09 16:00:00,,precipprob,0.0,0.0,,,100.0,,
2025-12-09 17:00:00,,precipprob,0.0,0.0,,,100.0,,
2025-12-09 18:00:00,,precipprob,0.0,0.0,,,100.0,,
2025-12-09 19:00:00,,precipprob,0.0,0.0,,,100.0,,
2025-12-09 20:00:00,,precipprob,0.0,0.0,,,100.0,,
2025-12-09 21:00:00,,precipprob,0.0,0.0,,,100.0,,
2025-12-09 22:00:00,,precipprob,0.0,0.0,,,100.0,,
2025-12-09 23:00:00,,precipprob,0.0,0.0,,,100.0,,
2025-12-10 00:00:00,,precipprob,0.0,0.0,,,100.0,,
2025-12-10 01:00:00,,precipprob,0.0,0.0,,,100.0,,
2025-12-10 02:00:00,,precipprob,0.0,0.0,,,100.0,,
2025-12-10 03:00:00,,precipprob,0.0,0.0,,,100.0,,
2025-12-10 04:00:00,,precipprob,0.0,0.0,,,100.0,,
2025-12-10 05:00:00,,precipprob,0.0,0.0,,,100.0,,
2025-12-10 06:00:00,,precipprob,0.0,0.0,,,100.0,,
2025-12-10 07:00:00,,precipprob,0.0,0.0,,,100.0,,
2025-12-10 08:00:00,,precipprob,0.0,0.0,,,100.0,,
2025-12-10 09:00:00,,precipprob,0.0,0.0,,,100.0,,
2025-12-10 10:00:00,,precipprob,0.0,0.0,,,100.0,,
2025-12-10 11:00:00,,precipprob,0.0,0.0,,,100.0,,
2025-12-10 12:00:00,,precipprob,0.0,0.0,,,100.0,,
2025-12-10 13:00:00,,precipprob,0.0,0.0,,,100.0,,
2025-12-10 14:00:00,,precipprob,0.0,0.0,,,100.0,,
2025-12-10 15:00:00,,precipprob,0.0,0.0,,,100.0,,
2025-12-10 16:00:00,,precipprob,0.0,0.0,,,100.0,,
2025-12-10 17:00:00,,precipprob,0.0,0.0,,,100.0,,
2025-12-10 18:00:00,,precipprob,0.0,0.0,,,100.0,,
2025-12-10 19:00:00,,precipprob,0.0,0.0,,,100.0,,
2025-12-10 20:00:00,,precipprob,0.0,0.0,,,100.0,,
2025-12-10 21:00:00,,precipprob,0.0,0.0,,,100.0,,
2025-12-10 22:00:00,,precipprob,0.0,0.0,,,100.0,,
2025-12-10 23:00:00,,precipprob,0.0,0.0,,,100.0,,
2025-12-11 00:00:00,,precipprob,0.0,0.0,,,100.0,,
2025-12-11 01:00:00,,precipprob,0.0,0.0,,,100.0,,
2025-12-11 02:00:00,,precipprob,0.0,0.0,,,100.0,,
2025-12-11 03:00:00,,precipprob,0.0,0.0,,,100.0,,
2025-12-11 04:00:00,,precipprob,0.0,0.0,,,100.0,,
2025-12-11 05:00:00,,precipprob,0.0,0.0,,,100.0,,
2025-12-11 06:00:00,,precipprob,0.0,0.0,,,100.0,,
2025-12-11 07:00:00,,precipprob,0.0,0.0,,,100.0,,
2025-12-11 08:00:00,,precipprob,0.0,0.0,,,100.0,,
2025-12-11 09:00:00,,precipprob,0.0,0.0,,,100.0,,
2025-12-11 10:00:00,,precipprob,0.0,0.0,,,100.0,,
2025-12-11 11:00:00,,precipprob,0.0,0.0,,,100.0,,
2025-12-11 12:00:00,,precipprob,0.0,0.0,,,100.0,,
2025-12-11 13:00:00,,precipprob,0.0,0.0,,,100.0,,
2025-12-11 14:00:00,,precipprob,0.0,0.0,,,100.0,,
2025-12-11 15:00:00,,precipprob,0.0,0.0,,,100.0,,
2025-12-11 16:00:00,,precipprob,0.0,0.0,,,100.0,,
2025-12-11 17:00:00,,precipprob,0.0,0.0,,,100.0,,
2025-12-11 18:00:00,,precipprob,0.0,0.0,,,100.0,,
2025-12-11 19:00:00,,precipprob,0.0,0.0,,,100.0,,
2025-12-11 20:00:00,,precipprob,0.0,0.0,,,100.0,,
2025-12-11 21:00:00,,precipprob,0.0,0.0,,,100.0,,
2025-12-11 22:00:00,,precipprob,0.0,0.0,,,100.0,,
2025-12-11 23:00:00,,precipprob,0.0,0.0,,,100.0,,
2025-12-12 00:00:00,,precipprob,0.0,0.0,,,100.0,,
2025-12-12 01:00:00,,precipprob,0.0,0.0,,,100.0,,
2025-12-12 02:00:00,,precipprob,0.0,0.0,,,100.0,,
2025-12-12 03:00:00,,precipprob,0.0,0.0,,,100.0,,
2025-12-12 04:00:00,,precipprob,0.0,0.0,,,100.0,,
2025-12-12 05:00:00,,precipprob,0.0,0.0,,,100.0,,
2025-12-12 06:00:00,,precipprob,0.0,0.0,,,100.0,,
2025-12-12 07:00:00,,precipprob,0.0,0.0,,,100.0,,
2025-12-12 08:00:00,,precipprob,0.0,0.0,,,100.0,,
2025-12-12 09:00:00,,precipprob,0.0,0.0,,,100.0,,
2025-12-12 10:00:00,,precipprob,0.0,0.0,,,100.0,,
2025-12-12 11:00:00,,precipprob,0.0,0.0,,,100.0,,
2025-12-12 14:00:00,,precipprob,0.0,0.0,,,100.0,,
2025-12-13 00:00:00,,precipprob,0.0,0.0,,,100.0,,
2025-12-13 01:00:00,,precipprob,0.0,0.0,,,100.0,,
2025-12-13 03:00:00,,precipprob,0.0,0.0,,,100.0,,
2025-12-13 04:00:00,,precipprob,0.0,0.0,,,100.0,,
2025-12-13 05:00:00,,precipprob,0.0,0.0,,,100.0,,
2025-12-13 06:00:00,,precipprob,0.0,0.0,,,100.0,,
2025-12-13 07:00:00,,precipprob,0.0,0.0,,,100.0,,
2025-12-13 08:00:00,,precipprob,0.0,0.0,,,100.0,,
2025-12-13 09:00:00,,precipprob,0.0,0.0,,,100.0,,
2025-12-13 10:00:00,,precipprob,0.0,0.0,,,100.0,,
2025-12-13 11:00:00,,precipprob,0.0,0.0,,,100.0,,
2025-12-13 12:00:00,,precipprob,0.0,0.0,,,100.0,,
2025-12-13 13:00:00,,precipprob,0.0,0.0,,,100.0,,
2025-12-13 14:00:00,,precipprob,0.0,0.0,,,100.0,,
2025-12-13 15:00:00,,precipprob,0.0,0.0,,,100.0,,
2025-12-13 16:00:00,,precipprob,0.0,0.0,,,100.0,,
2025-12-13 17:00:00,,precipprob,0.0,0.0,,,100.0,,
2025-12-13 18:00:00,,precipprob,0.0,0.0,,,100.0,,
2025-12-13 19:00:00,,precipprob,0.0,0.0,,,100.0,,
2025-12-13 20:00:00,,precipprob,0.0,0.0,,,100.0,,
2025-12-13 21:00:00,,precipprob,0.0,0.0,,,100.0,,
2025-12-13 22:00:00,,precipprob,0.0,0.0,,,100.0,,
2025-12-13 23:00:00,,precipprob,0.0,0.0,,,100.0,,
2025-12-14 00:00:00,,precipprob,0.0,0.0,,,100.0,,
2025-12-14 01:00:00,,precipprob,0.0,0.0,,,100.0,,
2025-12-14 02:00:00,,precipprob,0.0,0.0,,,100.0,,
2025-12-14 03:00:00,,precipprob,0.0,0.0,,,100.0,,
2025-12-14 04:00:00,,precipprob,0.0,0.0,,,100.0,,
2025-12-14 05:00:00,,precipprob,0.0,0.0,,,100.0,,
2025-12-14 06:00:00,,precipprob,0.0,0.0,,,100.0,,
2025-12-14 07:00:00,,precipprob,0.0,0.0,,,100.0,,
2025-12-14 08:00:00,,precipprob,0.0,0.0,,,100.0,,
2025-12-14 09:00:00,,precipprob,0.0,0.0,,,100.0,,
2025-12-14 10:00:00,,precipprob,0.0,0.0,,,100.0,,
2025-12-14 11:00:00,,precipprob,0.0,0.0,,,100.0,,
2025-12-14 12:00:00,,precipprob,0.0,0.0,,,100.0,,
2025-12-14 13:00:00,,precipprob,0.0,0.0,,,100.0,,
2025-12-14 14:00:00,,precipprob,0.0,0.0,,,100.0,,
2025-12-14 15:00:00,,precipprob,0.0,0.0,,,100.0,,
2025-12-14 16:00:00,,precipprob,0.0,0.0,,,100.0,,
2025-12-14 17:00:00,,precipprob,0.0,0.0,,,100.0,,
2025-12-14 18:00:00,,precipprob,0.0,0.0,,,100.0,,
2025-12-14 19:00:00,,precipprob,0.0,0.0,,,100.0,,
2025-12-14 20:00:00,,precipprob,0.0,0.0,,,100.0,,
2025-12-14 21:00:00,,precipprob,0.0,0.0,,,100.0,,
2025-12-14 22:00:00,,precipprob,0.0,0.0,,,100.0,,
2025-12-14 23:00:00,,precipprob,0.0,0.0,,,100.0,,
2025-12-15 00:00:00,,precipprob,0.0,0.0,,,100.0,,
2025-12-15 01:00:00,,precipprob,0.0,0.0,,,100.0,,
2025-12-15 02:00:00,,precipprob,0.0,0.0,,,100.0,,
2025-12-15 03:00:00,,precipprob,0.0,0.0,,,100.0,,
2025-12-15 04:00:00,,precipprob,0.0,0.0,,,100.0,,
2025-12-15 05:00:00,,precipprob,0.0,0.0,,,100.0,,
2025-12-15 06:00:00,,precipprob,0.0,0.0,,,100.0,,
2025-12-15 07:00:00,,precipprob,0.0,0.0,,,100.0,,
2025-12-15 08:00:00,,precipprob,0.0,0.0,,,100.0,,
2025-12-15 09:00:00,,precipprob,0.0,0.0,,,100.0,,
2025-12-15 10:00:00,,precipprob,0.0,0.0,,,100.0,,
2025-12-15 11:00:00,,precipprob,0.0,0.0,,,100.0,,
2025-12-15 12:00:00,,precipprob,0.0,0.0,,,100.0,,
2025-12-15 13:00:00,,precipprob,0.0,0.0,,,100.0,,
2025-12-15 14:00:00,,precipprob,0.0,0.0,,,100.0,,
2025-12-15 15:00:00,,precipprob,0.0,0.0,,,100.0,,
2025-12-15 16:00:00,,precipprob,0.0,0.0,,,100.0,,
2025-12-15 17:00:00,,precipprob,0.0,0.0,,,100.0,,
2025-12-15 18:00:00,,precipprob,0.0,0.0,,,100.0,,
2025-12-15 19:00:00,,precipprob,0.0,0.0,,,100.0,,
2025-12-15 20:00:00,,precipprob,0.0,0.0,,,100.0,,
2025-12-15 21:00:00,,precipprob,0.0,0.0,,,100.0,,
2025-12-15 22:00:00,,precipprob,0.0,0.0,,,100.0,,
2025-12-15 23:00:00,,precipprob,0.0,0.0,,,100.0,,
2025-12-16 00:00:00,,precipprob,0.0,0.0,,,100.0,,
2025-12-16 01:00:00,,precipprob,0.0,0.0,,,100.0,,
2025-12-16 02:00:00,,precipprob,0.0,0.0,,,100.0,,
2025-12-16 03:00:00,,precipprob,0.0,0.0,,,100.0,,
2025-12-16 04:00:00,,precipprob,0.0,0.0,,,100.0,,
2025-12-16 05:00:00,,precipprob,0.0,0.0,,,100.0,,
2025-12-16 06:00:00,,precipprob,0.0,0.0,,,100.0,,
2025-12-16 07:00:00,,precipprob,0.0,0.0,,,100.0,,
2025-12-16 08:00:00,,precipprob,0.0,0.0,,,100.0,,
2025-12-16 09:00:00,,precipprob,0.0,0.0,,,100.0,,
2025-12-16 10:00:00,,precipprob,0.0,0.0,,,100.0,,
2025-12-16 11:00:00,,precipprob,0.0,0.0,,,100.0,,
2025-12-16 12:00:00,,precipprob,0.0,0.0,,,100.0,,
2025-12-16 13:00:00,,precipprob,0.0,0.0,,,100.0,,
2025-12-16 14:00:00,,precipprob,0.0,0.0,,,100.0,,
2025-12-16 15:00:00,,precipprob,0.0,0.0,,,100.0,,
2025-12-16 19:00:00,,precipprob,0.0,0.0,,,100.0,,
2025-12-16 20:00:00,,precipprob,0.0,0.0,,,100.0,,
2025-12-16 21:00:00,,precipprob,0.0,0.0,,,100.0,,
2025-12-16 22:00:00,,precipprob,0.0,0.0,,,100.0,,
2025-12-16 23:00:00,,precipprob,0.0,0.0,,,100.0,,
2025-12-17 00:00:00,,precipprob,0.0,0.0,,,100.0,,
2025-12-17 01:00:00,,precipprob,0.0,0.0,,,100.0,,
2025-12-17 02:00:00,,precipprob,0.0,0.0,,,100.0,,
2025-12-17 03:00:00,,precipprob,0.0,0.0,,,100.0,,
2025-12-17 04:00:00,,precipprob,0.0,0.0,,,100.0,,
2025-12-17 05:00:00,,precipprob,0.0,0.0,,,100.0,,
2025-12-17 06:00:00,,precipprob,0.0,0.0,,,100.0,,
2025-12-17 07:00:00,,precipprob,0.0,0.0,,,100.0,,
2025-12-17 08:00:00,,precipprob,0.0,0.0,,,100.0,,
2025-12-17 09:00:00,,precipprob,0.0,0.0,,,100.0,,
2025-12-17 10:00:00,,precipprob,0.0,0.0,,,100.0,,
2025-12-17 11:00:00,,precipprob,0.0,0.0,,,100.0,,
2025-12-17 12:00:00,,precipprob,0.0,0.0,,,100.0,,
2025-12-17 13:00:00,,precipprob,0.0,0.0,,,100.0,,
2025-12-17 14:00:00,,precipprob,0.0,0.0,,,100.0,,
2025-12-17 15:00:00,,precipprob,0.0,0.0,,,100.0,,
2025-12-17 16:00:00,,precipprob,0.0,0.0,,,100.0,,
2025-12-17 17:00:00,,precipprob,0.0,0.0,,,100.0,,
2025-12-17 18:00:00,,precipprob,0.0,0.0,,,100.0,,
2025-12-17 19:00:00,,precipprob,0.0,0.0,,,100.0,,
2025-12-17 20:00:00,,precipprob,0.0,0.0,,,100.0,,
2025-12-17 21:00:00,,precipprob,0.0,0.0,,,100.0,,
2025-12-17 22:00:00,,precipprob,0.0,0.0,,,100.0,,
2025-12-18 01:00:00,,precipprob,0.0,0.0,,,100.0,,
2025-12-18 08:00:00,,precipprob,0.0,0.0,,,100.0,,
2025-12-18 09:00:00,,precipprob,0.0,0.0,,,100.0,,
2025-12-18 10:00:00,,precipprob,0.0,0.0,,,100.0,,
2025-12-18 11:00:00,,precipprob,0.0,0.0,,,100.0,,
2025-12-18 12:00:00,,precipprob,0.0,0.0,,,100.0,,
2025-12-18 13:00:00,,precipprob,0.0,0.0,,,100.0,,
2025-12-18 14:00:00,,precipprob,0.0,0.0,,,100.0,,
2025-12-18 15:00:00,,precipprob,0.0,0.0,,,100.0,,
2025-12-18 16:00:00,,precipprob,0.0,0.0,,,100.0,,
2025-12-18 17:00:00,,precipprob,0.0,0.0,,,100.0,,
2025-12-18 18:00:00,,precipprob,0.0,0.0,,,100.0,,
2025-12-18 19:00:00,,precipprob,0.0,0.0,,,100.0,,
2025-12-18 20:00:00,,precipprob,0.0,0.0,,,100.0,,
2025-12-18 21:00:00,,precipprob,0.0,0.0,,,100.0,,
2025-12-18 22:00:00,,precipprob,0.0,0.0,,,100.0,,
2025-12-18 23:00:00,,precipprob,0.0,0.0,,,100.0,,
2025-12-19 00:00:00,,precipprob,0.0,0.0,,,100.0,,
2025-12-19 01:00:00,,precipprob,0.0,0.0,,,100.0,,
2025-12-19 02:00:00,,precipprob,0.0,0.0,,,100.0,,
2025-12-19 03:00:00,,precipprob,0.0,0.0,,,100.0,,
2025-12-19 04:00:00,,precipprob,0.0,0.0,,,100.0,,
2025-12-19 05:00:00,,precipprob,0.0,0.0,,,100.0,,
2025-12-19 06:00:00,,precipprob,0.0,0.0,,,100.0,,
2025-12-19 07:00:00,,precipprob,0.0,0.0,,,100.0,,
2025-12-19 08:00:00,,precipprob,0.0,0.0,,,100.0,,
2025-12-19 09:00:00,,precipprob,0.0,0.0,,,100.0,,
2025-12-19 10:00:00,,precipprob,0.0,0.0,,,100.0,,
2025-12-19 11:00:00,,precipprob,0.0,0.0,,,100.0,,
2025-12-19 12:00:00,,precipprob,0.0,0.0,,,100.0,,
2025-12-19 13:00:00,,precipprob,0.0,0.0,,,100.0,,
2025-12-20 02:00:00,,precipprob,0.0,0.0,,,100.0,,
2025-12-20 06:00:00,,precipprob,0.0,0.0,,,100.0,,
2025-12-20 07:00:00,,precipprob,0.0,0.0,,,100.0,,
2025-12-20 08:00:00,,precipprob,0.0,0.0,,,100.0,,
2025-12-20 09:00:00,,precipprob,0.0,0.0,,,100.0,,
2025-12-20 10:00:00,,precipprob,0.0,0.0,,,100.0,,
2025-12-20 11:00:00,,precipprob,0.0,0.0,,,100.0,,
2025-12-20 12:00:00,,precipprob,0.0,0.0,,,100.0,,
2025-12-20 13:00:00,,precipprob,0.0,0.0,,,100.0,,
2025-12-20 14:00:00,,precipprob,0.0,0.0,,,100.0,,
2025-12-20 15:00:00,,precipprob,0.0,0.0,,,100.0,,
2025-12-20 16:00:00,,precipprob,0.0,0.0,,,100.0,,
2025-12-20 17:00:00,,precipprob,0.0,0.0,,,100.0,,
2025-12-20 18:00:00,,precipprob,0.0,0.0,,,100.0,,
2025-12-20 19:00:00,,precipprob,0.0,0.0,,,100.0,,
2025-12-20 20:00:00,,precipprob,0.0,0.0,,,100.0,,
2025-12-20 21:00:00,,precipprob,0.0,0.0,,,100.0,,
2025-12-20 22:00:00,,precipprob,0.0,0.0,,,100.0,,
2025-12-20 23:00:00,,precipprob,0.0,0.0,,,100.0,,
2025-12-21 00:00:00,,precipprob,0.0,0.0,,,100.0,,
2025-12-21 01:00:00,,precipprob,0.0,0.0,,,100.0,,
2025-12-21 02:00:00,,precipprob,0.0,0.0,,,100.0,,
2025-12-21 03:00:00,,precipprob,0.0,0.0,,,100.0,,
2025-12-21 04:00:00,,precipprob,0.0,0.0,,,100.0,,
2025-12-21 05:00:00,,precipprob,0.0,0.0,,,100.0,,
2025-12-21 06:00:00,,precipprob,0.0,0.0,,,100.0,,
2025-12-21 07:00:00,,precipprob,0.0,0.0,,,100.0,,
2025-12-21 08:00:00,,precipprob,0.0,0.0,,,100.0,,
2025-12-21 09:00:00,,precipprob,0.0,0.0,,,100.0,,
2025-12-21 10:00:00,,precipprob,0.0,0.0,,,100.0,,
2025-12-21 11:00:00,,precipprob,0.0,0.0,,,100.0,,
2025-12-21 12:00:00,,precipprob,0.0,0.0,,,100.0,,
2025-12-21 13:00:00,,precipprob,0.0,0.0,,,100.0,,
2025-12-21 14:00:00,,precipprob,0.0,0.0,,,100.0,,
2025-12-21 15:00:00,,precipprob,0.0,0.0,,,100.0,,
2025-12-21 16:00:00,,precipprob,0.0,0.0,,,100.0,,
2025-12-21 17:00:00,,precipprob,0.0,0.0,,,100.0,,
2025-12-21 18:00:00,,precipprob,0.0,0.0,,,100.0,,
2025-12-21 19:00:00,,precipprob,0.0,0.0,,,100.0,,
2025-12-21 20:00:00,,precipprob,0.0,0.0,,,100.0,,
2025-12-21 21:00:00,,precipprob,0.0,0.0,,,100.0,,
2025-12-21 22:00:00,,precipprob,0.0,0.0,,,100.0,,
2025-12-21 23:00:00,,precipprob,0.0,0.0,,,100.0,,
2025-12-22 00:00:00,,precipprob,0.0,0.0,,,100.0,,
2025-12-22 01:00:00,,precipprob,0.0,0.0,,,100.0,,
2025-12-22 02:00:00,,precipprob,0.0,0.0,,,100.0,,
2025-12-22 03:00:00,,precipprob,0.0,0.0,,,100.0,,
2025-12-22 04:00:00,,precipprob,0.0,0.0,,,100.0,,
2025-12-22 05:00:00,,precipprob,0.0,0.0,,,100.0,,
2025-12-22 06:00:00,,precipprob,0.0,0.0,,,100.0,,
2025-12-22 07:00:00,,precipprob,0.0,0.0,,,100.0,,
2025-12-22 08:00:00,,precipprob,0.0,0.0,,,100.0,,
2025-12-22 09:00:00,,precipprob,0.0,0.0,,,100.0,,
2025-12-22 10:00:00,,precipprob,0.0,0.0,,,100.0,,
2025-12-22 11:00:00,,precipprob,0.0,0.0,,,100.0,,
2025-12-22 12:00:00,,precipprob,0.0,0.0,,,100.0,,
2025-12-22 13:00:00,,precipprob,0.0,0.0,,,100.0,,
2025-12-22 14:00:00,,precipprob,0.0,0.0,,,100.0,,
2025-12-22 15:00:00,,precipprob,0.0,0.0,,,100.0,,
2025-12-22 16:00:00,,precipprob,0.0,0.0,,,100.0,,
2025-12-22 17:00:00,,precipprob,0.0,0.0,,,100.0,,
2025-12-22 18:00:00,,precipprob,0.0,0.0,,,100.0,,
2025-12-22 19:00:00,,precipprob,0.0,0.0,,,100.0,,
2025-12-22 20:00:00,,precipprob,0.0,0.0,,,100.0,,
2025-12-22 21:00:00,,precipprob,0.0,0.0,,,100.0,,
2025-12-22 22:00:00,,precipprob,0.0,0.0,,,100.0,,
2025-12-22 23:00:00,,precipprob,0.0,0.0,,,100.0,,
2025-12-23 00:00:00,,precipprob,0.0,0.0,,,100.0,,
2025-12-23 01:00:00,,precipprob,0.0,0.0,,,100.0,,
2025-12-23 02:00:00,,precipprob,0.0,0.0,,,100.0,,
2025-12-23 03:00:00,,precipprob,0.0,0.0,,,100.0,,
2025-12-23 04:00:00,,precipprob,0.0,0.0,,,100.0,,
2025-12-23 05:00:00,,precipprob,0.0,0.0,,,100.0,,
2025-12-23 06:00:00,,precipprob,0.0,0.0,,,100.0,,
2025-12-23 07:00:00,,precipprob,0.0,0.0,,,100.0,,
2025-12-23 08:00:00,,precipprob,0.0,0.0,,,100.0,,
2025-12-23 09:00:00,,precipprob,0.0,0.0,,,100.0,,
2025-12-23 10:00:00,,precipprob,0.0,0.0,,,100.0,,
2025-12-23 11:00:00,,precipprob,0.0,0.0,,,100.0,,
2025-12-23 12:00:00,,precipprob,0.0,0.0,,,100.0,,
2025-12-23 13:00:00,,precipprob,0.0,0.0,,,100.0,,
2025-12-23 14:00:00,,precipprob,0.0,0.0,,,100.0,,
2025-12-23 15:00:00,,precipprob,0.0,0.0,,,100.0,,
2025-12-23 16:00:00,,precipprob,0.0,0.0,,,100.0,,
2025-12-23 17:00:00,,precipprob,0.0,0.0,,,100.0,,
2025-12-23 20:00:00,,precipprob,0.0,0.0,,,100.0,,
2025-12-23 21:00:00,,precipprob,0.0,0.0,,,100.0,,
2025-12-23 22:00:00,,precipprob,0.0,0.0,,,100.0,,
2025-12-23 23:00:00,,precipprob,0.0,0.0,,,100.0,,
2025-12-24 00:00:00,,precipprob,0.0,0.0,,,100.0,,
2025-12-24 01:00:00,,precipprob,0.0,0.0,,,100.0,,
2025-12-24 02:00:00,,precipprob,0.0,0.0,,,100.0,,
2025-12-24 03:00:00,,precipprob,0.0,0.0,,,100.0,,
2025-12-24 04:00:00,,precipprob,0.0,0.0,,,100.0,,
2025-12-24 07:00:00,,precipprob,0.0,0.0,,,100.0,,
2025-12-24 10:00:00,,precipprob,0.0,0.0,,,100.0,,
2025-12-24 11:00:00,,precipprob,0.0,0.0,,,100.0,,
2025-12-24 12:00:00,,precipprob,0.0,0.0,,,100.0,,
2025-12-24 13:00:00,,precipprob,0.0,0.0,,,100.0,,
2025-12-24 14:00:00,,precipprob,0.0,0.0,,,100.0,,
2025-12-24 15:00:00,,precipprob,0.0,0.0,,,100.0,,
2025-12-24 16:00:00,,precipprob,0.0,0.0,,,100.0,,
2025-12-24 21:00:00,,precipprob,0.0,0.0,,,100.0,,
2025-12-24 22:00:00,,precipprob,0.0,0.0,,,100.0,,
2025-12-24 23:00:00,,precipprob,0.0,0.0,,,100.0,,
2025-12-25 00:00:00,,precipprob,0.0,0.0,,,100.0,,
2025-12-25 01:00:00,,precipprob,0.0,0.0,,,100.0,,
2025-12-25 02:00:00,,precipprob,0.0,0.0,,,100.0,,
2025-12-25 03:00:00,,precipprob,0.0,0.0,,,100.0,,
2025-12-25 04:00:00,,precipprob,0.0,0.0,,,100.0,,
2025-12-25 05:00:00,,precipprob,0.0,0.0,,,100.0,,
2025-12-25 06:00:00,,precipprob,0.0,0.0,,,100.0,,
2025-12-25 07:00:00,,precipprob,0.0,0.0,,,100.0,,
2025-12-25 08:00:00,,precipprob,0.0,0.0,,,100.0,,
2025-12-25 09:00:00,,precipprob,0.0,0.0,,,100.0,,
2025-12-25 10:00:00,,precipprob,0.0,0.0,,,100.0,,
2025-12-25 11:00:00,,precipprob,0.0,0.0,,,100.0,,
2025-12-25 12:00:00,,precipprob,0.0,0.0,,,100.0,,
2025-12-25 13:00:00,,precipprob,0.0,0.0,,,100.0,,
2025-12-25 14:00:00,,precipprob,0.0,0.0,,,100.0,,
2025-12-25 15:00:00,,precipprob,0.0,0.0,,,100.0,,
2025-12-25 16:00:00,,precipprob,0.0,0.0,,,100.0,,
2025-12-25 17:00:00,,precipprob,0.0,0.0,,,100.0,,
2025-12-25 18:00:00,,precipprob,0.0,0.0,,,100.0,,
2025-12-25 19:00:00,,precipprob,0.0,0.0,,,100.0,,
2025-12-25 20:00:00,,precipprob,0.0,0.0,,,100.0,,
2025-12-25 21:00:00,,precipprob,0.0,0.0,,,100.0,,
2025-12-25 22:00:00,,precipprob,0.0,0.0,,,100.0,,
2025-12-25 23:00:00,,precipprob,0.0,0.0,,,100.0,,
2025-12-26 00:00:00,,precipprob,0.0,0.0,,,100.0,,
2025-12-26 01:00:00,,precipprob,0.0,0.0,,,100.0,,
2025-12-26 02:00:00,,precipprob,0.0,0.0,,,100.0,,
2025-12-26 03:00:00,,precipprob,0.0,0.0,,,100.0,,
2025-12-26 04:00:00,,precipprob,0.0,0.0,,,100.0,,
2025-12-26 05:00:00,,precipprob,0.0,0.0,,,100.0,,
2025-12-26 06:00:00,,precipprob,0.0,0.0,,,100.0,,
2025-12-26 07:00:00,,precipprob,0.0,0.0,,,100.0,,
2025-12-26 08:00:00,,precipprob,0.0,0.0,,,100.0,,
2025-12-26 09:00:00,,precipprob,0.0,0.0,,,100.0,,
2025-12-26 10:00:00,,precipprob,0.0,0.0,,,100.0,,
2025-12-26 11:00:00,,precipprob,0.0,0.0,,,100.0,,
2025-12-26 12:00:00,,precipprob,0.0,0.0,,,100.0,,
2025-12-26 13:00:00,,precipprob,0.0,0.0,,,100.0,,
2025-12-26 14:00:00,,precipprob,0.0,0.0,,,100.0,,
2025-12-26 15:00:00,,precipprob,0.0,0.0,,,100.0,,
2025-12-26 16:00:00,,precipprob,0.0,0.0,,,100.0,,
2025-12-26 17:00:00,,precipprob,0.0,0.0,,,100.0,,
2025-12-26 18:00:00,,precipprob,0.0,0.0,,,100.0,,
2025-12-26 19:00:00,,precipprob,0.0,0.0,,,100.0,,
2025-12-26 20:00:00,,precipprob,0.0,0.0,,,100.0,,
2025-12-26 21:00:00,,precipprob,0.0,0.0,,,100.0,,
2025-12-26 22:00:00,,precipprob,0.0,0.0,,,100.0,,
2025-12-27 00:00:00,,precipprob,0.0,0.0,,,100.0,,
2025-12-27 02:00:00,,precipprob,0.0,0.0,,,100.0,,
2025-12-27 03:00:00,,precipprob,0.0,0.0,,,100.0,,
2025-12-27 04:00:00,,precipprob,0.0,0.0,,,100.0,,
2025-12-27 05:00:00,,precipprob,0.0,0.0,,,100.0,,
2025-12-27 06:00:00,,precipprob,0.0,0.0,,,100.0,,
2025-12-27 07:00:00,,precipprob,0.0,0.0,,,100.0,,
2025-12-27 08:00:00,,precipprob,0.0,0.0,,,100.0,,
2025-12-27 09:00:00,,precipprob,0.0,0.0,,,100.0,,
2025-12-27 10:00:00,,precipprob,0.0,0.0,,,100.0,,
2025-12-27 11:00:00,,precipprob,0.0,0.0,,,100.0,,
2025-12-27 12:00:00,,precipprob,0.0,0.0,,,100.0,,
2025-12-27 13:00:00,,precipprob,0.0,0.0,,,100.0,,
2025-12-27 14:00:00,,precipprob,0.0,0.0,,,100.0,,
2025-12-27 15:00:00,,precipprob,0.0,0.0,,,100.0,,
2025-12-27 16:00:00,,precipprob,0.0,0.0,,,100.0,,
2025-12-27 17:00:00,,precipprob,0.0,0.0,,,100.0,,
2025-12-27 18:00:00,,precipprob,0.0,0.0,,,100.0,,
2025-12-27 19:00:00,,precipprob,0.0,0.0,,,100.0,,
2025-12-27 20:00:00,,precipprob,0.0,0.0,,,100.0,,
2025-12-27 21:00:00,,precipprob,0.0,0.0,,,100.0,,
2025-12-27 22:00:00,,precipprob,0.0,0.0,,,100.0,,
2025-12-27 23:00:00,,precipprob,0.0,0.0,,,100.0,,
2025-12-28 00:00:00,,precipprob,0.0,0.0,,,100.0,,
2025-12-28 01:00:00,,precipprob,0.0,0.0,,,100.0,,
2025-12-28 02:00:00,,precipprob,0.0,0.0,,,100.0,,
2025-12-28 03:00:00,,precipprob,0.0,0.0,,,100.0,,
2025-12-28 04:00:00,,precipprob,0.0,0.0,,,100.0,,
2025-12-28 05:00:00,,precipprob,0.0,0.0,,,100.0,,
2025-12-28 06:00:00,,precipprob,0.0,0.0,,,100.0,,
2025-12-28 07:00:00,,precipprob,0.0,0.0,,,100.0,,
2025-12-28 08:00:00,,precipprob,0.0,0.0,,,100.0,,
2025-12-28 09:00:00,,precipprob,0.0,0.0,,,100.0,,
2025-12-28 10:00:00,,precipprob,0.0,0.0,,,100.0,,
2025-12-28 11:00:00,,precipprob,0.0,0.0,,,100.0,,
2025-12-28 12:00:00,,precipprob,0.0,0.0,,,100.0,,
2025-12-28 13:00:00,,precipprob,0.0,0.0,,,100.0,,
2025-12-28 14:00:00,,precipprob,0.0,0.0,,,100.0,,
2025-12-28 15:00:00,,precipprob,0.0,0.0,,,100.0,,
2025-12-28 16:00:00,,precipprob,0.0,0.0,,,100.0,,
2025-12-28 17:00:00,,precipprob,0.0,0.0,,,100.0,,
2025-12-28 18:00:00,,precipprob,0.0,0.0,,,100.0,,
2025-12-28 19:00:00,,precipprob,0.0,0.0,,,100.0,,
2025-12-28 20:00:00,,precipprob,0.0,0.0,,,100.0,,
2025-12-28 21:00:00,,precipprob,0.0,0.0,,,100.0,,
2025-12-28 22:00:00,,precipprob,0.0,0.0,,,100.0,,
2025-12-28 23:00:00,,precipprob,0.0,0.0,,,100.0,,
2025-12-29 00:00:00,,precipprob,0.0,0.0,,,100.0,,
2025-12-29 02:00:00,,precipprob,0.0,0.0,,,100.0,,
2025-12-29 03:00:00,,precipprob,0.0,0.0,,,100.0,,
2025-12-29 04:00:00,,precipprob,0.0,0.0,,,100.0,,
2025-12-29 05:00:00,,precipprob,0.0,0.0,,,100.0,,
2025-12-29 06:00:00,,precipprob,0.0,0.0,,,100.0,,
2025-12-29 07:00:00,,precipprob,0.0,0.0,,,100.0,,
2025-12-29 08:00:00,,precipprob,0.0,0.0,,,100.0,,
2025-12-29 09:00:00,,precipprob,0.0,0.0,,,100.0,,
2025-12-29 10:00:00,,precipprob,0.0,0.0,,,100.0,,
2025-12-29 11:00:00,,precipprob,0.0,0.0,,,100.0,,
2025-12-29 12:00:00,,precipprob,0.0,0.0,,,100.0,,
2025-12-29 13:00:00,,precipprob,0.0,0.0,,,100.0,,
2025-12-29 14:00:00,,precipprob,0.0,0.0,,,100.0,,
2025-12-29 17:00:00,,precipprob,0.0,0.0,,,100.0,,
2025-12-29 18:00:00,,precipprob,0.0,0.0,,,100.0,,
2025-12-29 20:00:00,,precipprob,0.0,0.0,,,100.0,,
2025-12-29 21:00:00,,precipprob,0.0,0.0,,,100.0,,
2025-12-29 22:00:00,,precipprob,0.0,0.0,,,100.0,,
2025-12-30 02:00:00,,precipprob,0.0,0.0,,,100.0,,
2025-12-30 03:00:00,,precipprob,0.0,0.0,,,100.0,,
2025-12-30 04:00:00,,precipprob,0.0,0.0,,,100.0,,
2025-12-30 05:00:00,,precipprob,0.0,0.0,,,100.0,,
2025-12-30 06:00:00,,precipprob,0.0,0.0,,,100.0,,
2025-12-30 07:00:00,,precipprob,0.0,0.0,,,100.0,,
2025-12-30 08:00:00,,precipprob,0.0,0.0,,,100.0,,
2025-12-30 09:00:00,,precipprob,0.0,0.0,,,100.0,,
2025-12-30 10:00:00,,precipprob,0.0,0.0,,,100.0,,
2026-01-01 23:00:00,,precipprob,0.0,0.0,,,100.0,,
2026-01-02 00:00:00,,precipprob,0.0,0.0,,,100.0,,
2026-01-02 01:00:00,,precipprob,0.0,0.0,,,100.0,,
2026-01-02 02:00:00,,precipprob,0.0,0.0,,,100.0,,
2026-01-02 03:00:00,,precipprob,0.0,0.0,,,100.0,,
2026-01-02 04:00:00,,precipprob,0.0,0.0,,,100.0,,
2026-01-02 05:00:00,,precipprob,0.0,0.0,,,100.0,,
2026-01-02 06:00:00,,precipprob,0.0,0.0,,,100.0,,
2026-01-02 07:00:00,,precipprob,0.0,0.0,,,100.0,,
2026-01-02 08:00:00,,precipprob,0.0,0.0,,,100.0,,
2026-01-02 09:00:00,,precipprob,0.0,0.0,,,100.0,,
2026-01-02 10:00:00,,precipprob,0.0,0.0,,,100.0,,
2026-01-02 11:00:00,,precipprob,0.0,0.0,,,100.0,,
2026-01-02 12:00:00,,precipprob,0.0,0.0,,,100.0,,
2026-01-02 13:00:00,,precipprob,0.0,0.0,,,100.0,,
2026-01-02 14:00:00,,precipprob,0.0,0.0,,,100.0,,
2026-01-02 15:00:00,,precipprob,0.0,0.0,,,100.0,,
2026-01-02 16:00:00,,precipprob,0.0,0.0,,,100.0,,
2026-01-02 17:00:00,,precipprob,0.0,0.0,,,100.0,,
2026-01-02 18:00:00,,precipprob,0.0,0.0,,,100.0,,
2026-01-02 19:00:00,,precipprob,0.0,0.0,,,100.0,,
2026-01-02 20:00:00,,precipprob,0.0,0.0,,,100.0,,
2026-01-02 21:00:00,,precipprob,0.0,0.0,,,100.0,,
2026-01-02 22:00:00,,precipprob,0.0,0.0,,,100.0,,
2026-01-02 23:00:00,,precipprob,0.0,0.0,,,100.0,,
2026-01-03 00:00:00,,precipprob,0.0,0.0,,,100.0,,
2026-01-03 01:00:00,,precipprob,0.0,0.0,,,100.0,,
2026-01-03 02:00:00,,precipprob,0.0,0.0,,,100.0,,
2026-01-03 03:00:00,,precipprob,0.0,0.0,,,100.0,,
2026-01-03 04:00:00,,precipprob,0.0,0.0,,,100.0,,
2026-01-03 05:00:00,,precipprob,0.0,0.0,,,100.0,,
2026-01-03 06:00:00,,precipprob,0.0,0.0,,,100.0,,
2026-01-03 07:00:00,,precipprob,0.0,0.0,,,100.0,,
2026-01-03 08:00:00,,precipprob,0.0,0.0,,,100.0,,
2026-01-03 09:00:00,,precipprob,0.0,0.0,,,100.0,,
2026-01-03 10:00:00,,precipprob,0.0,0.0,,,100.0,,
2026-01-03 11:00:00,,precipprob,0.0,0.0,,,100.0,,
2026-01-03 12:00:00,,precipprob,0.0,0.0,,,100.0,,
2026-01-03 13:00:00,,precipprob,0.0,0.0,,,100.0,,
2026-01-03 14:00:00,,precipprob,0.0,0.0,,,100.0,,
2026-01-03 15:00:00,,precipprob,0.0,0.0,,,100.0,,
2026-01-03 16:00:00,,precipprob,0.0,0.0,,,100.0,,
2026-01-03 17:00:00,,precipprob,0.0,0.0,,,100.0,,
2026-01-04 09:00:00,,precipprob,0.0,0.0,,,100.0,,
2026-01-04 10:00:00,,precipprob,0.0,0.0,,,100.0,,
2026-01-04 11:00:00,,precipprob,0.0,0.0,,,100.0,,
2026-01-04 12:00:00,,precipprob,0.0,0.0,,,100.0,,
2026-01-04 13:00:00,,precipprob,0.0,0.0,,,100.0,,
2026-01-04 14:00:00,,precipprob,0.0,0.0,,,100.0,,
2026-01-04 15:00:00,,precipprob,0.0,0.0,,,100.0,,
2026-01-04 16:00:00,,precipprob,0.0,0.0,,,100.0,,
2026-01-04 17:00:00,,precipprob,0.0,0.0,,,100.0,,
2026-01-04 18:00:00,,precipprob,0.0,0.0,,,100.0,,
2026-01-04 19:00:00,,precipprob,0.0,0.0,,,100.0,,
2026-01-04 20:00:00,,precipprob,0.0,0.0,,,100.0,,
2026-01-04 21:00:00,,precipprob,0.0,0.0,,,100.0,,
2026-01-04 22:00:00,,precipprob,0.0,0.0,,,100.0,,
2026-01-04 23:00:00,,precipprob,0.0,0.0,,,100.0,,
2026-01-05 00:00:00,,precipprob,0.0,0.0,,,100.0,,
2026-01-05 01:00:00,,precipprob,0.0,0.0,,,100.0,,
2026-01-05 02:00:00,,precipprob,0.0,0.0,,,100.0,,
2026-01-05 03:00:00,,precipprob,0.0,0.0,,,100.0,,
2026-01-05 04:00:00,,precipprob,0.0,0.0,,,100.0,,
2026-01-05 05:00:00,,precipprob,0.0,0.0,,,100.0,,
2026-01-05 06:00:00,,precipprob,0.0,0.0,,,100.0,,
2026-01-05 07:00:00,,precipprob,0.0,0.0,,,100.0,,
2026-01-05 08:00:00,,precipprob,0.0,0.0,,,100.0,,
2026-01-05 09:00:00,,precipprob,0.0,0.0,,,100.0,,
2026-01-05 10:00:00,,precipprob,0.0,0.0,,,100.0,,
2026-01-05 11:00:00,,precipprob,0.0,0.0,,,100.0,,
2026-01-05 12:00:00,,precipprob,0.0,0.0,,,100.0,,
2026-01-05 13:00:00,,precipprob,0.0,0.0,,,100.0,,
2026-01-06 03:00:00,,precipprob,0.0,0.0,,,100.0,,
2026-01-06 04:00:00,,precipprob,0.0,0.0,,,100.0,,
2026-01-06 05:00:00,,precipprob,0.0,0.0,,,100.0,,
2026-01-06 06:00:00,,precipprob,0.0,0.0,,,100.0,,
2026-01-06 07:00:00,,precipprob,0.0,0.0,,,100.0,,
2026-01-06 08:00:00,,precipprob,0.0,0.0,,,100.0,,
2026-01-06 09:00:00,,precipprob,0.0,0.0,,,100.0,,
2026-01-06 10:00:00,,precipprob,0.0,0.0,,,100.0,,
2026-01-06 11:00:00,,precipprob,0.0,0.0,,,100.0,,
2026-01-06 12:00:00,,precipprob,0.0,0.0,,,100.0,,
2026-01-06 13:00:00,,precipprob,0.0,0.0,,,100.0,,
2026-01-06 14:00:00,,precipprob,0.0,0.0,,,100.0,,
2026-01-06 15:00:00,,precipprob,0.0,0.0,,,100.0,,
2026-01-06 16:00:00,,precipprob,0.0,0.0,,,100.0,,
2026-01-06 17:00:00,,precipprob,0.0,0.0,,,100.0,,
2026-01-06 18:00:00,,precipprob,0.0,0.0,,,100.0,,
2026-01-06 19:00:00,,precipprob,0.0,0.0,,,100.0,,
2026-01-06 21:00:00,,precipprob,0.0,0.0,,,100.0,,
2026-01-06 22:00:00,,precipprob,0.0,0.0,,,100.0,,
2026-01-06 23:00:00,,precipprob,0.0,0.0,,,100.0,,
2026-01-07 00:00:00,,precipprob,0.0,0.0,,,100.0,,
2026-01-07 01:00:00,,precipprob,0.0,0.0,,,100.0,,
2026-01-07 02:00:00,,precipprob,0.0,0.0,,,100.0,,
2026-01-07 03:00:00,,precipprob,0.0,0.0,,,100.0,,
2026-01-07 04:00:00,,precipprob,0.0,0.0,,,100.0,,
2026-01-07 05:00:00,,precipprob,0.0,0.0,,,100.0,,
2026-01-07 06:00:00,,precipprob,0.0,0.0,,,100.0,,
2026-01-07 07:00:00,,precipprob,0.0,0.0,,,100.0,,
2026-01-07 08:00:00,,precipprob,0.0,0.0,,,100.0,,
2026-01-07 09:00:00,,precipprob,0.0,0.0,,,100.0,,
2026-01-07 10:00:00,,precipprob,0.0,0.0,,,100.0,,
2026-01-07 11:00:00,,precipprob,0.0,0.0,,,100.0,,
2026-01-07 12:00:00,,precipprob,0.0,0.0,,,100.0,,
2026-01-07 13:00:00,,precipprob,0.0,0.0,,,100.0,,
2026-01-07 14:00:00,,precipprob,0.0,0.0,,,100.0,,
2026-01-07 15:00:00,,precipprob,0.0,0.0,,,100.0,,
2026-01-07 16:00:00,,precipprob,0.0,0.0,,,100.0,,
2026-01-07 17:00:00,,precipprob,0.0,0.0,,,100.0,,
2026-01-07 18:00:00,,precipprob,0.0,0.0,,,100.0,,
2026-01-07 19:00:00,,precipprob,0.0,0.0,,,100.0,,
2026-01-08 00:00:00,,precipprob,0.0,0.0,,,100.0,,
2026-01-08 01:00:00,,precipprob,0.0,0.0,,,100.0,,
2026-01-08 02:00:00,,precipprob,0.0,0.0,,,100.0,,
2026-01-08 03:00:00,,precipprob,0.0,0.0,,,100.0,,
2026-01-08 04:00:00,,precipprob,0.0,0.0,,,100.0,,
2026-01-08 05:00:00,,precipprob,0.0,0.0,,,100.0,,
2026-01-08 06:00:00,,precipprob,0.0,0.0,,,100.0,,
2026-01-08 07:00:00,,precipprob,0.0,0.0,,,100.0,,
2026-01-08 08:00:00,,precipprob,0.0,0.0,,,100.0,,
2026-01-08 09:00:00,,precipprob,0.0,0.0,,,100.0,,
2026-01-08 10:00:00,,precipprob,0.0,0.0,,,100.0,,
2026-01-08 12:00:00,,precipprob,0.0,0.0,,,100.0,,
2026-01-08 14:00:00,,precipprob,0.0,0.0,,,100.0,,
2026-01-11 10:00:00,,precipprob,0.0,0.0,,,100.0,,
2026-01-14 12:00:00,,precipprob,0.0,0.0,,,100.0,,
2026-01-20 11:00:00,,precipprob,0.0,0.0,,,100.0,,
2026-01-20 12:00:00,,precipprob,0.0,0.0,,,100.0,,
2026-01-20 13:00:00,,precipprob,0.0,0.0,,,100.0,,
2026-01-20 14:00:00,,precipprob,0.0,0.0,,,100.0,,
2026-01-21 02:00:00,,precipprob,0.0,0.0,,,100.0,,
2026-01-21 03:00:00,,precipprob,0.0,0.0,,,100.0,,
2026-01-21 04:00:00,,precipprob,0.0,0.0,,,100.0,,
2026-01-21 05:00:00,,precipprob,0.0,0.0,,,100.0,,
2026-01-21 06:00:00,,precipprob,0.0,0.0,,,100.0,,
2026-01-21 07:00:00,,precipprob,0.0,0.0,,,100.0,,
2026-01-21 08:00:00,,precipprob,0.0,0.0,,,100.0,,
2026-01-21 09:00:00,,precipprob,0.0,0.0,,,100.0,,
2026-01-21 10:00:00,,precipprob,0.0,0.0,,,100.0,,
2026-01-21 11:00:00,,precipprob,0.0,0.0,,,100.0,,
2026-01-21 12:00:00,,precipprob,0.0,0.0,,,100.0,,
2026-01-21 13:00:00,,precipprob,0.0,0.0,,,100.0,,
2026-01-21 14:00:00,,precipprob,0.0,0.0,,,100.0,,
2026-01-21 15:00:00,,precipprob,0.0,0.0,,,100.0,,
2026-01-22 04:00:00,,precipprob,0.0,0.0,,,100.0,,
2026-01-22 05:00:00,,precipprob,0.0,0.0,,,100.0,,
2026-01-22 06:00:00,,precipprob,0.0,0.0,,,100.0,,
2026-01-22 07:00:00,,precipprob,0.0,0.0,,,100.0,,
2026-01-22 08:00:00,,precipprob,0.0,0.0,,,100.0,,
2026-01-22 09:00:00,,precipprob,0.0,0.0,,,100.0,,
2026-01-22 10:00:00,,precipprob,0.0,0.0,,,100.0,,
2026-01-22 11:00:00,,precipprob,0.0,0.0,,,100.0,,
2026-01-22 12:00:00,,precipprob,0.0,0.0,,,100.0,,
2026-01-22 13:00:00,,precipprob,0.0,0.0,,,100.0,,
2026-01-22 14:00:00,,precipprob,0.0,0.0,,,100.0,,
2026-01-22 15:00:00,,precipprob,0.0,0.0,,,100.0,,
2026-01-22 16:00:00,,precipprob,0.0,0.0,,,100.0,,
2026-01-22 17:00:00,,precipprob,0.0,0.0,,,100.0,,
2026-01-22 18:00:00,,precipprob,0.0,0.0,,,100.0,,
2026-01-22 19:00:00,,precipprob,0.0,0.0,,,100.0,,
2026-01-22 20:00:00,,precipprob,0.0,0.0,,,100.0,,
2026-01-22 21:00:00,,precipprob,0.0,0.0,,,100.0,,
2026-01-22 22:00:00,,precipprob,0.0,0.0,,,100.0,,
2026-01-22 23:00:00,,precipprob,0.0,0.0,,,100.0,,
2026-01-23 00:00:00,,precipprob,0.0,0.0,,,100.0,,
2026-01-23 01:00:00,,precipprob,0.0,0.0,,,100.0,,
2026-01-23 02:00:00,,precipprob,0.0,0.0,,,100.0,,
2026-01-23 03:00:00,,precipprob,0.0,0.0,,,100.0,,
2026-01-23 04:00:00,,precipprob,0.0,0.0,,,100.0,,
2026-01-23 05:00:00,,precipprob,0.0,0.0,,,100.0,,
2026-01-23 06:00:00,,precipprob,0.0,0.0,,,100.0,,
2026-01-23 07:00:00,,precipprob,0.0,0.0,,,100.0,,
2026-01-23 08:00:00,,precipprob,0.0,0.0,,,100.0,,
2026-01-23 09:00:00,,precipprob,0.0,0.0,,,100.0,,
2026-01-23 10:00:00,,precipprob,0.0,0.0,,,100.0,,
2026-01-23 11:00:00,,precipprob,0.0,0.0,,,100.0,,
2026-01-23 12:00:00,,precipprob,0.0,0.0,,,100.0,,
2026-01-23 13:00:00,,precipprob,0.0,0.0,,,100.0,,
2026-01-23 14:00:00,,precipprob,0.0,0.0,,,100.0,,
2026-01-23 15:00:00,,precipprob,0.0,0.0,,,100.0,,
2026-01-23 16:00:00,,precipprob,0.0,0.0,,,100.0,,
2026-01-23 17:00:00,,precipprob,0.0,0.0,,,100.0,,
2026-01-23 18:00:00,,precipprob,0.0,0.0,,,100.0,,
2026-01-23 19:00:00,,precipprob,0.0,0.0,,,100.0,,
2026-01-23 20:00:00,,precipprob,0.0,0.0,,,100.0,,
2026-01-23 21:00:00,,precipprob,0.0,0.0,,,100.0,,
2026-01-23 22:00:00,,precipprob,0.0,0.0,,,100.0,,
2026-01-23 23:00:00,,precipprob,0.0,0.0,,,100.0,,
2026-01-24 00:00:00,,precipprob,0.0,0.0,,,100.0,,
2026-01-24 01:00:00,,precipprob,0.0,0.0,,,100.0,,
2026-01-24 02:00:00,,precipprob,0.0,0.0,,,100.0,,
2026-01-24 03:00:00,,precipprob,0.0,0.0,,,100.0,,
2026-01-24 04:00:00,,precipprob,0.0,0.0,,,100.0,,
2026-01-24 05:00:00,,precipprob,0.0,0.0,,,100.0,,
2026-01-24 06:00:00,,precipprob,0.0,0.0,,,100.0,,
2026-01-24 07:00:00,,precipprob,0.0,0.0,,,100.0,,
2026-01-24 08:00:00,,precipprob,0.0,0.0,,,100.0,,
2026-01-24 09:00:00,,precipprob,0.0,0.0,,,100.0,,
2026-01-24 10:00:00,,precipprob,0.0,0.0,,,100.0,,
2026-01-24 11:00:00,,precipprob,0.0,0.0,,,100.0,,
2026-01-27 01:00:00,,precipprob,0.0,0.0,,,100.0,,
2026-01-27 02:00:00,,precipprob,0.0,0.0,,,100.0,,
2026-01-27 03:00:00,,precipprob,0.0,0.0,,,100.0,,
2026-01-27 04:00:00,,precipprob,0.0,0.0,,,100.0,,
2026-01-27 05:00:00,,precipprob,0.0,0.0,,,100.0,,
2026-01-27 06:00:00,,precipprob,0.0,0.0,,,100.0,,
2026-01-27 07:00:00,,precipprob,0.0,0.0,,,100.0,,
2026-01-27 08:00:00,,precipprob,0.0,0.0,,,100.0,,
2026-01-27 09:00:00,,precipprob,0.0,0.0,,,100.0,,
2026-01-27 10:00:00,,precipprob,0.0,0.0,,,100.0,,
2026-01-27 11:00:00,,precipprob,0.0,0.0,,,100.0,,
2026-01-27 12:00:00,,precipprob,0.0,0.0,,,100.0,,
2026-01-27 13:00:00,,precipprob,0.0,0.0,,,100.0,,
2026-01-27 14:00:00,,precipprob,0.0,0.0,,,100.0,,
2026-01-27 15:00:00,,precipprob,0.0,0.0,,,100.0,,
2026-01-27 16:00:00,,precipprob,0.0,0.0,,,100.0,,
2026-01-28 02:00:00,,precipprob,0.0,0.0,,,100.0,,
2026-01-28 03:00:00,,precipprob,0.0,0.0,,,100.0,,
2026-01-28 04:00:00,,precipprob,0.0,0.0,,,100.0,,
2026-01-28 05:00:00,,precipprob,0.0,0.0,,,100.0,,
2026-01-28 06:00:00,,precipprob,0.0,0.0,,,100.0,,
2026-01-28 07:00:00,,precipprob,0.0,0.0,,,100.0,,
2026-01-28 08:00:00,,precipprob,0.0,0.0,,,100.0,,
2026-01-28 09:00:00,,precipprob,0.0,0.0,,,100.0,,
2026-01-28 10:00:00,,precipprob,0.0,0.0,,,100.0,,
2026-01-28 11:00:00,,precipprob,0.0,0.0,,,100.0,,
2026-01-28 12:00:00,,precipprob,0.0,0.0,,,100.0,,
2026-01-28 13:00:00,,precipprob,0.0,0.0,,,100.0,,
2026-01-28 14:00:00,,precipprob,0.0,0.0,,,100.0,,
2026-01-28 15:00:00,,precipprob,0.0,0.0,,,100.0,,
2026-01-28 16:00:00,,precipprob,0.0,0.0,,,100.0,,
2026-01-28 17:00:00,,precipprob,0.0,0.0,,,100.0,,
2026-01-28 18:00:00,,precipprob,0.0,0.0,,,100.0,,
2026-01-28 19:00:00,,precipprob,0.0,0.0,,,100.0,,
2026-01-28 21:00:00,,precipprob,0.0,0.0,,,100.0,,
2026-01-28 23:00:00,,precipprob,0.0,0.0,,,100.0,,
2026-01-29 00:00:00,,precipprob,0.0,0.0,,,100.0,,
2026-01-29 02:00:00,,precipprob,0.0,0.0,,,100.0,,
2026-01-29 03:00:00,,precipprob,0.0,0.0,,,100.0,,
2026-01-29 04:00:00,,precipprob,0.0,0.0,,,100.0,,
2026-01-29 05:00:00,,precipprob,0.0,0.0,,,100.0,,
2026-01-29 06:00:00,,precipprob,0.0,0.0,,,100.0,,
2026-01-29 07:00:00,,precipprob,0.0,0.0,,,100.0,,
2026-01-29 08:00:00,,precipprob,0.0,0.0,,,100.0,,
2026-01-29 09:00:00,,precipprob,0.0,0.0,,,100.0,,
2026-01-29 10:00:00,,precipprob,0.0,0.0,,,100.0,,
2026-01-29 11:00:00,,precipprob,0.0,0.0,,,100.0,,
2026-01-29 12:00:00,,precipprob,0.0,0.0,,,100.0,,
2026-01-31 10:00:00,,precipprob,0.0,0.0,,,100.0,,
2026-01-31 11:00:00,,precipprob,0.0,0.0,,,100.0,,
2026-01-31 12:00:00,,precipprob,0.0,0.0,,,100.0,,
2026-01-31 13:00:00,,precipprob,0.0,0.0,,,100.0,,
2026-01-31 14:00:00,,precipprob,0.0,0.0,,,100.0,,
2026-02-01 01:00:00,,precipprob,0.0,0.0,,,100.0,,
2026-02-01 02:00:00,,precipprob,0.0,0.0,,,100.0,,
2026-02-01 03:00:00,,precipprob,0.0,0.0,,,100.0,,
2026-02-01 04:00:00,,precipprob,0.0,0.0,,,100.0,,
2026-02-01 05:00:00,,precipprob,0.0,0.0,,,100.0,,
2026-02-01 06:00:00,,precipprob,0.0,0.0,,,100.0,,
2026-02-01 07:00:00,,precipprob,0.0,0.0,,,100.0,,
2026-02-01 08:00:00,,precipprob,0.0,0.0,,,100.0,,
2026-02-01 09:00:00,,precipprob,0.0,0.0,,,100.0,,
2026-02-01 10:00:00,,precipprob,0.0,0.0,,,100.0,,
2026-02-01 11:00:00,,precipprob,0.0,0.0,,,100.0,,
2026-02-01 12:00:00,,precipprob,0.0,0.0,,,100.0,,
2026-02-01 13:00:00,,precipprob,0.0,0.0,,,100.0,,
2026-02-01 14:00:00,,precipprob,0.0,0.0,,,100.0,,
2026-02-01 15:00:00,,precipprob,0.0,0.0,,,100.0,,
2026-02-01 16:00:00,,precipprob,0.0,0.0,,,100.0,,
2026-02-01 17:00:00,,precipprob,0.0,0.0,,,100.0,,
2026-02-01 18:00:00,,precipprob,0.0,0.0,,,100.0,,
2026-02-01 19:00:00,,precipprob,0.0,0.0,,,100.0,,
2026-02-01 20:00:00,,precipprob,0.0,0.0,,,100.0,,
2026-02-01 21:00:00,,precipprob,0.0,0.0,,,100.0,,
2026-02-01 22:00:00,,precipprob,0.0,0.0,,,100.0,,
2026-02-01 23:00:00,,precipprob,0.0,0.0,,,100.0,,
2026-02-02 00:00:00,,precipprob,0.0,0.0,,,100.0,,
2026-02-02 01:00:00,,precipprob,0.0,0.0,,,100.0,,
2026-02-02 02:00:00,,precipprob,0.0,0.0,,,100.0,,
2026-02-02 03:00:00,,precipprob,0.0,0.0,,,100.0,,
2026-02-02 04:00:00,,precipprob,0.0,0.0,,,100.0,,
2026-02-02 05:00:00,,precipprob,0.0,0.0,,,100.0,,
2026-02-02 06:00:00,,precipprob,0.0,0.0,,,100.0,,
2026-02-02 07:00:00,,precipprob,0.0,0.0,,,100.0,,
2026-02-02 08:00:00,,precipprob,0.0,0.0,,,100.0,,
2026-02-02 09:00:00,,precipprob,0.0,0.0,,,100.0,,
2026-02-02 10:00:00,,precipprob,0.0,0.0,,,100.0,,
2026-02-02 11:00:00,,precipprob,0.0,0.0,,,100.0,,
2026-02-02 12:00:00,,precipprob,0.0,0.0,,,100.0,,
2026-02-02 13:00:00,,precipprob,0.0,0.0,,,100.0,,
2026-02-02 14:00:00,,precipprob,0.0,0.0,,,100.0,,
2026-02-02 15:00:00,,precipprob,0.0,0.0,,,100.0,,
2026-02-02 16:00:00,,precipprob,0.0,0.0,,,100.0,,
2026-02-02 17:00:00,,precipprob,0.0,0.0,,,100.0,,
2026-02-02 18:00:00,,precipprob,0.0,0.0,,,100.0,,
2026-02-02 19:00:00,,precipprob,0.0,0.0,,,100.0,,
2026-02-02 20:00:00,,precipprob,0.0,0.0,,,100.0,,
2026-02-02 21:00:00,,precipprob,0.0,0.0,,,100.0,,
2026-02-02 22:00:00,,precipprob,0.0,0.0,,,100.0,,
2026-02-02 23:00:00,,precipprob,0.0,0.0,,,100.0,,
2026-02-03 00:00:00,,precipprob,0.0,0.0,,,100.0,,
2026-02-03 01:00:00,,precipprob,0.0,0.0,,,100.0,,
2026-02-03 02:00:00,,precipprob,0.0,0.0,,,100.0,,
2026-02-03 03:00:00,,precipprob,0.0,0.0,,,100.0,,
2026-02-03 04:00:00,,precipprob,0.0,0.0,,,100.0,,
2026-02-03 05:00:00,,precipprob,0.0,0.0,,,100.0,,
2026-02-03 06:00:00,,precipprob,0.0,0.0,,,100.0,,
2026-02-03 07:00:00,,precipprob,0.0,0.0,,,100.0,,
2026-02-03 08:00:00,,precipprob,0.0,0.0,,,100.0,,
2026-02-03 09:00:00,,precipprob,0.0,0.0,,,100.0,,
2026-02-03 10:00:00,,precipprob,0.0,0.0,,,100.0,,
2026-02-03 11:00:00,,precipprob,0.0,0.0,,,100.0,,
2026-02-03 12:00:00,,precipprob,0.0,0.0,,,100.0,,
2026-02-03 13:00:00,,precipprob,0.0,0.0,,,100.0,,
2026-02-03 14:00:00,,precipprob,0.0,0.0,,,100.0,,
2026-02-04 04:00:00,,precipprob,0.0,0.0,,,100.0,,
2026-02-07 22:00:00,,precipprob,0.0,0.0,,,100.0,,
2026-02-07 23:00:00,,precipprob,0.0,0.0,,,100.0,,
2026-02-08 00:00:00,,precipprob,0.0,0.0,,,100.0,,
2026-02-08 01:00:00,,precipprob,0.0,0.0,,,100.0,,
2026-02-08 02:00:00,,precipprob,0.0,0.0,,,100.0,,
2026-02-08 03:00:00,,precipprob,0.0,0.0,,,100.0,,
2026-02-08 04:00:00,,precipprob,0.0,0.0,,,100.0,,
2026-02-08 05:00:00,,precipprob,0.0,0.0,,,100.0,,
2026-02-08 06:00:00,,precipprob,0.0,0.0,,,100.0,,
2026-02-08 07:00:00,,precipprob,0.0,0.0,,,100.0,,
2026-02-08 08:00:00,,precipprob,0.0,0.0,,,100.0,,
2026-02-08 09:00:00,,precipprob,0.0,0.0,,,100.0,,
2026-02-08 10:00:00,,precipprob,0.0,0.0,,,100.0,,
2026-02-08 11:00:00,,precipprob,0.0,0.0,,,100.0,,
2026-02-08 12:00:00,,precipprob,0.0,0.0,,,100.0,,
2026-02-08 13:00:00,,precipprob,0.0,0.0,,,100.0,,
2026-02-08 14:00:00,,precipprob,0.0,0.0,,,100.0,,
2026-02-08 15:00:00,,precipprob,0.0,0.0,,,100.0,,
2026-02-08 17:00:00,,precipprob,0.0,0.0,,,100.0,,
2026-02-08 18:00:00,,precipprob,0.0,0.0,,,100.0,,
2026-02-08 19:00:00,,precipprob,0.0,0.0,,,100.0,,
2026-02-08 20:00:00,,precipprob,0.0,0.0,,,100.0,,
2026-02-08 21:00:00,,precipprob,0.0,0.0,,,100.0,,
2026-02-08 22:00:00,,precipprob,0.0,0.0,,,100.0,,
2026-02-08 23:00:00,,precipprob,0.0,0.0,,,100.0,,
2026-02-09 00:00:00,,precipprob,0.0,0.0,,,100.0,,
2026-02-09 01:00:00,,precipprob,0.0,0.0,,,100.0,,
2026-02-09 02:00:00,,precipprob,0.0,0.0,,,100.0,,
2026-02-09 03:00:00,,precipprob,0.0,0.0,,,100.0,,
2026-02-09 04:00:00,,precipprob,0.0,0.0,,,100.0,,
2026-02-09 05:00:00,,precipprob,0.0,0.0,,,100.0,,
2026-02-09 06:00:00,,precipprob,0.0,0.0,,,100.0,,
2026-02-09 07:00:00,,precipprob,0.0,0.0,,,100.0,,
2026-02-09 08:00:00,,precipprob,0.0,0.0,,,100.0,,
2026-02-09 09:00:00,,precipprob,0.0,0.0,,,100.0,,
2026-02-09 10:00:00,,precipprob,0.0,0.0,,,100.0,,
2026-02-09 11:00:00,,precipprob,0.0,0.0,,,100.0,,
2026-02-09 12:00:00,,precipprob,0.0,0.0,,,100.0,,
2026-02-09 13:00:00,,precipprob,0.0,0.0,,,100.0,,
2026-02-09 14:00:00,,precipprob,0.0,0.0,,,100.0,,
2026-02-09 15:00:00,,precipprob,0.0,0.0,,,100.0,,
2026-02-09 16:00:00,,precipprob,0.0,0.0,,,100.0,,
2026-02-10 02:00:00,,precipprob,0.0,0.0,,,100.0,,
2026-02-10 03:00:00,,precipprob,0.0,0.0,,,100.0,,
2026-02-10 04:00:00,,precipprob,0.0,0.0,,,100.0,,
2026-02-10 05:00:00,,precipprob,0.0,0.0,,,100.0,,
2026-02-10 06:00:00,,precipprob,0.0,0.0,,,100.0,,
2026-02-10 07:00:00,,precipprob,0.0,0.0,,,100.0,,
2026-02-10 08:00:00,,precipprob,0.0,0.0,,,100.0,,
2026-02-10 09:00:00,,precipprob,0.0,0.0,,,100.0,,
2026-02-10 10:00:00,,precipprob,0.0,0.0,,,100.0,,
2026-02-11 09:00:00,,precipprob,0.0,0.0,,,100.0,,
2026-02-11 11:00:00,,precipprob,0.0,0.0,,,100.0,,
2026-02-11 13:00:00,,precipprob,0.0,0.0,,,100.0,,
2026-02-17 02:00:00,,precipprob,0.0,0.0,,,100.0,,
2026-02-17 03:00:00,,precipprob,0.0,0.0,,,100.0,,
2026-02-17 04:00:00,,precipprob,0.0,0.0,,,100.0,,
2026-02-17 05:00:00,,precipprob,0.0,0.0,,,100.0,,
2026-02-17 06:00:00,,precipprob,0.0,0.0,,,100.0,,
2026-02-17 07:00:00,,precipprob,0.0,0.0,,,100.0,,
2026-02-17 08:00:00,,precipprob,0.0,0.0,,,100.0,,
2026-02-17 09:00:00,,precipprob,0.0,0.0,,,100.0,,
2026-02-17 10:00:00,,precipprob,0.0,0.0,,,100.0,,
2026-02-17 11:00:00,,precipprob,0.0,0.0,,,100.0,,
2026-02-17 12:00:00,,precipprob,0.0,0.0,,,100.0,,
2026-02-17 13:00:00,,precipprob,0.0,0.0,,,100.0,,
2026-02-17 14:00:00,,precipprob,0.0,0.0,,,100.0,,
2026-02-17 15:00:00,,precipprob,0.0,0.0,,,100.0,,
2026-02-17 16:00:00,,precipprob,0.0,0.0,,,100.0,,
2026-02-17 17:00:00,,precipprob,0.0,0.0,,,100.0,,
2026-02-17 18:00:00,,precipprob,0.0,0.0,,,100.0,,
2026-02-17 20:00:00,,precipprob,0.0,0.0,,,100.0,,
2026-02-17 21:00:00,,precipprob,0.0,0.0,,,100.0,,
2026-02-17 22:00:00,,precipprob,0.0,0.0,,,100.0,,
2026-02-17 23:00:00,,precipprob,0.0,0.0,,,100.0,,
2026-02-18 00:00:00,,precipprob,0.0,0.0,,,100.0,,
2026-02-18 01:00:00,,precipprob,0.0,0.0,,,100.0,,
2026-02-18 02:00:00,,precipprob,0.0,0.0,,,100.0,,
2026-02-18 03:00:00,,precipprob,0.0,0.0,,,100.0,,
2026-02-18 04:00:00,,precipprob,0.0,0.0,,,100.0,,
2026-02-18 05:00:00,,precipprob,0.0,0.0,,,100.0,,
2026-02-18 06:00:00,,precipprob,0.0,0.0,,,100.0,,
2026-02-18 07:00:00,,precipprob,0.0,0.0,,,100.0,,
2026-02-18 08:00:00,,precipprob,0.0,0.0,,,100.0,,
2026-02-18 09:00:00,,precipprob,0.0,0.0,,,100.0,,
2026-02-18 10:00:00,,precipprob,0.0,0.0,,,100.0,,
2026-02-18 11:00:00,,precipprob,0.0,0.0,,,100.0,,
2026-02-18 12:00:00,,precipprob,0.0,0.0,,,100.0,,
2026-02-18 13:00:00,,precipprob,0.0,0.0,,,100.0,,
2026-02-18 14:00:00,,precipprob,0.0,0.0,,,100.0,,
2026-02-18 15:00:00,,precipprob,0.0,0.0,,,100.0,,
2026-02-18 16:00:00,,precipprob,0.0,0.0,,,100.0,,
2026-02-18 17:00:00,,precipprob,0.0,0.0,,,100.0,,
2026-02-18 18:00:00,,precipprob,0.0,0.0,,,100.0,,
2026-02-18 19:00:00,,precipprob,0.0,0.0,,,100.0,,
2026-02-18 20:00:00,,precipprob,0.0,0.0,,,100.0,,
2026-02-18 21:00:00,,precipprob,0.0,0.0,,,100.0,,
2026-02-18 22:00:00,,precipprob,0.0,0.0,,,100.0,,
2026-02-18 23:00:00,,precipprob,0.0,0.0,,,100.0,,
2026-02-19 00:00:00,,precipprob,0.0,0.0,,,100.0,,
2026-02-19 01:00:00,,precipprob,0.0,0.0,,,100.0,,
2026-02-19 02:00:00,,precipprob,0.0,0.0,,,100.0,,
2026-02-19 03:00:00,,precipprob,0.0,0.0,,,100.0,,
2026-02-19 04:00:00,,precipprob,0.0,0.0,,,100.0,,
2026-02-19 05:00:00,,precipprob,0.0,0.0,,,100.0,,
2026-02-19 06:00:00,,precipprob,0.0,0.0,,,100.0,,
2026-02-19 07:00:00,,precipprob,0.0,0.0,,,100.0,,
2026-02-19 08:00:00,,precipprob,0.0,0.0,,,100.0,,
2026-02-19 09:00:00,,precipprob,0.0,0.0,,,100.0,,
2026-02-19 10:00:00,,precipprob,0.0,0.0,,,100.0,,
2026-02-19 11:00:00,,precipprob,0.0,0.0,,,100.0,,
2026-02-19 12:00:00,,precipprob,0.0,0.0,,,100.0,,
2026-02-19 13:00:00,,precipprob,0.0,0.0,,,100.0,,
2026-02-19 14:00:00,,precipprob,0.0,0.0,,,100.0,,
2026-02-19 15:00:00,,precipprob,0.0,0.0,,,100.0,,
2026-02-19 16:00:00,,precipprob,0.0,0.0,,,100.0,,
2026-02-19 17:00:00,,precipprob,0.0,0.0,,,100.0,,
2026-02-19 18:00:00,,precipprob,0.0,0.0,,,100.0,,
2026-02-19 19:00:00,,precipprob,0.0,0.0,,,100.0,,
2026-02-19 20:00:00,,precipprob,0.0,0.0,,,100.0,,
2026-02-19 21:00:00,,precipprob,0.0,0.0,,,100.0,,
2026-02-19 22:00:00,,precipprob,0.0,0.0,,,100.0,,
2026-02-19 23:00:00,,precipprob,0.0,0.0,,,100.0,,
2026-02-20 00:00:00,,precipprob,0.0,0.0,,,100.0,,
2026-02-20 01:00:00,,precipprob,0.0,0.0,,,100.0,,
2026-02-20 02:00:00,,precipprob,0.0,0.0,,,100.0,,
2026-02-20 03:00:00,,precipprob,0.0,0.0,,,100.0,,
2026-02-20 04:00:00,,precipprob,0.0,0.0,,,100.0,,
2026-02-20 05:00:00,,precipprob,0.0,0.0,,,100.0,,
2026-02-20 06:00:00,,precipprob,0.0,0.0,,,100.0,,
2026-02-20 07:00:00,,precipprob,0.0,0.0,,,100.0,,
2026-02-20 08:00:00,,precipprob,0.0,0.0,,,100.0,,
2026-02-20 09:00:00,,precipprob,0.0,0.0,,,100.0,,
2026-02-20 10:00:00,,precipprob,0.0,0.0,,,100.0,,
2026-02-20 11:00:00,,precipprob,0.0,0.0,,,100.0,,
2026-02-20 12:00:00,,precipprob,0.0,0.0,,,100.0,,
2026-02-20 13:00:00,,precipprob,0.0,0.0,,,100.0,,
2026-02-20 14:00:00,,precipprob,0.0,0.0,,,100.0,,
2026-02-21 00:00:00,,precipprob,0.0,0.0,,,100.0,,
2026-02-23 02:00:00,,precipprob,0.0,0.0,,,100.0,,
2026-02-23 03:00:00,,precipprob,0.0,0.0,,,100.0,,
2026-02-23 04:00:00,,precipprob,0.0,0.0,,,100.0,,
2026-02-27 07:00:00,,precipprob,0.0,0.0,,,100.0,,
2026-02-27 08:00:00,,precipprob,0.0,0.0,,,100.0,,
2026-02-27 09:00:00,,precipprob,0.0,0.0,,,100.0,,
2026-02-27 10:00:00,,precipprob,0.0,0.0,,,100.0,,
2026-02-27 11:00:00,,precipprob,0.0,0.0,,,100.0,,
2026-02-27 12:00:00,,precipprob,0.0,0.0,,,100.0,,
2026-02-27 13:00:00,,precipprob,0.0,0.0,,,100.0,,
2026-02-27 14:00:00,,precipprob,0.0,0.0,,,100.0,,
2026-02-27 15:00:00,,precipprob,0.0,0.0,,,100.0,,
2026-02-27 16:00:00,,precipprob,0.0,0.0,,,100.0,,
2026-02-27 17:00:00,,precipprob,0.0,0.0,,,100.0,,
2026-02-27 18:00:00,,precipprob,0.0,0.0,,,100.0,,
2026-02-27 19:00:00,,precipprob,0.0,0.0,,,100.0,,
2026-02-27 20:00:00,,precipprob,0.0,0.0,,,100.0,,
2026-02-27 21:00:00,,precipprob,0.0,0.0,,,100.0,,
2026-02-27 22:00:00,,precipprob,0.0,0.0,,,100.0,,
2026-02-27 23:00:00,,precipprob,0.0,0.0,,,100.0,,
2026-03-01 15:00:00,,precipprob,0.0,0.0,,,100.0,,
2026-03-01 16:00:00,,precipprob,0.0,0.0,,,100.0,,
2026-03-02 14:00:00,,precipprob,0.0,0.0,,,100.0,,
2026-03-02 17:00:00,,precipprob,0.0,0.0,,,100.0,,
2026-03-03 13:00:00,,precipprob,0.0,0.0,,,100.0,,
2026-03-03 15:00:00,,precipprob,0.0,0.0,,,100.0,,
2026-03-03 16:00:00,,precipprob,0.0,0.0,,,100.0,,
2026-03-03 17:00:00,,precipprob,0.0,0.0,,,100.0,,
2026-03-03 18:00:00,,precipprob,0.0,0.0,,,100.0,,
2026-03-03 19:00:00,,precipprob,0.0,0.0,,,100.0,,
2026-03-03 20:00:00,,precipprob,0.0,0.0,,,100.0,,
2026-03-03 21:00:00,,precipprob,0.0,0.0,,,100.0,,
2026-03-03 22:00:00,,precipprob,0.0,0.0,,,100.0,,
2026-03-03 23:00:00,,precipprob,0.0,0.0,,,100.0,,
2026-03-04 00:00:00,,precipprob,0.0,0.0,,,100.0,,
2026-03-04 01:00:00,,precipprob,0.0,0.0,,,100.0,,
2026-03-04 02:00:00,,precipprob,0.0,0.0,,,100.0,,
2026-03-04 03:00:00,,precipprob,0.0,0.0,,,100.0,,
2026-03-04 04:00:00,,precipprob,0.0,0.0,,,100.0,,
2026-03-04 05:00:00,,precipprob,0.0,0.0,,,100.0,,
2026-03-04 06:00:00,,precipprob,0.0,0.0,,,100.0,,
2026-03-04 07:00:00,,precipprob,0.0,0.0,,,100.0,,
2026-03-04 08:00:00,,precipprob,0.0,0.0,,,100.0,,
2026-03-04 09:00:00,,precipprob,0.0,0.0,,,100.0,,
2026-03-04 10:00:00,,precipprob,0.0,0.0,,,100.0,,
2026-03-04 11:00:00,,precipprob,0.0,0.0,,,100.0,,
2026-03-04 12:00:00,,precipprob,0.0,0.0,,,100.0,,
2026-03-04 13:00:00,,precipprob,0.0,0.0,,,100.0,,
2026-03-04 14:00:00,,precipprob,0.0,0.0,,,100.0,,
2026-03-04 15:00:00,,precipprob,0.0,0.0,,,100.0,,
2026-03-04 16:00:00,,precipprob,0.0,0.0,,,100.0,,
2026-03-04 17:00:00,,precipprob,0.0,0.0,,,100.0,,
2026-03-04 18:00:00,,precipprob,0.0,0.0,,,100.0,,
2026-03-04 19:00:00,,precipprob,0.0,0.0,,,100.0,,
2026-03-04 20:00:00,,precipprob,0.0,0.0,,,100.0,,
2026-03-04 21:00:00,,precipprob,0.0,0.0,,,100.0,,
2026-03-04 22:00:00,,precipprob,0.0,0.0,,,100.0,,
2026-03-04 23:00:00,,precipprob,0.0,0.0,,,100.0,,
2026-03-05 00:00:00,,precipprob,0.0,0.0,,,100.0,,
2026-03-05 01:00:00,,precipprob,0.0,0.0,,,100.0,,
2026-03-05 02:00:00,,precipprob,0.0,0.0,,,100.0,,
2026-03-05 03:00:00,,precipprob,0.0,0.0,,,100.0,,
2026-03-05 04:00:00,,precipprob,0.0,0.0,,,100.0,,
2026-03-05 05:00:00,,precipprob,0.0,0.0,,,100.0,,
2026-03-05 06:00:00,,precipprob,0.0,0.0,,,100.0,,
2026-03-05 07:00:00,,precipprob,0.0,0.0,,,100.0,,
2026-03-05 08:00:00,,precipprob,0.0,0.0,,,100.0,,
2026-03-05 09:00:00,,precipprob,0.0,0.0,,,100.0,,
2026-03-05 10:00:00,,precipprob,0.0,0.0,,,100.0,,
2026-03-05 11:00:00,,precipprob,0.0,0.0,,,100.0,,
2026-03-05 12:00:00,,precipprob,0.0,0.0,,,100.0,,
2026-03-05 13:00:00,,precipprob,0.0,0.0,,,100.0,,
2026-03-05 14:00:00,,precipprob,0.0,0.0,,,100.0,,
2026-03-05 15:00:00,,precipprob,0.0,0.0,,,100.0,,
2026-03-05 16:00:00,,precipprob,0.0,0.0,,,100.0,,
2026-03-05 17:00:00,,precipprob,0.0,0.0,,,100.0,,
2026-03-05 18:00:00,,precipprob,0.0,0.0,,,100.0,,
2026-03-05 19:00:00,,precipprob,0.0,0.0,,,100.0,,
2026-03-05 20:00:00,,precipprob,0.0,0.0,,,100.0,,
2026-03-05 21:00:00,,precipprob,0.0,0.0,,,100.0,,
2026-03-05 22:00:00,,precipprob,0.0,0.0,,,100.0,,
2026-03-05 23:00:00,,precipprob,0.0,0.0,,,100.0,,
2026-03-06 00:00:00,,precipprob,0.0,0.0,,,100.0,,
2026-03-06 01:00:00,,precipprob,0.0,0.0,,,100.0,,
2026-03-06 02:00:00,,precipprob,0.0,0.0,,,100.0,,
2026-03-06 03:00:00,,precipprob,0.0,0.0,,,100.0,,
2026-03-06 04:00:00,,precipprob,0.0,0.0,,,100.0,,
2026-03-06 05:00:00,,precipprob,0.0,0.0,,,100.0,,
2026-03-06 06:00:00,,precipprob,0.0,0.0,,,100.0,,
2026-03-06 07:00:00,,precipprob,0.0,0.0,,,100.0,,
2026-03-06 08:00:00,,precipprob,0.0,0.0,,,100.0,,
2026-03-06 09:00:00,,precipprob,0.0,0.0,,,100.0,,
2026-03-06 10:00:00,,precipprob,0.0,0.0,,,100.0,,
2026-03-06 11:00:00,,precipprob,0.0,0.0,,,100.0,,
2026-03-06 12:00:00,,precipprob,0.0,0.0,,,100.0,,
2026-03-06 13:00:00,,precipprob,0.0,0.0,,,100.0,,
2026-03-06 14:00:00,,precipprob,0.0,0.0,,,100.0,,
2026-03-06 15:00:00,,precipprob,0.0,0.0,,,100.0,,
2026-03-06 16:00:00,,precipprob,0.0,0.0,,,100.0,,
2026-03-06 17:00:00,,precipprob,0.0,0.0,,,100.0,,
2026-03-06 19:00:00,,precipprob,0.0,0.0,,,100.0,,
2026-03-06 20:00:00,,precipprob,0.0,0.0,,,100.0,,
2026-03-07 01:00:00,,precipprob,0.0,0.0,,,100.0,,
2026-03-07 03:00:00,,precipprob,0.0,0.0,,,100.0,,
2026-03-07 04:00:00,,precipprob,0.0,0.0,,,100.0,,
2026-03-07 05:00:00,,precipprob,0.0,0.0,,,100.0,,
2026-03-07 06:00:00,,precipprob,0.0,0.0,,,100.0,,
2026-03-07 07:00:00,,precipprob,0.0,0.0,,,100.0,,
2026-03-07 08:00:00,,precipprob,0.0,0.0,,,100.0,,
2026-03-07 09:00:00,,precipprob,0.0,0.0,,,100.0,,
2026-03-07 10:00:00,,precipprob,0.0,0.0,,,100.0,,
2026-03-07 11:00:00,,precipprob,0.0,0.0,,,100.0,,
2026-03-08 02:00:00,,precipprob,0.0,0.0,,,100.0,,
2026-03-08 03:00:00,,precipprob,0.0,0.0,,,100.0,,
2026-03-08 04:00:00,,precipprob,0.0,0.0,,,100.0,,
2026-03-08 05:00:00,,precipprob,0.0,0.0,,,100.0,,
2026-03-08 06:00:00,,precipprob,0.0,0.0,,,100.0,,
2026-03-08 07:00:00,,precipprob,0.0,0.0,,,100.0,,
2026-03-08 08:00:00,,precipprob,0.0,0.0,,,100.0,,
2026-03-08 09:00:00,,precipprob,0.0,0.0,,,100.0,,
2026-03-08 10:00:00,,precipprob,0.0,0.0,,,100.0,,
2026-03-08 11:00:00,,precipprob,0.0,0.0,,,100.0,,
2026-03-08 12:00:00,,precipprob,0.0,0.0,,,100.0,,
2026-03-08 13:00:00,,precipprob,0.0,0.0,,,100.0,,
2026-03-08 14:00:00,,precipprob,0.0,0.0,,,100.0,,
2026-03-08 15:00:00,,precipprob,0.0,0.0,,,100.0,,
2026-03-08 16:00:00,,precipprob,0.0,0.0,,,100.0,,
2026-03-08 17:00:00,,precipprob,0.0,0.0,,,100.0,,
2026-03-08 18:00:00,,precipprob,0.0,0.0,,,100.0,,
2026-03-08 19:00:00,,precipprob,0.0,0.0,,,100.0,,
2026-03-08 20:00:00,,precipprob,0.0,0.0,,,100.0,,
2026-03-08 21:00:00,,precipprob,0.0,0.0,,,100.0,,
2026-03-08 22:00:00,,precipprob,0.0,0.0,,,100.0,,
2026-03-08 23:00:00,,precipprob,0.0,0.0,,,100.0,,
2026-03-09 00:00:00,,precipprob,0.0,0.0,,,100.0,,
2026-03-09 01:00:00,,precipprob,0.0,0.0,,,100.0,,
2026-03-09 02:00:00,,precipprob,0.0,0.0,,,100.0,,
2026-03-09 03:00:00,,precipprob,0.0,0.0,,,100.0,,
2026-03-09 04:00:00,,precipprob,0.0,0.0,,,100.0,,
2026-03-09 05:00:00,,precipprob,0.0,0.0,,,100.0,,
2026-03-09 06:00:00,,precipprob,0.0,0.0,,,100.0,,
2026-03-09 07:00:00,,precipprob,0.0,0.0,,,100.0,,
2026-03-09 08:00:00,,precipprob,0.0,0.0,,,100.0,,
2026-03-09 09:00:00,,precipprob,0.0,0.0,,,100.0,,
2026-03-09 10:00:00,,precipprob,0.0,0.0,,,100.0,,
2026-03-09 11:00:00,,precipprob,0.0,0.0,,,100.0,,
2026-03-09 12:00:00,,precipprob,0.0,0.0,,,100.0,,
2026-03-09 13:00:00,,precipprob,0.0,0.0,,,100.0,,
2026-03-09 14:00:00,,precipprob,0.0,0.0,,,100.0,,
2026-03-09 15:00:00,,precipprob,0.0,0.0,,,100.0,,
2026-03-09 16:00:00,,precipprob,0.0,0.0,,,100.0,,
2026-03-09 17:00:00,,precipprob,0.0,0.0,,,100.0,,
2026-03-09 18:00:00,,precipprob,0.0,0.0,,,100.0,,
2026-03-09 19:00:00,,precipprob,0.0,0.0,,,100.0,,
2026-03-09 20:00:00,,precipprob,0.0,0.0,,,100.0,,
2026-03-09 21:00:00,,precipprob,0.0,0.0,,,100.0,,
2026-03-09 22:00:00,,precipprob,0.0,0.0,,,100.0,,
2026-03-09 23:00:00,,precipprob,0.0,0.0,,,100.0,,
2026-03-10 00:00:00,,precipprob,0.0,0.0,,,100.0,,
2026-03-10 01:00:00,,precipprob,0.0,0.0,,,100.0,,
2026-03-10 02:00:00,,precipprob,0.0,0.0,,,100.0,,
2026-03-10 03:00:00,,precipprob,0.0,0.0,,,100.0,,
2026-03-10 04:00:00,,precipprob,0.0,0.0,,,100.0,,
2026-03-10 05:00:00,,precipprob,0.0,0.0,,,100.0,,
2026-03-10 06:00:00,,precipprob,0.0,0.0,,,100.0,,
2026-03-10 07:00:00,,precipprob,0.0,0.0,,,100.0,,
2026-03-10 08:00:00,,precipprob,0.0,0.0,,,100.0,,
2026-03-10 09:00:00,,precipprob,0.0,0.0,,,100.0,,
2026-03-10 10:00:00,,precipprob,0.0,0.0,,,100.0,,
2026-03-10 11:00:00,,precipprob,0.0,0.0,,,100.0,,
2026-03-10 12:00:00,,precipprob,0.0,0.0,,,100.0,,
2026-03-10 13:00:00,,precipprob,0.0,0.0,,,100.0,,
2026-03-10 14:00:00,,precipprob,0.0,0.0,,,100.0,,
2026-03-10 15:00:00,,precipprob,0.0,0.0,,,100.0,,
2026-03-10 16:00:00,,precipprob,0.0,0.0,,,100.0,,
2026-03-10 17:00:00,,precipprob,0.0,0.0,,,100.0,,
2026-03-10 18:00:00,,precipprob,0.0,0.0,,,100.0,,
2026-03-10 19:00:00,,precipprob,0.0,0.0,,,100.0,,
2026-03-10 20:00:00,,precipprob,0.0,0.0,,,100.0,,
2026-03-10 21:00:00,,precipprob,0.0,0.0,,,100.0,,
2026-03-10 22:00:00,,precipprob,0.0,0.0,,,100.0,,
2026-03-10 23:00:00,,precipprob,0.0,0.0,,,100.0,,
2023-03-28 14:00:00,,windspeed,-7.65,22.35,,,,25.9,
2023-03-28 15:00:00,,windspeed,-7.65,22.35,,,,27.7,
2023-04-08 20:00:00,,windspeed,-7.65,22.35,,,,29.5,
2023-04-08 21:00:00,,windspeed,-7.65,22.35,,,,29.5,
2023-04-23 17:00:00,,windspeed,-7.65,22.35,,,,27.7,
2023-04-26 15:00:00,,windspeed,-7.65,22.35,,,,24.1,
2023-05-09 12:00:00,,windspeed,-7.65,22.35,,,,24.1,
2023-05-13 12:00:00,,windspeed,-7.65,22.35,,,,24.1,
2023-05-13 14:00:00,,windspeed,-7.65,22.35,,,,27.7,
2023-05-13 15:00:00,,windspeed,-7.65,22.35,,,,24.1,
2023-05-13 17:00:00,,windspeed,-7.65,22.35,,,,24.1,
2023-05-14 14:00:00,,windspeed,-7.65,22.35,,,,24.1,
2023-05-14 15:00:00,,windspeed,-7.65,22.35,,,,27.7,
2023-05-25 14:00:00,,windspeed,-7.65,22.35,,,,24.1,
2023-05-29 15:00:00,,windspeed,-7.65,22.35,,,,25.9,
2023-05-30 14:00:00,,windspeed,-7.65,22.35,,,,25.9,
2023-06-12 15:00:00,,windspeed,-7.65,22.35,,,,24.1,
2023-06-16 17:00:00,,windspeed,-7.65,22.35,,,,29.5,
2023-06-18 15:00:00,,windspeed,-7.65,22.35,,,,24.1,
2023-07-09 01:00:00,,windspeed,-7.65,22.35,,,,29.2,
2023-08-16 14:00:00,,windspeed,-7.65,22.35,,,,24.1,
2023-08-16 15:00:00,,windspeed,-7.65,22.35,,,,24.1,
2023-08-21 15:00:00,,windspeed,-7.65,22.35,,,,25.9,
2023-08-26 15:00:00,,windspeed,-7.65,22.35,,,,24.1,
2023-08-29 17:00:00,,windspeed,-7.65,22.35,,,,25.9,
2023-08-29 18:00:00,,windspeed,-7.65,22.35,,,,25.9,
2023-09-01 15:00:00,,windspeed,-7.65,22.35,,,,24.1,
2023-09-01 18:00:00,,windspeed,-7.65,22.35,,,,24.1,
2023-09-04 14:00:00,,windspeed,-7.65,22.35,,,,24.1,
2023-09-04 15:00:00,,windspeed,-7.65,22.35,,,,27.7,
2023-09-05 14:00:00,,windspeed,-7.65,22.35,,,,29.5,
2023-09-05 15:00:00,,windspeed,-7.65,22.35,,,,27.7,
2023-09-11 12:00:00,,windspeed,-7.65,22.35,,,,25.9,
2023-09-25 21:00:00,,windspeed,-7.65,22.35,,,,27.7,
2023-09-30 14:00:00,,windspeed,-7.65,22.35,,,,25.9,
2023-09-30 15:00:00,,windspeed,-7.65,22.35,,,,29.5,
2023-09-30 17:00:00,,windspeed,-7.65,22.35,,,,24.1,
2023-10-04 17:00:00,,windspeed,-7.65,22.35,,,,24.1,
2023-10-08 14:00:00,,windspeed,-7.65,22.35,,,,24.1,
2023-10-08 17:00:00,,windspeed,-7.65,22.35,,,,24.1,
2023-10-09 04:00:00,,windspeed,-7.65,22.35,,,,62.2,
2023-10-13 15:00:00,,windspeed,-7.65,22.35,,,,24.1,
2023-10-17 00:00:00,,windspeed,-7.65,22.35,,,,24.1,
2023-10-17 03:00:00,,windspeed,-7.65,22.35,,,,24.1,
2023-10-17 06:00:00,,windspeed,-7.65,22.35,,,,24.1,
2023-10-17 09:00:00,,windspeed,-7.65,22.35,,,,24.1,
2023-10-17 11:00:00,,windspeed,-7.65,22.35,,,,24.1,
2023-10-20 14:00:00,,windspeed,-7.65,22.35,,,,24.1,
2023-10-20 15:00:00,,windspeed,-7.65,22.35,,,,33.4,
2023-10-20 17:00:00,,windspeed,-7.65,22.35,,,,33.4,
2023-10-20 18:00:00,,windspeed,-7.65,22.35,,,,27.7,
2023-10-21 11:00:00,,windspeed,-7.65,22.35,,,,24.1,
2023-10-21 15:00:00,,windspeed,-7.65,22.35,,,,27.7,
2023-10-24 12:00:00,,windspeed,-7.65,22.35,,,,24.1,
2023-10-24 14:00:00,,windspeed,-7.65,22.35,,,,31.6,
2023-10-24 15:00:00,,windspeed,-7.65,22.35,,,,25.9,
2023-10-27 15:00:00,,windspeed,-7.65,22.35,,,,25.9,
2023-10-27 17:00:00,,windspeed,-7.65,22.35,,,,25.9,
2023-10-28 15:00:00,,windspeed,-7.65,22.35,,,,24.1,
2023-11-01 11:00:00,,windspeed,-7.65,22.35,,,,25.9,
2023-11-14 06:00:00,,windspeed,-7.65,22.35,,,,25.9,
2023-11-14 15:00:00,,windspeed,-7.65,22.35,,,,27.7,
2023-11-15 14:00:00,,windspeed,-7.65,22.35,,,,25.9,
2023-11-16 15:00:00,,windspeed,-7.65,22.35,,,,25.9,
2023-11-16 17:00:00,,windspeed,-7.65,22.35,,,,25.9,
2023-11-16 18:00:00,,windspeed,-7.65,22.35,,,,27.7,
2023-11-16 19:00:00,,windspeed,-7.65,22.35,,,,35.1,
2023-11-16 20:00:00,,windspeed,-7.65,22.35,,,,33.5,
2023-11-16 21:00:00,,windspeed,-7.65,22.35,,,,38.8,
2023-11-16 23:00:00,,windspeed,-7.65,22.35,,,,25.9,
2023-11-17 00:00:00,,windspeed,-7.65,22.35,,,,31.7,
2023-11-17 02:00:00,,windspeed,-7.65,22.35,,,,37.0,
2023-11-17 05:00:00,,windspeed,-7.65,22.35,,,,29.5,
2023-11-17 06:00:00,,windspeed,-7.65,22.35,,,,29.5,
2023-11-17 08:00:00,,windspeed,-7.65,22.35,,,,25.9,
2023-11-17 11:00:00,,windspeed,-7.65,22.35,,,,29.5,
2023-11-17 12:00:00,,windspeed,-7.65,22.35,,,,25.9,
2023-11-17 13:00:00,,windspeed,-7.65,22.35,,,,23.9,
2023-11-17 14:00:00,,windspeed,-7.65,22.35,,,,27.6,
2023-11-17 15:00:00,,windspeed,-7.65,22.35,,,,27.7,
2023-11-17 18:00:00,,windspeed,-7.65,22.35,,,,24.1,
2023-11-18 12:00:00,,windspeed,-7.65,22.35,,,,24.1,
2023-11-27 12:00:00,,windspeed,-7.65,22.35,,,,24.1,
2023-12-17 08:00:00,,windspeed,-7.65,22.35,,,,25.9,
2023-12-17 11:00:00,,windspeed,-7.65,22.35,,,,25.9,
2023-12-17 12:00:00,,windspeed,-7.65,22.35,,,,25.9,
2023-12-21 12:00:00,,windspeed,-7.65,22.35,,,,24.1,
2023-12-21 14:00:00,,windspeed,-7.65,22.35,,,,24.1,
2023-12-21 15:00:00,,windspeed,-7.65,22.35,,,,27.7,
2023-12-21 17:00:00,,windspeed,-7.65,22.35,,,,29.5,
2023-12-22 09:00:00,,windspeed,-7.65,22.35,,,,27.7,
2024-02-09 14:00:00,,windspeed,-7.65,22.35,,,,23.8,
2024-03-01 15:00:00,,windspeed,-7.65,22.35,,,,23.4,
2024-03-07 12:00:00,,windspeed,-7.65,22.35,,,,22.6,
2024-03-11 12:00:00,,windspeed,-7.65,22.35,,,,25.4,
2024-03-11 14:00:00,,windspeed,-7.65,22.35,,,,23.8,
2024-05-04 11:00:00,,windspeed,-7.65,22.35,,,,27.0,
2024-05-14 14:00:00,,windspeed,-7.65,22.35,,,,23.1,
2024-05-16 15:00:00,,windspeed,-7.65,22.35,,,,26.7,
2024-05-21 14:00:00,,windspeed,-7.65,22.35,,,,24.1,
2024-05-21 15:00:00,,windspeed,-7.65,22.35,,,,22.6,
2024-06-28 15:00:00,,windspeed,-7.65,22.35,,,,22.6,
2024-06-30 12:00:00,,windspeed,-7.65,22.35,,,,22.6,
2024-06-30 14:00:00,,windspeed,-7.65,22.35,,,,22.6,
2024-07-01 11:00:00,,windspeed,-7.65,22.35,,,,23.3,
2024-07-22 14:00:00,,windspeed,-7.65,22.35,,,,24.7,
2024-07-26 12:00:00,,windspeed,-7.65,22.35,,,,23.4,
2024-08-03 14:00:00,,windspeed,-7.65,22.35,,,,24.7,
2024-08-12 15:00:00,,windspeed,-7.65,22.35,,,,22.5,
2024-08-29 14:00:00,,windspeed,-7.65,22.35,,,,25.9,
2024-09-03 14:00:00,,windspeed,-7.65,22.35,,,,26.6,
2024-09-03 15:00:00,,windspeed,-7.65,22.35,,,,28.0,
2024-09-04 14:00:00,,windspeed,-7.65,22.35,,,,25.9,
2024-09-04 15:00:00,,windspeed,-7.65,22.35,,,,30.4,
2024-09-05 15:00:00,,windspeed,-7.65,22.35,,,,26.7,
2024-09-07 06:00:00,,windspeed,-7.65,22.35,,,,23.4,
2024-09-07 12:00:00,,windspeed,-7.65,22.35,,,,27.7,
2024-09-07 14:00:00,,windspeed,-7.65,22.35,,,,27.7,
2024-09-07 15:00:00,,windspeed,-7.65,22.35,,,,23.7,
2024-09-08 12:00:00,,windspeed,-7.65,22.35,,,,23.8,
2024-09-13 15:00:00,,windspeed,-7.65,22.35,,,,29.1,
2024-09-15 14:00:00,,windspeed,-7.65,22.35,,,,28.0,
2024-09-15 15:00:00,,windspeed,-7.65,22.35,,,,25.9,
2024-09-16 12:00:00,,windspeed,-7.65,22.35,,,,24.8,
2024-09-16 14:00:00,,windspeed,-7.65,22.35,,,,27.7,
2024-09-16 15:00:00,,windspeed,-7.65,22.35,,,,24.4,
2024-09-17 14:00:00,,windspeed,-7.65,22.35,,,,28.7,
2024-09-17 15:00:00,,windspeed,-7.65,22.35,,,,22.6,
2024-09-18 11:00:00,,windspeed,-7.65,22.35,,,,25.5,
2024-10-01 14:00:00,,windspeed,-7.65,22.35,,,,23.4,
2024-10-02 17:00:00,,windspeed,-7.65,22.35,,,,24.4,
2024-10-03 14:00:00,,windspeed,-7.65,22.35,,,,25.4,
2024-10-03 15:00:00,,windspeed,-7.65,22.35,,,,25.6,
2024-10-06 14:00:00,,windspeed,-7.65,22.35,,,,28.7,
2024-10-06 15:00:00,,windspeed,-7.65,22.35,,,,25.1,
2024-10-08 11:00:00,,windspeed,-7.65,22.35,,,,23.5,
2024-10-08 12:00:00,,windspeed,-7.65,22.35,,,,26.5,
2024-10-08 14:00:00,,windspeed,-7.65,22.35,,,,24.4,
2024-10-08 15:00:00,,windspeed,-7.65,22.35,,,,23.3,
2024-10-10 15:00:00,,windspeed,-7.65,22.35,,,,31.1,
2024-10-10 17:00:00,,windspeed,-7.65,22.35,,,,22.6,
2024-10-14 17:00:00,,windspeed,-7.65,22.35,,,,23.6,
2024-10-20 15:00:00,,windspeed,-7.65,22.35,,,,24.1,
2024-10-24 14:00:00,,windspeed,-7.65,22.35,,,,22.6,
2024-10-27 05:00:00,,windspeed,-7.65,22.35,,,,26.0,
2024-10-27 06:00:00,,windspeed,-7.65,22.35,,,,32.7,
2024-10-27 07:00:00,,windspeed,-7.65,22.35,,,,28.1,
2024-10-27 08:00:00,,windspeed,-7.65,22.35,,,,39.6,
2024-10-27 09:00:00,,windspeed,-7.65,22.35,,,,45.0,
2024-10-27 10:00:00,,windspeed,-7.65,22.35,,,,31.0,
2024-10-27 11:00:00,,windspeed,-7.65,22.35,,,,36.0,
2024-10-27 12:00:00,,windspeed,-7.65,22.35,,,,28.8,
2024-11-01 13:00:00,,windspeed,-7.65,22.35,,,,25.4,
2024-11-01 14:00:00,,windspeed,-7.65,22.35,,,,26.2,
2024-11-01 15:00:00,,windspeed,-7.65,22.35,,,,23.4,
2024-11-11 15:00:00,,windspeed,-7.65,22.35,,,,25.6,
2024-11-17 17:00:00,,windspeed,-7.65,22.35,,,,24.1,
2024-12-11 14:00:00,,windspeed,-7.65,22.35,,,,24.0,
2024-12-15 03:00:00,,windspeed,-7.65,22.35,,,,24.1,
2024-12-15 05:00:00,,windspeed,-7.65,22.35,,,,28.3,
2024-12-15 06:00:00,,windspeed,-7.65,22.35,,,,33.4,
2024-12-15 07:00:00,,windspeed,-7.65,22.35,,,,24.5,
2024-12-15 08:00:00,,windspeed,-7.65,22.35,,,,29.5,
2024-12-15 09:00:00,,windspeed,-7.65,22.35,,,,32.7,
2024-12-15 11:00:00,,windspeed,-7.65,22.35,,,,28.4,
2024-12-15 12:00:00,,windspeed,-7.65,22.35,,,,30.7,
2024-12-15 14:00:00,,windspeed,-7.65,22.35,,,,25.9,
2024-12-15 15:00:00,,windspeed,-7.65,22.35,,,,23.1,
2024-12-15 17:00:00,,windspeed,-7.65,22.35,,,,25.2,
2024-12-15 18:00:00,,windspeed,-7.65,22.35,,,,23.4,
2024-12-18 12:00:00,,windspeed,-7.65,22.35,,,,22.6,
2024-12-18 14:00:00,,windspeed,-7.65,22.35,,,,22.6,
2024-12-24 11:00:00,,windspeed,-7.65,22.35,,,,22.8,
2024-12-28 05:00:00,,windspeed,-7.65,22.35,,,,24.8,
2024-12-28 06:00:00,,windspeed,-7.65,22.35,,,,28.0,
2024-12-28 08:00:00,,windspeed,-7.65,22.35,,,,28.7,
2024-12-28 09:00:00,,windspeed,-7.65,22.35,,,,30.7,
2024-12-28 11:00:00,,windspeed,-7.65,22.35,,,,26.2,
2024-12-28 12:00:00,,windspeed,-7.65,22.35,,,,23.4,
2025-01-05 12:00:00,,windspeed,-7.65,22.35,,,,29.5,
2025-01-05 13:00:00,,windspeed,-7.65,22.35,,,,27.2,
2025-01-05 14:00:00,,windspeed,-7.65,22.35,,,,31.0,
2025-01-05 15:00:00,,windspeed,-7.65,22.35,,,,32.8,
2025-01-05 16:00:00,,windspeed,-7.65,22.35,,,,25.7,
2025-01-05 17:00:00,,windspeed,-7.65,22.35,,,,27.0,
2025-01-05 18:00:00,,windspeed,-7.65,22.35,,,,26.6,
2025-01-15 14:00:00,,windspeed,-7.65,22.35,,,,23.9,
2025-01-15 15:00:00,,windspeed,-7.65,22.35,,,,25.9,
2025-01-15 17:00:00,,windspeed,-7.65,22.35,,,,24.8,
2025-01-15 18:00:00,,windspeed,-7.65,22.35,,,,24.8,
2025-01-20 14:00:00,,windspeed,-7.65,22.35,,,,25.2,
2025-01-20 15:00:00,,windspeed,-7.65,22.35,,,,23.0,
2025-01-20 17:00:00,,windspeed,-7.65,22.35,,,,24.6,
2025-01-20 18:00:00,,windspeed,-7.65,22.35,,,,23.0,
2025-01-26 18:00:00,,windspeed,-7.65,22.35,,,,26.1,
2025-01-26 19:00:00,,windspeed,-7.65,22.35,,,,23.4,
2025-01-26 20:00:00,,windspeed,-7.65,22.35,,,,30.3,
2025-01-27 00:00:00,,windspeed,-7.65,22.35,,,,28.4,
2025-01-27 01:00:00,,windspeed,-7.65,22.35,,,,24.5,
2025-01-27 02:00:00,,windspeed,-7.65,22.35,,,,25.2,
2025-01-27 12:00:00,,windspeed,-7.65,22.35,,,,22.4,
2025-02-04 00:00:00,,windspeed,-7.65,22.35,,,,24.6,
2025-02-04 02:00:00,,windspeed,-7.65,22.35,,,,27.0,
2025-02-04 03:00:00,,windspeed,-7.65,22.35,,,,25.9,
2025-03-12 14:00:00,,windspeed,-7.65,22.35,,,,23.4,
2025-03-16 12:00:00,,windspeed,-7.65,22.35,,,,26.4,
2025-03-16 13:00:00,,windspeed,-7.65,22.35,,,,23.8,
2025-03-16 14:00:00,,windspeed,-7.65,22.35,,,,27.3,
2025-03-16 15:00:00,,windspeed,-7.65,22.35,,,,28.4,
2025-03-16 17:00:00,,windspeed,-7.65,22.35,,,,23.0,
2025-03-18 12:00:00,,windspeed,-7.65,22.35,,,,30.2,
2025-03-18 13:00:00,,windspeed,-7.65,22.35,,,,25.3,
2025-03-18 14:00:00,,windspeed,-7.65,22.35,,,,36.8,
2025-03-18 15:00:00,,windspeed,-7.65,22.35,,,,33.5,
2025-03-18 16:00:00,,windspeed,-7.65,22.35,,,,29.8,
2025-03-18 17:00:00,,windspeed,-7.65,22.35,,,,35.7,
2025-03-18 18:00:00,,windspeed,-7.65,22.35,,,,31.7,
2025-03-18 20:00:00,,windspeed,-7.65,22.35,,,,24.1,
2025-03-30 14:00:00,,windspeed,-7.65,22.35,,,,22.5,
2025-03-31 14:00:00,,windspeed,-7.65,22.35,,,,24.8,
2025-03-31 15:00:00,,windspeed,-7.65,22.35,,,,25.2,
2025-03-31 17:00:00,,windspeed,-7.65,22.35,,,,25.9,
2025-03-31 18:00:00,,windspeed,-7.65,22.35,,,,24.8,
2025-03-31 21:00:00,,windspeed,-7.65,22.35,,,,22.8,
2025-04-01 11:00:00,,windspeed,-7.65,22.35,,,,28.8,
2025-04-01 12:00:00,,windspeed,-7.65,22.35,,,,27.7,
2025-04-01 13:00:00,,windspeed,-7.65,22.35,,,,23.2,
2025-04-01 14:00:00,,windspeed,-7.65,22.35,,,,27.0,
2025-04-01 15:00:00,,windspeed,-7.65,22.35,,,,27.5,
2025-04-01 17:00:00,,windspeed,-7.65,22.35,,,,23.0,
2025-04-13 03:00:00,,windspeed,-7.65,22.35,,,,33.7,
2025-04-14 12:00:00,,windspeed,-7.65,22.35,,,,24.6,
2025-04-14 14:00:00,,windspeed,-7.65,22.35,,,,24.6,
2025-05-11 13:00:00,,windspeed,-7.65,22.35,,,,27.2,
2025-05-17 14:00:00,,windspeed,-7.65,22.35,,,,24.6,
2025-05-17 15:00:00,,windspeed,-7.65,22.35,,,,25.5,
2025-05-20 14:00:00,,windspeed,-7.65,22.35,,,,22.8,
2025-05-21 15:00:00,,windspeed,-7.65,22.35,,,,22.8,
2025-05-26 15:00:00,,windspeed,-7.65,22.35,,,,27.0,
2025-06-08 15:00:00,,windspeed,-7.65,22.35,,,,23.4,
2025-06-12 08:00:00,,windspeed,-7.65,22.35,,,,24.1,
2025-06-13 11:00:00,,windspeed,-7.65,22.35,,,,26.1,
2025-06-27 14:00:00,,windspeed,-7.65,22.35,,,,25.2,
2025-08-03 12:00:00,,windspeed,-7.65,22.35,,,,23.0,
2025-08-03 13:00:00,,windspeed,-7.65,22.35,,,,22.6,
2025-08-13 18:00:00,,windspeed,-7.65,22.35,,,,22.4,
2025-08-23 14:00:00,,windspeed,-7.65,22.35,,,,28.8,
2025-08-23 15:00:00,,windspeed,-7.65,22.35,,,,30.3,
2025-08-23 16:00:00,,windspeed,-7.65,22.35,,,,22.5,
2025-08-23 17:00:00,,windspeed,-7.65,22.35,,,,30.3,
2025-08-23 18:00:00,,windspeed,-7.65,22.35,,,,24.8,
2025-08-26 14:00:00,,windspeed,-7.65,22.35,,,,23.6,
2025-08-26 15:00:00,,windspeed,-7.65,22.35,,,,25.9,
2025-08-26 16:00:00,,windspeed,-7.65,22.35,,,,26.4,
2025-08-28 16:00:00,,windspeed,-7.65,22.35,,,,25.3,
2025-08-28 17:00:00,,windspeed,-7.65,22.35,,,,24.3,
2025-09-01 14:00:00,,windspeed,-7.65,22.35,,,,24.0,
2025-09-01 15:00:00,,windspeed,-7.65,22.35,,,,24.1,
2025-09-01 16:00:00,,windspeed,-7.65,22.35,,,,24.0,
2025-09-06 12:00:00,,windspeed,-7.65,22.35,,,,26.2,
2025-09-06 13:00:00,,windspeed,-7.65,22.35,,,,34.7,
2025-09-06 14:00:00,,windspeed,-7.65,22.35,,,,26.7,
2025-09-06 15:00:00,,windspeed,-7.65,22.35,,,,29.2,
2025-09-06 16:00:00,,windspeed,-7.65,22.35,,,,24.6,
2025-09-06 17:00:00,,windspeed,-7.65,22.35,,,,22.8,
2025-09-16 12:00:00,,windspeed,-7.65,22.35,,,,23.2,
2025-09-16 13:00:00,,windspeed,-7.65,22.35,,,,24.6,
2025-09-16 14:00:00,,windspeed,-7.65,22.35,,,,27.7,
2025-09-16 15:00:00,,windspeed,-7.65,22.35,,,,25.9,
2025-09-16 16:00:00,,windspeed,-7.65,22.35,,,,24.1,
2025-09-20 14:00:00,,windspeed,-7.65,22.35,,,,23.8,
2025-09-20 15:00:00,,windspeed,-7.65,22.35,,,,25.9,
2025-09-22 14:00:00,,windspeed,-7.65,22.35,,,,25.4,
2025-09-22 15:00:00,,windspeed,-7.65,22.35,,,,27.9,
2025-09-22 16:00:00,,windspeed,-7.65,22.35,,,,26.1,
2025-09-22 17:00:00,,windspeed,-7.65,22.35,,,,25.3,
2025-09-27 14:00:00,,windspeed,-7.65,22.35,,,,26.8,
2025-09-27 16:00:00,,windspeed,-7.65,22.35,,,,26.3,
2025-09-28 02:00:00,,windspeed,-7.65,22.35,,,,28.7,
2025-09-28 03:00:00,,windspeed,-7.65,22.35,,,,36.5,
2025-09-28 04:00:00,,windspeed,-7.65,22.35,,,,33.7,
2025-09-28 05:00:00,,windspeed,-7.65,22.35,,,,29.3,
2025-09-28 06:00:00,,windspeed,-7.65,22.35,,,,35.0,
2025-09-28 07:00:00,,windspeed,-7.65,22.35,,,,26.9,
2025-09-28 10:00:00,,windspeed,-7.65,22.35,,,,25.1,
2025-09-28 11:00:00,,windspeed,-7.65,22.35,,,,29.5,
2025-09-28 12:00:00,,windspeed,-7.65,22.35,,,,43.0,
2025-09-28 13:00:00,,windspeed,-7.65,22.35,,,,30.4,
2025-09-28 14:00:00,,windspeed,-7.65,22.35,,,,32.5,
2025-09-28 15:00:00,,windspeed,-7.65,22.35,,,,22.9,
2025-10-04 13:00:00,,windspeed,-7.65,22.35,,,,23.9,
2025-10-04 14:00:00,,windspeed,-7.65,22.35,,,,29.0,
2025-10-04 15:00:00,,windspeed,-7.65,22.35,,,,24.7,
2025-10-04 16:00:00,,windspeed,-7.65,22.35,,,,22.6,
2025-10-12 13:00:00,,windspeed,-7.65,22.35,,,,24.1,
2025-10-12 14:00:00,,windspeed,-7.65,22.35,,,,24.1,
2025-10-20 12:00:00,,windspeed,-7.65,22.35,,,,23.3,
2025-10-20 13:00:00,,windspeed,-7.65,22.35,,,,24.1,
2025-10-20 16:00:00,,windspeed,-7.65,22.35,,,,23.9,
2025-10-20 17:00:00,,windspeed,-7.65,22.35,,,,24.7,
2025-10-20 18:00:00,,windspeed,-7.65,22.35,,,,27.5,
2025-10-20 19:00:00,,windspeed,-7.65,22.35,,,,28.0,
2025-10-20 20:00:00,,windspeed,-7.65,22.35,,,,26.2,
2025-10-20 21:00:00,,windspeed,-7.65,22.35,,,,31.7,
2025-10-20 22:00:00,,windspeed,-7.65,22.35,,,,24.7,
2025-10-20 23:00:00,,windspeed,-7.65,22.35,,,,27.7,
2025-10-21 02:00:00,,windspeed,-7.65,22.35,,,,24.1,
2025-10-21 04:00:00,,windspeed,-7.65,22.35,,,,29.5,
2025-10-21 05:00:00,,windspeed,-7.65,22.35,,,,34.0,
2025-10-21 06:00:00,,windspeed,-7.65,22.35,,,,29.8,
2025-10-21 07:00:00,,windspeed,-7.65,22.35,,,,29.5,
2025-10-21 08:00:00,,windspeed,-7.65,22.35,,,,31.4,
2025-10-21 09:00:00,,windspeed,-7.65,22.35,,,,23.7,
2025-10-21 10:00:00,,windspeed,-7.65,22.35,,,,25.9,
2025-10-21 12:00:00,,windspeed,-7.65,22.35,,,,23.4,
2025-10-21 13:00:00,,windspeed,-7.65,22.35,,,,36.0,
2025-10-21 14:00:00,,windspeed,-7.65,22.35,,,,31.7,
2025-10-21 15:00:00,,windspeed,-7.65,22.35,,,,30.1,
2025-10-21 16:00:00,,windspeed,-7.65,22.35,,,,24.5,
2025-10-21 17:00:00,,windspeed,-7.65,22.35,,,,32.6,
2025-10-21 18:00:00,,windspeed,-7.65,22.35,,,,33.5,
2025-10-21 19:00:00,,windspeed,-7.65,22.35,,,,35.3,
2025-10-21 20:00:00,,windspeed,-7.65,22.35,,,,33.2,
2025-10-21 21:00:00,,windspeed,-7.65,22.35,,,,34.7,
2025-10-21 22:00:00,,windspeed,-7.65,22.35,,,,31.1,
2025-10-22 01:00:00,,windspeed,-7.65,22.35,,,,24.7,
2025-10-22 02:00:00,,windspeed,-7.65,22.35,,,,25.5,
2025-10-22 03:00:00,,windspeed,-7.65,22.35,,,,32.6,
2025-10-22 04:00:00,,windspeed,-7.65,22.35,,,,30.4,
2025-10-22 09:00:00,,windspeed,-7.65,22.35,,,,29.1,
2025-10-22 13:00:00,,windspeed,-7.65,22.35,,,,23.6,
2025-10-25 14:00:00,,windspeed,-7.65,22.35,,,,22.6,
2025-10-26 03:00:00,,windspeed,-7.65,22.35,,,,25.4,
2025-10-26 04:00:00,,windspeed,-7.65,22.35,,,,25.7,
2025-10-26 05:00:00,,windspeed,-7.65,22.35,,,,29.5,
2025-10-26 06:00:00,,windspeed,-7.65,22.35,,,,31.4,
2025-10-26 07:00:00,,windspeed,-7.65,22.35,,,,30.1,
2025-10-26 08:00:00,,windspeed,-7.65,22.35,,,,24.1,
2025-10-26 09:00:00,,windspeed,-7.65,22.35,,,,28.7,
2025-10-26 10:00:00,,windspeed,-7.65,22.35,,,,29.3,
2025-10-26 11:00:00,,windspeed,-7.65,22.35,,,,25.9,
2025-10-26 12:00:00,,windspeed,-7.65,22.35,,,,23.9,
2025-10-26 13:00:00,,windspeed,-7.65,22.35,,,,25.9,
2025-10-26 14:00:00,,windspeed,-7.65,22.35,,,,24.7,
2025-10-26 16:00:00,,windspeed,-7.65,22.35,,,,27.2,
2025-10-26 19:00:00,,windspeed,-7.65,22.35,,,,27.7,
2025-10-27 09:00:00,,windspeed,-7.65,22.35,,,,25.7,
2025-10-27 15:00:00,,windspeed,-7.65,22.35,,,,23.3,
2025-10-27 17:00:00,,windspeed,-7.65,22.35,,,,23.6,
2025-10-27 19:00:00,,windspeed,-7.65,22.35,,,,25.4,
2025-10-28 13:00:00,,windspeed,-7.65,22.35,,,,23.0,
2025-10-28 22:00:00,,windspeed,-7.65,22.35,,,,29.3,
2025-11-03 06:00:00,,windspeed,-7.65,22.35,,,,31.7,
2025-11-06 07:00:00,,windspeed,-7.65,22.35,,,,22.9,
2025-11-06 08:00:00,,windspeed,-7.65,22.35,,,,25.9,
2025-11-06 11:00:00,,windspeed,-7.65,22.35,,,,30.8,
2025-11-06 12:00:00,,windspeed,-7.65,22.35,,,,31.9,
2025-11-06 13:00:00,,windspeed,-7.65,22.35,,,,29.5,
2025-11-06 14:00:00,,windspeed,-7.65,22.35,,,,32.2,
2025-11-06 15:00:00,,windspeed,-7.65,22.35,,,,28.8,
2025-11-06 16:00:00,,windspeed,-7.65,22.35,,,,35.3,
2025-11-06 17:00:00,,windspeed,-7.65,22.35,,,,30.1,
2025-11-06 18:00:00,,windspeed,-7.65,22.35,,,,29.3,
2025-11-06 19:00:00,,windspeed,-7.65,22.35,,,,25.4,
2025-11-06 20:00:00,,windspeed,-7.65,22.35,,,,29.0,
2025-11-06 21:00:00,,windspeed,-7.65,22.35,,,,25.4,
2025-11-07 14:00:00,,windspeed,-7.65,22.35,,,,25.9,
2025-11-07 15:00:00,,windspeed,-7.65,22.35,,,,24.4,
2025-11-07 17:00:00,,windspeed,-7.65,22.35,,,,28.5,
2025-11-11 13:00:00,,windspeed,-7.65,22.35,,,,25.4,
2025-11-11 14:00:00,,windspeed,-7.65,22.35,,,,29.8,
2025-11-11 15:00:00,,windspeed,-7.65,22.35,,,,26.5,
2025-11-11 16:00:00,,windspeed,-7.65,22.35,,,,24.4,
2025-11-11 17:00:00,,windspeed,-7.65,22.35,,,,25.9,
2025-11-11 18:00:00,,windspeed,-7.65,22.35,,,,24.1,
2025-11-12 11:00:00,,windspeed,-7.65,22.35,,,,23.0,
2025-11-12 12:00:00,,windspeed,-7.65,22.35,,,,23.9,
2025-11-12 14:00:00,,windspeed,-7.65,22.35,,,,29.0,
2025-11-12 15:00:00,,windspeed,-7.65,22.35,,,,23.1,
2025-11-12 17:00:00,,windspeed,-7.65,22.35,,,,25.7,
2025-11-13 10:00:00,,windspeed,-7.65,22.35,,,,29.0,
2025-11-13 11:00:00,,windspeed,-7.65,22.35,,,,24.4,
2025-11-14 11:00:00,,windspeed,-7.65,22.35,,,,25.7,
2025-11-14 12:00:00,,windspeed,-7.65,22.35,,,,25.9,
2025-11-14 13:00:00,,windspeed,-7.65,22.35,,,,29.3,
2025-11-14 14:00:00,,windspeed,-7.65,22.35,,,,31.4,
2025-11-14 15:00:00,,windspeed,-7.65,22.35,,,,29.8,
2025-11-14 16:00:00,,windspeed,-7.65,22.35,,,,24.7,
2025-11-16 20:00:00,,windspeed,-7.65,22.35,,,,22.7,
2025-11-18 00:00:00,,windspeed,-7.65,22.35,,,,23.0,
2025-11-18 03:00:00,,windspeed,-7.65,22.35,,,,28.7,
2025-11-18 04:00:00,,windspeed,-7.65,22.35,,,,27.2,
2025-11-18 17:00:00,,windspeed,-7.65,22.35,,,,27.5,
2025-11-18 18:00:00,,windspeed,-7.65,22.35,,,,25.2,
2025-11-18 21:00:00,,windspeed,-7.65,22.35,,,,25.1,
2025-11-18 23:00:00,,windspeed,-7.65,22.35,,,,25.7,
2025-11-19 01:00:00,,windspeed,-7.65,22.35,,,,28.7,
2025-11-19 02:00:00,,windspeed,-7.65,22.35,,,,32.4,
2025-11-19 03:00:00,,windspeed,-7.65,22.35,,,,32.2,
2025-11-19 04:00:00,,windspeed,-7.65,22.35,,,,36.3,
2025-11-19 05:00:00,,windspeed,-7.65,22.35,,,,37.1,
2025-11-19 06:00:00,,windspeed,-7.65,22.35,,,,34.5,
2025-11-19 07:00:00,,windspeed,-7.65,22.35,,,,35.3,
2025-11-19 08:00:00,,windspeed,-7.65,22.35,,,,33.7,
2025-11-19 09:00:00,,windspeed,-7.65,22.35,,,,35.0,
2025-11-19 10:00:00,,windspeed,-7.65,22.35,,,,33.5,
2025-11-19 11:00:00,,windspeed,-7.65,22.35,,,,29.5,
2025-11-19 12:00:00,,windspeed,-7.65,22.35,,,,30.8,
2025-11-19 13:00:00,,windspeed,-7.65,22.35,,,,27.0,
2025-11-19 14:00:00,,windspeed,-7.65,22.35,,,,31.1,
2025-11-19 15:00:00,,windspeed,-7.65,22.35,,,,31.9,
2025-11-19 16:00:00,,windspeed,-7.65,22.35,,,,31.1,
2025-11-19 17:00:00,,windspeed,-7.65,22.35,,,,34.0,
2025-11-19 18:00:00,,windspeed,-7.65,22.35,,,,26.5,
2025-11-19 19:00:00,,windspeed,-7.65,22.35,,,,31.1,
2025-11-19 20:00:00,,windspeed,-7.65,22.35,,,,28.0,
2025-11-19 21:00:00,,windspeed,-7.65,22.35,,,,27.7,
2025-11-19 22:00:00,,windspeed,-7.65,22.35,,,,25.2,
2025-11-19 23:00:00,,windspeed,-7.65,22.35,,,,22.9,
2025-11-20 14:00:00,,windspeed,-7.65,22.35,,,,24.4,
2025-11-20 15:00:00,,windspeed,-7.65,22.35,,,,23.0,
2025-11-27 05:00:00,,windspeed,-7.65,22.35,,,,25.7,
2025-11-27 06:00:00,,windspeed,-7.65,22.35,,,,30.8,
2025-11-27 07:00:00,,windspeed,-7.65,22.35,,,,36.8,
2025-11-27 08:00:00,,windspeed,-7.65,22.35,,,,31.7,
2025-11-27 09:00:00,,windspeed,-7.65,22.35,,,,35.5,
2025-11-27 10:00:00,,windspeed,-7.65,22.35,,,,35.8,
2025-11-27 11:00:00,,windspeed,-7.65,22.35,,,,30.1,
2025-11-27 12:00:00,,windspeed,-7.65,22.35,,,,30.1,
2025-11-27 13:00:00,,windspeed,-7.65,22.35,,,,31.9,
2025-11-27 14:00:00,,windspeed,-7.65,22.35,,,,28.6,
2025-11-27 15:00:00,,windspeed,-7.65,22.35,,,,25.9,
2025-11-27 16:00:00,,windspeed,-7.65,22.35,,,,25.9,
2025-11-27 17:00:00,,windspeed,-7.65,22.35,,,,29.3,
2025-11-28 10:00:00,,windspeed,-7.65,22.35,,,,27.9,
2025-11-28 11:00:00,,windspeed,-7.65,22.35,,,,33.2,
2025-11-28 12:00:00,,windspeed,-7.65,22.35,,,,36.5,
2025-11-28 13:00:00,,windspeed,-7.65,22.35,,,,33.7,
2025-11-28 14:00:00,,windspeed,-7.65,22.35,,,,28.3,
2025-12-02 18:00:00,,windspeed,-7.65,22.35,,,,22.6,
2025-12-19 14:00:00,,windspeed,-7.65,22.35,,,,23.6,
2025-12-20 14:00:00,,windspeed,-7.65,22.35,,,,22.6,
2025-12-25 22:00:00,,windspeed,-7.65,22.35,,,,24.3,
2025-12-25 23:00:00,,windspeed,-7.65,22.35,,,,29.5,
2025-12-26 00:00:00,,windspeed,-7.65,22.35,,,,31.4,
2025-12-26 01:00:00,,windspeed,-7.65,22.35,,,,29.5,
2025-12-26 02:00:00,,windspeed,-7.65,22.35,,,,28.7,
2025-12-26 03:00:00,,windspeed,-7.65,22.35,,,,28.0,
2025-12-26 04:00:00,,windspeed,-7.65,22.35,,,,23.3,
2025-12-26 06:00:00,,windspeed,-7.65,22.35,,,,24.1,
2025-12-26 07:00:00,,windspeed,-7.65,22.35,,,,25.9,
2025-12-26 08:00:00,,windspeed,-7.65,22.35,,,,24.9,
2025-12-26 12:00:00,,windspeed,-7.65,22.35,,,,25.9,
2025-12-26 13:00:00,,windspeed,-7.65,22.35,,,,26.9,
2025-12-26 14:00:00,,windspeed,-7.65,22.35,,,,27.2,
2025-12-26 15:00:00,,windspeed,-7.65,22.35,,,,24.9,
2026-01-03 09:00:00,,windspeed,-7.65,22.35,,,,24.1,
2026-01-03 12:00:00,,windspeed,-7.65,22.35,,,,24.1,
2026-01-13 13:00:00,,windspeed,-7.65,22.35,,,,24.1,
2026-01-13 14:00:00,,windspeed,-7.65,22.35,,,,25.9,
2026-01-13 15:00:00,,windspeed,-7.65,22.35,,,,25.9,
2026-01-13 16:00:00,,windspeed,-7.65,22.35,,,,24.1,
2026-01-13 17:00:00,,windspeed,-7.65,22.35,,,,24.1,
2026-03-05 15:00:00,,windspeed,-7.65,22.35,,,,24.1,
2023-03-20 12:00:00,,solarradiation,-541.575,902.625,,,,,914.3
2023-03-20 13:00:00,,solarradiation,-541.575,902.625,,,,,944.4
2023-03-21 12:00:00,,solarradiation,-541.575,902.625,,,,,959.8
2023-03-21 13:00:00,,solarradiation,-541.575,902.625,,,,,963.5
2023-03-22 12:00:00,,solarradiation,-541.575,902.625,,,,,966.9
2023-03-22 13:00:00,,solarradiation,-541.575,902.625,,,,,969.8
2023-03-23 12:00:00,,solarradiation,-541.575,902.625,,,,,961.3
2023-03-23 13:00:00,,solarradiation,-541.575,902.625,,,,,956.9
2023-03-24 12:00:00,,solarradiation,-541.575,902.625,,,,,950.6
2023-03-24 13:00:00,,solarradiation,-541.575,902.625,,,,,947.9
2023-03-25 12:00:00,,solarradiation,-541.575,902.625,,,,,957.8
2023-03-25 13:00:00,,solarradiation,-541.575,902.625,,,,,944.4
2023-04-02 13:00:00,,solarradiation,-541.575,902.625,,,,,929.1
2023-04-03 12:00:00,,solarradiation,-541.575,902.625,,,,,953.2
2023-04-03 13:00:00,,solarradiation,-541.575,902.625,,,,,973.4
2023-04-04 11:00:00,,solarradiation,-541.575,902.625,,,,,914.4
2023-04-04 12:00:00,,solarradiation,-541.575,902.625,,,,,977.0
2023-04-04 13:00:00,,solarradiation,-541.575,902.625,,,,,927.4
2023-04-05 11:00:00,,solarradiation,-541.575,902.625,,,,,914.6
2023-04-05 12:00:00,,solarradiation,-541.575,902.625,,,,,979.2
2023-04-05 13:00:00,,solarradiation,-541.575,902.625,,,,,948.0
2023-04-08 12:00:00,,solarradiation,-541.575,902.625,,,,,902.9
2023-04-08 13:00:00,,solarradiation,-541.575,902.625,,,,,962.2
2023-04-11 11:00:00,,solarradiation,-541.575,902.625,,,,,918.8
2023-04-11 12:00:00,,solarradiation,-541.575,902.625,,,,,987.8
2023-04-11 13:00:00,,solarradiation,-541.575,902.625,,,,,973.6
2023-04-12 12:00:00,,solarradiation,-541.575,902.625,,,,,926.1
2023-04-13 13:00:00,,solarradiation,-541.575,902.625,,,,,937.0
2023-04-14 12:00:00,,solarradiation,-541.575,902.625,,,,,961.0
2023-04-14 13:00:00,,solarradiation,-541.575,902.625,,,,,937.2
2023-04-17 12:00:00,,solarradiation,-541.575,902.625,,,,,956.3
2023-04-17 13:00:00,,solarradiation,-541.575,902.625,,,,,935.3
2023-04-18 11:00:00,,solarradiation,-541.575,902.625,,,,,931.6
2023-04-18 12:00:00,,solarradiation,-541.575,902.625,,,,,990.5
2023-04-18 13:00:00,,solarradiation,-541.575,902.625,,,,,984.0
2023-04-19 11:00:00,,solarradiation,-541.575,902.625,,,,,940.9
2023-04-19 12:00:00,,solarradiation,-541.575,902.625,,,,,1000.1
2023-04-19 13:00:00,,solarradiation,-541.575,902.625,,,,,929.9
2023-04-20 11:00:00,,solarradiation,-541.575,902.625,,,,,943.3
2023-04-20 12:00:00,,solarradiation,-541.575,902.625,,,,,1001.2
2023-04-20 13:00:00,,solarradiation,-541.575,902.625,,,,,985.5
2023-04-21 11:00:00,,solarradiation,-541.575,902.625,,,,,905.8
2023-04-21 12:00:00,,solarradiation,-541.575,902.625,,,,,979.5
2023-04-21 13:00:00,,solarradiation,-541.575,902.625,,,,,903.8
2023-04-22 11:00:00,,solarradiation,-541.575,902.625,,,,,921.8
2023-04-22 12:00:00,,solarradiation,-541.575,902.625,,,,,985.3
2023-04-22 13:00:00,,solarradiation,-541.575,902.625,,,,,964.2
2023-04-23 11:00:00,,solarradiation,-541.575,902.625,,,,,903.0
2023-04-23 12:00:00,,solarradiation,-541.575,902.625,,,,,950.1
2023-04-23 13:00:00,,solarradiation,-541.575,902.625,,,,,924.8
2023-04-24 11:00:00,,solarradiation,-541.575,902.625,,,,,912.3
2023-04-24 12:00:00,,solarradiation,-541.575,902.625,,,,,965.0
2023-04-25 13:00:00,,solarradiation,-541.575,902.625,,,,,902.9
2023-04-28 13:00:00,,solarradiation,-541.575,902.625,,,,,949.6
2023-04-29 11:00:00,,solarradiation,-541.575,902.625,,,,,926.5
2023-04-29 12:00:00,,solarradiation,-541.575,902.625,,,,,977.0
2023-04-29 13:00:00,,solarradiation,-541.575,902.625,,,,,970.2
2023-05-03 11:00:00,,solarradiation,-541.575,902.625,,,,,932.4
2023-05-03 12:00:00,,solarradiation,-541.575,902.625,,,,,988.7
2023-05-03 13:00:00,,solarradiation,-541.575,902.625,,,,,970.0
2023-05-04 11:00:00,,solarradiation,-541.575,902.625,,,,,935.5
2023-05-04 12:00:00,,solarradiation,-541.575,902.625,,,,,985.0
2023-05-05 11:00:00,,solarradiation,-541.575,902.625,,,,,937.6
2023-05-05 12:00:00,,solarradiation,-541.575,902.625,,,,,991.5
2023-05-05 13:00:00,,solarradiation,-541.575,902.625,,,,,905.4
2023-05-06 11:00:00,,solarradiation,-541.575,902.625,,,,,929.7
2023-05-06 12:00:00,,solarradiation,-541.575,902.625,,,,,987.9
2023-05-07 11:00:00,,solarradiation,-541.575,902.625,,,,,931.6
2023-05-07 12:00:00,,solarradiation,-541.575,902.625,,,,,984.3
2023-05-07 13:00:00,,solarradiation,-541.575,902.625,,,,,958.0
2023-05-08 13:00:00,,solarradiation,-541.575,902.625,,,,,908.2
2023-05-16 11:00:00,,solarradiation,-541.575,902.625,,,,,917.5
2023-05-16 12:00:00,,solarradiation,-541.575,902.625,,,,,960.9
2023-05-16 13:00:00,,solarradiation,-541.575,902.625,,,,,944.8
2023-05-17 12:00:00,,solarradiation,-541.575,902.625,,,,,980.7
2023-05-17 13:00:00,,solarradiation,-541.575,902.625,,,,,957.7
2023-05-18 11:00:00,,solarradiation,-541.575,902.625,,,,,941.0
2023-05-18 12:00:00,,solarradiation,-541.575,902.625,,,,,981.5
2023-05-19 11:00:00,,solarradiation,-541.575,902.625,,,,,941.5
2023-05-19 12:00:00,,solarradiation,-541.575,902.625,,,,,930.6
2023-05-20 11:00:00,,solarradiation,-541.575,902.625,,,,,929.0
2023-05-20 12:00:00,,solarradiation,-541.575,902.625,,,,,921.9
2023-05-20 13:00:00,,solarradiation,-541.575,902.625,,,,,903.5
2023-05-21 11:00:00,,solarradiation,-541.575,902.625,,,,,924.1
2023-05-21 12:00:00,,solarradiation,-541.575,902.625,,,,,947.0
2023-05-21 13:00:00,,solarradiation,-541.575,902.625,,,,,926.7
2023-05-22 11:00:00,,solarradiation,-541.575,902.625,,,,,920.7
2023-05-22 12:00:00,,solarradiation,-541.575,902.625,,,,,977.9
2023-05-22 13:00:00,,solarradiation,-541.575,902.625,,,,,927.9
2023-05-23 11:00:00,,solarradiation,-541.575,902.625,,,,,928.2
2023-05-23 12:00:00,,solarradiation,-541.575,902.625,,,,,986.1
2023-05-23 13:00:00,,solarradiation,-541.575,902.625,,,,,942.4
2023-05-24 11:00:00,,solarradiation,-541.575,902.625,,,,,910.4
2023-05-24 12:00:00,,solarradiation,-541.575,902.625,,,,,938.4
2023-05-24 13:00:00,,solarradiation,-541.575,902.625,,,,,941.2
2023-05-25 13:00:00,,solarradiation,-541.575,902.625,,,,,914.1
2023-05-26 13:00:00,,solarradiation,-541.575,902.625,,,,,917.4
2023-05-27 12:00:00,,solarradiation,-541.575,902.625,,,,,918.6
2023-05-29 13:00:00,,solarradiation,-541.575,902.625,,,,,911.3
2023-05-30 12:00:00,,solarradiation,-541.575,902.625,,,,,924.5
2023-05-30 13:00:00,,solarradiation,-541.575,902.625,,,,,940.2
2023-06-01 11:00:00,,solarradiation,-541.575,902.625,,,,,920.7
2023-06-02 11:00:00,,solarradiation,-541.575,902.625,,,,,920.3
2023-06-02 13:00:00,,solarradiation,-541.575,902.625,,,,,933.8
2023-06-03 12:00:00,,solarradiation,-541.575,902.625,,,,,922.6
2023-06-04 12:00:00,,solarradiation,-541.575,902.625,,,,,951.0
2023-06-11 12:00:00,,solarradiation,-541.575,902.625,,,,,935.6
2023-06-12 12:00:00,,solarradiation,-541.575,902.625,,,,,911.8
2023-06-17 12:00:00,,solarradiation,-541.575,902.625,,,,,909.6
2023-06-19 12:00:00,,solarradiation,-541.575,902.625,,,,,951.8
2023-06-19 13:00:00,,solarradiation,-541.575,902.625,,,,,922.0
2023-06-20 12:00:00,,solarradiation,-541.575,902.625,,,,,916.6
2023-06-21 11:00:00,,solarradiation,-541.575,902.625,,,,,906.0
2023-06-21 12:00:00,,solarradiation,-541.575,902.625,,,,,951.0
2023-06-22 11:00:00,,solarradiation,-541.575,902.625,,,,,916.2
2023-06-22 12:00:00,,solarradiation,-541.575,902.625,,,,,964.6
2023-06-22 13:00:00,,solarradiation,-541.575,902.625,,,,,934.9
2023-06-23 11:00:00,,solarradiation,-541.575,902.625,,,,,909.4
2023-06-23 12:00:00,,solarradiation,-541.575,902.625,,,,,961.0
2023-06-23 13:00:00,,solarradiation,-541.575,902.625,,,,,939.3
2023-06-24 13:00:00,,solarradiation,-541.575,902.625,,,,,927.4
2023-06-27 13:00:00,,solarradiation,-541.575,902.625,,,,,925.8
2023-06-28 12:00:00,,solarradiation,-541.575,902.625,,,,,955.8
2023-06-28 13:00:00,,solarradiation,-541.575,902.625,,,,,935.0
2023-06-30 12:00:00,,solarradiation,-541.575,902.625,,,,,963.7
2023-06-30 13:00:00,,solarradiation,-541.575,902.625,,,,,956.6
2023-07-01 12:00:00,,solarradiation,-541.575,902.625,,,,,949.3
2023-07-05 11:00:00,,solarradiation,-541.575,902.625,,,,,910.1
2023-07-05 12:00:00,,solarradiation,-541.575,902.625,,,,,944.1
2023-07-05 13:00:00,,solarradiation,-541.575,902.625,,,,,940.9
2023-07-06 11:00:00,,solarradiation,-541.575,902.625,,,,,905.1
2023-07-06 12:00:00,,solarradiation,-541.575,902.625,,,,,908.8
2023-07-07 12:00:00,,solarradiation,-541.575,902.625,,,,,966.2
2023-07-07 13:00:00,,solarradiation,-541.575,902.625,,,,,922.0
2023-07-09 12:00:00,,solarradiation,-541.575,902.625,,,,,940.0
2023-07-09 13:00:00,,solarradiation,-541.575,902.625,,,,,956.9
2023-07-10 12:00:00,,solarradiation,-541.575,902.625,,,,,960.4
2023-07-10 13:00:00,,solarradiation,-541.575,902.625,,,,,956.8
2023-07-11 11:00:00,,solarradiation,-541.575,902.625,,,,,903.1
2023-07-11 12:00:00,,solarradiation,-541.575,902.625,,,,,955.4
2023-07-11 13:00:00,,solarradiation,-541.575,902.625,,,,,931.0
2023-07-12 12:00:00,,solarradiation,-541.575,902.625,,,,,924.2
2023-07-13 11:00:00,,solarradiation,-541.575,902.625,,,,,908.8
2023-07-13 12:00:00,,solarradiation,-541.575,902.625,,,,,969.7
2023-07-13 13:00:00,,solarradiation,-541.575,902.625,,,,,949.8
2023-07-14 11:00:00,,solarradiation,-541.575,902.625,,,,,906.2
2023-07-14 12:00:00,,solarradiation,-541.575,902.625,,,,,948.1
2023-07-15 12:00:00,,solarradiation,-541.575,902.625,,,,,943.8
2023-07-15 13:00:00,,solarradiation,-541.575,902.625,,,,,927.7
2023-07-27 13:00:00,,solarradiation,-541.575,902.625,,,,,910.2
2023-07-28 12:00:00,,solarradiation,-541.575,902.625,,,,,945.3
2023-07-28 13:00:00,,solarradiation,-541.575,902.625,,,,,936.2
2023-07-29 13:00:00,,solarradiation,-541.575,902.625,,,,,925.4
2023-08-06 12:00:00,,solarradiation,-541.575,902.625,,,,,913.2
2023-08-06 13:00:00,,solarradiation,-541.575,902.625,,,,,947.9
2023-08-07 12:00:00,,solarradiation,-541.575,902.625,,,,,976.5
2023-08-07 13:00:00,,solarradiation,-541.575,902.625,,,,,964.6
2023-08-08 11:00:00,,solarradiation,-541.575,902.625,,,,,912.7
2023-08-08 12:00:00,,solarradiation,-541.575,902.625,,,,,946.2
2023-08-08 13:00:00,,solarradiation,-541.575,902.625,,,,,955.4
2023-08-09 11:00:00,,solarradiation,-541.575,902.625,,,,,905.2
2023-08-09 12:00:00,,solarradiation,-541.575,902.625,,,,,941.7
2023-08-09 13:00:00,,solarradiation,-541.575,902.625,,,,,959.5
2023-08-10 12:00:00,,solarradiation,-541.575,902.625,,,,,971.0
2023-08-11 12:00:00,,solarradiation,-541.575,902.625,,,,,945.7
2023-08-11 13:00:00,,solarradiation,-541.575,902.625,,,,,951.9
2023-08-13 12:00:00,,solarradiation,-541.575,902.625,,,,,907.4
2023-08-15 11:00:00,,solarradiation,-541.575,902.625,,,,,917.6
2023-08-15 12:00:00,,solarradiation,-541.575,902.625,,,,,918.2
2023-08-16 12:00:00,,solarradiation,-541.575,902.625,,,,,953.5
2023-08-17 11:00:00,,solarradiation,-541.575,902.625,,,,,909.0
2023-08-17 12:00:00,,solarradiation,-541.575,902.625,,,,,954.6
2023-08-17 13:00:00,,solarradiation,-541.575,902.625,,,,,958.3
2023-08-19 13:00:00,,solarradiation,-541.575,902.625,,,,,906.5
2023-08-23 12:00:00,,solarradiation,-541.575,902.625,,,,,939.1
2023-08-23 13:00:00,,solarradiation,-541.575,902.625,,,,,908.5
2023-08-25 12:00:00,,solarradiation,-541.575,902.625,,,,,926.1
2023-08-27 12:00:00,,solarradiation,-541.575,902.625,,,,,935.1
2023-08-27 13:00:00,,solarradiation,-541.575,902.625,,,,,945.0
2023-08-28 12:00:00,,solarradiation,-541.575,902.625,,,,,943.7
2023-09-02 12:00:00,,solarradiation,-541.575,902.625,,,,,917.2
2023-09-03 11:00:00,,solarradiation,-541.575,902.625,,,,,913.5
2023-09-05 12:00:00,,solarradiation,-541.575,902.625,,,,,944.6
2023-09-20 12:00:00,,solarradiation,-541.575,902.625,,,,,952.4
2023-09-20 13:00:00,,solarradiation,-541.575,902.625,,,,,931.2
2023-09-21 13:00:00,,solarradiation,-541.575,902.625,,,,,911.4
2023-09-22 12:00:00,,solarradiation,-541.575,902.625,,,,,949.0
2023-09-22 13:00:00,,solarradiation,-541.575,902.625,,,,,913.8
2024-03-04 12:00:00,,solarradiation,-541.575,902.625,,,,,924.9
2024-03-04 13:00:00,,solarradiation,-541.575,902.625,,,,,924.8
2024-03-05 12:00:00,,solarradiation,-541.575,902.625,,,,,931.1
2024-03-05 13:00:00,,solarradiation,-541.575,902.625,,,,,927.8
2024-03-06 12:00:00,,solarradiation,-541.575,902.625,,,,,943.4
2024-03-06 13:00:00,,solarradiation,-541.575,902.625,,,,,940.7
2024-03-17 12:00:00,,solarradiation,-541.575,902.625,,,,,940.8
2024-03-17 13:00:00,,solarradiation,-541.575,902.625,,,,,947.2
2024-03-18 12:00:00,,solarradiation,-541.575,902.625,,,,,954.3
2024-03-18 13:00:00,,solarradiation,-541.575,902.625,,,,,959.6
2024-03-22 12:00:00,,solarradiation,-541.575,902.625,,,,,961.7
2024-03-22 13:00:00,,solarradiation,-541.575,902.625,,,,,952.1
2024-03-23 13:00:00,,solarradiation,-541.575,902.625,,,,,941.7
2024-03-24 12:00:00,,solarradiation,-541.575,902.625,,,,,950.2
2024-03-24 13:00:00,,solarradiation,-541.575,902.625,,,,,928.4
2024-03-25 12:00:00,,solarradiation,-541.575,902.625,,,,,908.6
2024-03-25 13:00:00,,solarradiation,-541.575,902.625,,,,,953.4
2024-03-26 12:00:00,,solarradiation,-541.575,902.625,,,,,968.3
2024-03-26 13:00:00,,solarradiation,-541.575,902.625,,,,,964.7
2024-03-28 12:00:00,,solarradiation,-541.575,902.625,,,,,953.2
2024-03-28 13:00:00,,solarradiation,-541.575,902.625,,,,,911.6
2024-03-30 12:00:00,,solarradiation,-541.575,902.625,,,,,930.5
2024-03-31 12:00:00,,solarradiation,-541.575,902.625,,,,,965.3
2024-03-31 13:00:00,,solarradiation,-541.575,902.625,,,,,921.2
2024-04-01 11:00:00,,solarradiation,-541.575,902.625,,,,,914.3
2024-04-01 12:00:00,,solarradiation,-541.575,902.625,,,,,970.2
2024-04-01 13:00:00,,solarradiation,-541.575,902.625,,,,,924.8
2024-04-02 11:00:00,,solarradiation,-541.575,902.625,,,,,910.6
2024-04-02 12:00:00,,solarradiation,-541.575,902.625,,,,,972.3
2024-04-02 13:00:00,,solarradiation,-541.575,902.625,,,,,942.2
2024-04-03 11:00:00,,solarradiation,-541.575,902.625,,,,,912.3
2024-04-03 12:00:00,,solarradiation,-541.575,902.625,,,,,980.5
2024-04-04 11:00:00,,solarradiation,-541.575,902.625,,,,,910.5
2024-04-04 12:00:00,,solarradiation,-541.575,902.625,,,,,914.3
2024-04-04 13:00:00,,solarradiation,-541.575,902.625,,,,,941.0
2024-04-05 11:00:00,,solarradiation,-541.575,902.625,,,,,904.4
2024-04-05 12:00:00,,solarradiation,-541.575,902.625,,,,,973.2
2024-04-06 11:00:00,,solarradiation,-541.575,902.625,,,,,908.8
2024-04-06 12:00:00,,solarradiation,-541.575,902.625,,,,,974.0
2024-04-06 13:00:00,,solarradiation,-541.575,902.625,,,,,961.0
2024-04-07 12:00:00,,solarradiation,-541.575,902.625,,,,,979.8
2024-04-07 13:00:00,,solarradiation,-541.575,902.625,,,,,969.8
2024-04-08 11:00:00,,solarradiation,-541.575,902.625,,,,,914.3
2024-04-08 12:00:00,,solarradiation,-541.575,902.625,,,,,986.5
2024-04-08 13:00:00,,solarradiation,-541.575,902.625,,,,,961.1
2024-04-09 13:00:00,,solarradiation,-541.575,902.625,,,,,963.1
2024-04-10 12:00:00,,solarradiation,-541.575,902.625,,,,,971.9
2024-04-10 13:00:00,,solarradiation,-541.575,902.625,,,,,976.4
2024-04-11 12:00:00,,solarradiation,-541.575,902.625,,,,,965.8
2024-04-11 13:00:00,,solarradiation,-541.575,902.625,,,,,978.1
2024-04-12 13:00:00,,solarradiation,-541.575,902.625,,,,,976.6
2024-04-13 11:00:00,,solarradiation,-541.575,902.625,,,,,949.8
2024-04-13 12:00:00,,solarradiation,-541.575,902.625,,,,,1012.1
2024-04-13 13:00:00,,solarradiation,-541.575,902.625,,,,,998.0
2024-04-13 14:00:00,,solarradiation,-541.575,902.625,,,,,903.0
2024-04-14 11:00:00,,solarradiation,-541.575,902.625,,,,,936.2
2024-04-14 12:00:00,,solarradiation,-541.575,902.625,,,,,997.6
2024-04-14 13:00:00,,solarradiation,-541.575,902.625,,,,,984.0
2024-04-15 11:00:00,,solarradiation,-541.575,902.625,,,,,950.6
2024-04-15 12:00:00,,solarradiation,-541.575,902.625,,,,,1010.9
2024-04-15 13:00:00,,solarradiation,-541.575,902.625,,,,,996.4
2024-04-15 14:00:00,,solarradiation,-541.575,902.625,,,,,906.6
2024-04-16 11:00:00,,solarradiation,-541.575,902.625,,,,,909.2
2024-04-16 12:00:00,,solarradiation,-541.575,902.625,,,,,996.9
2024-04-16 13:00:00,,solarradiation,-541.575,902.625,,,,,987.0
2024-04-17 11:00:00,,solarradiation,-541.575,902.625,,,,,925.8
2024-04-17 12:00:00,,solarradiation,-541.575,902.625,,,,,984.4
2024-04-17 13:00:00,,solarradiation,-541.575,902.625,,,,,913.1
2024-04-18 13:00:00,,solarradiation,-541.575,902.625,,,,,904.2
2024-04-19 11:00:00,,solarradiation,-541.575,902.625,,,,,925.5
2024-04-19 12:00:00,,solarradiation,-541.575,902.625,,,,,990.7
2024-04-19 13:00:00,,solarradiation,-541.575,902.625,,,,,931.1
2024-04-20 11:00:00,,solarradiation,-541.575,902.625,,,,,936.6
2024-04-20 12:00:00,,solarradiation,-541.575,902.625,,,,,987.3
2024-04-20 13:00:00,,solarradiation,-541.575,902.625,,,,,954.2
2024-04-21 11:00:00,,solarradiation,-541.575,902.625,,,,,930.5
2024-04-21 12:00:00,,solarradiation,-541.575,902.625,,,,,984.4
2024-04-21 13:00:00,,solarradiation,-541.575,902.625,,,,,931.6
2024-04-22 11:00:00,,solarradiation,-541.575,902.625,,,,,931.7
2024-04-22 12:00:00,,solarradiation,-541.575,902.625,,,,,955.9
2024-04-22 13:00:00,,solarradiation,-541.575,902.625,,,,,957.7
2024-04-23 11:00:00,,solarradiation,-541.575,902.625,,,,,931.8
2024-04-23 12:00:00,,solarradiation,-541.575,902.625,,,,,958.4
2024-04-23 13:00:00,,solarradiation,-541.575,902.625,,,,,951.9
2024-04-24 11:00:00,,solarradiation,-541.575,902.625,,,,,921.4
2024-04-24 12:00:00,,solarradiation,-541.575,902.625,,,,,982.1
2024-04-24 13:00:00,,solarradiation,-541.575,902.625,,,,,943.0
2024-04-25 11:00:00,,solarradiation,-541.575,902.625,,,,,926.5
2024-04-25 12:00:00,,solarradiation,-541.575,902.625,,,,,975.1
2024-04-26 11:00:00,,solarradiation,-541.575,902.625,,,,,941.1
2024-04-26 12:00:00,,solarradiation,-541.575,902.625,,,,,926.9
2024-04-27 11:00:00,,solarradiation,-541.575,902.625,,,,,942.8
2024-04-27 12:00:00,,solarradiation,-541.575,902.625,,,,,1004.6
2024-04-28 11:00:00,,solarradiation,-541.575,902.625,,,,,948.9
2024-04-28 12:00:00,,solarradiation,-541.575,902.625,,,,,995.3
2024-04-28 13:00:00,,solarradiation,-541.575,902.625,,,,,938.6
2024-04-29 11:00:00,,solarradiation,-541.575,902.625,,,,,941.7
2024-04-29 12:00:00,,solarradiation,-541.575,902.625,,,,,980.2
2024-04-30 11:00:00,,solarradiation,-541.575,902.625,,,,,938.8
2024-04-30 12:00:00,,solarradiation,-541.575,902.625,,,,,936.3
2024-04-30 13:00:00,,solarradiation,-541.575,902.625,,,,,959.6
2024-05-01 11:00:00,,solarradiation,-541.575,902.625,,,,,945.2
2024-05-01 12:00:00,,solarradiation,-541.575,902.625,,,,,941.4
2024-05-02 11:00:00,,solarradiation,-541.575,902.625,,,,,915.1
2024-05-02 12:00:00,,solarradiation,-541.575,902.625,,,,,976.2
2024-05-02 13:00:00,,solarradiation,-541.575,902.625,,,,,926.8
2024-05-03 11:00:00,,solarradiation,-541.575,902.625,,,,,923.5
2024-05-03 12:00:00,,solarradiation,-541.575,902.625,,,,,981.9
2024-05-03 13:00:00,,solarradiation,-541.575,902.625,,,,,966.6
2024-05-05 12:00:00,,solarradiation,-541.575,902.625,,,,,934.4
2024-05-05 13:00:00,,solarradiation,-541.575,902.625,,,,,910.0
2024-05-06 12:00:00,,solarradiation,-541.575,902.625,,,,,952.2
2024-05-07 11:00:00,,solarradiation,-541.575,902.625,,,,,917.1
2024-05-07 12:00:00,,solarradiation,-541.575,902.625,,,,,983.2
2024-05-07 13:00:00,,solarradiation,-541.575,902.625,,,,,956.1
2024-05-09 12:00:00,,solarradiation,-541.575,902.625,,,,,915.0
2024-05-11 11:00:00,,solarradiation,-541.575,902.625,,,,,921.5
2024-05-11 12:00:00,,solarradiation,-541.575,902.625,,,,,969.3
2024-05-11 13:00:00,,solarradiation,-541.575,902.625,,,,,969.4
2024-05-12 11:00:00,,solarradiation,-541.575,902.625,,,,,924.3
2024-05-12 12:00:00,,solarradiation,-541.575,902.625,,,,,954.2
2024-05-12 13:00:00,,solarradiation,-541.575,902.625,,,,,932.4
2024-05-15 12:00:00,,solarradiation,-541.575,902.625,,,,,918.4
2024-05-15 13:00:00,,solarradiation,-541.575,902.625,,,,,949.7
2024-05-18 12:00:00,,solarradiation,-541.575,902.625,,,,,903.7
2024-05-18 13:00:00,,solarradiation,-541.575,902.625,,,,,912.0
2024-05-19 11:00:00,,solarradiation,-541.575,902.625,,,,,909.2
2024-05-19 12:00:00,,solarradiation,-541.575,902.625,,,,,958.3
2024-05-19 13:00:00,,solarradiation,-541.575,902.625,,,,,917.5
2024-05-25 12:00:00,,solarradiation,-541.575,902.625,,,,,939.8
2024-05-25 13:00:00,,solarradiation,-541.575,902.625,,,,,931.8
2024-05-26 12:00:00,,solarradiation,-541.575,902.625,,,,,955.1
2024-05-26 13:00:00,,solarradiation,-541.575,902.625,,,,,927.6
2024-05-27 11:00:00,,solarradiation,-541.575,902.625,,,,,902.8
2024-05-27 12:00:00,,solarradiation,-541.575,902.625,,,,,944.9
2024-06-04 12:00:00,,solarradiation,-541.575,902.625,,,,,936.6
2024-06-12 12:00:00,,solarradiation,-541.575,902.625,,,,,961.5
2024-06-13 12:00:00,,solarradiation,-541.575,902.625,,,,,959.3
2024-06-13 13:00:00,,solarradiation,-541.575,902.625,,,,,943.3
2024-06-14 11:00:00,,solarradiation,-541.575,902.625,,,,,904.6
2024-06-14 12:00:00,,solarradiation,-541.575,902.625,,,,,969.5
2024-06-14 13:00:00,,solarradiation,-541.575,902.625,,,,,944.9
2024-06-15 12:00:00,,solarradiation,-541.575,902.625,,,,,949.1
2024-06-15 13:00:00,,solarradiation,-541.575,902.625,,,,,940.7
2024-06-16 12:00:00,,solarradiation,-541.575,902.625,,,,,936.9
2024-06-16 13:00:00,,solarradiation,-541.575,902.625,,,,,908.3
2024-06-17 12:00:00,,solarradiation,-541.575,902.625,,,,,955.2
2024-06-17 13:00:00,,solarradiation,-541.575,902.625,,,,,920.6
2024-06-18 12:00:00,,solarradiation,-541.575,902.625,,,,,934.5
2024-06-19 12:00:00,,solarradiation,-541.575,902.625,,,,,927.4
2024-06-28 12:00:00,,solarradiation,-541.575,902.625,,,,,935.7
2024-06-28 13:00:00,,solarradiation,-541.575,902.625,,,,,944.4
2024-06-29 12:00:00,,solarradiation,-541.575,902.625,,,,,953.2
2024-07-01 12:00:00,,solarradiation,-541.575,902.625,,,,,948.6
2024-07-01 13:00:00,,solarradiation,-541.575,902.625,,,,,925.4
2024-07-02 12:00:00,,solarradiation,-541.575,902.625,,,,,955.7
2024-07-02 13:00:00,,solarradiation,-541.575,902.625,,,,,907.0
2024-07-07 12:00:00,,solarradiation,-541.575,902.625,,,,,916.5
2024-07-07 13:00:00,,solarradiation,-541.575,902.625,,,,,911.5
2024-07-08 12:00:00,,solarradiation,-541.575,902.625,,,,,935.4
2024-07-08 13:00:00,,solarradiation,-541.575,902.625,,,,,905.9
2024-07-09 13:00:00,,solarradiation,-541.575,902.625,,,,,914.5
2024-07-10 12:00:00,,solarradiation,-541.575,902.625,,,,,939.6
2024-07-10 13:00:00,,solarradiation,-541.575,902.625,,,,,908.4
2024-07-13 12:00:00,,solarradiation,-541.575,902.625,,,,,910.3
2024-08-02 12:00:00,,solarradiation,-541.575,902.625,,,,,954.4
2024-08-02 13:00:00,,solarradiation,-541.575,902.625,,,,,934.5
2024-08-03 11:00:00,,solarradiation,-541.575,902.625,,,,,907.0
2024-08-03 12:00:00,,solarradiation,-541.575,902.625,,,,,944.4
2024-08-03 13:00:00,,solarradiation,-541.575,902.625,,,,,961.4
2024-08-04 11:00:00,,solarradiation,-541.575,902.625,,,,,913.1
2024-08-04 12:00:00,,solarradiation,-541.575,902.625,,,,,975.6
2024-08-04 13:00:00,,solarradiation,-541.575,902.625,,,,,959.3
2024-08-06 12:00:00,,solarradiation,-541.575,902.625,,,,,972.0
2024-08-06 13:00:00,,solarradiation,-541.575,902.625,,,,,949.7
2024-08-07 13:00:00,,solarradiation,-541.575,902.625,,,,,938.1
2024-08-08 12:00:00,,solarradiation,-541.575,902.625,,,,,944.4
2024-08-08 13:00:00,,solarradiation,-541.575,902.625,,,,,954.3
2024-08-09 11:00:00,,solarradiation,-541.575,902.625,,,,,905.5
2024-08-09 12:00:00,,solarradiation,-541.575,902.625,,,,,967.8
2024-08-09 13:00:00,,solarradiation,-541.575,902.625,,,,,958.8
2024-08-10 11:00:00,,solarradiation,-541.575,902.625,,,,,909.8
2024-08-10 12:00:00,,solarradiation,-541.575,902.625,,,,,965.6
2024-08-10 13:00:00,,solarradiation,-541.575,902.625,,,,,932.2
2024-08-11 13:00:00,,solarradiation,-541.575,902.625,,,,,923.1
2024-08-12 12:00:00,,solarradiation,-541.575,902.625,,,,,960.7
2024-08-12 13:00:00,,solarradiation,-541.575,902.625,,,,,952.6
2024-08-13 12:00:00,,solarradiation,-541.575,902.625,,,,,950.9
2024-08-15 12:00:00,,solarradiation,-541.575,902.625,,,,,933.7
2024-08-18 11:00:00,,solarradiation,-541.575,902.625,,,,,902.8
2024-08-18 12:00:00,,solarradiation,-541.575,902.625,,,,,972.9
2024-08-18 13:00:00,,solarradiation,-541.575,902.625,,,,,904.1
2024-08-19 12:00:00,,solarradiation,-541.575,902.625,,,,,961.8
2024-08-19 13:00:00,,solarradiation,-541.575,902.625,,,,,917.0
2024-08-21 11:00:00,,solarradiation,-541.575,902.625,,,,,917.7
2024-08-21 12:00:00,,solarradiation,-541.575,902.625,,,,,974.9
2024-08-21 13:00:00,,solarradiation,-541.575,902.625,,,,,955.9
2024-08-22 11:00:00,,solarradiation,-541.575,902.625,,,,,915.5
2024-08-22 12:00:00,,solarradiation,-541.575,902.625,,,,,977.5
2024-08-22 13:00:00,,solarradiation,-541.575,902.625,,,,,924.1
2024-08-23 11:00:00,,solarradiation,-541.575,902.625,,,,,907.1
2024-08-23 12:00:00,,solarradiation,-541.575,902.625,,,,,919.8
2024-08-23 13:00:00,,solarradiation,-541.575,902.625,,,,,962.0
2024-08-24 12:00:00,,solarradiation,-541.575,902.625,,,,,965.0
2024-08-24 13:00:00,,solarradiation,-541.575,902.625,,,,,944.6
2024-08-26 13:00:00,,solarradiation,-541.575,902.625,,,,,926.5
2024-08-27 12:00:00,,solarradiation,-541.575,902.625,,,,,943.6
2024-08-28 11:00:00,,solarradiation,-541.575,902.625,,,,,907.4
2024-08-28 12:00:00,,solarradiation,-541.575,902.625,,,,,979.8
2024-08-28 13:00:00,,solarradiation,-541.575,902.625,,,,,949.2
2024-08-29 12:00:00,,solarradiation,-541.575,902.625,,,,,984.9
2024-08-30 11:00:00,,solarradiation,-541.575,902.625,,,,,916.2
2024-08-30 12:00:00,,solarradiation,-541.575,902.625,,,,,920.0
2024-08-30 13:00:00,,solarradiation,-541.575,902.625,,,,,907.5
2024-08-31 12:00:00,,solarradiation,-541.575,902.625,,,,,947.4
2024-08-31 13:00:00,,solarradiation,-541.575,902.625,,,,,935.5
2024-09-01 12:00:00,,solarradiation,-541.575,902.625,,,,,945.9
2024-09-01 13:00:00,,solarradiation,-541.575,902.625,,,,,905.6
2024-09-03 12:00:00,,solarradiation,-541.575,902.625,,,,,964.1
2024-09-03 13:00:00,,solarradiation,-541.575,902.625,,,,,913.8
2024-09-26 13:00:00,,solarradiation,-541.575,902.625,,,,,918.2
2024-09-28 12:00:00,,solarradiation,-541.575,902.625,,,,,921.8
2024-09-29 12:00:00,,solarradiation,-541.575,902.625,,,,,918.2
2024-09-30 12:00:00,,solarradiation,-541.575,902.625,,,,,919.0
2024-10-01 12:00:00,,solarradiation,-541.575,902.625,,,,,939.0
2024-10-13 12:00:00,,solarradiation,-541.575,902.625,,,,,919.0
2025-03-01 12:00:00,,solarradiation,-541.575,902.625,,,,,904.8
2025-03-01 13:00:00,,solarradiation,-541.575,902.625,,,,,922.4
2025-03-02 12:00:00,,solarradiation,-541.575,902.625,,,,,929.6
2025-03-02 13:00:00,,solarradiation,-541.575,902.625,,,,,930.4
2025-03-03 12:00:00,,solarradiation,-541.575,902.625,,,,,915.4
2025-03-03 13:00:00,,solarradiation,-541.575,902.625,,,,,916.7
2025-03-05 12:00:00,,solarradiation,-541.575,902.625,,,,,904.4
2025-03-05 13:00:00,,solarradiation,-541.575,902.625,,,,,909.7
2025-03-14 13:00:00,,solarradiation,-541.575,902.625,,,,,933.4
2025-03-15 12:00:00,,solarradiation,-541.575,902.625,,,,,930.3
2025-03-15 13:00:00,,solarradiation,-541.575,902.625,,,,,934.6
2025-03-24 12:00:00,,solarradiation,-541.575,902.625,,,,,954.8
2025-03-25 12:00:00,,solarradiation,-541.575,902.625,,,,,994.6
2025-03-25 13:00:00,,solarradiation,-541.575,902.625,,,,,987.6
2025-03-26 11:00:00,,solarradiation,-541.575,902.625,,,,,908.3
2025-03-26 12:00:00,,solarradiation,-541.575,902.625,,,,,977.3
2025-03-26 13:00:00,,solarradiation,-541.575,902.625,,,,,967.2
2025-03-27 12:00:00,,solarradiation,-541.575,902.625,,,,,964.1
2025-03-27 13:00:00,,solarradiation,-541.575,902.625,,,,,953.8
2025-03-28 12:00:00,,solarradiation,-541.575,902.625,,,,,945.1
2025-03-28 13:00:00,,solarradiation,-541.575,902.625,,,,,926.8
2025-03-29 12:00:00,,solarradiation,-541.575,902.625,,,,,906.0
2025-04-05 12:00:00,,solarradiation,-541.575,902.625,,,,,913.9
2025-04-11 12:00:00,,solarradiation,-541.575,902.625,,,,,963.0
2025-04-11 13:00:00,,solarradiation,-541.575,902.625,,,,,914.5
2025-04-12 11:00:00,,solarradiation,-541.575,902.625,,,,,911.1
2025-04-12 12:00:00,,solarradiation,-541.575,902.625,,,,,969.5
2025-04-12 13:00:00,,solarradiation,-541.575,902.625,,,,,934.9
2025-04-16 11:00:00,,solarradiation,-541.575,902.625,,,,,922.3
2025-04-16 12:00:00,,solarradiation,-541.575,902.625,,,,,967.5
2025-04-16 13:00:00,,solarradiation,-541.575,902.625,,,,,908.2
2025-04-18 12:00:00,,solarradiation,-541.575,902.625,,,,,974.1
2025-04-18 13:00:00,,solarradiation,-541.575,902.625,,,,,939.9
2025-04-19 12:00:00,,solarradiation,-541.575,902.625,,,,,950.2
2025-04-19 13:00:00,,solarradiation,-541.575,902.625,,,,,948.7
2025-04-20 11:00:00,,solarradiation,-541.575,902.625,,,,,903.9
2025-04-20 12:00:00,,solarradiation,-541.575,902.625,,,,,965.0
2025-04-20 13:00:00,,solarradiation,-541.575,902.625,,,,,978.5
2025-04-21 11:00:00,,solarradiation,-541.575,902.625,,,,,933.9
2025-04-21 12:00:00,,solarradiation,-541.575,902.625,,,,,985.1
2025-04-21 13:00:00,,solarradiation,-541.575,902.625,,,,,977.9
2025-04-22 11:00:00,,solarradiation,-541.575,902.625,,,,,935.9
2025-04-22 12:00:00,,solarradiation,-541.575,902.625,,,,,980.5
2025-04-22 13:00:00,,solarradiation,-541.575,902.625,,,,,971.1
2025-04-23 11:00:00,,solarradiation,-541.575,902.625,,,,,905.1
2025-04-23 12:00:00,,solarradiation,-541.575,902.625,,,,,979.1
2025-04-23 13:00:00,,solarradiation,-541.575,902.625,,,,,941.4
2025-04-24 12:00:00,,solarradiation,-541.575,902.625,,,,,959.4
2025-04-24 13:00:00,,solarradiation,-541.575,902.625,,,,,937.6
2025-04-27 12:00:00,,solarradiation,-541.575,902.625,,,,,957.2
2025-04-27 13:00:00,,solarradiation,-541.575,902.625,,,,,935.1
2025-04-28 11:00:00,,solarradiation,-541.575,902.625,,,,,944.2
2025-04-28 12:00:00,,solarradiation,-541.575,902.625,,,,,998.1
2025-04-28 13:00:00,,solarradiation,-541.575,902.625,,,,,979.6
2025-04-29 12:00:00,,solarradiation,-541.575,902.625,,,,,955.4
2025-04-29 13:00:00,,solarradiation,-541.575,902.625,,,,,942.2
2025-05-02 12:00:00,,solarradiation,-541.575,902.625,,,,,918.0
2025-05-03 11:00:00,,solarradiation,-541.575,902.625,,,,,932.5
2025-05-03 12:00:00,,solarradiation,-541.575,902.625,,,,,986.5
2025-05-03 13:00:00,,solarradiation,-541.575,902.625,,,,,963.1
2025-05-05 11:00:00,,solarradiation,-541.575,902.625,,,,,922.6
2025-05-05 12:00:00,,solarradiation,-541.575,902.625,,,,,966.1
2025-05-05 13:00:00,,solarradiation,-541.575,902.625,,,,,937.2
2025-05-06 11:00:00,,solarradiation,-541.575,902.625,,,,,918.2
2025-05-06 12:00:00,,solarradiation,-541.575,902.625,,,,,911.2
2025-05-06 13:00:00,,solarradiation,-541.575,902.625,,,,,919.5
2025-05-07 11:00:00,,solarradiation,-541.575,902.625,,,,,913.4
2025-05-07 12:00:00,,solarradiation,-541.575,902.625,,,,,965.0
2025-05-07 13:00:00,,solarradiation,-541.575,902.625,,,,,937.3
2025-05-08 12:00:00,,solarradiation,-541.575,902.625,,,,,946.8
2025-05-08 13:00:00,,solarradiation,-541.575,902.625,,,,,920.2
2025-05-09 12:00:00,,solarradiation,-541.575,902.625,,,,,956.0
2025-05-10 12:00:00,,solarradiation,-541.575,902.625,,,,,950.3
2025-05-10 13:00:00,,solarradiation,-541.575,902.625,,,,,959.6
2025-05-14 13:00:00,,solarradiation,-541.575,902.625,,,,,920.5
2025-05-16 12:00:00,,solarradiation,-541.575,902.625,,,,,962.4
2025-05-16 13:00:00,,solarradiation,-541.575,902.625,,,,,940.8
2025-05-18 11:00:00,,solarradiation,-541.575,902.625,,,,,903.2
2025-05-18 12:00:00,,solarradiation,-541.575,902.625,,,,,910.0
2025-05-19 11:00:00,,solarradiation,-541.575,902.625,,,,,927.9
2025-05-19 12:00:00,,solarradiation,-541.575,902.625,,,,,940.1
2025-05-19 13:00:00,,solarradiation,-541.575,902.625,,,,,941.9
2025-05-20 12:00:00,,solarradiation,-541.575,902.625,,,,,929.3
2025-05-20 13:00:00,,solarradiation,-541.575,902.625,,,,,927.3
2025-05-21 12:00:00,,solarradiation,-541.575,902.625,,,,,927.3
2025-05-22 11:00:00,,solarradiation,-541.575,902.625,,,,,909.9
2025-05-22 13:00:00,,solarradiation,-541.575,902.625,,,,,954.1
2025-05-23 12:00:00,,solarradiation,-541.575,902.625,,,,,910.6
2025-05-23 13:00:00,,solarradiation,-541.575,902.625,,,,,911.9
2025-05-24 12:00:00,,solarradiation,-541.575,902.625,,,,,977.9
2025-05-24 13:00:00,,solarradiation,-541.575,902.625,,,,,924.9
2025-06-01 11:00:00,,solarradiation,-541.575,902.625,,,,,908.8
2025-06-01 12:00:00,,solarradiation,-541.575,902.625,,,,,944.9
2025-06-02 11:00:00,,solarradiation,-541.575,902.625,,,,,908.9
2025-06-02 12:00:00,,solarradiation,-541.575,902.625,,,,,951.1
2025-06-02 13:00:00,,solarradiation,-541.575,902.625,,,,,910.0
2025-06-03 12:00:00,,solarradiation,-541.575,902.625,,,,,919.6
2025-06-03 13:00:00,,solarradiation,-541.575,902.625,,,,,915.6
2025-06-04 13:00:00,,solarradiation,-541.575,902.625,,,,,921.1
2025-06-05 13:00:00,,solarradiation,-541.575,902.625,,,,,906.0
2025-06-07 12:00:00,,solarradiation,-541.575,902.625,,,,,920.5
2025-06-16 11:00:00,,solarradiation,-541.575,902.625,,,,,904.3
2025-06-16 12:00:00,,solarradiation,-541.575,902.625,,,,,947.9
2025-06-18 12:00:00,,solarradiation,-541.575,902.625,,,,,928.5
2025-06-18 13:00:00,,solarradiation,-541.575,902.625,,,,,949.9
2025-06-19 11:00:00,,solarradiation,-541.575,902.625,,,,,907.4
2025-06-19 12:00:00,,solarradiation,-541.575,902.625,,,,,960.1
2025-06-20 12:00:00,,solarradiation,-541.575,902.625,,,,,951.8
2025-06-20 13:00:00,,solarradiation,-541.575,902.625,,,,,916.1
2025-06-21 12:00:00,,solarradiation,-541.575,902.625,,,,,947.3
2025-06-22 12:00:00,,solarradiation,-541.575,902.625,,,,,949.1
2025-06-22 13:00:00,,solarradiation,-541.575,902.625,,,,,948.7
2025-06-23 12:00:00,,solarradiation,-541.575,902.625,,,,,917.6
2025-06-25 13:00:00,,solarradiation,-541.575,902.625,,,,,916.9
2025-06-26 12:00:00,,solarradiation,-541.575,902.625,,,,,952.1
2025-06-26 13:00:00,,solarradiation,-541.575,902.625,,,,,954.2
2025-06-27 12:00:00,,solarradiation,-541.575,902.625,,,,,967.9
2025-06-27 13:00:00,,solarradiation,-541.575,902.625,,,,,924.1
2025-06-29 13:00:00,,solarradiation,-541.575,902.625,,,,,911.6
2025-07-08 12:00:00,,solarradiation,-541.575,902.625,,,,,911.3
2025-07-08 13:00:00,,solarradiation,-541.575,902.625,,,,,903.5
2025-07-09 12:00:00,,solarradiation,-541.575,902.625,,,,,905.0
2025-07-14 12:00:00,,solarradiation,-541.575,902.625,,,,,951.8
2025-07-15 12:00:00,,solarradiation,-541.575,902.625,,,,,962.9
2025-07-15 13:00:00,,solarradiation,-541.575,902.625,,,,,903.7
2025-07-16 13:00:00,,solarradiation,-541.575,902.625,,,,,936.2
2025-07-17 12:00:00,,solarradiation,-541.575,902.625,,,,,960.6
2025-07-17 13:00:00,,solarradiation,-541.575,902.625,,,,,955.0
2025-07-18 12:00:00,,solarradiation,-541.575,902.625,,,,,959.3
2025-07-28 13:00:00,,solarradiation,-541.575,902.625,,,,,916.1
2025-08-01 11:00:00,,solarradiation,-541.575,902.625,,,,,917.5
2025-08-01 12:00:00,,solarradiation,-541.575,902.625,,,,,976.4
2025-08-01 13:00:00,,solarradiation,-541.575,902.625,,,,,973.2
2025-08-02 11:00:00,,solarradiation,-541.575,902.625,,,,,905.1
2025-08-02 12:00:00,,solarradiation,-541.575,902.625,,,,,961.5
2025-08-02 13:00:00,,solarradiation,-541.575,902.625,,,,,936.0
2025-08-04 12:00:00,,solarradiation,-541.575,902.625,,,,,971.9
2025-08-04 13:00:00,,solarradiation,-541.575,902.625,,,,,959.5
2025-08-05 12:00:00,,solarradiation,-541.575,902.625,,,,,962.4
2025-08-07 12:00:00,,solarradiation,-541.575,902.625,,,,,962.5
2025-08-07 13:00:00,,solarradiation,-541.575,902.625,,,,,935.6
2025-08-08 11:00:00,,solarradiation,-541.575,902.625,,,,,906.8
2025-08-08 13:00:00,,solarradiation,-541.575,902.625,,,,,975.5
2025-08-09 11:00:00,,solarradiation,-541.575,902.625,,,,,909.8
2025-08-09 12:00:00,,solarradiation,-541.575,902.625,,,,,967.3
2025-08-10 12:00:00,,solarradiation,-541.575,902.625,,,,,907.3
2025-08-11 12:00:00,,solarradiation,-541.575,902.625,,,,,907.3
2025-08-12 12:00:00,,solarradiation,-541.575,902.625,,,,,959.3
2025-08-12 13:00:00,,solarradiation,-541.575,902.625,,,,,920.7
2025-08-13 12:00:00,,solarradiation,-541.575,902.625,,,,,913.7
2025-08-14 12:00:00,,solarradiation,-541.575,902.625,,,,,948.9
2025-08-15 12:00:00,,solarradiation,-541.575,902.625,,,,,946.2
2025-08-21 11:00:00,,solarradiation,-541.575,902.625,,,,,913.4
2025-08-21 12:00:00,,solarradiation,-541.575,902.625,,,,,972.7
2025-08-21 13:00:00,,solarradiation,-541.575,902.625,,,,,957.1
2025-08-23 12:00:00,,solarradiation,-541.575,902.625,,,,,925.7
2025-09-02 13:00:00,,solarradiation,-541.575,902.625,,,,,905.2
2025-09-03 12:00:00,,solarradiation,-541.575,902.625,,,,,925.4
2025-09-03 13:00:00,,solarradiation,-541.575,902.625,,,,,944.5
2025-09-04 12:00:00,,solarradiation,-541.575,902.625,,,,,942.0
2025-09-04 13:00:00,,solarradiation,-541.575,902.625,,,,,905.8
2025-09-05 12:00:00,,solarradiation,-541.575,902.625,,,,,947.1
2025-09-05 13:00:00,,solarradiation,-541.575,902.625,,,,,918.2
2025-09-07 12:00:00,,solarradiation,-541.575,902.625,,,,,921.0
2025-09-11 12:00:00,,solarradiation,-541.575,902.625,,,,,946.3
2025-09-11 13:00:00,,solarradiation,-541.575,902.625,,,,,910.6
2025-09-12 13:00:00,,solarradiation,-541.575,902.625,,,,,934.9
2025-09-14 12:00:00,,solarradiation,-541.575,902.625,,,,,931.6
2025-10-02 12:00:00,,solarradiation,-541.575,902.625,,,,,906.5
2025-10-03 12:00:00,,solarradiation,-541.575,902.625,,,,,915.9
2026-02-25 12:00:00,,solarradiation,-541.575,902.625,,,,,908.4
2026-02-25 13:00:00,,solarradiation,-541.575,902.625,,,,,913.3
2026-03-01 12:00:00,,solarradiation,-541.575,902.625,,,,,903.5
