Timestamp,temp,column,lower_fence,upper_fence,humidity,precip,precipprob,windspeed
2024-04-29 14:00:00,39.0,temp,18.750000000000004,38.349999999999994,,,,
2026-01-09 06:00:00,18.0,temp,18.750000000000004,38.349999999999994,,,,
2026-01-09 07:00:00,18.0,temp,18.750000000000004,38.349999999999994,,,,
2023-03-14 14:00:00,,humidity,31.563750000000013,124.21374999999999,30.02,,,
2023-03-14 15:00:00,,humidity,31.563750000000013,124.21374999999999,30.02,,,
2024-01-28 13:00:00,,humidity,31.563750000000013,124.21374999999999,30.74,,,
2024-01-28 14:00:00,,humidity,31.563750000000013,124.21374999999999,30.02,,,
2024-01-28 15:00:00,,humidity,31.563750000000013,124.21374999999999,30.3,,,
2024-01-29 15:00:00,,humidity,31.563750000000013,124.21374999999999,30.3,,,
2024-02-17 14:00:00,,humidity,31.563750000000013,124.21374999999999,28.67,,,
2024-02-26 13:00:00,,humidity,31.563750000000013,124.21374999999999,27.43,,,
2024-02-26 14:00:00,,humidity,31.563750000000013,124.21374999999999,28.67,,,
2024-03-09 13:00:00,,humidity,31.563750000000013,124.21374999999999,30.06,,,
2024-03-09 14:00:00,,humidity,31.563750000000013,124.21374999999999,30.57,,,
2024-03-11 13:00:00,,humidity,31.563750000000013,124.21374999999999,31.41,,,
2024-03-20 13:00:00,,humidity,31.563750000000013,124.21374999999999,31.38,,,
2024-03-20 14:00:00,,humidity,31.563750000000013,124.21374999999999,28.93,,,
2024-04-12 12:00:00,,humidity,31.563750000000013,124.21374999999999,30.83,,,
2024-04-12 13:00:00,,humidity,31.563750000000013,124.21374999999999,30.12,,,
2026-01-21 12:00:00,,humidity,31.563750000000013,124.21374999999999,31.48,,,
2026-01-21 13:00:00,,humidity,31.563750000000013,124.21374999999999,30.74,,,
2026-01-21 14:00:00,,humidity,31.563750000000013,124.21374999999999,27.86,,,
2026-02-01 14:00:00,,humidity,31.563750000000013,124.21374999999999,26.08,,,
2026-02-01 15:00:00,,humidity,31.563750000000013,124.21374999999999,26.08,,,
2023-03-27 15:00:00,,precip,0.0,0.0,,0.3,,
2023-03-28 15:00:00,,precip,0.0,0.0,,0.3,,
2023-03-29 11:00:00,,precip,0.0,0.0,,0.1,,
2023-03-29 12:00:00,,precip,0.0,0.0,,0.1,,
2023-03-31 12:00:00,,precip,0.0,0.0,,0.1,,
2023-04-02 17:00:00,,precip,0.0,0.0,,0.1,,
2023-04-03 00:00:00,,precip,0.0,0.0,,0.1,,
2023-04-03 06:00:00,,precip,0.0,0.0,,0.1,,
2023-04-03 14:00:00,,precip,0.0,0.0,,1.4,,
2023-04-03 15:00:00,,precip,0.0,0.0,,4.0,,
2023-04-03 21:00:00,,precip,0.0,0.0,,0.2,,
2023-04-04 11:00:00,,precip,0.0,0.0,,0.1,,
2023-04-04 12:00:00,,precip,0.0,0.0,,0.1,,
2023-04-05 07:00:00,,precip,0.0,0.0,,1.0,,
2023-04-06 11:00:00,,precip,0.0,0.0,,0.1,,
2023-04-07 09:00:00,,precip,0.0,0.0,,0.1,,
2023-04-07 11:00:00,,precip,0.0,0.0,,0.1,,
2023-04-09 17:00:00,,precip,0.0,0.0,,0.2,,
2023-04-10 11:00:00,,precip,0.0,0.0,,0.1,,
2023-04-10 12:00:00,,precip,0.0,0.0,,0.1,,
2023-04-10 15:00:00,,precip,0.0,0.0,,0.2,,
2023-04-10 17:00:00,,precip,0.0,0.0,,0.5,,
2023-04-10 18:00:00,,precip,0.0,0.0,,0.1,,
2023-04-10 23:00:00,,precip,0.0,0.0,,0.2,,
2023-04-11 00:00:00,,precip,0.0,0.0,,0.4,,
2023-04-11 02:00:00,,precip,0.0,0.0,,0.1,,
2023-04-11 03:00:00,,precip,0.0,0.0,,0.2,,
2023-04-11 14:00:00,,precip,0.0,0.0,,0.4,,
2023-04-11 15:00:00,,precip,0.0,0.0,,0.1,,
2023-04-11 17:00:00,,precip,0.0,0.0,,0.2,,
2023-04-12 15:00:00,,precip,0.0,0.0,,0.1,,
2023-04-12 17:00:00,,precip,0.0,0.0,,2.9,,
2023-04-12 18:00:00,,precip,0.0,0.0,,2.0,,
2023-04-12 21:00:00,,precip,0.0,0.0,,0.1,,
2023-04-13 09:00:00,,precip,0.0,0.0,,0.1,,
2023-04-13 11:00:00,,precip,0.0,0.0,,0.1,,
2023-04-13 12:00:00,,precip,0.0,0.0,,0.1,,
2023-04-13 14:00:00,,precip,0.0,0.0,,0.1,,
2023-04-14 02:00:00,,precip,0.0,0.0,,0.3,,
2023-04-14 03:00:00,,precip,0.0,0.0,,0.2,,
2023-04-14 05:00:00,,precip,0.0,0.0,,0.1,,
2023-04-14 06:00:00,,precip,0.0,0.0,,0.1,,
2023-04-14 08:00:00,,precip,0.0,0.0,,0.1,,
2023-04-14 09:00:00,,precip,0.0,0.0,,0.1,,
2023-04-14 11:00:00,,precip,0.0,0.0,,0.2,,
2023-04-14 12:00:00,,precip,0.0,0.0,,0.2,,
2023-04-14 23:00:00,,precip,0.0,0.0,,0.1,,
2023-04-15 00:00:00,,precip,0.0,0.0,,0.4,,
2023-04-15 02:00:00,,precip,0.0,0.0,,0.1,,
2023-04-15 03:00:00,,precip,0.0,0.0,,0.3,,
2023-04-15 05:00:00,,precip,0.0,0.0,,0.2,,
2023-04-15 06:00:00,,precip,0.0,0.0,,0.3,,
2023-04-15 17:00:00,,precip,0.0,0.0,,2.1,,
2023-04-15 18:00:00,,precip,0.0,0.0,,3.0,,
2023-04-15 20:00:00,,precip,0.0,0.0,,4.4,,
2023-04-15 21:00:00,,precip,0.0,0.0,,3.0,,
2023-04-16 01:00:00,,precip,0.0,0.0,,19.0,,
2023-04-17 03:00:00,,precip,0.0,0.0,,0.4,,
2023-04-17 05:00:00,,precip,0.0,0.0,,0.1,,
2023-04-17 11:00:00,,precip,0.0,0.0,,0.1,,
2023-04-17 12:00:00,,precip,0.0,0.0,,0.1,,
2023-04-18 12:00:00,,precip,0.0,0.0,,0.1,,
2023-04-18 14:00:00,,precip,0.0,0.0,,0.1,,
2023-04-19 12:00:00,,precip,0.0,0.0,,0.1,,
2023-04-19 14:00:00,,precip,0.0,0.0,,0.1,,
2023-04-19 15:00:00,,precip,0.0,0.0,,0.1,,
2023-04-20 08:00:00,,precip,0.0,0.0,,0.1,,
2023-04-20 09:00:00,,precip,0.0,0.0,,0.1,,
2023-04-20 17:00:00,,precip,0.0,0.0,,0.2,,
2023-04-20 18:00:00,,precip,0.0,0.0,,0.2,,
2023-04-21 11:00:00,,precip,0.0,0.0,,0.1,,
2023-04-21 12:00:00,,precip,0.0,0.0,,0.1,,
2023-04-21 14:00:00,,precip,0.0,0.0,,0.1,,
2023-04-21 15:00:00,,precip,0.0,0.0,,0.1,,
2023-04-21 17:00:00,,precip,0.0,0.0,,0.1,,
2023-04-22 08:00:00,,precip,0.0,0.0,,0.1,,
2023-04-22 09:00:00,,precip,0.0,0.0,,0.1,,
2023-04-22 11:00:00,,precip,0.0,0.0,,0.3,,
2023-04-22 12:00:00,,precip,0.0,0.0,,0.2,,
2023-04-22 17:00:00,,precip,0.0,0.0,,0.1,,
2023-04-24 11:00:00,,precip,0.0,0.0,,0.1,,
2023-04-24 12:00:00,,precip,0.0,0.0,,0.1,,
2023-04-26 17:00:00,,precip,0.0,0.0,,0.1,,
2023-04-26 18:00:00,,precip,0.0,0.0,,0.3,,
2023-04-27 11:00:00,,precip,0.0,0.0,,0.1,,
2023-04-28 11:00:00,,precip,0.0,0.0,,0.1,,
2023-04-28 12:00:00,,precip,0.0,0.0,,0.1,,
2023-04-30 19:00:00,,precip,0.0,0.0,,3.2,,
2023-05-05 09:00:00,,precip,0.0,0.0,,0.1,,
2023-05-05 12:00:00,,precip,0.0,0.0,,0.1,,
2023-05-05 14:00:00,,precip,0.0,0.0,,0.1,,
2023-05-05 15:00:00,,precip,0.0,0.0,,0.1,,
2023-05-05 18:00:00,,precip,0.0,0.0,,0.1,,
2023-05-05 20:00:00,,precip,0.0,0.0,,0.2,,
2023-05-07 09:00:00,,precip,0.0,0.0,,0.1,,
2023-05-07 17:00:00,,precip,0.0,0.0,,0.3,,
2023-05-08 19:00:00,,precip,0.0,0.0,,33.7,,
2023-05-09 19:00:00,,precip,0.0,0.0,,1.6,,
2023-05-10 02:00:00,,precip,0.0,0.0,,0.1,,
2023-05-10 08:00:00,,precip,0.0,0.0,,0.1,,
2023-05-10 09:00:00,,precip,0.0,0.0,,0.1,,
2023-05-10 11:00:00,,precip,0.0,0.0,,0.1,,
2023-05-10 12:00:00,,precip,0.0,0.0,,2.3,,
2023-05-10 14:00:00,,precip,0.0,0.0,,0.6,,
2023-05-10 15:00:00,,precip,0.0,0.0,,0.8,,
2023-05-10 17:00:00,,precip,0.0,0.0,,0.1,,
2023-05-10 18:00:00,,precip,0.0,0.0,,0.1,,
2023-05-10 20:00:00,,precip,0.0,0.0,,0.1,,
2023-05-10 23:00:00,,precip,0.0,0.0,,0.2,,
2023-05-11 00:00:00,,precip,0.0,0.0,,0.5,,
2023-05-11 02:00:00,,precip,0.0,0.0,,0.5,,
2023-05-11 03:00:00,,precip,0.0,0.0,,0.5,,
2023-05-11 05:00:00,,precip,0.0,0.0,,0.3,,
2023-05-11 06:00:00,,precip,0.0,0.0,,0.1,,
2023-05-11 08:00:00,,precip,0.0,0.0,,0.1,,
2023-05-11 09:00:00,,precip,0.0,0.0,,0.1,,
2023-05-11 11:00:00,,precip,0.0,0.0,,0.2,,
2023-05-11 12:00:00,,precip,0.0,0.0,,0.2,,
2023-05-11 14:00:00,,precip,0.0,0.0,,0.1,,
2023-05-11 15:00:00,,precip,0.0,0.0,,0.6,,
2023-05-11 17:00:00,,precip,0.0,0.0,,2.2,,
2023-05-11 18:00:00,,precip,0.0,0.0,,0.5,,
2023-05-11 20:00:00,,precip,0.0,0.0,,0.5,,
2023-05-12 00:00:00,,precip,0.0,0.0,,0.4,,
2023-05-12 08:00:00,,precip,0.0,0.0,,0.1,,
2023-05-12 09:00:00,,precip,0.0,0.0,,0.2,,
2023-05-12 11:00:00,,precip,0.0,0.0,,0.2,,
2023-05-12 12:00:00,,precip,0.0,0.0,,0.2,,
2023-05-12 14:00:00,,precip,0.0,0.0,,0.5,,
2023-05-12 15:00:00,,precip,0.0,0.0,,5.6,,
2023-05-12 23:00:00,,precip,0.0,0.0,,0.2,,
2023-05-13 19:00:00,,precip,0.0,0.0,,0.1,,
2023-05-14 19:00:00,,precip,0.0,0.0,,0.7,,
2023-05-15 19:00:00,,precip,0.0,0.0,,24.6,,
2023-05-16 19:00:00,,precip,0.0,0.0,,42.5,,
2023-05-17 19:00:00,,precip,0.0,0.0,,0.2,,
2023-05-18 14:00:00,,precip,0.0,0.0,,0.2,,
2023-05-18 15:00:00,,precip,0.0,0.0,,0.2,,
2023-05-19 15:00:00,,precip,0.0,0.0,,0.1,,
2023-05-20 09:00:00,,precip,0.0,0.0,,0.1,,
2023-05-20 11:00:00,,precip,0.0,0.0,,0.1,,
2023-05-20 12:00:00,,precip,0.0,0.0,,1.3,,
2023-05-20 14:00:00,,precip,0.0,0.0,,1.1,,
2023-05-20 15:00:00,,precip,0.0,0.0,,0.1,,
2023-05-20 18:00:00,,precip,0.0,0.0,,1.0,,
2023-05-21 19:00:00,,precip,0.0,0.0,,31.7,,
2023-05-22 19:00:00,,precip,0.0,0.0,,5.7,,
2023-05-23 19:00:00,,precip,0.0,0.0,,37.9,,
2023-05-24 19:00:00,,precip,0.0,0.0,,8.6,,
2023-05-25 19:00:00,,precip,0.0,0.0,,32.6,,
2023-05-26 19:00:00,,precip,0.0,0.0,,8.4,,
2023-05-27 19:00:00,,precip,0.0,0.0,,23.4,,
2023-05-28 19:00:00,,precip,0.0,0.0,,0.1,,
2023-05-29 19:00:00,,precip,0.0,0.0,,15.5,,
2023-05-30 19:00:00,,precip,0.0,0.0,,0.1,,
2023-05-31 19:00:00,,precip,0.0,0.0,,2.3,,
2023-06-01 19:00:00,,precip,0.0,0.0,,0.2,,
2023-06-02 13:00:00,,precip,0.0,0.0,,0.1,,
2023-06-03 11:00:00,,precip,0.0,0.0,,0.2,,
2023-06-03 12:00:00,,precip,0.0,0.0,,0.1,,
2023-06-03 14:00:00,,precip,0.0,0.0,,0.1,,
2023-06-03 15:00:00,,precip,0.0,0.0,,0.1,,
2023-06-03 17:00:00,,precip,0.0,0.0,,2.4,,
2023-06-03 18:00:00,,precip,0.0,0.0,,0.2,,
2023-06-04 19:00:00,,precip,0.0,0.0,,11.0,,
2023-06-05 01:00:00,,precip,0.0,0.0,,6.0,,
2023-06-05 19:00:00,,precip,0.0,0.0,,10.0,,
2023-06-06 01:00:00,,precip,0.0,0.0,,2.0,,
2023-06-06 19:00:00,,precip,0.0,0.0,,3.0,,
2023-06-07 13:00:00,,precip,0.0,0.0,,0.3,,
2023-06-08 00:00:00,,precip,0.0,0.0,,1.7,,
2023-06-08 02:00:00,,precip,0.0,0.0,,0.4,,
2023-06-08 03:00:00,,precip,0.0,0.0,,0.6,,
2023-06-08 05:00:00,,precip,0.0,0.0,,0.3,,
2023-06-08 06:00:00,,precip,0.0,0.0,,0.1,,
2023-06-08 08:00:00,,precip,0.0,0.0,,0.4,,
2023-06-08 11:00:00,,precip,0.0,0.0,,0.2,,
2023-06-08 12:00:00,,precip,0.0,0.0,,0.2,,
2023-06-08 14:00:00,,precip,0.0,0.0,,0.2,,
2023-06-08 15:00:00,,precip,0.0,0.0,,0.1,,
2023-06-08 17:00:00,,precip,0.0,0.0,,0.8,,
2023-06-08 18:00:00,,precip,0.0,0.0,,0.5,,
2023-06-08 19:00:00,,precip,0.0,0.0,,0.5,,
2023-06-08 20:00:00,,precip,0.0,0.0,,0.2,,
2023-06-09 09:00:00,,precip,0.0,0.0,,0.1,,
2023-06-09 11:00:00,,precip,0.0,0.0,,0.1,,
2023-06-09 12:00:00,,precip,0.0,0.0,,0.2,,
2023-06-09 14:00:00,,precip,0.0,0.0,,1.1,,
2023-06-09 15:00:00,,precip,0.0,0.0,,0.1,,
2023-06-09 17:00:00,,precip,0.0,0.0,,1.7,,
2023-06-09 18:00:00,,precip,0.0,0.0,,0.1,,
2023-06-09 21:00:00,,precip,0.0,0.0,,0.1,,
2023-06-09 23:00:00,,precip,0.0,0.0,,0.2,,
2023-06-10 19:00:00,,precip,0.0,0.0,,2.0,,
2023-06-11 19:00:00,,precip,0.0,0.0,,21.8,,
2023-06-12 19:00:00,,precip,0.0,0.0,,18.9,,
2023-06-13 19:00:00,,precip,0.0,0.0,,23.6,,
2023-06-14 19:00:00,,precip,0.0,0.0,,0.5,,
2023-06-15 11:00:00,,precip,0.0,0.0,,0.1,,
2023-06-15 12:00:00,,precip,0.0,0.0,,0.1,,
2023-06-16 19:00:00,,precip,0.0,0.0,,1.8,,
2023-06-17 19:00:00,,precip,0.0,0.0,,20.9,,
2023-06-18 08:00:00,,precip,0.0,0.0,,0.1,,
2023-06-18 09:00:00,,precip,0.0,0.0,,1.4,,
2023-06-18 11:00:00,,precip,0.0,0.0,,0.5,,
2023-06-18 12:00:00,,precip,0.0,0.0,,3.0,,
2023-06-18 15:00:00,,precip,0.0,0.0,,1.4,,
2023-06-18 17:00:00,,precip,0.0,0.0,,0.6,,
2023-06-18 18:00:00,,precip,0.0,0.0,,1.1,,
2023-06-18 19:00:00,,precip,0.0,0.0,,0.9,,
2023-06-18 20:00:00,,precip,0.0,0.0,,0.1,,
2023-06-19 17:00:00,,precip,0.0,0.0,,0.3,,
2023-06-21 19:00:00,,precip,0.0,0.0,,0.1,,
2023-06-22 19:00:00,,precip,0.0,0.0,,0.4,,
2023-06-23 19:00:00,,precip,0.0,0.0,,19.0,,
2023-06-24 19:00:00,,precip,0.0,0.0,,6.4,,
2023-06-25 01:00:00,,precip,0.0,0.0,,2.0,,
2023-06-25 19:00:00,,precip,0.0,0.0,,0.4,,
2023-06-26 19:00:00,,precip,0.0,0.0,,4.9,,
2023-06-27 12:00:00,,precip,0.0,0.0,,0.2,,
2023-06-27 14:00:00,,precip,0.0,0.0,,0.1,,
2023-06-27 15:00:00,,precip,0.0,0.0,,0.1,,
2023-06-27 17:00:00,,precip,0.0,0.0,,1.4,,
2023-06-27 18:00:00,,precip,0.0,0.0,,0.1,,
2023-06-27 20:00:00,,precip,0.0,0.0,,0.4,,
2023-06-27 21:00:00,,precip,0.0,0.0,,0.1,,
2023-06-28 19:00:00,,precip,0.0,0.0,,10.5,,
2023-06-29 19:00:00,,precip,0.0,0.0,,10.3,,
2023-06-30 19:00:00,,precip,0.0,0.0,,1.3,,
2023-07-01 19:00:00,,precip,0.0,0.0,,9.6,,
2023-07-02 19:00:00,,precip,0.0,0.0,,11.5,,
2023-07-03 19:00:00,,precip,0.0,0.0,,9.9,,
2023-07-04 19:00:00,,precip,0.0,0.0,,9.0,,
2023-07-05 19:00:00,,precip,0.0,0.0,,4.5,,
2023-07-06 19:00:00,,precip,0.0,0.0,,0.1,,
2023-07-07 09:00:00,,precip,0.0,0.0,,0.1,,
2023-07-07 11:00:00,,precip,0.0,0.0,,0.1,,
2023-07-07 12:00:00,,precip,0.0,0.0,,0.1,,
2023-07-07 14:00:00,,precip,0.0,0.0,,0.1,,
2023-07-07 15:00:00,,precip,0.0,0.0,,0.3,,
2023-07-07 17:00:00,,precip,0.0,0.0,,0.1,,
2023-07-07 23:00:00,,precip,0.0,0.0,,0.1,,
2023-07-08 00:00:00,,precip,0.0,0.0,,0.1,,
2023-07-08 05:00:00,,precip,0.0,0.0,,0.1,,
2023-07-08 06:00:00,,precip,0.0,0.0,,0.3,,
2023-07-08 08:00:00,,precip,0.0,0.0,,0.1,,
2023-07-08 09:00:00,,precip,0.0,0.0,,0.2,,
2023-07-08 11:00:00,,precip,0.0,0.0,,0.3,,
2023-07-08 12:00:00,,precip,0.0,0.0,,0.1,,
2023-07-08 14:00:00,,precip,0.0,0.0,,0.1,,
2023-07-08 15:00:00,,precip,0.0,0.0,,3.5,,
2023-07-08 17:00:00,,precip,0.0,0.0,,0.1,,
2023-07-09 19:00:00,,precip,0.0,0.0,,0.1,,
2023-07-10 11:00:00,,precip,0.0,0.0,,0.1,,
2023-07-10 12:00:00,,precip,0.0,0.0,,0.2,,
2023-07-10 14:00:00,,precip,0.0,0.0,,0.1,,
2023-07-10 15:00:00,,precip,0.0,0.0,,0.1,,
2023-07-10 17:00:00,,precip,0.0,0.0,,0.4,,
2023-07-10 18:00:00,,precip,0.0,0.0,,0.1,,
2023-07-11 17:00:00,,precip,0.0,0.0,,0.7,,
2023-07-11 18:00:00,,precip,0.0,0.0,,2.1,,
2023-07-12 11:00:00,,precip,0.0,0.0,,0.1,,
2023-07-12 17:00:00,,precip,0.0,0.0,,0.5,,
2023-07-12 18:00:00,,precip,0.0,0.0,,0.2,,
2023-07-13 19:00:00,,precip,0.0,0.0,,0.6,,
2023-07-14 19:00:00,,precip,0.0,0.0,,19.1,,
2023-07-15 19:00:00,,precip,0.0,0.0,,5.6,,
2023-07-16 19:00:00,,precip,0.0,0.0,,13.1,,
2023-07-17 19:00:00,,precip,0.0,0.0,,19.4,,
2023-07-18 19:00:00,,precip,0.0,0.0,,2.5,,
2023-07-19 19:00:00,,precip,0.0,0.0,,3.0,,
2023-07-20 19:00:00,,precip,0.0,0.0,,7.7,,
2023-07-21 19:00:00,,precip,0.0,0.0,,21.3,,
2023-07-22 19:00:00,,precip,0.0,0.0,,7.7,,
2023-07-23 19:00:00,,precip,0.0,0.0,,8.5,,
2023-07-24 19:00:00,,precip,0.0,0.0,,24.3,,
2023-07-25 19:00:00,,precip,0.0,0.0,,15.3,,
2023-07-26 19:00:00,,precip,0.0,0.0,,0.6,,
2023-07-27 19:00:00,,precip,0.0,0.0,,14.0,,
2023-07-28 19:00:00,,precip,0.0,0.0,,0.1,,
2023-07-29 19:00:00,,precip,0.0,0.0,,11.8,,
2023-07-30 02:00:00,,precip,0.0,0.0,,0.1,,
2023-07-30 03:00:00,,precip,0.0,0.0,,0.1,,
2023-07-30 05:00:00,,precip,0.0,0.0,,1.8,,
2023-07-30 06:00:00,,precip,0.0,0.0,,1.0,,
2023-07-30 08:00:00,,precip,0.0,0.0,,0.6,,
2023-07-30 09:00:00,,precip,0.0,0.0,,0.4,,
2023-07-30 11:00:00,,precip,0.0,0.0,,0.2,,
2023-07-30 12:00:00,,precip,0.0,0.0,,0.2,,
2023-07-30 14:00:00,,precip,0.0,0.0,,0.1,,
2023-07-30 15:00:00,,precip,0.0,0.0,,8.6,,
2023-07-30 17:00:00,,precip,0.0,0.0,,0.9,,
2023-07-30 18:00:00,,precip,0.0,0.0,,0.1,,
2023-07-31 09:00:00,,precip,0.0,0.0,,0.1,,
2023-07-31 11:00:00,,precip,0.0,0.0,,0.2,,
2023-07-31 12:00:00,,precip,0.0,0.0,,0.3,,
2023-07-31 14:00:00,,precip,0.0,0.0,,0.1,,
2023-07-31 17:00:00,,precip,0.0,0.0,,0.1,,
2023-08-01 19:00:00,,precip,0.0,0.0,,1.2,,
2023-08-02 19:00:00,,precip,0.0,0.0,,10.2,,
2023-08-03 19:00:00,,precip,0.0,0.0,,3.7,,
2023-08-04 19:00:00,,precip,0.0,0.0,,1.9,,
2023-08-05 09:00:00,,precip,0.0,0.0,,0.1,,
2023-08-05 11:00:00,,precip,0.0,0.0,,0.1,,
2023-08-05 14:00:00,,precip,0.0,0.0,,0.3,,
2023-08-05 15:00:00,,precip,0.0,0.0,,0.1,,
2023-08-05 17:00:00,,precip,0.0,0.0,,0.9,,
2023-08-06 12:00:00,,precip,0.0,0.0,,0.1,,
2023-08-06 14:00:00,,precip,0.0,0.0,,0.7,,
2023-08-06 17:00:00,,precip,0.0,0.0,,1.0,,
2023-08-07 14:00:00,,precip,0.0,0.0,,1.1,,
2023-08-08 14:00:00,,precip,0.0,0.0,,0.1,,
2023-08-08 15:00:00,,precip,0.0,0.0,,0.6,,
2023-08-08 17:00:00,,precip,0.0,0.0,,1.4,,
2023-08-09 08:00:00,,precip,0.0,0.0,,0.1,,
2023-08-09 14:00:00,,precip,0.0,0.0,,0.6,,
2023-08-09 15:00:00,,precip,0.0,0.0,,0.1,,
2023-08-10 11:00:00,,precip,0.0,0.0,,0.1,,
2023-08-10 12:00:00,,precip,0.0,0.0,,0.1,,
2023-08-10 14:00:00,,precip,0.0,0.0,,0.1,,
2023-08-10 15:00:00,,precip,0.0,0.0,,0.1,,
2023-08-10 17:00:00,,precip,0.0,0.0,,0.1,,
2023-08-11 09:00:00,,precip,0.0,0.0,,0.1,,
2023-08-11 11:00:00,,precip,0.0,0.0,,0.1,,
2023-08-11 12:00:00,,precip,0.0,0.0,,0.2,,
2023-08-11 15:00:00,,precip,0.0,0.0,,0.1,,
2023-08-11 17:00:00,,precip,0.0,0.0,,0.1,,
2023-08-12 08:00:00,,precip,0.0,0.0,,0.1,,
2023-08-12 09:00:00,,precip,0.0,0.0,,0.2,,
2023-08-12 11:00:00,,precip,0.0,0.0,,0.1,,
2023-08-12 14:00:00,,precip,0.0,0.0,,0.1,,
2023-08-12 15:00:00,,precip,0.0,0.0,,1.5,,
2023-08-13 19:00:00,,precip,0.0,0.0,,0.1,,
2023-08-14 05:00:00,,precip,0.0,0.0,,0.1,,
2023-08-14 06:00:00,,precip,0.0,0.0,,0.5,,
2023-08-14 08:00:00,,precip,0.0,0.0,,0.1,,
2023-08-14 09:00:00,,precip,0.0,0.0,,0.1,,
2023-08-14 11:00:00,,precip,0.0,0.0,,0.2,,
2023-08-14 12:00:00,,precip,0.0,0.0,,0.2,,
2023-08-14 14:00:00,,precip,0.0,0.0,,0.4,,
2023-08-14 15:00:00,,precip,0.0,0.0,,1.3,,
2023-08-14 17:00:00,,precip,0.0,0.0,,1.7,,
2023-08-14 18:00:00,,precip,0.0,0.0,,0.5,,
2023-08-15 02:00:00,,precip,0.0,0.0,,0.3,,
2023-08-15 03:00:00,,precip,0.0,0.0,,0.5,,
2023-08-15 08:00:00,,precip,0.0,0.0,,0.1,,
2023-08-15 09:00:00,,precip,0.0,0.0,,0.1,,
2023-08-15 11:00:00,,precip,0.0,0.0,,0.1,,
2023-08-15 12:00:00,,precip,0.0,0.0,,0.8,,
2023-08-15 14:00:00,,precip,0.0,0.0,,1.0,,
2023-08-15 15:00:00,,precip,0.0,0.0,,4.3,,
2023-08-15 20:00:00,,precip,0.0,0.0,,1.8,,
2023-08-15 21:00:00,,precip,0.0,0.0,,0.3,,
2023-08-16 08:00:00,,precip,0.0,0.0,,0.1,,
2023-08-16 12:00:00,,precip,0.0,0.0,,0.1,,
2023-08-16 14:00:00,,precip,0.0,0.0,,0.9,,
2023-08-16 15:00:00,,precip,0.0,0.0,,1.3,,
2023-08-16 18:00:00,,precip,0.0,0.0,,0.1,,
2023-08-17 19:00:00,,precip,0.0,0.0,,13.0,,
2023-08-18 19:00:00,,precip,0.0,0.0,,2.8,,
2023-08-19 19:00:00,,precip,0.0,0.0,,1.9,,
2023-08-20 19:00:00,,precip,0.0,0.0,,0.1,,
2023-08-21 19:00:00,,precip,0.0,0.0,,11.4,,
2023-08-22 19:00:00,,precip,0.0,0.0,,35.5,,
2023-08-23 19:00:00,,precip,0.0,0.0,,0.2,,
2023-08-24 11:00:00,,precip,0.0,0.0,,0.1,,
2023-08-24 12:00:00,,precip,0.0,0.0,,0.1,,
2023-08-24 17:00:00,,precip,0.0,0.0,,0.1,,
2023-08-24 18:00:00,,precip,0.0,0.0,,0.1,,
2023-08-25 11:00:00,,precip,0.0,0.0,,0.1,,
2023-08-25 12:00:00,,precip,0.0,0.0,,0.1,,
2023-08-25 17:00:00,,precip,0.0,0.0,,0.2,,
2023-08-25 18:00:00,,precip,0.0,0.0,,0.1,,
2023-08-26 09:00:00,,precip,0.0,0.0,,0.1,,
2023-08-26 11:00:00,,precip,0.0,0.0,,0.1,,
2023-08-26 12:00:00,,precip,0.0,0.0,,0.1,,
2023-08-26 14:00:00,,precip,0.0,0.0,,0.5,,
2023-08-26 15:00:00,,precip,0.0,0.0,,1.4,,
2023-08-26 17:00:00,,precip,0.0,0.0,,0.2,,
2023-08-27 19:00:00,,precip,0.0,0.0,,1.7,,
2023-08-28 19:00:00,,precip,0.0,0.0,,15.6,,
2023-08-29 19:00:00,,precip,0.0,0.0,,1.1,,
2023-08-30 01:00:00,,precip,0.0,0.0,,6.0,,
2023-08-30 19:00:00,,precip,0.0,0.0,,16.7,,
2023-08-31 19:00:00,,precip,0.0,0.0,,3.9,,
2023-09-01 19:00:00,,precip,0.0,0.0,,7.0,,
2023-09-02 19:00:00,,precip,0.0,0.0,,1.3,,
2023-09-03 19:00:00,,precip,0.0,0.0,,7.3,,
2023-09-04 19:00:00,,precip,0.0,0.0,,4.7,,
2023-09-05 19:00:00,,precip,0.0,0.0,,5.2,,
2023-09-06 11:00:00,,precip,0.0,0.0,,0.1,,
2023-09-06 14:00:00,,precip,0.0,0.0,,0.2,,
2023-09-06 15:00:00,,precip,0.0,0.0,,2.0,,
2023-09-07 11:00:00,,precip,0.0,0.0,,0.1,,
2023-09-07 12:00:00,,precip,0.0,0.0,,0.2,,
2023-09-07 14:00:00,,precip,0.0,0.0,,0.1,,
2023-09-07 15:00:00,,precip,0.0,0.0,,0.1,,
2023-09-07 17:00:00,,precip,0.0,0.0,,1.7,,
2023-09-07 19:00:00,,precip,0.0,0.0,,0.2,,
2023-09-08 19:00:00,,precip,0.0,0.0,,8.0,,
2023-09-09 01:00:00,,precip,0.0,0.0,,0.7,,
2023-09-09 13:00:00,,precip,0.0,0.0,,0.5,,
2023-09-09 19:00:00,,precip,0.0,0.0,,19.8,,
2023-09-10 01:00:00,,precip,0.0,0.0,,1.0,,
2023-09-11 13:00:00,,precip,0.0,0.0,,3.0,,
2023-09-12 12:00:00,,precip,0.0,0.0,,0.2,,
2023-09-12 14:00:00,,precip,0.0,0.0,,0.1,,
2023-09-12 18:00:00,,precip,0.0,0.0,,0.1,,
2023-09-12 20:00:00,,precip,0.0,0.0,,0.1,,
2023-09-12 21:00:00,,precip,0.0,0.0,,0.1,,
2023-09-12 23:00:00,,precip,0.0,0.0,,0.1,,
2023-09-13 19:00:00,,precip,0.0,0.0,,8.0,,
2023-09-14 15:00:00,,precip,0.0,0.0,,0.3,,
2023-09-14 17:00:00,,precip,0.0,0.0,,1.7,,
2023-09-14 18:00:00,,precip,0.0,0.0,,0.1,,
2023-09-14 21:00:00,,precip,0.0,0.0,,0.1,,
2023-09-15 01:00:00,,precip,0.0,0.0,,0.6,,
2023-09-16 13:00:00,,precip,0.0,0.0,,20.0,,
2023-09-16 19:00:00,,precip,0.0,0.0,,11.0,,
2023-09-17 00:00:00,,precip,0.0,0.0,,0.2,,
2023-09-17 11:00:00,,precip,0.0,0.0,,0.2,,
2023-09-17 12:00:00,,precip,0.0,0.0,,0.2,,
2023-09-17 15:00:00,,precip,0.0,0.0,,0.4,,
2023-09-17 17:00:00,,precip,0.0,0.0,,0.9,,
2023-09-18 11:00:00,,precip,0.0,0.0,,0.1,,
2023-09-18 12:00:00,,precip,0.0,0.0,,0.1,,
2023-09-18 14:00:00,,precip,0.0,0.0,,0.1,,
2023-09-18 15:00:00,,precip,0.0,0.0,,0.1,,
2023-09-18 17:00:00,,precip,0.0,0.0,,1.5,,
2023-09-18 18:00:00,,precip,0.0,0.0,,0.6,,
2023-09-18 20:00:00,,precip,0.0,0.0,,0.2,,
2023-09-19 01:00:00,,precip,0.0,0.0,,6.0,,
2023-09-19 19:00:00,,precip,0.0,0.0,,21.0,,
2023-09-20 07:00:00,,precip,0.0,0.0,,0.3,,
2023-09-21 19:00:00,,precip,0.0,0.0,,20.0,,
2023-09-22 01:00:00,,precip,0.0,0.0,,5.0,,
2023-09-22 19:00:00,,precip,0.0,0.0,,1.0,,
2023-09-23 19:00:00,,precip,0.0,0.0,,2.0,,
2023-09-24 01:00:00,,precip,0.0,0.0,,2.0,,
2023-09-24 19:00:00,,precip,0.0,0.0,,7.0,,
2023-09-25 01:00:00,,precip,0.0,0.0,,15.0,,
2023-09-26 13:00:00,,precip,0.0,0.0,,21.0,,
2023-09-27 13:00:00,,precip,0.0,0.0,,2.0,,
2023-09-28 00:00:00,,precip,0.0,0.0,,0.9,,
2023-09-28 02:00:00,,precip,0.0,0.0,,0.3,,
2023-09-28 03:00:00,,precip,0.0,0.0,,0.3,,
2023-09-28 05:00:00,,precip,0.0,0.0,,1.5,,
2023-09-28 06:00:00,,precip,0.0,0.0,,1.3,,
2023-09-28 08:00:00,,precip,0.0,0.0,,1.4,,
2023-09-28 09:00:00,,precip,0.0,0.0,,2.0,,
2023-09-28 11:00:00,,precip,0.0,0.0,,0.4,,
2023-09-28 12:00:00,,precip,0.0,0.0,,0.5,,
2023-09-28 15:00:00,,precip,0.0,0.0,,0.1,,
2023-09-28 17:00:00,,precip,0.0,0.0,,0.8,,
2023-09-28 18:00:00,,precip,0.0,0.0,,0.1,,
2023-09-29 02:00:00,,precip,0.0,0.0,,0.4,,
2023-09-29 03:00:00,,precip,0.0,0.0,,0.2,,
2023-09-29 05:00:00,,precip,0.0,0.0,,0.4,,
2023-09-29 15:00:00,,precip,0.0,0.0,,1.5,,
2023-09-29 17:00:00,,precip,0.0,0.0,,0.1,,
2023-09-30 07:00:00,,precip,0.0,0.0,,25.0,,
2023-10-01 13:00:00,,precip,0.0,0.0,,2.0,,
2023-10-01 19:00:00,,precip,0.0,0.0,,38.0,,
2023-10-02 01:00:00,,precip,0.0,0.0,,2.0,,
2023-10-02 13:00:00,,precip,0.0,0.0,,55.0,,
2023-10-02 19:00:00,,precip,0.0,0.0,,7.0,,
2023-10-03 07:00:00,,precip,0.0,0.0,,0.1,,
2023-10-03 19:00:00,,precip,0.0,0.0,,0.3,,
2023-10-04 13:00:00,,precip,0.0,0.0,,0.2,,
2023-10-05 19:00:00,,precip,0.0,0.0,,1.0,,
2023-10-06 19:00:00,,precip,0.0,0.0,,11.0,,
2023-10-07 01:00:00,,precip,0.0,0.0,,3.0,,
2023-10-08 01:00:00,,precip,0.0,0.0,,71.0,,
2023-10-08 19:00:00,,precip,0.0,0.0,,6.0,,
2023-10-09 01:00:00,,precip,0.0,0.0,,4.0,,
2023-10-10 19:00:00,,precip,0.0,0.0,,8.7,,
2023-10-11 11:00:00,,precip,0.0,0.0,,0.1,,
2023-10-11 12:00:00,,precip,0.0,0.0,,0.4,,
2023-10-11 14:00:00,,precip,0.0,0.0,,0.2,,
2023-10-11 15:00:00,,precip,0.0,0.0,,0.7,,
2023-10-12 09:00:00,,precip,0.0,0.0,,0.1,,
2023-10-12 11:00:00,,precip,0.0,0.0,,0.1,,
2023-10-12 12:00:00,,precip,0.0,0.0,,0.1,,
2023-10-12 15:00:00,,precip,0.0,0.0,,0.3,,
2023-10-12 17:00:00,,precip,0.0,0.0,,0.7,,
2023-10-12 18:00:00,,precip,0.0,0.0,,2.0,,
2023-10-12 20:00:00,,precip,0.0,0.0,,0.6,,
2023-10-12 21:00:00,,precip,0.0,0.0,,0.1,,
2023-10-13 01:00:00,,precip,0.0,0.0,,39.0,,
2023-10-14 09:00:00,,precip,0.0,0.0,,0.1,,
2023-10-14 14:00:00,,precip,0.0,0.0,,0.8,,
2023-10-14 15:00:00,,precip,0.0,0.0,,1.5,,
2023-10-14 18:00:00,,precip,0.0,0.0,,0.2,,
2023-10-14 21:00:00,,precip,0.0,0.0,,0.3,,
2023-10-14 23:00:00,,precip,0.0,0.0,,1.8,,
2023-10-15 00:00:00,,precip,0.0,0.0,,1.2,,
2023-10-15 02:00:00,,precip,0.0,0.0,,0.9,,
2023-10-15 03:00:00,,precip,0.0,0.0,,1.3,,
2023-10-15 05:00:00,,precip,0.0,0.0,,0.5,,
2023-10-15 06:00:00,,precip,0.0,0.0,,1.3,,
2023-10-15 08:00:00,,precip,0.0,0.0,,1.3,,
2023-10-15 09:00:00,,precip,0.0,0.0,,0.6,,
2023-10-15 11:00:00,,precip,0.0,0.0,,0.4,,
2023-10-15 12:00:00,,precip,0.0,0.0,,0.4,,
2023-10-15 14:00:00,,precip,0.0,0.0,,0.1,,
2023-10-15 15:00:00,,precip,0.0,0.0,,3.5,,
2023-10-15 17:00:00,,precip,0.0,0.0,,0.4,,
2023-10-15 18:00:00,,precip,0.0,0.0,,0.4,,
2023-10-15 20:00:00,,precip,0.0,0.0,,0.1,,
2023-10-15 21:00:00,,precip,0.0,0.0,,0.1,,
2023-10-16 19:00:00,,precip,0.0,0.0,,0.4,,
2023-10-17 19:00:00,,precip,0.0,0.0,,0.4,,
2023-10-18 19:00:00,,precip,0.0,0.0,,0.2,,
2023-10-19 19:00:00,,precip,0.0,0.0,,0.6,,
2023-10-20 03:00:00,,precip,0.0,0.0,,0.1,,
2023-10-20 11:00:00,,precip,0.0,0.0,,0.1,,
2023-10-20 12:00:00,,precip,0.0,0.0,,0.1,,
2023-10-20 14:00:00,,precip,0.0,0.0,,0.1,,
2023-10-20 18:00:00,,precip,0.0,0.0,,0.5,,
2023-10-21 09:00:00,,precip,0.0,0.0,,0.1,,
2023-10-21 11:00:00,,precip,0.0,0.0,,0.1,,
2023-10-21 12:00:00,,precip,0.0,0.0,,1.4,,
2023-10-21 14:00:00,,precip,0.0,0.0,,0.9,,
2023-10-21 15:00:00,,precip,0.0,0.0,,1.3,,
2023-10-21 17:00:00,,precip,0.0,0.0,,0.5,,
2023-10-21 21:00:00,,precip,0.0,0.0,,0.2,,
2023-10-22 11:00:00,,precip,0.0,0.0,,0.1,,
2023-10-22 12:00:00,,precip,0.0,0.0,,0.1,,
2023-10-22 14:00:00,,precip,0.0,0.0,,0.1,,
2023-10-22 17:00:00,,precip,0.0,0.0,,0.4,,
2023-10-22 20:00:00,,precip,0.0,0.0,,0.1,,
2023-10-23 19:00:00,,precip,0.0,0.0,,3.2,,
2023-10-24 19:00:00,,precip,0.0,0.0,,0.2,,
2023-10-25 05:00:00,,precip,0.0,0.0,,0.3,,
2023-10-25 06:00:00,,precip,0.0,0.0,,0.5,,
2023-10-25 08:00:00,,precip,0.0,0.0,,0.1,,
2023-10-25 11:00:00,,precip,0.0,0.0,,0.2,,
2023-10-25 12:00:00,,precip,0.0,0.0,,0.1,,
2023-10-25 15:00:00,,precip,0.0,0.0,,0.1,,
2023-10-25 17:00:00,,precip,0.0,0.0,,1.2,,
2023-10-26 19:00:00,,precip,0.0,0.0,,10.6,,
2023-10-27 19:00:00,,precip,0.0,0.0,,0.7,,
2023-10-28 19:00:00,,precip,0.0,0.0,,9.6,,
2023-10-29 19:00:00,,precip,0.0,0.0,,14.0,,
2023-10-30 19:00:00,,precip,0.0,0.0,,12.0,,
2023-10-31 19:00:00,,precip,0.0,0.0,,5.0,,
2023-11-01 19:00:00,,precip,0.0,0.0,,8.0,,
2023-11-02 03:00:00,,precip,0.0,0.0,,0.1,,
2023-11-02 11:00:00,,precip,0.0,0.0,,0.1,,
2023-11-02 12:00:00,,precip,0.0,0.0,,0.1,,
2023-11-02 15:00:00,,precip,0.0,0.0,,0.9,,
2023-11-02 17:00:00,,precip,0.0,0.0,,0.8,,
2023-11-02 18:00:00,,precip,0.0,0.0,,2.5,,
2023-11-02 20:00:00,,precip,0.0,0.0,,4.2,,
2023-11-02 21:00:00,,precip,0.0,0.0,,0.4,,
2023-11-03 01:00:00,,precip,0.0,0.0,,8.0,,
2023-11-04 09:00:00,,precip,0.0,0.0,,0.1,,
2023-11-04 11:00:00,,precip,0.0,0.0,,0.3,,
2023-11-04 12:00:00,,precip,0.0,0.0,,0.2,,
2023-11-05 11:00:00,,precip,0.0,0.0,,0.1,,
2023-11-05 12:00:00,,precip,0.0,0.0,,0.1,,
2023-11-05 17:00:00,,precip,0.0,0.0,,0.3,,
2023-11-05 20:00:00,,precip,0.0,0.0,,0.1,,
2023-11-06 00:00:00,,precip,0.0,0.0,,0.1,,
2023-11-06 02:00:00,,precip,0.0,0.0,,0.2,,
2023-11-06 03:00:00,,precip,0.0,0.0,,0.5,,
2023-11-06 11:00:00,,precip,0.0,0.0,,0.1,,
2023-11-06 12:00:00,,precip,0.0,0.0,,0.1,,
2023-11-06 15:00:00,,precip,0.0,0.0,,0.3,,
2023-11-07 03:00:00,,precip,0.0,0.0,,0.2,,
2023-11-07 05:00:00,,precip,0.0,0.0,,0.4,,
2023-11-07 06:00:00,,precip,0.0,0.0,,0.3,,
2023-11-07 08:00:00,,precip,0.0,0.0,,0.1,,
2023-11-07 09:00:00,,precip,0.0,0.0,,0.1,,
2023-11-07 11:00:00,,precip,0.0,0.0,,0.3,,
2023-11-07 12:00:00,,precip,0.0,0.0,,0.9,,
2023-11-07 14:00:00,,precip,0.0,0.0,,4.2,,
2023-11-07 15:00:00,,precip,0.0,0.0,,2.8,,
2023-11-07 17:00:00,,precip,0.0,0.0,,0.3,,
2023-11-07 18:00:00,,precip,0.0,0.0,,0.1,,
2023-11-07 20:00:00,,precip,0.0,0.0,,0.4,,
2023-11-07 21:00:00,,precip,0.0,0.0,,0.4,,
2023-11-07 23:00:00,,precip,0.0,0.0,,1.4,,
2023-11-08 00:00:00,,precip,0.0,0.0,,0.2,,
2023-11-08 09:00:00,,precip,0.0,0.0,,0.1,,
2023-11-08 11:00:00,,precip,0.0,0.0,,0.1,,
2023-11-08 12:00:00,,precip,0.0,0.0,,0.1,,
2023-11-09 00:00:00,,precip,0.0,0.0,,0.1,,
2023-11-09 11:00:00,,precip,0.0,0.0,,0.1,,
2023-11-09 12:00:00,,precip,0.0,0.0,,0.2,,
2023-11-09 14:00:00,,precip,0.0,0.0,,0.2,,
2023-11-09 15:00:00,,precip,0.0,0.0,,0.3,,
2023-11-09 17:00:00,,precip,0.0,0.0,,0.1,,
2023-11-09 20:00:00,,precip,0.0,0.0,,0.2,,
2023-11-09 21:00:00,,precip,0.0,0.0,,0.4,,
2023-11-09 23:00:00,,precip,0.0,0.0,,0.2,,
2023-11-10 00:00:00,,precip,0.0,0.0,,0.5,,
2023-11-10 02:00:00,,precip,0.0,0.0,,1.0,,
2023-11-10 03:00:00,,precip,0.0,0.0,,0.2,,
2023-11-10 11:00:00,,precip,0.0,0.0,,0.1,,
2023-11-10 12:00:00,,precip,0.0,0.0,,0.1,,
2023-11-10 14:00:00,,precip,0.0,0.0,,0.5,,
2023-11-10 15:00:00,,precip,0.0,0.0,,0.3,,
2023-11-10 17:00:00,,precip,0.0,0.0,,0.7,,
2023-11-10 18:00:00,,precip,0.0,0.0,,0.3,,
2023-11-11 09:00:00,,precip,0.0,0.0,,0.1,,
2023-11-11 12:00:00,,precip,0.0,0.0,,0.1,,
2023-11-12 19:00:00,,precip,0.0,0.0,,1.0,,
2023-11-13 17:00:00,,precip,0.0,0.0,,0.5,,
2023-11-13 18:00:00,,precip,0.0,0.0,,0.2,,
2023-11-14 00:00:00,,precip,0.0,0.0,,0.1,,
2023-11-14 11:00:00,,precip,0.0,0.0,,0.1,,
2023-11-14 12:00:00,,precip,0.0,0.0,,0.1,,
2023-11-14 15:00:00,,precip,0.0,0.0,,0.4,,
2023-11-14 17:00:00,,precip,0.0,0.0,,0.1,,
2023-11-15 08:00:00,,precip,0.0,0.0,,0.1,,
2023-11-15 09:00:00,,precip,0.0,0.0,,0.1,,
2023-11-15 11:00:00,,precip,0.0,0.0,,0.2,,
2023-11-15 12:00:00,,precip,0.0,0.0,,1.6,,
2023-11-15 14:00:00,,precip,0.0,0.0,,0.3,,
2023-11-15 15:00:00,,precip,0.0,0.0,,0.2,,
2023-11-15 17:00:00,,precip,0.0,0.0,,0.1,,
2023-11-16 19:00:00,,precip,0.0,0.0,,0.1,,
2023-11-17 11:00:00,,precip,0.0,0.0,,0.1,,
2023-11-17 12:00:00,,precip,0.0,0.0,,0.1,,
2023-11-17 14:00:00,,precip,0.0,0.0,,0.2,,
2023-11-17 15:00:00,,precip,0.0,0.0,,3.5,,
2023-11-17 17:00:00,,precip,0.0,0.0,,1.2,,
2023-11-17 18:00:00,,precip,0.0,0.0,,1.2,,
2023-11-17 20:00:00,,precip,0.0,0.0,,0.1,,
2023-11-20 14:00:00,,precip,0.0,0.0,,0.1,,
2023-11-21 12:00:00,,precip,0.0,0.0,,0.1,,
2023-11-21 14:00:00,,precip,0.0,0.0,,0.2,,
2023-11-21 18:00:00,,precip,0.0,0.0,,0.1,,
2023-11-22 11:00:00,,precip,0.0,0.0,,0.1,,
2023-11-23 05:00:00,,precip,0.0,0.0,,0.2,,
2023-11-23 06:00:00,,precip,0.0,0.0,,0.1,,
2023-11-23 09:00:00,,precip,0.0,0.0,,0.1,,
2023-11-23 17:00:00,,precip,0.0,0.0,,0.3,,
2023-11-23 18:00:00,,precip,0.0,0.0,,0.1,,
2023-11-23 20:00:00,,precip,0.0,0.0,,0.1,,
2023-11-23 23:00:00,,precip,0.0,0.0,,0.2,,
2023-11-24 19:00:00,,precip,0.0,0.0,,0.1,,
2023-11-25 19:00:00,,precip,0.0,0.0,,2.1,,
2023-11-26 19:00:00,,precip,0.0,0.0,,20.2,,
2023-11-27 19:00:00,,precip,0.0,0.0,,7.5,,
2023-11-28 15:00:00,,precip,0.0,0.0,,0.1,,
2023-11-28 17:00:00,,precip,0.0,0.0,,0.7,,
2023-11-28 18:00:00,,precip,0.0,0.0,,0.2,,
2023-11-29 19:00:00,,precip,0.0,0.0,,0.1,,
2023-11-30 19:00:00,,precip,0.0,0.0,,0.4,,
2023-12-01 19:00:00,,precip,0.0,0.0,,1.8,,
2023-12-02 15:00:00,,precip,0.0,0.0,,0.1,,
2023-12-02 17:00:00,,precip,0.0,0.0,,0.4,,
2023-12-02 18:00:00,,precip,0.0,0.0,,0.2,,
2023-12-03 01:00:00,,precip,0.0,0.0,,8.0,,
2023-12-04 05:00:00,,precip,0.0,0.0,,0.1,,
2023-12-04 06:00:00,,precip,0.0,0.0,,0.1,,
2023-12-04 11:00:00,,precip,0.0,0.0,,0.1,,
2023-12-04 12:00:00,,precip,0.0,0.0,,0.1,,
2023-12-04 14:00:00,,precip,0.0,0.0,,0.2,,
2023-12-04 15:00:00,,precip,0.0,0.0,,3.8,,
2023-12-04 17:00:00,,precip,0.0,0.0,,0.5,,
2023-12-05 11:00:00,,precip,0.0,0.0,,0.1,,
2023-12-05 15:00:00,,precip,0.0,0.0,,0.1,,
2023-12-05 17:00:00,,precip,0.0,0.0,,0.3,,
2023-12-05 18:00:00,,precip,0.0,0.0,,0.1,,
2023-12-06 01:00:00,,precip,0.0,0.0,,6.0,,
2023-12-07 11:00:00,,precip,0.0,0.0,,0.1,,
2023-12-07 12:00:00,,precip,0.0,0.0,,0.1,,
2023-12-07 17:00:00,,precip,0.0,0.0,,1.6,,
2023-12-08 03:00:00,,precip,0.0,0.0,,0.1,,
2023-12-09 09:00:00,,precip,0.0,0.0,,0.1,,
2023-12-09 11:00:00,,precip,0.0,0.0,,0.1,,
2023-12-09 12:00:00,,precip,0.0,0.0,,0.2,,
2023-12-09 14:00:00,,precip,0.0,0.0,,0.1,,
2023-12-15 11:00:00,,precip,0.0,0.0,,0.2,,
2023-12-15 12:00:00,,precip,0.0,0.0,,0.1,,
2023-12-16 11:00:00,,precip,0.0,0.0,,0.1,,
2023-12-16 12:00:00,,precip,0.0,0.0,,0.1,,
2023-12-16 14:00:00,,precip,0.0,0.0,,0.1,,
2023-12-17 17:00:00,,precip,0.0,0.0,,0.1,,
2023-12-17 18:00:00,,precip,0.0,0.0,,0.3,,
2023-12-18 17:00:00,,precip,0.0,0.0,,1.4,,
2023-12-18 18:00:00,,precip,0.0,0.0,,0.2,,
2023-12-19 19:00:00,,precip,0.0,0.0,,0.1,,
2023-12-20 19:00:00,,precip,0.0,0.0,,5.0,,
2023-12-22 18:00:00,,precip,0.0,0.0,,0.3,,
2023-12-22 23:00:00,,precip,0.0,0.0,,0.1,,
2023-12-23 08:00:00,,precip,0.0,0.0,,0.1,,
2023-12-23 09:00:00,,precip,0.0,0.0,,0.7,,
2023-12-23 11:00:00,,precip,0.0,0.0,,0.6,,
2023-12-23 12:00:00,,precip,0.0,0.0,,0.9,,
2023-12-23 14:00:00,,precip,0.0,0.0,,0.8,,
2023-12-24 14:00:00,,precip,0.0,0.0,,0.2,,
2023-12-24 15:00:00,,precip,0.0,0.0,,0.2,,
2023-12-24 17:00:00,,precip,0.0,0.0,,0.2,,
2023-12-24 18:00:00,,precip,0.0,0.0,,0.1,,
2023-12-27 17:00:00,,precip,0.0,0.0,,0.6,,
2023-12-27 18:00:00,,precip,0.0,0.0,,0.2,,
2023-12-28 15:00:00,,precip,0.0,0.0,,0.6,,
2023-12-28 17:00:00,,precip,0.0,0.0,,0.3,,
2023-12-29 15:00:00,,precip,0.0,0.0,,0.1,,
2023-12-29 17:00:00,,precip,0.0,0.0,,1.1,,
2023-12-29 18:00:00,,precip,0.0,0.0,,1.4,,
2023-12-30 11:00:00,,precip,0.0,0.0,,0.2,,
2023-12-30 12:00:00,,precip,0.0,0.0,,0.1,,
2023-12-31 11:00:00,,precip,0.0,0.0,,0.2,,
2023-12-31 12:00:00,,precip,0.0,0.0,,0.1,,
2023-12-31 14:00:00,,precip,0.0,0.0,,0.1,,
2023-12-31 17:00:00,,precip,0.0,0.0,,0.1,,
2024-01-01 11:00:00,,precip,0.0,0.0,,0.1,,
2024-01-01 15:00:00,,precip,0.0,0.0,,0.1,,
2024-01-02 11:00:00,,precip,0.0,0.0,,0.1,,
2024-01-02 12:00:00,,precip,0.0,0.0,,0.1,,
2024-01-02 17:00:00,,precip,0.0,0.0,,0.1,,
2024-01-03 11:00:00,,precip,0.0,0.0,,0.1,,
2024-01-03 12:00:00,,precip,0.0,0.0,,0.1,,
2024-01-04 14:00:00,,precip,0.0,0.0,,0.1,,
2024-01-04 15:00:00,,precip,0.0,0.0,,0.1,,
2024-01-04 17:00:00,,precip,0.0,0.0,,0.1,,
2024-01-04 18:00:00,,precip,0.0,0.0,,0.1,,
2024-01-05 14:00:00,,precip,0.0,0.0,,0.1,,
2024-01-06 15:00:00,,precip,0.0,0.0,,0.8,,
2024-01-06 17:00:00,,precip,0.0,0.0,,1.1,,
2024-01-06 18:00:00,,precip,0.0,0.0,,0.2,,
2024-01-07 11:00:00,,precip,0.0,0.0,,0.1,,
2024-01-07 12:00:00,,precip,0.0,0.0,,0.1,,
2024-01-07 14:00:00,,precip,0.0,0.0,,0.1,,
2024-01-07 15:00:00,,precip,0.0,0.0,,0.1,,
2024-01-08 11:00:00,,precip,0.0,0.0,,0.1,,
2024-01-08 12:00:00,,precip,0.0,0.0,,0.1,,
2024-01-08 15:00:00,,precip,0.0,0.0,,0.1,,
2024-01-08 17:00:00,,precip,0.0,0.0,,0.1,,
2024-01-09 11:00:00,,precip,0.0,0.0,,0.1,,
2024-01-10 11:00:00,,precip,0.0,0.0,,0.1,,
2024-01-11 11:00:00,,precip,0.0,0.0,,0.1,,
2024-01-16 17:00:00,,precip,0.0,0.0,,0.9,,
2024-01-16 18:00:00,,precip,0.0,0.0,,0.3,,
2024-01-16 20:00:00,,precip,0.0,0.0,,0.2,,
2024-02-24 11:00:00,,precip,0.0,0.0,,0.1,,
2024-02-27 12:00:00,,precip,0.0,0.0,,0.1,,
2024-02-27 18:00:00,,precip,0.0,0.0,,0.1,,
2024-02-27 20:00:00,,precip,0.0,0.0,,0.1,,
2024-02-27 21:00:00,,precip,0.0,0.0,,0.1,,
2024-03-06 09:00:00,,precip,0.0,0.0,,0.1,,
2024-03-07 11:00:00,,precip,0.0,0.0,,0.1,,
2024-03-13 11:00:00,,precip,0.0,0.0,,0.1,,
2024-03-28 15:00:00,,precip,0.0,0.0,,0.4,,
2024-03-28 16:00:00,,precip,0.0,0.0,,0.1,,
2024-03-28 18:00:00,,precip,0.0,0.0,,0.1,,
2024-03-30 15:00:00,,precip,0.0,0.0,,0.1,,
2024-03-30 16:00:00,,precip,0.0,0.0,,0.1,,
2024-03-31 15:00:00,,precip,0.0,0.0,,0.1,,
2024-03-31 16:00:00,,precip,0.0,0.0,,0.2,,
2024-04-01 09:00:00,,precip,0.0,0.0,,0.1,,
2024-04-01 10:00:00,,precip,0.0,0.0,,0.1,,
2024-04-01 11:00:00,,precip,0.0,0.0,,0.2,,
2024-04-01 12:00:00,,precip,0.0,0.0,,0.1,,
2024-04-01 13:00:00,,precip,0.0,0.0,,0.1,,
2024-04-01 14:00:00,,precip,0.0,0.0,,0.1,,
2024-04-02 03:00:00,,precip,0.0,0.0,,0.2,,
2024-04-02 05:00:00,,precip,0.0,0.0,,0.1,,
2024-04-02 09:00:00,,precip,0.0,0.0,,0.1,,
2024-04-02 11:00:00,,precip,0.0,0.0,,0.2,,
2024-04-02 12:00:00,,precip,0.0,0.0,,0.1,,
2024-04-02 14:00:00,,precip,0.0,0.0,,0.1,,
2024-04-04 09:00:00,,precip,0.0,0.0,,0.1,,
2024-04-04 11:00:00,,precip,0.0,0.0,,0.1,,
2024-04-04 12:00:00,,precip,0.0,0.0,,0.1,,
2024-04-05 03:00:00,,precip,0.0,0.0,,0.1,,
2024-04-05 08:00:00,,precip,0.0,0.0,,0.1,,
2024-04-05 11:00:00,,precip,0.0,0.0,,0.1,,
2024-04-05 12:00:00,,precip,0.0,0.0,,0.1,,
2024-04-08 15:00:00,,precip,0.0,0.0,,0.1,,
2024-04-13 11:00:00,,precip,0.0,0.0,,0.1,,
2024-04-13 15:00:00,,precip,0.0,0.0,,0.1,,
2024-04-17 09:00:00,,precip,0.0,0.0,,0.1,,
2024-04-17 11:00:00,,precip,0.0,0.0,,0.1,,
2024-04-17 12:00:00,,precip,0.0,0.0,,0.1,,
2024-04-18 08:00:00,,precip,0.0,0.0,,0.1,,
2024-04-19 08:00:00,,precip,0.0,0.0,,0.1,,
2024-04-19 09:00:00,,precip,0.0,0.0,,0.1,,
2024-04-24 15:00:00,,precip,0.0,0.0,,0.1,,
2024-04-25 07:00:00,,precip,0.0,0.0,,0.1,,
2024-04-26 14:00:00,,precip,0.0,0.0,,0.1,,
2024-04-26 15:00:00,,precip,0.0,0.0,,0.2,,
2024-04-28 06:00:00,,precip,0.0,0.0,,0.1,,
2024-04-28 08:00:00,,precip,0.0,0.0,,0.1,,
2024-05-01 03:00:00,,precip,0.0,0.0,,0.1,,
2024-05-01 07:00:00,,precip,0.0,0.0,,0.1,,
2024-05-02 05:00:00,,precip,0.0,0.0,,1.0,,
2024-05-02 06:00:00,,precip,0.0,0.0,,0.9,,
2024-05-02 08:00:00,,precip,0.0,0.0,,0.4,,
2024-05-02 09:00:00,,precip,0.0,0.0,,0.2,,
2024-05-03 12:00:00,,precip,0.0,0.0,,0.1,,
2024-05-03 15:00:00,,precip,0.0,0.0,,0.1,,
2024-05-04 03:00:00,,precip,0.0,0.0,,0.2,,
2024-05-04 09:00:00,,precip,0.0,0.0,,0.1,,
2024-05-04 11:00:00,,precip,0.0,0.0,,0.1,,
2024-05-04 12:00:00,,precip,0.0,0.0,,0.3,,
2024-05-04 15:00:00,,precip,0.0,0.0,,1.2,,
2024-05-04 17:00:00,,precip,0.0,0.0,,1.5,,
2024-05-04 18:00:00,,precip,0.0,0.0,,1.6,,
2024-05-05 06:00:00,,precip,0.0,0.0,,0.3,,
2024-05-05 08:00:00,,precip,0.0,0.0,,2.5,,
2024-05-05 09:00:00,,precip,0.0,0.0,,0.2,,
2024-05-05 11:00:00,,precip,0.0,0.0,,0.2,,
2024-05-05 12:00:00,,precip,0.0,0.0,,0.1,,
2024-05-05 14:00:00,,precip,0.0,0.0,,1.6,,
2024-05-05 15:00:00,,precip,0.0,0.0,,3.1,,
2024-05-05 17:00:00,,precip,0.0,0.0,,0.1,,
2024-05-06 09:00:00,,precip,0.0,0.0,,0.1,,
2024-05-06 11:00:00,,precip,0.0,0.0,,0.1,,
2024-05-06 12:00:00,,precip,0.0,0.0,,0.1,,
2024-05-07 11:00:00,,precip,0.0,0.0,,0.1,,
2024-05-07 15:00:00,,precip,0.0,0.0,,0.3,,
2024-05-07 17:00:00,,precip,0.0,0.0,,0.1,,
2024-05-08 02:00:00,,precip,0.0,0.0,,0.2,,
2024-05-08 09:00:00,,precip,0.0,0.0,,0.1,,
2024-05-08 15:00:00,,precip,0.0,0.0,,0.1,,
2024-05-09 05:00:00,,precip,0.0,0.0,,0.1,,
2024-05-09 11:00:00,,precip,0.0,0.0,,0.1,,
2024-05-09 12:00:00,,precip,0.0,0.0,,0.5,,
2024-05-09 15:00:00,,precip,0.0,0.0,,0.1,,
2024-05-10 11:00:00,,precip,0.0,0.0,,0.1,,
2024-05-11 19:00:00,,precip,0.0,0.0,,6.0,,
2024-05-12 00:00:00,,precip,0.0,0.0,,0.1,,
2024-05-12 09:00:00,,precip,0.0,0.0,,0.1,,
2024-05-12 17:00:00,,precip,0.0,0.0,,0.1,,
2024-05-12 20:00:00,,precip,0.0,0.0,,0.2,,
2024-05-12 21:00:00,,precip,0.0,0.0,,0.2,,
2024-05-13 02:00:00,,precip,0.0,0.0,,0.1,,
2024-05-13 17:00:00,,precip,0.0,0.0,,0.1,,
2024-05-13 21:00:00,,precip,0.0,0.0,,0.2,,
2024-05-14 02:00:00,,precip,0.0,0.0,,0.4,,
2024-05-14 03:00:00,,precip,0.0,0.0,,0.2,,
2024-05-14 08:00:00,,precip,0.0,0.0,,0.1,,
2024-05-14 09:00:00,,precip,0.0,0.0,,0.2,,
2024-05-15 19:00:00,,precip,0.0,0.0,,0.4,,
2024-05-16 11:00:00,,precip,0.0,0.0,,0.1,,
2024-05-16 12:00:00,,precip,0.0,0.0,,0.1,,
2024-05-16 14:00:00,,precip,0.0,0.0,,2.6,,
2024-05-16 15:00:00,,precip,0.0,0.0,,0.1,,
2024-05-16 17:00:00,,precip,0.0,0.0,,0.3,,
2024-05-17 19:00:00,,precip,0.0,0.0,,0.3,,
2024-05-18 12:00:00,,precip,0.0,0.0,,0.1,,
2024-05-19 00:00:00,,precip,0.0,0.0,,0.1,,
2024-05-19 03:00:00,,precip,0.0,0.0,,0.6,,
2024-05-19 09:00:00,,precip,0.0,0.0,,0.1,,
2024-05-19 11:00:00,,precip,0.0,0.0,,0.3,,
2024-05-19 12:00:00,,precip,0.0,0.0,,1.2,,
2024-05-19 15:00:00,,precip,0.0,0.0,,1.3,,
2024-05-19 17:00:00,,precip,0.0,0.0,,1.8,,
2024-05-20 19:00:00,,precip,0.0,0.0,,2.0,,
2024-05-21 01:00:00,,precip,0.0,0.0,,33.0,,
2024-05-21 07:00:00,,precip,0.0,0.0,,9.0,,
2024-05-21 19:00:00,,precip,0.0,0.0,,28.0,,
2024-05-22 19:00:00,,precip,0.0,0.0,,2.0,,
2024-05-23 02:00:00,,precip,0.0,0.0,,0.2,,
2024-05-23 03:00:00,,precip,0.0,0.0,,0.1,,
2024-05-23 05:00:00,,precip,0.0,0.0,,0.1,,
2024-05-23 09:00:00,,precip,0.0,0.0,,0.1,,
2024-05-23 11:00:00,,precip,0.0,0.0,,0.3,,
2024-05-23 12:00:00,,precip,0.0,0.0,,0.2,,
2024-05-23 14:00:00,,precip,0.0,0.0,,4.4,,
2024-05-23 15:00:00,,precip,0.0,0.0,,2.7,,
2024-05-23 17:00:00,,precip,0.0,0.0,,1.2,,
2024-05-24 12:00:00,,precip,0.0,0.0,,0.1,,
2024-05-24 17:00:00,,precip,0.0,0.0,,0.2,,
2024-05-25 09:00:00,,precip,0.0,0.0,,0.1,,
2024-05-26 04:00:00,,precip,0.0,0.0,,0.3,,
2024-05-26 05:00:00,,precip,0.0,0.0,,0.1,,
2024-05-26 06:00:00,,precip,0.0,0.0,,0.1,,
2024-05-26 08:00:00,,precip,0.0,0.0,,0.1,,
2024-05-26 09:00:00,,precip,0.0,0.0,,0.3,,
2024-05-26 12:00:00,,precip,0.0,0.0,,0.2,,
2024-05-26 15:00:00,,precip,0.0,0.0,,0.1,,
2024-05-26 17:00:00,,precip,0.0,0.0,,0.8,,
2024-05-26 18:00:00,,precip,0.0,0.0,,3.1,,
2024-05-27 19:00:00,,precip,0.0,0.0,,8.0,,
2024-05-28 01:00:00,,precip,0.0,0.0,,6.0,,
2024-05-29 11:00:00,,precip,0.0,0.0,,0.1,,
2024-05-29 12:00:00,,precip,0.0,0.0,,0.1,,
2024-05-29 14:00:00,,precip,0.0,0.0,,0.9,,
2024-05-29 15:00:00,,precip,0.0,0.0,,2.0,,
2024-05-29 17:00:00,,precip,0.0,0.0,,0.8,,
2024-05-29 18:00:00,,precip,0.0,0.0,,3.8,,
2024-05-29 20:00:00,,precip,0.0,0.0,,0.1,,
2024-05-30 19:00:00,,precip,0.0,0.0,,32.0,,
2024-05-31 01:00:00,,precip,0.0,0.0,,1.0,,
2024-05-31 19:00:00,,precip,0.0,0.0,,33.0,,
2024-06-01 08:00:00,,precip,0.0,0.0,,0.1,,
2024-06-01 09:00:00,,precip,0.0,0.0,,0.2,,
2024-06-01 11:00:00,,precip,0.0,0.0,,0.3,,
2024-06-01 12:00:00,,precip,0.0,0.0,,0.1,,
2024-06-01 14:00:00,,precip,0.0,0.0,,0.1,,
2024-06-01 17:00:00,,precip,0.0,0.0,,9.7,,
2024-06-01 18:00:00,,precip,0.0,0.0,,5.7,,
2024-06-02 17:00:00,,precip,0.0,0.0,,0.1,,
2024-06-04 17:00:00,,precip,0.0,0.0,,0.6,,
2024-06-05 13:00:00,,precip,0.0,0.0,,2.0,,
2024-06-06 09:00:00,,precip,0.0,0.0,,0.1,,
2024-06-06 17:00:00,,precip,0.0,0.0,,0.4,,
2024-06-06 18:00:00,,precip,0.0,0.0,,0.6,,
2024-06-06 20:00:00,,precip,0.0,0.0,,0.8,,
2024-06-07 13:00:00,,precip,0.0,0.0,,12.0,,
2024-06-08 19:00:00,,precip,0.0,0.0,,32.0,,
2024-06-09 01:00:00,,precip,0.0,0.0,,3.0,,
2024-06-10 13:00:00,,precip,0.0,0.0,,3.0,,
2024-06-11 19:00:00,,precip,0.0,0.0,,0.3,,
2024-06-12 11:00:00,,precip,0.0,0.0,,0.2,,
2024-06-12 12:00:00,,precip,0.0,0.0,,0.1,,
2024-06-12 18:00:00,,precip,0.0,0.0,,0.1,,
2024-06-13 11:00:00,,precip,0.0,0.0,,0.1,,
2024-06-13 17:00:00,,precip,0.0,0.0,,0.1,,
2024-06-14 19:00:00,,precip,0.0,0.0,,7.0,,
2024-06-15 05:00:00,,precip,0.0,0.0,,1.7,,
2024-06-15 06:00:00,,precip,0.0,0.0,,1.9,,
2024-06-15 11:00:00,,precip,0.0,0.0,,0.1,,
2024-06-15 12:00:00,,precip,0.0,0.0,,0.2,,
2024-06-15 14:00:00,,precip,0.0,0.0,,0.1,,
2024-06-15 15:00:00,,precip,0.0,0.0,,0.9,,
2024-06-15 17:00:00,,precip,0.0,0.0,,2.4,,
2024-06-15 18:00:00,,precip,0.0,0.0,,0.1,,
2024-06-15 20:00:00,,precip,0.0,0.0,,1.4,,
2024-06-15 21:00:00,,precip,0.0,0.0,,0.5,,
2024-06-16 01:00:00,,precip,0.0,0.0,,0.6,,
2024-06-16 07:00:00,,precip,0.0,0.0,,16.4,,
2024-06-17 19:00:00,,precip,0.0,0.0,,22.0,,
2024-06-18 08:00:00,,precip,0.0,0.0,,0.1,,
2024-06-18 09:00:00,,precip,0.0,0.0,,0.2,,
2024-06-18 11:00:00,,precip,0.0,0.0,,0.3,,
2024-06-18 12:00:00,,precip,0.0,0.0,,0.3,,
2024-06-18 15:00:00,,precip,0.0,0.0,,0.1,,
2024-06-18 17:00:00,,precip,0.0,0.0,,0.5,,
2024-06-18 18:00:00,,precip,0.0,0.0,,0.1,,
2024-06-19 01:00:00,,precip,0.0,0.0,,20.0,,
2024-06-19 19:00:00,,precip,0.0,0.0,,0.9,,
2024-06-20 09:00:00,,precip,0.0,0.0,,0.1,,
2024-06-20 11:00:00,,precip,0.0,0.0,,0.1,,
2024-06-20 12:00:00,,precip,0.0,0.0,,0.2,,
2024-06-20 14:00:00,,precip,0.0,0.0,,0.5,,
2024-06-20 15:00:00,,precip,0.0,0.0,,6.2,,
2024-06-20 17:00:00,,precip,0.0,0.0,,0.1,,
2024-06-20 18:00:00,,precip,0.0,0.0,,0.2,,
2024-06-20 20:00:00,,precip,0.0,0.0,,0.1,,
2024-06-20 21:00:00,,precip,0.0,0.0,,0.1,,
2024-06-21 01:00:00,,precip,0.0,0.0,,75.0,,
2024-06-21 19:00:00,,precip,0.0,0.0,,16.0,,
2024-06-22 01:00:00,,precip,0.0,0.0,,1.0,,
2024-06-23 19:00:00,,precip,0.0,0.0,,8.0,,
2024-06-24 13:00:00,,precip,0.0,0.0,,5.0,,
2024-06-25 00:00:00,,precip,0.0,0.0,,0.4,,
2024-06-25 02:00:00,,precip,0.0,0.0,,0.4,,
2024-06-25 03:00:00,,precip,0.0,0.0,,0.5,,
2024-06-25 05:00:00,,precip,0.0,0.0,,0.1,,
2024-06-25 06:00:00,,precip,0.0,0.0,,0.1,,
2024-06-25 08:00:00,,precip,0.0,0.0,,0.1,,
2024-06-25 09:00:00,,precip,0.0,0.0,,0.1,,
2024-06-25 11:00:00,,precip,0.0,0.0,,0.1,,
2024-06-25 12:00:00,,precip,0.0,0.0,,0.2,,
2024-06-25 18:00:00,,precip,0.0,0.0,,0.1,,
2024-06-26 02:00:00,,precip,0.0,0.0,,0.1,,
2024-06-26 17:00:00,,precip,0.0,0.0,,0.4,,
2024-06-26 20:00:00,,precip,0.0,0.0,,0.2,,
2024-06-26 21:00:00,,precip,0.0,0.0,,0.3,,
2024-06-27 19:00:00,,precip,0.0,0.0,,2.0,,
2024-06-28 01:00:00,,precip,0.0,0.0,,4.0,,
2024-06-29 13:00:00,,precip,0.0,0.0,,5.0,,
2024-06-30 00:00:00,,precip,0.0,0.0,,0.2,,
2024-06-30 08:00:00,,precip,0.0,0.0,,0.1,,
2024-06-30 09:00:00,,precip,0.0,0.0,,0.1,,
2024-06-30 11:00:00,,precip,0.0,0.0,,0.1,,
2024-06-30 17:00:00,,precip,0.0,0.0,,3.0,,
2024-06-30 18:00:00,,precip,0.0,0.0,,0.1,,
2024-07-01 08:00:00,,precip,0.0,0.0,,0.1,,
2024-07-01 09:00:00,,precip,0.0,0.0,,0.1,,
2024-07-01 11:00:00,,precip,0.0,0.0,,0.2,,
2024-07-01 12:00:00,,precip,0.0,0.0,,0.1,,
2024-07-01 14:00:00,,precip,0.0,0.0,,0.1,,
2024-07-01 15:00:00,,precip,0.0,0.0,,1.0,,
2024-07-02 19:00:00,,precip,0.0,0.0,,17.9,,
2024-07-03 19:00:00,,precip,0.0,0.0,,38.1,,
2024-07-04 19:00:00,,precip,0.0,0.0,,7.7,,
2024-07-05 00:00:00,,precip,0.0,0.0,,0.1,,
2024-07-05 03:00:00,,precip,0.0,0.0,,0.1,,
2024-07-05 11:00:00,,precip,0.0,0.0,,0.2,,
2024-07-05 12:00:00,,precip,0.0,0.0,,0.1,,
2024-07-05 15:00:00,,precip,0.0,0.0,,0.1,,
2024-07-05 17:00:00,,precip,0.0,0.0,,1.8,,
2024-07-05 18:00:00,,precip,0.0,0.0,,2.1,,
2024-07-06 17:00:00,,precip,0.0,0.0,,0.3,,
2024-07-06 21:00:00,,precip,0.0,0.0,,0.3,,
2024-07-07 19:00:00,,precip,0.0,0.0,,21.3,,
2024-07-08 09:00:00,,precip,0.0,0.0,,0.1,,
2024-07-08 11:00:00,,precip,0.0,0.0,,0.1,,
2024-07-08 12:00:00,,precip,0.0,0.0,,0.2,,
2024-07-08 14:00:00,,precip,0.0,0.0,,0.1,,
2024-07-08 15:00:00,,precip,0.0,0.0,,0.6,,
2024-07-08 17:00:00,,precip,0.0,0.0,,2.9,,
2024-07-08 18:00:00,,precip,0.0,0.0,,0.3,,
2024-07-09 19:00:00,,precip,0.0,0.0,,0.1,,
2024-07-10 19:00:00,,precip,0.0,0.0,,5.2,,
2024-07-11 19:00:00,,precip,0.0,0.0,,4.3,,
2024-07-12 19:00:00,,precip,0.0,0.0,,5.1,,
2024-07-13 02:00:00,,precip,0.0,0.0,,0.1,,
2024-07-13 03:00:00,,precip,0.0,0.0,,0.4,,
2024-07-13 04:00:00,,precip,0.0,0.0,,0.7,,
2024-07-13 05:00:00,,precip,0.0,0.0,,0.6,,
2024-07-13 06:00:00,,precip,0.0,0.0,,0.4,,
2024-07-13 08:00:00,,precip,0.0,0.0,,0.3,,
2024-07-13 09:00:00,,precip,0.0,0.0,,0.1,,
2024-07-13 11:00:00,,precip,0.0,0.0,,0.3,,
2024-07-13 12:00:00,,precip,0.0,0.0,,0.3,,
2024-07-13 14:00:00,,precip,0.0,0.0,,0.2,,
2024-07-13 15:00:00,,precip,0.0,0.0,,2.1,,
2024-07-13 16:00:00,,precip,0.0,0.0,,3.1,,
2024-07-13 17:00:00,,precip,0.0,0.0,,3.8,,
2024-07-13 18:00:00,,precip,0.0,0.0,,0.6,,
2024-07-13 20:00:00,,precip,0.0,0.0,,0.1,,
2024-07-14 19:00:00,,precip,0.0,0.0,,1.2,,
2024-07-15 19:00:00,,precip,0.0,0.0,,1.1,,
2024-07-16 19:00:00,,precip,0.0,0.0,,3.9,,
2024-07-17 19:00:00,,precip,0.0,0.0,,9.0,,
2024-07-18 19:00:00,,precip,0.0,0.0,,8.5,,
2024-07-19 19:00:00,,precip,0.0,0.0,,0.8,,
2024-07-20 19:00:00,,precip,0.0,0.0,,1.3,,
2024-07-21 00:00:00,,precip,0.0,0.0,,1.4,,
2024-07-21 02:00:00,,precip,0.0,0.0,,1.8,,
2024-07-21 03:00:00,,precip,0.0,0.0,,1.6,,
2024-07-21 05:00:00,,precip,0.0,0.0,,1.9,,
2024-07-21 06:00:00,,precip,0.0,0.0,,2.9,,
2024-07-21 08:00:00,,precip,0.0,0.0,,2.9,,
2024-07-21 09:00:00,,precip,0.0,0.0,,3.2,,
2024-07-21 11:00:00,,precip,0.0,0.0,,3.6,,
2024-07-21 12:00:00,,precip,0.0,0.0,,2.1,,
2024-07-21 14:00:00,,precip,0.0,0.0,,0.5,,
2024-07-21 15:00:00,,precip,0.0,0.0,,1.2,,
2024-07-21 17:00:00,,precip,0.0,0.0,,3.1,,
2024-07-21 18:00:00,,precip,0.0,0.0,,10.5,,
2024-07-21 20:00:00,,precip,0.0,0.0,,1.2,,
2024-07-21 21:00:00,,precip,0.0,0.0,,0.5,,
2024-07-21 23:00:00,,precip,0.0,0.0,,0.1,,
2024-07-22 19:00:00,,precip,0.0,0.0,,9.3,,
2024-07-23 02:00:00,,precip,0.0,0.0,,0.1,,
2024-07-23 05:00:00,,precip,0.0,0.0,,0.1,,
2024-07-23 09:00:00,,precip,0.0,0.0,,0.1,,
2024-07-23 14:00:00,,precip,0.0,0.0,,0.2,,
2024-07-24 11:00:00,,precip,0.0,0.0,,0.1,,
2024-07-24 12:00:00,,precip,0.0,0.0,,0.1,,
2024-07-24 15:00:00,,precip,0.0,0.0,,1.0,,
2024-07-25 19:00:00,,precip,0.0,0.0,,5.0,,
2024-07-26 19:00:00,,precip,0.0,0.0,,0.1,,
2024-07-27 03:00:00,,precip,0.0,0.0,,0.2,,
2024-07-27 05:00:00,,precip,0.0,0.0,,0.5,,
2024-07-27 06:00:00,,precip,0.0,0.0,,0.1,,
2024-07-27 08:00:00,,precip,0.0,0.0,,0.1,,
2024-07-27 09:00:00,,precip,0.0,0.0,,0.2,,
2024-07-27 11:00:00,,precip,0.0,0.0,,0.3,,
2024-07-27 12:00:00,,precip,0.0,0.0,,0.3,,
2024-07-27 14:00:00,,precip,0.0,0.0,,1.2,,
2024-07-27 15:00:00,,precip,0.0,0.0,,8.4,,
2024-07-27 17:00:00,,precip,0.0,0.0,,3.0,,
2024-07-27 18:00:00,,precip,0.0,0.0,,1.4,,
2024-07-27 20:00:00,,precip,0.0,0.0,,0.6,,
2024-07-27 21:00:00,,precip,0.0,0.0,,0.2,,
2024-07-27 23:00:00,,precip,0.0,0.0,,0.7,,
2024-07-28 00:00:00,,precip,0.0,0.0,,0.4,,
2024-07-28 02:00:00,,precip,0.0,0.0,,0.4,,
2024-07-28 03:00:00,,precip,0.0,0.0,,0.1,,
2024-07-28 11:00:00,,precip,0.0,0.0,,0.2,,
2024-07-28 12:00:00,,precip,0.0,0.0,,3.1,,
2024-07-28 14:00:00,,precip,0.0,0.0,,2.7,,
2024-07-28 15:00:00,,precip,0.0,0.0,,1.3,,
2024-07-28 17:00:00,,precip,0.0,0.0,,0.4,,
2024-07-28 23:00:00,,precip,0.0,0.0,,0.2,,
2024-07-29 00:00:00,,precip,0.0,0.0,,0.1,,
2024-07-29 09:00:00,,precip,0.0,0.0,,0.1,,
2024-07-29 11:00:00,,precip,0.0,0.0,,0.6,,
2024-07-29 12:00:00,,precip,0.0,0.0,,0.3,,
2024-07-29 14:00:00,,precip,0.0,0.0,,0.1,,
2024-07-29 15:00:00,,precip,0.0,0.0,,0.1,,
2024-07-29 17:00:00,,precip,0.0,0.0,,1.1,,
2024-07-29 18:00:00,,precip,0.0,0.0,,0.4,,
2024-07-29 20:00:00,,precip,0.0,0.0,,0.1,,
2024-07-29 21:00:00,,precip,0.0,0.0,,0.1,,
2024-07-30 19:00:00,,precip,0.0,0.0,,6.6,,
2024-07-31 19:00:00,,precip,0.0,0.0,,1.5,,
2024-08-01 19:00:00,,precip,0.0,0.0,,65.2,,
2024-08-02 19:00:00,,precip,0.0,0.0,,19.2,,
2024-08-03 19:00:00,,precip,0.0,0.0,,1.7,,
2024-08-04 19:00:00,,precip,0.0,0.0,,20.7,,
2024-08-05 08:00:00,,precip,0.0,0.0,,0.1,,
2024-08-05 09:00:00,,precip,0.0,0.0,,0.1,,
2024-08-05 11:00:00,,precip,0.0,0.0,,0.2,,
2024-08-05 12:00:00,,precip,0.0,0.0,,0.1,,
2024-08-05 14:00:00,,precip,0.0,0.0,,1.0,,
2024-08-05 15:00:00,,precip,0.0,0.0,,2.0,,
2024-08-05 17:00:00,,precip,0.0,0.0,,1.3,,
2024-08-05 18:00:00,,precip,0.0,0.0,,2.4,,
2024-08-06 19:00:00,,precip,0.0,0.0,,0.5,,
2024-08-07 09:00:00,,precip,0.0,0.0,,0.1,,
2024-08-07 11:00:00,,precip,0.0,0.0,,0.1,,
2024-08-07 12:00:00,,precip,0.0,0.0,,0.3,,
2024-08-07 14:00:00,,precip,0.0,0.0,,0.2,,
2024-08-07 15:00:00,,precip,0.0,0.0,,1.5,,
2024-08-07 17:00:00,,precip,0.0,0.0,,0.6,,
2024-08-07 18:00:00,,precip,0.0,0.0,,0.1,,
2024-08-08 14:00:00,,precip,0.0,0.0,,0.1,,
2024-08-08 15:00:00,,precip,0.0,0.0,,0.1,,
2024-08-08 17:00:00,,precip,0.0,0.0,,0.2,,
2024-08-08 18:00:00,,precip,0.0,0.0,,0.1,,
2024-08-08 20:00:00,,precip,0.0,0.0,,0.1,,
2024-08-08 21:00:00,,precip,0.0,0.0,,0.3,,
2024-08-09 19:00:00,,precip,0.0,0.0,,15.9,,
2024-08-10 07:00:00,,precip,0.0,0.0,,2.0,,
2024-08-11 09:00:00,,precip,0.0,0.0,,0.1,,
2024-08-11 10:00:00,,precip,0.0,0.0,,0.1,,
2024-08-11 15:00:00,,precip,0.0,0.0,,0.1,,
2024-08-11 16:00:00,,precip,0.0,0.0,,1.1,,
2024-08-11 17:00:00,,precip,0.0,0.0,,0.2,,
2024-08-12 19:00:00,,precip,0.0,0.0,,1.2,,
2024-08-13 19:00:00,,precip,0.0,0.0,,0.1,,
2024-08-14 19:00:00,,precip,0.0,0.0,,0.2,,
2024-08-15 09:00:00,,precip,0.0,0.0,,0.2,,
2024-08-15 15:00:00,,precip,0.0,0.0,,0.2,,
2024-08-15 17:00:00,,precip,0.0,0.0,,0.4,,
2024-08-15 18:00:00,,precip,0.0,0.0,,0.1,,
2024-08-16 11:00:00,,precip,0.0,0.0,,0.1,,
2024-08-16 12:00:00,,precip,0.0,0.0,,0.1,,
2024-08-16 15:00:00,,precip,0.0,0.0,,0.2,,
2024-08-16 17:00:00,,precip,0.0,0.0,,0.2,,
2024-08-17 11:00:00,,precip,0.0,0.0,,0.1,,
2024-08-17 12:00:00,,precip,0.0,0.0,,0.1,,
2024-08-17 15:00:00,,precip,0.0,0.0,,0.7,,
2024-08-19 09:00:00,,precip,0.0,0.0,,0.1,,
2024-08-19 10:00:00,,precip,0.0,0.0,,0.1,,
2024-08-19 11:00:00,,precip,0.0,0.0,,0.1,,
2024-08-20 09:00:00,,precip,0.0,0.0,,0.2,,
2024-08-20 12:00:00,,precip,0.0,0.0,,0.1,,
2024-08-21 08:00:00,,precip,0.0,0.0,,0.1,,
2024-08-21 09:00:00,,precip,0.0,0.0,,0.1,,
2024-08-21 11:00:00,,precip,0.0,0.0,,0.2,,
2024-08-21 15:00:00,,precip,0.0,0.0,,0.1,,
2024-08-21 17:00:00,,precip,0.0,0.0,,1.6,,
2024-08-21 18:00:00,,precip,0.0,0.0,,1.7,,
2024-08-22 02:00:00,,precip,0.0,0.0,,0.1,,
2024-08-22 09:00:00,,precip,0.0,0.0,,0.1,,
2024-08-22 11:00:00,,precip,0.0,0.0,,0.1,,
2024-08-22 12:00:00,,precip,0.0,0.0,,0.1,,
2024-08-23 19:00:00,,precip,0.0,0.0,,0.1,,
2024-08-24 19:00:00,,precip,0.0,0.0,,0.2,,
2024-08-25 01:00:00,,precip,0.0,0.0,,5.0,,
2024-08-25 19:00:00,,precip,0.0,0.0,,3.0,,
2024-08-26 01:00:00,,precip,0.0,0.0,,3.0,,
2024-08-27 01:00:00,,precip,0.0,0.0,,2.0,,
2024-08-27 19:00:00,,precip,0.0,0.0,,18.0,,
2024-08-28 01:00:00,,precip,0.0,0.0,,0.2,,
2024-08-28 13:00:00,,precip,0.0,0.0,,1.0,,
2024-08-28 19:00:00,,precip,0.0,0.0,,9.8,,
2024-08-29 01:00:00,,precip,0.0,0.0,,1.0,,
2024-08-30 00:00:00,,precip,0.0,0.0,,0.1,,
2024-08-30 11:00:00,,precip,0.0,0.0,,0.1,,
2024-08-30 12:00:00,,precip,0.0,0.0,,0.1,,
2024-08-30 14:00:00,,precip,0.0,0.0,,0.1,,
2024-08-30 15:00:00,,precip,0.0,0.0,,1.5,,
2024-08-30 17:00:00,,precip,0.0,0.0,,2.7,,
2024-08-30 18:00:00,,precip,0.0,0.0,,1.8,,
2024-08-30 20:00:00,,precip,0.0,0.0,,0.4,,
2024-08-30 21:00:00,,precip,0.0,0.0,,0.1,,
2024-08-31 01:00:00,,precip,0.0,0.0,,52.0,,
2024-08-31 19:00:00,,precip,0.0,0.0,,46.0,,
2024-09-01 01:00:00,,precip,0.0,0.0,,6.0,,
2024-09-01 19:00:00,,precip,0.0,0.0,,23.0,,
2024-09-02 01:00:00,,precip,0.0,0.0,,12.0,,
2024-09-02 13:00:00,,precip,0.0,0.0,,20.0,,
2024-09-03 01:00:00,,precip,0.0,0.0,,0.8,,
2024-09-03 13:00:00,,precip,0.0,0.0,,3.2,,
2024-09-04 13:00:00,,precip,0.0,0.0,,2.0,,
2024-09-04 19:00:00,,precip,0.0,0.0,,6.0,,
2024-09-05 01:00:00,,precip,0.0,0.0,,1.0,,
2024-09-05 19:00:00,,precip,0.0,0.0,,0.1,,
2024-09-06 01:00:00,,precip,0.0,0.0,,0.2,,
2024-09-07 07:00:00,,precip,0.0,0.0,,5.0,,
2024-09-08 09:00:00,,precip,0.0,0.0,,0.1,,
2024-09-08 11:00:00,,precip,0.0,0.0,,0.2,,
2024-09-08 12:00:00,,precip,0.0,0.0,,0.2,,
2024-09-08 14:00:00,,precip,0.0,0.0,,4.1,,
2024-09-08 15:00:00,,precip,0.0,0.0,,8.2,,
2024-09-09 02:00:00,,precip,0.0,0.0,,0.1,,
2024-09-09 09:00:00,,precip,0.0,0.0,,0.1,,
2024-09-09 11:00:00,,precip,0.0,0.0,,0.2,,
2024-09-09 12:00:00,,precip,0.0,0.0,,0.1,,
2024-09-09 14:00:00,,precip,0.0,0.0,,0.1,,
2024-09-09 17:00:00,,precip,0.0,0.0,,0.2,,
2024-09-09 18:00:00,,precip,0.0,0.0,,0.4,,
2024-09-10 19:00:00,,precip,0.0,0.0,,33.0,,
2024-09-11 01:00:00,,precip,0.0,0.0,,1.0,,
2024-09-11 19:00:00,,precip,0.0,0.0,,5.0,,
2024-09-12 19:00:00,,precip,0.0,0.0,,12.0,,
2024-09-13 01:00:00,,precip,0.0,0.0,,4.0,,
2024-09-14 07:00:00,,precip,0.0,0.0,,12.0,,
2024-09-14 19:00:00,,precip,0.0,0.0,,4.0,,
2024-09-15 00:00:00,,precip,0.0,0.0,,0.2,,
2024-09-15 02:00:00,,precip,0.0,0.0,,0.2,,
2024-09-15 03:00:00,,precip,0.0,0.0,,0.1,,
2024-09-15 05:00:00,,precip,0.0,0.0,,0.1,,
2024-09-15 06:00:00,,precip,0.0,0.0,,0.1,,
2024-09-15 11:00:00,,precip,0.0,0.0,,0.4,,
2024-09-15 12:00:00,,precip,0.0,0.0,,0.3,,
2024-09-15 14:00:00,,precip,0.0,0.0,,5.5,,
2024-09-15 15:00:00,,precip,0.0,0.0,,2.2,,
2024-09-15 17:00:00,,precip,0.0,0.0,,0.3,,
2024-09-15 18:00:00,,precip,0.0,0.0,,0.2,,
2024-09-15 20:00:00,,precip,0.0,0.0,,0.1,,
2024-09-15 21:00:00,,precip,0.0,0.0,,0.2,,
2024-09-16 02:00:00,,precip,0.0,0.0,,0.5,,
2024-09-16 03:00:00,,precip,0.0,0.0,,0.1,,
2024-09-16 05:00:00,,precip,0.0,0.0,,0.1,,
2024-09-16 08:00:00,,precip,0.0,0.0,,0.1,,
2024-09-16 09:00:00,,precip,0.0,0.0,,0.2,,
2024-09-16 11:00:00,,precip,0.0,0.0,,2.1,,
2024-09-16 12:00:00,,precip,0.0,0.0,,0.3,,
2024-09-16 14:00:00,,precip,0.0,0.0,,1.6,,
2024-09-16 15:00:00,,precip,0.0,0.0,,6.5,,
2024-09-16 17:00:00,,precip,0.0,0.0,,3.3,,
2024-09-16 18:00:00,,precip,0.0,0.0,,0.4,,
2024-09-16 20:00:00,,precip,0.0,0.0,,0.4,,
2024-09-16 21:00:00,,precip,0.0,0.0,,0.3,,
2024-09-16 23:00:00,,precip,0.0,0.0,,0.2,,
2024-09-17 19:00:00,,precip,0.0,0.0,,22.3,,
2024-09-18 19:00:00,,precip,0.0,0.0,,45.2,,
2024-09-19 19:00:00,,precip,0.0,0.0,,0.1,,
2024-09-20 19:00:00,,precip,0.0,0.0,,7.8,,
2024-09-21 19:00:00,,precip,0.0,0.0,,95.9,,
2024-09-22 19:00:00,,precip,0.0,0.0,,15.0,,
2024-09-23 19:00:00,,precip,0.0,0.0,,0.5,,
2024-09-24 11:00:00,,precip,0.0,0.0,,0.1,,
2024-09-24 12:00:00,,precip,0.0,0.0,,0.1,,
2024-09-24 14:00:00,,precip,0.0,0.0,,0.3,,
2024-09-24 15:00:00,,precip,0.0,0.0,,0.6,,
2024-09-24 18:00:00,,precip,0.0,0.0,,0.2,,
2024-09-24 20:00:00,,precip,0.0,0.0,,0.3,,
2024-09-25 19:00:00,,precip,0.0,0.0,,0.1,,
2024-09-26 08:00:00,,precip,0.0,0.0,,0.1,,
2024-09-26 09:00:00,,precip,0.0,0.0,,0.1,,
2024-09-26 11:00:00,,precip,0.0,0.0,,0.1,,
2024-09-26 14:00:00,,precip,0.0,0.0,,1.0,,
2024-09-26 15:00:00,,precip,0.0,0.0,,7.7,,
2024-09-26 17:00:00,,precip,0.0,0.0,,1.0,,
2024-09-26 18:00:00,,precip,0.0,0.0,,0.7,,
2024-09-27 03:00:00,,precip,0.0,0.0,,0.3,,
2024-09-27 05:00:00,,precip,0.0,0.0,,0.4,,
2024-09-27 06:00:00,,precip,0.0,0.0,,0.4,,
2024-09-27 08:00:00,,precip,0.0,0.0,,0.1,,
2024-09-27 11:00:00,,precip,0.0,0.0,,0.1,,
2024-09-27 14:00:00,,precip,0.0,0.0,,0.1,,
2024-09-27 15:00:00,,precip,0.0,0.0,,0.6,,
2024-09-27 17:00:00,,precip,0.0,0.0,,0.1,,
2024-09-28 08:00:00,,precip,0.0,0.0,,0.3,,
2024-09-28 09:00:00,,precip,0.0,0.0,,0.2,,
2024-09-28 11:00:00,,precip,0.0,0.0,,0.2,,
2024-09-28 12:00:00,,precip,0.0,0.0,,0.2,,
2024-09-28 14:00:00,,precip,0.0,0.0,,0.1,,
2024-09-28 15:00:00,,precip,0.0,0.0,,0.1,,
2024-09-28 17:00:00,,precip,0.0,0.0,,0.2,,
2024-09-29 08:00:00,,precip,0.0,0.0,,0.1,,
2024-09-29 09:00:00,,precip,0.0,0.0,,0.1,,
2024-09-29 11:00:00,,precip,0.0,0.0,,0.1,,
2024-09-29 12:00:00,,precip,0.0,0.0,,0.1,,
2024-09-29 14:00:00,,precip,0.0,0.0,,0.1,,
2024-09-29 15:00:00,,precip,0.0,0.0,,0.1,,
2024-09-29 17:00:00,,precip,0.0,0.0,,0.1,,
2024-09-30 12:00:00,,precip,0.0,0.0,,0.2,,
2024-09-30 14:00:00,,precip,0.0,0.0,,0.1,,
2024-09-30 16:00:00,,precip,0.0,0.0,,2.9,,
2024-09-30 17:00:00,,precip,0.0,0.0,,3.0,,
2024-09-30 18:00:00,,precip,0.0,0.0,,0.2,,
2024-09-30 21:00:00,,precip,0.0,0.0,,0.1,,
2024-10-01 19:00:00,,precip,0.0,0.0,,2.3,,
2024-10-02 11:00:00,,precip,0.0,0.0,,0.1,,
2024-10-02 12:00:00,,precip,0.0,0.0,,0.1,,
2024-10-02 15:00:00,,precip,0.0,0.0,,0.1,,
2024-10-02 17:00:00,,precip,0.0,0.0,,0.4,,
2024-10-02 18:00:00,,precip,0.0,0.0,,0.9,,
2024-10-02 21:00:00,,precip,0.0,0.0,,1.4,,
2024-10-02 23:00:00,,precip,0.0,0.0,,0.1,,
2024-10-03 19:00:00,,precip,0.0,0.0,,19.7,,
2024-10-04 19:00:00,,precip,0.0,0.0,,10.5,,
2024-10-05 19:00:00,,precip,0.0,0.0,,0.2,,
2024-10-06 19:00:00,,precip,0.0,0.0,,3.2,,
2024-10-07 19:00:00,,precip,0.0,0.0,,3.2,,
2024-10-08 19:00:00,,precip,0.0,0.0,,105.2,,
2024-10-09 19:00:00,,precip,0.0,0.0,,5.2,,
2024-10-10 03:00:00,,precip,0.0,0.0,,0.2,,
2024-10-10 09:00:00,,precip,0.0,0.0,,0.1,,
2024-10-10 11:00:00,,precip,0.0,0.0,,0.1,,
2024-10-10 12:00:00,,precip,0.0,0.0,,0.1,,
2024-10-10 15:00:00,,precip,0.0,0.0,,0.1,,
2024-10-10 17:00:00,,precip,0.0,0.0,,1.1,,
2024-10-10 18:00:00,,precip,0.0,0.0,,0.3,,
2024-10-11 19:00:00,,precip,0.0,0.0,,4.1,,
2024-10-12 19:00:00,,precip,0.0,0.0,,10.8,,
2024-10-13 19:00:00,,precip,0.0,0.0,,5.8,,
2024-10-14 19:00:00,,precip,0.0,0.0,,0.1,,
2024-10-15 00:00:00,,precip,0.0,0.0,,0.5,,
2024-10-15 02:00:00,,precip,0.0,0.0,,0.1,,
2024-10-15 11:00:00,,precip,0.0,0.0,,0.1,,
2024-10-15 12:00:00,,precip,0.0,0.0,,0.2,,
2024-10-15 14:00:00,,precip,0.0,0.0,,0.3,,
2024-10-15 15:00:00,,precip,0.0,0.0,,3.7,,
2024-10-15 17:00:00,,precip,0.0,0.0,,2.2,,
2024-10-15 18:00:00,,precip,0.0,0.0,,1.8,,
2024-10-15 20:00:00,,precip,0.0,0.0,,1.0,,
2024-10-15 21:00:00,,precip,0.0,0.0,,0.3,,
2024-10-15 23:00:00,,precip,0.0,0.0,,0.1,,
2024-10-16 19:00:00,,precip,0.0,0.0,,7.3,,
2024-10-17 19:00:00,,precip,0.0,0.0,,17.0,,
2024-10-18 02:00:00,,precip,0.0,0.0,,1.2,,
2024-10-18 03:00:00,,precip,0.0,0.0,,1.0,,
2024-10-18 05:00:00,,precip,0.0,0.0,,1.4,,
2024-10-18 06:00:00,,precip,0.0,0.0,,1.6,,
2024-10-18 08:00:00,,precip,0.0,0.0,,1.8,,
2024-10-18 09:00:00,,precip,0.0,0.0,,1.4,,
2024-10-18 11:00:00,,precip,0.0,0.0,,0.9,,
2024-10-18 12:00:00,,precip,0.0,0.0,,0.5,,
2024-10-18 14:00:00,,precip,0.0,0.0,,2.7,,
2024-10-18 15:00:00,,precip,0.0,0.0,,1.6,,
2024-10-18 17:00:00,,precip,0.0,0.0,,1.8,,
2024-10-18 18:00:00,,precip,0.0,0.0,,1.7,,
2024-10-18 20:00:00,,precip,0.0,0.0,,0.2,,
2024-10-18 21:00:00,,precip,0.0,0.0,,0.1,,
2024-10-19 19:00:00,,precip,0.0,0.0,,1.6,,
2024-10-20 19:00:00,,precip,0.0,0.0,,1.1,,
2024-10-21 19:00:00,,precip,0.0,0.0,,18.7,,
2024-10-22 19:00:00,,precip,0.0,0.0,,51.6,,
2024-10-23 19:00:00,,precip,0.0,0.0,,0.1,,
2024-10-24 23:00:00,,precip,0.0,0.0,,0.1,,
2024-10-25 19:00:00,,precip,0.0,0.0,,9.6,,
2024-10-27 19:00:00,,precip,0.0,0.0,,32.9,,
2024-10-28 19:00:00,,precip,0.0,0.0,,49.6,,
2024-10-29 19:00:00,,precip,0.0,0.0,,2.9,,
2024-10-30 11:00:00,,precip,0.0,0.0,,0.2,,
2024-10-30 12:00:00,,precip,0.0,0.0,,0.1,,
2024-10-30 14:00:00,,precip,0.0,0.0,,0.1,,
2024-10-30 17:00:00,,precip,0.0,0.0,,1.2,,
2024-10-31 12:00:00,,precip,0.0,0.0,,0.1,,
2024-10-31 17:00:00,,precip,0.0,0.0,,0.1,,
2024-11-01 11:00:00,,precip,0.0,0.0,,0.1,,
2024-11-01 12:00:00,,precip,0.0,0.0,,0.1,,
2024-11-01 17:00:00,,precip,0.0,0.0,,0.6,,
2024-11-01 18:00:00,,precip,0.0,0.0,,1.1,,
2024-11-01 20:00:00,,precip,0.0,0.0,,0.3,,
2024-11-01 21:00:00,,precip,0.0,0.0,,0.1,,
2024-11-02 19:00:00,,precip,0.0,0.0,,4.6,,
2024-11-03 19:00:00,,precip,0.0,0.0,,0.2,,
2024-11-04 02:00:00,,precip,0.0,0.0,,0.5,,
2024-11-04 03:00:00,,precip,0.0,0.0,,1.1,,
2024-11-04 05:00:00,,precip,0.0,0.0,,0.4,,
2024-11-04 06:00:00,,precip,0.0,0.0,,0.2,,
2024-11-04 11:00:00,,precip,0.0,0.0,,0.3,,
2024-11-04 12:00:00,,precip,0.0,0.0,,0.1,,
2024-11-04 14:00:00,,precip,0.0,0.0,,2.2,,
2024-11-04 15:00:00,,precip,0.0,0.0,,1.5,,
2024-11-04 17:00:00,,precip,0.0,0.0,,1.7,,
2024-11-04 23:00:00,,precip,0.0,0.0,,0.1,,
2024-11-05 19:00:00,,precip,0.0,0.0,,2.5,,
2024-11-06 11:00:00,,precip,0.0,0.0,,0.1,,
2024-11-06 14:00:00,,precip,0.0,0.0,,0.2,,
2024-11-06 15:00:00,,precip,0.0,0.0,,0.7,,
2024-11-06 17:00:00,,precip,0.0,0.0,,1.3,,
2024-11-06 18:00:00,,precip,0.0,0.0,,0.2,,
2024-11-06 19:00:00,,precip,0.0,0.0,,0.1,,
2024-11-06 21:00:00,,precip,0.0,0.0,,0.1,,
2024-11-06 22:00:00,,precip,0.0,0.0,,0.5,,
2024-11-07 07:00:00,,precip,0.0,0.0,,38.0,,
2024-11-08 19:00:00,,precip,0.0,0.0,,0.1,,
2024-11-09 14:00:00,,precip,0.0,0.0,,0.6,,
2024-11-09 15:00:00,,precip,0.0,0.0,,3.7,,
2024-11-09 17:00:00,,precip,0.0,0.0,,0.3,,
2024-11-09 18:00:00,,precip,0.0,0.0,,0.1,,
2024-11-10 00:00:00,,precip,0.0,0.0,,0.1,,
2024-11-10 11:00:00,,precip,0.0,0.0,,0.1,,
2024-11-10 12:00:00,,precip,0.0,0.0,,0.1,,
2024-11-10 14:00:00,,precip,0.0,0.0,,0.1,,
2024-11-10 15:00:00,,precip,0.0,0.0,,0.1,,
2024-11-11 19:00:00,,precip,0.0,0.0,,7.6,,
2024-11-12 08:00:00,,precip,0.0,0.0,,0.1,,
2024-11-12 09:00:00,,precip,0.0,0.0,,0.3,,
2024-11-12 11:00:00,,precip,0.0,0.0,,0.1,,
2024-11-12 12:00:00,,precip,0.0,0.0,,0.1,,
2024-11-12 14:00:00,,precip,0.0,0.0,,0.1,,
2024-11-12 15:00:00,,precip,0.0,0.0,,0.1,,
2024-11-12 17:00:00,,precip,0.0,0.0,,0.1,,
2024-11-12 18:00:00,,precip,0.0,0.0,,0.2,,
2024-11-13 19:00:00,,precip,0.0,0.0,,9.6,,
2024-11-14 00:00:00,,precip,0.0,0.0,,0.1,,
2024-11-15 09:00:00,,precip,0.0,0.0,,0.1,,
2024-11-15 11:00:00,,precip,0.0,0.0,,0.3,,
2024-11-15 12:00:00,,precip,0.0,0.0,,0.2,,
2024-11-15 14:00:00,,precip,0.0,0.0,,0.1,,
2024-11-15 15:00:00,,precip,0.0,0.0,,0.1,,
2024-11-15 17:00:00,,precip,0.0,0.0,,0.1,,
2024-11-16 11:00:00,,precip,0.0,0.0,,0.1,,
2024-11-17 12:00:00,,precip,0.0,0.0,,0.1,,
2024-11-19 09:00:00,,precip,0.0,0.0,,0.1,,
2024-11-19 10:00:00,,precip,0.0,0.0,,0.1,,
2024-11-19 11:00:00,,precip,0.0,0.0,,0.1,,
2024-11-19 12:00:00,,precip,0.0,0.0,,0.1,,
2024-11-19 17:00:00,,precip,0.0,0.0,,0.4,,
2024-11-20 16:00:00,,precip,0.0,0.0,,0.3,,
2024-11-20 17:00:00,,precip,0.0,0.0,,0.1,,
2024-11-20 18:00:00,,precip,0.0,0.0,,0.9,,
2024-11-20 19:00:00,,precip,0.0,0.0,,2.0,,
2024-11-20 20:00:00,,precip,0.0,0.0,,1.8,,
2024-11-20 21:00:00,,precip,0.0,0.0,,1.1,,
2024-11-20 22:00:00,,precip,0.0,0.0,,0.2,,
2024-11-21 06:00:00,,precip,0.0,0.0,,0.2,,
2024-11-21 07:00:00,,precip,0.0,0.0,,0.3,,
2024-11-21 08:00:00,,precip,0.0,0.0,,0.6,,
2024-11-21 09:00:00,,precip,0.0,0.0,,0.7,,
2024-11-21 16:00:00,,precip,0.0,0.0,,0.2,,
2024-11-21 17:00:00,,precip,0.0,0.0,,1.0,,
2024-11-21 18:00:00,,precip,0.0,0.0,,0.6,,
2024-11-21 19:00:00,,precip,0.0,0.0,,0.1,,
2024-11-22 17:00:00,,precip,0.0,0.0,,0.2,,
2024-11-22 21:00:00,,precip,0.0,0.0,,0.1,,
2024-11-23 17:00:00,,precip,0.0,0.0,,0.4,,
2024-11-23 18:00:00,,precip,0.0,0.0,,0.2,,
2024-11-24 19:00:00,,precip,0.0,0.0,,6.0,,
2024-11-27 17:00:00,,precip,0.0,0.0,,0.1,,
2024-11-28 11:00:00,,precip,0.0,0.0,,0.2,,
2024-11-28 12:00:00,,precip,0.0,0.0,,0.1,,
2024-11-28 14:00:00,,precip,0.0,0.0,,0.1,,
2024-11-30 02:00:00,,precip,0.0,0.0,,0.1,,
2024-11-30 03:00:00,,precip,0.0,0.0,,0.4,,
2024-11-30 05:00:00,,precip,0.0,0.0,,0.6,,
2024-11-30 06:00:00,,precip,0.0,0.0,,0.5,,
2024-11-30 08:00:00,,precip,0.0,0.0,,0.1,,
2024-12-01 11:00:00,,precip,0.0,0.0,,0.1,,
2024-12-01 12:00:00,,precip,0.0,0.0,,0.1,,
2024-12-01 13:00:00,,precip,0.0,0.0,,0.1,,
2024-12-02 02:00:00,,precip,0.0,0.0,,0.2,,
2024-12-02 03:00:00,,precip,0.0,0.0,,0.2,,
2024-12-02 04:00:00,,precip,0.0,0.0,,0.1,,
2024-12-02 11:00:00,,precip,0.0,0.0,,0.2,,
2024-12-02 12:00:00,,precip,0.0,0.0,,0.1,,
2024-12-02 14:00:00,,precip,0.0,0.0,,0.3,,
2024-12-02 18:00:00,,precip,0.0,0.0,,0.1,,
2024-12-02 20:00:00,,precip,0.0,0.0,,0.5,,
2024-12-02 21:00:00,,precip,0.0,0.0,,0.5,,
2024-12-03 13:00:00,,precip,0.0,0.0,,0.7,,
2024-12-04 19:00:00,,precip,0.0,0.0,,0.1,,
2024-12-05 07:00:00,,precip,0.0,0.0,,0.1,,
2024-12-06 11:00:00,,precip,0.0,0.0,,0.2,,
2024-12-06 12:00:00,,precip,0.0,0.0,,0.3,,
2024-12-06 14:00:00,,precip,0.0,0.0,,0.1,,
2024-12-06 15:00:00,,precip,0.0,0.0,,0.6,,
2024-12-06 17:00:00,,precip,0.0,0.0,,0.3,,
2024-12-06 18:00:00,,precip,0.0,0.0,,0.2,,
2024-12-06 20:00:00,,precip,0.0,0.0,,0.2,,
2024-12-06 23:00:00,,precip,0.0,0.0,,0.1,,
2024-12-07 07:00:00,,precip,0.0,0.0,,2.0,,
2024-12-08 15:00:00,,precip,0.0,0.0,,0.1,,
2024-12-11 19:00:00,,precip,0.0,0.0,,2.0,,
2024-12-12 19:00:00,,precip,0.0,0.0,,4.0,,
2024-12-13 13:00:00,,precip,0.0,0.0,,0.2,,
2024-12-13 19:00:00,,precip,0.0,0.0,,26.8,,
2024-12-14 01:00:00,,precip,0.0,0.0,,7.0,,
2024-12-14 13:00:00,,precip,0.0,0.0,,0.3,,
2024-12-15 01:00:00,,precip,0.0,0.0,,0.1,,
2024-12-15 13:00:00,,precip,0.0,0.0,,0.5,,
2024-12-16 00:00:00,,precip,0.0,0.0,,1.5,,
2024-12-16 02:00:00,,precip,0.0,0.0,,0.5,,
2024-12-16 03:00:00,,precip,0.0,0.0,,0.3,,
2024-12-16 05:00:00,,precip,0.0,0.0,,0.2,,
2024-12-16 06:00:00,,precip,0.0,0.0,,0.9,,
2024-12-16 08:00:00,,precip,0.0,0.0,,0.3,,
2024-12-16 09:00:00,,precip,0.0,0.0,,0.8,,
2024-12-16 11:00:00,,precip,0.0,0.0,,0.3,,
2024-12-16 12:00:00,,precip,0.0,0.0,,0.1,,
2024-12-18 16:00:00,,precip,0.0,0.0,,0.3,,
2024-12-25 08:00:00,,precip,0.0,0.0,,0.1,,
2024-12-25 09:00:00,,precip,0.0,0.0,,0.2,,
2024-12-25 11:00:00,,precip,0.0,0.0,,0.4,,
2024-12-25 12:00:00,,precip,0.0,0.0,,0.5,,
2024-12-25 23:00:00,,precip,0.0,0.0,,0.1,,
2024-12-26 12:00:00,,precip,0.0,0.0,,0.3,,
2024-12-26 15:00:00,,precip,0.0,0.0,,0.1,,
2024-12-27 19:00:00,,precip,0.0,0.0,,19.0,,
2024-12-28 00:00:00,,precip,0.0,0.0,,0.2,,
2024-12-28 11:00:00,,precip,0.0,0.0,,0.1,,
2024-12-28 12:00:00,,precip,0.0,0.0,,0.2,,
2024-12-28 14:00:00,,precip,0.0,0.0,,0.1,,
2024-12-28 15:00:00,,precip,0.0,0.0,,0.3,,
2024-12-28 17:00:00,,precip,0.0,0.0,,1.3,,
2024-12-28 18:00:00,,precip,0.0,0.0,,3.0,,
2024-12-28 20:00:00,,precip,0.0,0.0,,0.4,,
2024-12-29 01:00:00,,precip,0.0,0.0,,14.0,,
2025-01-02 07:00:00,,precip,0.0,0.0,,6.0,,
2025-01-02 19:00:00,,precip,0.0,0.0,,0.3,,
2025-01-03 14:00:00,,precip,0.0,0.0,,0.1,,
2025-01-04 14:00:00,,precip,0.0,0.0,,0.1,,
2025-01-04 18:00:00,,precip,0.0,0.0,,0.1,,
2025-01-04 20:00:00,,precip,0.0,0.0,,0.1,,
2025-01-06 11:00:00,,precip,0.0,0.0,,0.1,,
2025-01-06 12:00:00,,precip,0.0,0.0,,0.1,,
2025-01-14 19:00:00,,precip,0.0,0.0,,0.4,,
2025-01-15 19:00:00,,precip,0.0,0.0,,0.1,,
2025-01-16 11:00:00,,precip,0.0,0.0,,0.1,,
2025-01-16 12:00:00,,precip,0.0,0.0,,0.1,,
2025-01-26 11:00:00,,precip,0.0,0.0,,0.2,,
2025-01-26 12:00:00,,precip,0.0,0.0,,0.1,,
2025-01-26 17:00:00,,precip,0.0,0.0,,0.1,,
2025-02-10 19:00:00,,precip,0.0,0.0,,0.1,,
2025-02-11 14:00:00,,precip,0.0,0.0,,0.1,,
2025-02-11 15:00:00,,precip,0.0,0.0,,0.1,,
2025-02-12 19:00:00,,precip,0.0,0.0,,26.3,,
2025-02-13 19:00:00,,precip,0.0,0.0,,119.9,,
2025-02-14 00:00:00,,precip,0.0,0.0,,0.1,,
2025-02-14 02:00:00,,precip,0.0,0.0,,0.1,,
2025-02-14 03:00:00,,precip,0.0,0.0,,0.2,,
2025-02-14 11:00:00,,precip,0.0,0.0,,0.1,,
2025-02-14 12:00:00,,precip,0.0,0.0,,0.2,,
2025-02-14 17:00:00,,precip,0.0,0.0,,0.4,,
2025-02-14 18:00:00,,precip,0.0,0.0,,0.1,,
2025-02-14 23:00:00,,precip,0.0,0.0,,0.1,,
2025-02-15 00:00:00,,precip,0.0,0.0,,0.1,,
2025-02-15 02:00:00,,precip,0.0,0.0,,0.1,,
2025-02-15 11:00:00,,precip,0.0,0.0,,0.1,,
2025-02-15 12:00:00,,precip,0.0,0.0,,0.2,,
2025-02-15 14:00:00,,precip,0.0,0.0,,0.2,,
2025-02-15 15:00:00,,precip,0.0,0.0,,0.5,,
2025-02-15 17:00:00,,precip,0.0,0.0,,0.2,,
2025-02-16 12:00:00,,precip,0.0,0.0,,0.1,,
2025-02-16 13:00:00,,precip,0.0,0.0,,0.2,,
2025-02-16 17:00:00,,precip,0.0,0.0,,0.1,,
2025-02-17 12:00:00,,precip,0.0,0.0,,0.1,,
2025-02-18 11:00:00,,precip,0.0,0.0,,0.1,,
2025-02-18 12:00:00,,precip,0.0,0.0,,0.1,,
2025-02-18 14:00:00,,precip,0.0,0.0,,0.1,,
2025-02-19 15:00:00,,precip,0.0,0.0,,0.8,,
2025-02-19 17:00:00,,precip,0.0,0.0,,0.9,,
2025-02-20 00:00:00,,precip,0.0,0.0,,0.1,,
2025-02-20 12:00:00,,precip,0.0,0.0,,0.1,,
2025-02-21 19:00:00,,precip,0.0,0.0,,3.5,,
2025-02-22 15:00:00,,precip,0.0,0.0,,1.8,,
2025-02-22 17:00:00,,precip,0.0,0.0,,0.3,,
2025-02-22 18:00:00,,precip,0.0,0.0,,0.1,,
2025-02-23 19:00:00,,precip,0.0,0.0,,0.1,,
2025-02-25 12:00:00,,precip,0.0,0.0,,0.1,,
2025-02-26 03:00:00,,precip,0.0,0.0,,0.1,,
2025-02-26 17:00:00,,precip,0.0,0.0,,0.1,,
2025-03-07 11:00:00,,precip,0.0,0.0,,0.1,,
2025-03-08 02:00:00,,precip,0.0,0.0,,0.1,,
2025-03-08 11:00:00,,precip,0.0,0.0,,0.1,,
2025-03-08 17:00:00,,precip,0.0,0.0,,0.6,,
2025-03-08 18:00:00,,precip,0.0,0.0,,0.2,,
2025-03-09 23:00:00,,precip,0.0,0.0,,0.1,,
2025-03-10 01:00:00,,precip,0.0,0.0,,0.2,,
2025-03-12 14:00:00,,precip,0.0,0.0,,0.1,,
2025-03-12 15:00:00,,precip,0.0,0.0,,0.1,,
2025-03-16 11:00:00,,precip,0.0,0.0,,0.1,,
2025-03-16 12:00:00,,precip,0.0,0.0,,0.2,,
2025-03-16 14:00:00,,precip,0.0,0.0,,0.5,,
2025-03-16 15:00:00,,precip,0.0,0.0,,2.1,,
2025-03-16 17:00:00,,precip,0.0,0.0,,0.1,,
2025-03-16 18:00:00,,precip,0.0,0.0,,0.1,,
2025-03-16 21:00:00,,precip,0.0,0.0,,0.2,,
2025-03-17 00:00:00,,precip,0.0,0.0,,0.1,,
2025-03-17 02:00:00,,precip,0.0,0.0,,0.1,,
2025-03-17 03:00:00,,precip,0.0,0.0,,0.2,,
2025-03-17 11:00:00,,precip,0.0,0.0,,0.1,,
2025-03-17 12:00:00,,precip,0.0,0.0,,0.1,,
2025-03-17 14:00:00,,precip,0.0,0.0,,0.1,,
2025-03-17 17:00:00,,precip,0.0,0.0,,2.3,,
2025-03-17 18:00:00,,precip,0.0,0.0,,1.3,,
2025-03-17 20:00:00,,precip,0.0,0.0,,0.1,,
2025-03-17 21:00:00,,precip,0.0,0.0,,0.1,,
2025-03-18 11:00:00,,precip,0.0,0.0,,0.2,,
2025-03-18 12:00:00,,precip,0.0,0.0,,0.1,,
2025-03-18 14:00:00,,precip,0.0,0.0,,0.1,,
2025-03-18 17:00:00,,precip,0.0,0.0,,0.2,,
2025-03-28 08:00:00,,precip,0.0,0.0,,0.1,,
2025-03-29 15:00:00,,precip,0.0,0.0,,0.1,,
2025-03-30 19:00:00,,precip,0.0,0.0,,0.1,,
2025-03-31 00:00:00,,precip,0.0,0.0,,0.7,,
2025-03-31 14:00:00,,precip,0.0,0.0,,0.1,,
2025-03-31 15:00:00,,precip,0.0,0.0,,0.1,,
2025-03-31 17:00:00,,precip,0.0,0.0,,0.3,,
2025-03-31 18:00:00,,precip,0.0,0.0,,0.2,,
2025-03-31 20:00:00,,precip,0.0,0.0,,0.1,,
2025-03-31 21:00:00,,precip,0.0,0.0,,0.1,,
2025-03-31 23:00:00,,precip,0.0,0.0,,0.2,,
2025-04-01 13:00:00,,precip,0.0,0.0,,14.0,,
2025-04-01 19:00:00,,precip,0.0,0.0,,11.0,,
2025-04-02 01:00:00,,precip,0.0,0.0,,0.3,,
2025-04-09 15:00:00,,precip,0.0,0.0,,0.1,,
2025-04-09 16:00:00,,precip,0.0,0.0,,0.1,,
2025-04-10 06:00:00,,precip,0.0,0.0,,0.1,,
2025-04-10 09:00:00,,precip,0.0,0.0,,0.1,,
2025-04-10 11:00:00,,precip,0.0,0.0,,0.1,,
2025-04-10 14:00:00,,precip,0.0,0.0,,0.1,,
2025-04-10 17:00:00,,precip,0.0,0.0,,0.6,,
2025-04-10 18:00:00,,precip,0.0,0.0,,0.1,,
2025-04-10 21:00:00,,precip,0.0,0.0,,0.1,,
2025-04-11 19:00:00,,precip,0.0,0.0,,1.9,,
2025-04-12 12:00:00,,precip,0.0,0.0,,0.1,,
2025-04-13 09:00:00,,precip,0.0,0.0,,0.1,,
2025-04-13 15:00:00,,precip,0.0,0.0,,3.0,,
2025-04-14 12:00:00,,precip,0.0,0.0,,0.1,,
2025-04-14 14:00:00,,precip,0.0,0.0,,0.1,,
2025-04-14 17:00:00,,precip,0.0,0.0,,0.1,,
2025-04-15 09:00:00,,precip,0.0,0.0,,0.1,,
2025-04-15 11:00:00,,precip,0.0,0.0,,0.1,,
2025-04-15 15:00:00,,precip,0.0,0.0,,0.1,,
2025-04-15 17:00:00,,precip,0.0,0.0,,0.2,,
2025-04-15 20:00:00,,precip,0.0,0.0,,0.1,,
2025-04-16 11:00:00,,precip,0.0,0.0,,0.1,,
2025-04-16 12:00:00,,precip,0.0,0.0,,0.1,,
2025-04-16 15:00:00,,precip,0.0,0.0,,0.1,,
2025-04-17 09:00:00,,precip,0.0,0.0,,0.1,,
2025-04-17 11:00:00,,precip,0.0,0.0,,0.1,,
2025-04-17 12:00:00,,precip,0.0,0.0,,0.1,,
2025-04-17 14:00:00,,precip,0.0,0.0,,0.2,,
2025-04-17 15:00:00,,precip,0.0,0.0,,0.1,,
2025-04-17 17:00:00,,precip,0.0,0.0,,0.6,,
2025-04-17 18:00:00,,precip,0.0,0.0,,0.1,,
2025-04-18 02:00:00,,precip,0.0,0.0,,0.1,,
2025-04-18 03:00:00,,precip,0.0,0.0,,0.3,,
2025-04-18 10:00:00,,precip,0.0,0.0,,0.1,,
2025-04-18 11:00:00,,precip,0.0,0.0,,0.1,,
2025-04-18 12:00:00,,precip,0.0,0.0,,0.2,,
2025-04-18 14:00:00,,precip,0.0,0.0,,0.1,,
2025-04-19 00:00:00,,precip,0.0,0.0,,0.1,,
2025-04-19 02:00:00,,precip,0.0,0.0,,0.1,,
2025-04-21 08:00:00,,precip,0.0,0.0,,0.1,,
2025-04-21 11:00:00,,precip,0.0,0.0,,0.2,,
2025-04-21 12:00:00,,precip,0.0,0.0,,0.2,,
2025-04-21 14:00:00,,precip,0.0,0.0,,0.1,,
2025-04-21 15:00:00,,precip,0.0,0.0,,0.1,,
2025-04-22 12:00:00,,precip,0.0,0.0,,0.2,,
2025-04-22 14:00:00,,precip,0.0,0.0,,0.9,,
2025-04-23 11:00:00,,precip,0.0,0.0,,0.1,,
2025-04-23 12:00:00,,precip,0.0,0.0,,0.1,,
2025-04-23 15:00:00,,precip,0.0,0.0,,0.1,,
2025-04-23 17:00:00,,precip,0.0,0.0,,0.1,,
2025-04-24 15:00:00,,precip,0.0,0.0,,1.1,,
2025-04-24 17:00:00,,precip,0.0,0.0,,0.4,,
2025-04-24 18:00:00,,precip,0.0,0.0,,0.5,,
2025-04-25 15:00:00,,precip,0.0,0.0,,0.1,,
2025-04-26 08:00:00,,precip,0.0,0.0,,0.1,,
2025-04-26 09:00:00,,precip,0.0,0.0,,0.2,,
2025-04-26 11:00:00,,precip,0.0,0.0,,0.1,,
2025-04-26 12:00:00,,precip,0.0,0.0,,0.1,,
2025-04-26 14:00:00,,precip,0.0,0.0,,2.3,,
2025-04-26 15:00:00,,precip,0.0,0.0,,1.1,,
2025-04-26 17:00:00,,precip,0.0,0.0,,2.1,,
2025-04-27 19:00:00,,precip,0.0,0.0,,8.6,,
2025-04-29 19:00:00,,precip,0.0,0.0,,0.5,,
2025-04-30 09:00:00,,precip,0.0,0.0,,0.1,,
2025-05-01 14:00:00,,precip,0.0,0.0,,3.5,,
2025-05-01 15:00:00,,precip,0.0,0.0,,0.7,,
2025-05-01 17:00:00,,precip,0.0,0.0,,0.2,,
2025-05-01 18:00:00,,precip,0.0,0.0,,0.6,,
2025-05-01 20:00:00,,precip,0.0,0.0,,0.4,,
2025-05-01 21:00:00,,precip,0.0,0.0,,0.2,,
2025-05-01 23:00:00,,precip,0.0,0.0,,0.1,,
2025-05-02 00:00:00,,precip,0.0,0.0,,0.1,,
2025-05-02 02:00:00,,precip,0.0,0.0,,0.5,,
2025-05-02 03:00:00,,precip,0.0,0.0,,0.4,,
2025-05-02 09:00:00,,precip,0.0,0.0,,0.1,,
2025-05-02 11:00:00,,precip,0.0,0.0,,0.1,,
2025-05-02 12:00:00,,precip,0.0,0.0,,1.4,,
2025-05-02 15:00:00,,precip,0.0,0.0,,0.2,,
2025-05-03 19:00:00,,precip,0.0,0.0,,0.3,,
2025-05-04 08:00:00,,precip,0.0,0.0,,0.1,,
2025-05-04 09:00:00,,precip,0.0,0.0,,0.2,,
2025-05-04 12:00:00,,precip,0.0,0.0,,0.1,,
2025-05-04 15:00:00,,precip,0.0,0.0,,0.2,,
2025-05-04 17:00:00,,precip,0.0,0.0,,0.5,,
2025-05-05 11:00:00,,precip,0.0,0.0,,0.2,,
2025-05-05 17:00:00,,precip,0.0,0.0,,0.1,,
2025-05-05 20:00:00,,precip,0.0,0.0,,0.1,,
2025-05-06 08:00:00,,precip,0.0,0.0,,0.2,,
2025-05-06 09:00:00,,precip,0.0,0.0,,0.2,,
2025-05-06 12:00:00,,precip,0.0,0.0,,0.1,,
2025-05-06 14:00:00,,precip,0.0,0.0,,0.1,,
2025-05-06 15:00:00,,precip,0.0,0.0,,0.8,,
2025-05-06 17:00:00,,precip,0.0,0.0,,2.8,,
2025-05-06 18:00:00,,precip,0.0,0.0,,0.2,,
2025-05-08 17:00:00,,precip,0.0,0.0,,0.1,,
2025-05-09 09:00:00,,precip,0.0,0.0,,0.1,,
2025-05-09 17:00:00,,precip,0.0,0.0,,0.6,,
2025-05-10 19:00:00,,precip,0.0,0.0,,52.9,,
2025-05-11 00:00:00,,precip,0.0,0.0,,0.7,,
2025-05-11 14:00:00,,precip,0.0,0.0,,0.1,,
2025-05-11 15:00:00,,precip,0.0,0.0,,0.1,,
2025-05-11 17:00:00,,precip,0.0,0.0,,3.3,,
2025-05-11 18:00:00,,precip,0.0,0.0,,0.3,,
2025-05-11 20:00:00,,precip,0.0,0.0,,0.1,,
2025-05-11 21:00:00,,precip,0.0,0.0,,0.7,,
2025-05-11 23:00:00,,precip,0.0,0.0,,0.9,,
2025-05-12 00:00:00,,precip,0.0,0.0,,0.9,,
2025-05-12 02:00:00,,precip,0.0,0.0,,0.1,,
2025-05-12 03:00:00,,precip,0.0,0.0,,0.3,,
2025-05-12 05:00:00,,precip,0.0,0.0,,0.1,,
2025-05-12 12:00:00,,precip,0.0,0.0,,0.1,,
2025-05-12 14:00:00,,precip,0.0,0.0,,0.2,,
2025-05-12 15:00:00,,precip,0.0,0.0,,2.5,,
2025-05-12 17:00:00,,precip,0.0,0.0,,0.2,,
2025-05-12 18:00:00,,precip,0.0,0.0,,0.2,,
2025-05-12 20:00:00,,precip,0.0,0.0,,1.1,,
2025-05-12 21:00:00,,precip,0.0,0.0,,0.7,,
2025-05-13 01:00:00,,precip,0.0,0.0,,0.4,,
2025-05-13 08:00:00,,precip,0.0,0.0,,0.1,,
2025-05-13 14:00:00,,precip,0.0,0.0,,0.1,,
2025-05-13 15:00:00,,precip,0.0,0.0,,1.5,,
2025-05-13 17:00:00,,precip,0.0,0.0,,1.1,,
2025-05-13 18:00:00,,precip,0.0,0.0,,0.1,,
2025-05-13 20:00:00,,precip,0.0,0.0,,0.6,,
2025-05-13 21:00:00,,precip,0.0,0.0,,1.1,,
2025-05-13 23:00:00,,precip,0.0,0.0,,0.2,,
2025-05-14 19:00:00,,precip,0.0,0.0,,7.1,,
2025-05-15 19:00:00,,precip,0.0,0.0,,1.7,,
2025-05-16 05:00:00,,precip,0.0,0.0,,0.4,,
2025-05-16 06:00:00,,precip,0.0,0.0,,0.2,,
2025-05-16 09:00:00,,precip,0.0,0.0,,0.1,,
2025-05-16 11:00:00,,precip,0.0,0.0,,0.2,,
2025-05-16 12:00:00,,precip,0.0,0.0,,0.1,,
2025-05-16 15:00:00,,precip,0.0,0.0,,0.5,,
2025-05-16 18:00:00,,precip,0.0,0.0,,0.1,,
2025-05-17 19:00:00,,precip,0.0,0.0,,0.1,,
2025-05-18 08:00:00,,precip,0.0,0.0,,0.1,,
2025-05-18 09:00:00,,precip,0.0,0.0,,0.1,,
2025-05-18 12:00:00,,precip,0.0,0.0,,0.1,,
2025-05-18 14:00:00,,precip,0.0,0.0,,1.1,,
2025-05-18 15:00:00,,precip,0.0,0.0,,0.5,,
2025-05-18 17:00:00,,precip,0.0,0.0,,0.1,,
2025-05-19 11:00:00,,precip,0.0,0.0,,1.4,,
2025-05-19 12:00:00,,precip,0.0,0.0,,5.6,,
2025-05-19 14:00:00,,precip,0.0,0.0,,0.1,,
2025-05-19 17:00:00,,precip,0.0,0.0,,0.3,,
2025-05-20 08:00:00,,precip,0.0,0.0,,0.1,,
2025-05-20 09:00:00,,precip,0.0,0.0,,0.1,,
2025-05-20 11:00:00,,precip,0.0,0.0,,0.1,,
2025-05-20 12:00:00,,precip,0.0,0.0,,3.0,,
2025-05-20 20:00:00,,precip,0.0,0.0,,0.1,,
2025-05-21 19:00:00,,precip,0.0,0.0,,0.1,,
2025-05-22 01:00:00,,precip,0.0,0.0,,4.0,,
2025-05-22 19:00:00,,precip,0.0,0.0,,72.0,,
2025-05-23 01:00:00,,precip,0.0,0.0,,2.0,,
2025-05-23 07:00:00,,precip,0.0,0.0,,2.0,,
2025-05-23 13:00:00,,precip,0.0,0.0,,6.0,,
2025-05-23 19:00:00,,precip,0.0,0.0,,13.0,,
2025-05-24 19:00:00,,precip,0.0,0.0,,0.9,,
2025-05-25 02:00:00,,precip,0.0,0.0,,0.2,,
2025-05-25 03:00:00,,precip,0.0,0.0,,0.3,,
2025-05-25 05:00:00,,precip,0.0,0.0,,0.2,,
2025-05-25 06:00:00,,precip,0.0,0.0,,0.2,,
2025-05-25 09:00:00,,precip,0.0,0.0,,0.1,,
2025-05-25 11:00:00,,precip,0.0,0.0,,0.1,,
2025-05-25 12:00:00,,precip,0.0,0.0,,0.1,,
2025-05-25 14:00:00,,precip,0.0,0.0,,1.2,,
2025-05-25 15:00:00,,precip,0.0,0.0,,0.3,,
2025-05-25 17:00:00,,precip,0.0,0.0,,0.1,,
2025-05-25 18:00:00,,precip,0.0,0.0,,1.1,,
2025-05-25 20:00:00,,precip,0.0,0.0,,0.3,,
2025-05-25 21:00:00,,precip,0.0,0.0,,0.9,,
2025-05-25 23:00:00,,precip,0.0,0.0,,0.1,,
2025-05-26 00:00:00,,precip,0.0,0.0,,0.6,,
2025-05-26 11:00:00,,precip,0.0,0.0,,0.2,,
2025-05-26 12:00:00,,precip,0.0,0.0,,0.1,,
2025-05-26 14:00:00,,precip,0.0,0.0,,0.1,,
2025-05-26 15:00:00,,precip,0.0,0.0,,0.3,,
2025-05-26 17:00:00,,precip,0.0,0.0,,0.6,,
2025-05-26 18:00:00,,precip,0.0,0.0,,0.1,,
2025-05-27 08:00:00,,precip,0.0,0.0,,0.1,,
2025-05-27 09:00:00,,precip,0.0,0.0,,0.1,,
2025-05-27 11:00:00,,precip,0.0,0.0,,0.1,,
2025-05-27 12:00:00,,precip,0.0,0.0,,0.1,,
2025-05-27 14:00:00,,precip,0.0,0.0,,4.8,,
2025-05-27 15:00:00,,precip,0.0,0.0,,0.7,,
2025-05-27 17:00:00,,precip,0.0,0.0,,1.1,,
2025-05-27 18:00:00,,precip,0.0,0.0,,1.1,,
2025-05-27 20:00:00,,precip,0.0,0.0,,1.0,,
2025-05-27 21:00:00,,precip,0.0,0.0,,0.1,,
2025-05-28 00:00:00,,precip,0.0,0.0,,0.1,,
2025-05-28 05:00:00,,precip,0.0,0.0,,0.1,,
2025-05-28 08:00:00,,precip,0.0,0.0,,0.2,,
2025-05-28 09:00:00,,precip,0.0,0.0,,0.1,,
2025-05-28 11:00:00,,precip,0.0,0.0,,0.1,,
2025-05-28 12:00:00,,precip,0.0,0.0,,0.1,,
2025-05-28 14:00:00,,precip,0.0,0.0,,0.1,,
2025-05-28 15:00:00,,precip,0.0,0.0,,0.2,,
2025-05-28 17:00:00,,precip,0.0,0.0,,7.5,,
2025-05-28 18:00:00,,precip,0.0,0.0,,4.4,,
2025-05-28 20:00:00,,precip,0.0,0.0,,1.0,,
2025-05-28 21:00:00,,precip,0.0,0.0,,0.9,,
2025-05-28 23:00:00,,precip,0.0,0.0,,1.1,,
2025-05-29 19:00:00,,precip,0.0,0.0,,45.3,,
2025-05-30 19:00:00,,precip,0.0,0.0,,21.8,,
2025-05-31 19:00:00,,precip,0.0,0.0,,11.6,,
2025-06-01 19:00:00,,precip,0.0,0.0,,0.1,,
2025-06-02 19:00:00,,precip,0.0,0.0,,2.3,,
2025-06-03 19:00:00,,precip,0.0,0.0,,13.6,,
2025-06-04 19:00:00,,precip,0.0,0.0,,1.2,,
2025-06-05 06:00:00,,precip,0.0,0.0,,0.1,,
2025-06-05 08:00:00,,precip,0.0,0.0,,0.1,,
2025-06-05 09:00:00,,precip,0.0,0.0,,0.1,,
2025-06-05 12:00:00,,precip,0.0,0.0,,0.2,,
2025-06-05 14:00:00,,precip,0.0,0.0,,0.2,,
2025-06-05 15:00:00,,precip,0.0,0.0,,2.5,,
2025-06-06 06:00:00,,precip,0.0,0.0,,0.3,,
2025-06-06 08:00:00,,precip,0.0,0.0,,0.1,,
2025-06-06 09:00:00,,precip,0.0,0.0,,0.2,,
2025-06-06 11:00:00,,precip,0.0,0.0,,0.3,,
2025-06-06 12:00:00,,precip,0.0,0.0,,0.4,,
2025-06-06 14:00:00,,precip,0.0,0.0,,2.0,,
2025-06-06 15:00:00,,precip,0.0,0.0,,0.3,,
2025-06-06 21:00:00,,precip,0.0,0.0,,0.1,,
2025-06-06 23:00:00,,precip,0.0,0.0,,0.4,,
2025-06-07 19:00:00,,precip,0.0,0.0,,2.7,,
2025-06-08 19:00:00,,precip,0.0,0.0,,4.1,,
2025-06-09 19:00:00,,precip,0.0,0.0,,5.5,,
2025-06-10 19:00:00,,precip,0.0,0.0,,9.7,,
2025-06-11 19:00:00,,precip,0.0,0.0,,8.6,,
2025-06-12 04:00:00,,precip,0.0,0.0,,0.1,,
2025-06-12 05:00:00,,precip,0.0,0.0,,0.1,,
2025-06-12 06:00:00,,precip,0.0,0.0,,0.1,,
2025-06-12 08:00:00,,precip,0.0,0.0,,0.1,,
2025-06-12 09:00:00,,precip,0.0,0.0,,0.1,,
2025-06-12 11:00:00,,precip,0.0,0.0,,0.1,,
2025-06-12 12:00:00,,precip,0.0,0.0,,0.1,,
2025-06-12 14:00:00,,precip,0.0,0.0,,1.0,,
2025-06-12 15:00:00,,precip,0.0,0.0,,1.6,,
2025-06-12 17:00:00,,precip,0.0,0.0,,0.6,,
2025-06-12 18:00:00,,precip,0.0,0.0,,0.2,,
2025-06-12 20:00:00,,precip,0.0,0.0,,0.1,,
2025-06-13 19:00:00,,precip,0.0,0.0,,11.0,,
2025-06-14 19:00:00,,precip,0.0,0.0,,2.0,,
2025-06-15 02:00:00,,precip,0.0,0.0,,0.1,,
2025-06-15 03:00:00,,precip,0.0,0.0,,0.4,,
2025-06-15 05:00:00,,precip,0.0,0.0,,0.1,,
2025-06-15 15:00:00,,precip,0.0,0.0,,0.1,,
2025-06-15 17:00:00,,precip,0.0,0.0,,0.1,,
2025-06-16 11:00:00,,precip,0.0,0.0,,0.1,,
2025-06-16 12:00:00,,precip,0.0,0.0,,0.2,,
2025-06-16 14:00:00,,precip,0.0,0.0,,1.1,,
2025-06-16 15:00:00,,precip,0.0,0.0,,0.6,,
2025-06-16 17:00:00,,precip,0.0,0.0,,1.2,,
2025-06-16 18:00:00,,precip,0.0,0.0,,0.2,,
2025-06-16 20:00:00,,precip,0.0,0.0,,0.3,,
2025-06-16 21:00:00,,precip,0.0,0.0,,0.2,,
2025-06-16 23:00:00,,precip,0.0,0.0,,0.2,,
2025-06-17 01:00:00,,precip,0.0,0.0,,21.0,,
2025-06-18 00:00:00,,precip,0.0,0.0,,0.1,,
2025-06-18 06:00:00,,precip,0.0,0.0,,0.7,,
2025-06-18 08:00:00,,precip,0.0,0.0,,0.1,,
2025-06-18 09:00:00,,precip,0.0,0.0,,0.1,,
2025-06-18 11:00:00,,precip,0.0,0.0,,0.2,,
2025-06-18 12:00:00,,precip,0.0,0.0,,0.1,,
2025-06-18 14:00:00,,precip,0.0,0.0,,1.5,,
2025-06-18 15:00:00,,precip,0.0,0.0,,2.7,,
2025-06-18 17:00:00,,precip,0.0,0.0,,0.1,,
2025-06-18 20:00:00,,precip,0.0,0.0,,0.6,,
2025-06-19 19:00:00,,precip,0.0,0.0,,7.0,,
2025-06-20 01:00:00,,precip,0.0,0.0,,4.0,,
2025-06-20 07:00:00,,precip,0.0,0.0,,7.0,,
2025-06-20 13:00:00,,precip,0.0,0.0,,7.0,,
2025-06-20 19:00:00,,precip,0.0,0.0,,4.0,,
2025-06-21 08:00:00,,precip,0.0,0.0,,0.1,,
2025-06-21 09:00:00,,precip,0.0,0.0,,0.1,,
2025-06-21 11:00:00,,precip,0.0,0.0,,0.1,,
2025-06-21 12:00:00,,precip,0.0,0.0,,0.2,,
2025-06-21 14:00:00,,precip,0.0,0.0,,1.8,,
2025-06-21 15:00:00,,precip,0.0,0.0,,5.9,,
2025-06-21 17:00:00,,precip,0.0,0.0,,0.1,,
2025-06-22 02:00:00,,precip,0.0,0.0,,0.3,,
2025-06-22 03:00:00,,precip,0.0,0.0,,1.1,,
2025-06-22 04:00:00,,precip,0.0,0.0,,2.2,,
2025-06-22 05:00:00,,precip,0.0,0.0,,3.0,,
2025-06-22 06:00:00,,precip,0.0,0.0,,3.3,,
2025-06-22 08:00:00,,precip,0.0,0.0,,2.2,,
2025-06-22 09:00:00,,precip,0.0,0.0,,1.0,,
2025-06-22 11:00:00,,precip,0.0,0.0,,0.3,,
2025-06-22 12:00:00,,precip,0.0,0.0,,0.2,,
2025-06-22 14:00:00,,precip,0.0,0.0,,0.1,,
2025-06-22 15:00:00,,precip,0.0,0.0,,0.3,,
2025-06-22 17:00:00,,precip,0.0,0.0,,0.2,,
2025-06-22 18:00:00,,precip,0.0,0.0,,0.1,,
2025-06-23 02:00:00,,precip,0.0,0.0,,0.2,,
2025-06-23 03:00:00,,precip,0.0,0.0,,0.9,,
2025-06-23 05:00:00,,precip,0.0,0.0,,0.9,,
2025-06-23 06:00:00,,precip,0.0,0.0,,0.1,,
2025-06-23 11:00:00,,precip,0.0,0.0,,0.1,,
2025-06-23 12:00:00,,precip,0.0,0.0,,0.1,,
2025-06-23 14:00:00,,precip,0.0,0.0,,0.2,,
2025-06-23 15:00:00,,precip,0.0,0.0,,4.3,,
2025-06-23 17:00:00,,precip,0.0,0.0,,0.2,,
2025-06-24 09:00:00,,precip,0.0,0.0,,0.1,,
2025-06-24 11:00:00,,precip,0.0,0.0,,0.1,,
2025-06-24 12:00:00,,precip,0.0,0.0,,0.1,,
2025-06-25 13:00:00,,precip,0.0,0.0,,2.0,,
2025-06-26 07:00:00,,precip,0.0,0.0,,4.0,,
2025-06-26 13:00:00,,precip,0.0,0.0,,0.7,,
2025-06-26 19:00:00,,precip,0.0,0.0,,5.3,,
2025-06-27 01:00:00,,precip,0.0,0.0,,1.0,,
2025-06-27 13:00:00,,precip,0.0,0.0,,26.0,,
2025-06-28 19:00:00,,precip,0.0,0.0,,1.0,,
2025-06-29 19:00:00,,precip,0.0,0.0,,0.4,,
2025-06-30 15:00:00,,precip,0.0,0.0,,0.2,,
2025-06-30 17:00:00,,precip,0.0,0.0,,0.4,,
2025-06-30 18:00:00,,precip,0.0,0.0,,0.1,,
2025-07-01 08:00:00,,precip,0.0,0.0,,0.2,,
2025-07-01 09:00:00,,precip,0.0,0.0,,0.4,,
2025-07-01 11:00:00,,precip,0.0,0.0,,0.1,,
2025-07-01 12:00:00,,precip,0.0,0.0,,0.1,,
2025-07-01 14:00:00,,precip,0.0,0.0,,0.1,,
2025-07-01 15:00:00,,precip,0.0,0.0,,0.2,,
2025-07-01 17:00:00,,precip,0.0,0.0,,1.2,,
2025-07-01 18:00:00,,precip,0.0,0.0,,0.2,,
2025-07-01 20:00:00,,precip,0.0,0.0,,2.0,,
2025-07-01 21:00:00,,precip,0.0,0.0,,0.1,,
2025-07-02 02:00:00,,precip,0.0,0.0,,1.9,,
2025-07-02 03:00:00,,precip,0.0,0.0,,1.2,,
2025-07-02 08:00:00,,precip,0.0,0.0,,0.1,,
2025-07-02 09:00:00,,precip,0.0,0.0,,0.2,,
2025-07-02 11:00:00,,precip,0.0,0.0,,0.5,,
2025-07-02 12:00:00,,precip,0.0,0.0,,0.7,,
2025-07-02 14:00:00,,precip,0.0,0.0,,1.2,,
2025-07-02 15:00:00,,precip,0.0,0.0,,5.0,,
2025-07-02 17:00:00,,precip,0.0,0.0,,2.8,,
2025-07-02 18:00:00,,precip,0.0,0.0,,0.3,,
2025-07-02 20:00:00,,precip,0.0,0.0,,0.1,,
2025-07-03 19:00:00,,precip,0.0,0.0,,4.0,,
2025-07-04 19:00:00,,precip,0.0,0.0,,3.0,,
2025-07-05 08:00:00,,precip,0.0,0.0,,0.1,,
2025-07-05 11:00:00,,precip,0.0,0.0,,0.1,,
2025-07-05 12:00:00,,precip,0.0,0.0,,0.2,,
2025-07-05 14:00:00,,precip,0.0,0.0,,0.2,,
2025-07-05 15:00:00,,precip,0.0,0.0,,0.3,,
2025-07-05 17:00:00,,precip,0.0,0.0,,0.8,,
2025-07-05 18:00:00,,precip,0.0,0.0,,0.5,,
2025-07-06 19:00:00,,precip,0.0,0.0,,3.0,,
2025-07-07 13:00:00,,precip,0.0,0.0,,0.4,,
2025-07-08 02:00:00,,precip,0.0,0.0,,0.2,,
2025-07-08 06:00:00,,precip,0.0,0.0,,0.2,,
2025-07-08 08:00:00,,precip,0.0,0.0,,0.2,,
2025-07-08 09:00:00,,precip,0.0,0.0,,0.1,,
2025-07-08 11:00:00,,precip,0.0,0.0,,0.1,,
2025-07-08 12:00:00,,precip,0.0,0.0,,0.2,,
2025-07-09 09:00:00,,precip,0.0,0.0,,0.1,,
2025-07-09 11:00:00,,precip,0.0,0.0,,0.2,,
2025-07-09 12:00:00,,precip,0.0,0.0,,0.2,,
2025-07-09 14:00:00,,precip,0.0,0.0,,1.1,,
2025-07-09 15:00:00,,precip,0.0,0.0,,4.8,,
2025-07-09 17:00:00,,precip,0.0,0.0,,0.3,,
2025-07-10 11:00:00,,precip,0.0,0.0,,0.1,,
2025-07-10 12:00:00,,precip,0.0,0.0,,0.1,,
2025-07-10 14:00:00,,precip,0.0,0.0,,0.3,,
2025-07-10 15:00:00,,precip,0.0,0.0,,1.6,,
2025-07-11 19:00:00,,precip,0.0,0.0,,0.5,,
2025-07-12 19:00:00,,precip,0.0,0.0,,31.4,,
2025-07-13 19:00:00,,precip,0.0,0.0,,0.2,,
2025-07-14 19:00:00,,precip,0.0,0.0,,16.7,,
2025-07-15 19:00:00,,precip,0.0,0.0,,0.1,,
2025-07-16 19:00:00,,precip,0.0,0.0,,12.6,,
2025-07-17 19:00:00,,precip,0.0,0.0,,6.9,,
2025-07-18 19:00:00,,precip,0.0,0.0,,6.4,,
2025-07-19 19:00:00,,precip,0.0,0.0,,23.7,,
2025-07-20 19:00:00,,precip,0.0,0.0,,19.6,,
2025-07-21 19:00:00,,precip,0.0,0.0,,7.3,,
2025-07-22 19:00:00,,precip,0.0,0.0,,3.9,,
2025-07-23 08:00:00,,precip,0.0,0.0,,0.1,,
2025-07-23 09:00:00,,precip,0.0,0.0,,0.2,,
2025-07-23 11:00:00,,precip,0.0,0.0,,0.2,,
2025-07-23 12:00:00,,precip,0.0,0.0,,0.1,,
2025-07-23 17:00:00,,precip,0.0,0.0,,1.4,,
2025-07-24 15:00:00,,precip,0.0,0.0,,0.1,,
2025-07-25 11:00:00,,precip,0.0,0.0,,0.1,,
2025-07-25 12:00:00,,precip,0.0,0.0,,0.1,,
2025-07-26 19:00:00,,precip,0.0,0.0,,1.6,,
2025-07-27 19:00:00,,precip,0.0,0.0,,5.0,,
2025-07-28 19:00:00,,precip,0.0,0.0,,0.2,,
2025-07-29 19:00:00,,precip,0.0,0.0,,3.6,,
2025-07-30 09:00:00,,precip,0.0,0.0,,0.1,,
2025-07-30 11:00:00,,precip,0.0,0.0,,0.1,,
2025-07-30 12:00:00,,precip,0.0,0.0,,0.3,,
2025-07-30 14:00:00,,precip,0.0,0.0,,0.6,,
2025-07-30 15:00:00,,precip,0.0,0.0,,0.1,,
2025-07-30 17:00:00,,precip,0.0,0.0,,0.1,,
2025-07-31 19:00:00,,precip,0.0,0.0,,2.0,,
2025-08-01 09:00:00,,precip,0.0,0.0,,0.1,,
2025-08-01 11:00:00,,precip,0.0,0.0,,0.1,,
2025-08-01 14:00:00,,precip,0.0,0.0,,0.4,,
2025-08-01 17:00:00,,precip,0.0,0.0,,0.1,,
2025-08-02 11:00:00,,precip,0.0,0.0,,0.1,,
2025-08-02 12:00:00,,precip,0.0,0.0,,0.2,,
2025-08-02 14:00:00,,precip,0.0,0.0,,0.1,,
2025-08-02 15:00:00,,precip,0.0,0.0,,0.1,,
2025-08-02 17:00:00,,precip,0.0,0.0,,0.4,,
2025-08-03 19:00:00,,precip,0.0,0.0,,0.1,,
2025-08-04 19:00:00,,precip,0.0,0.0,,1.4,,
2025-08-05 09:00:00,,precip,0.0,0.0,,0.1,,
2025-08-05 11:00:00,,precip,0.0,0.0,,0.1,,
2025-08-05 12:00:00,,precip,0.0,0.0,,0.1,,
2025-08-05 14:00:00,,precip,0.0,0.0,,0.1,,
2025-08-05 17:00:00,,precip,0.0,0.0,,0.3,,
2025-08-06 02:00:00,,precip,0.0,0.0,,0.2,,
2025-08-06 09:00:00,,precip,0.0,0.0,,0.1,,
2025-08-06 11:00:00,,precip,0.0,0.0,,0.2,,
2025-08-06 12:00:00,,precip,0.0,0.0,,0.2,,
2025-08-06 13:00:00,,precip,0.0,0.0,,1.3,,
2025-08-06 15:00:00,,precip,0.0,0.0,,0.6,,
2025-08-06 16:00:00,,precip,0.0,0.0,,2.7,,
2025-08-06 17:00:00,,precip,0.0,0.0,,3.7,,
2025-08-06 18:00:00,,precip,0.0,0.0,,0.3,,
2025-08-07 11:00:00,,precip,0.0,0.0,,0.1,,
2025-08-07 17:00:00,,precip,0.0,0.0,,0.1,,
2025-08-07 18:00:00,,precip,0.0,0.0,,1.0,,
2025-08-08 09:00:00,,precip,0.0,0.0,,0.1,,
2025-08-08 11:00:00,,precip,0.0,0.0,,0.2,,
2025-08-08 12:00:00,,precip,0.0,0.0,,0.2,,
2025-08-08 14:00:00,,precip,0.0,0.0,,0.1,,
2025-08-08 15:00:00,,precip,0.0,0.0,,0.1,,
2025-08-08 17:00:00,,precip,0.0,0.0,,0.1,,
2025-08-08 18:00:00,,precip,0.0,0.0,,0.4,,
2025-08-09 19:00:00,,precip,0.0,0.0,,0.9,,
2025-08-10 11:00:00,,precip,0.0,0.0,,0.1,,
2025-08-10 12:00:00,,precip,0.0,0.0,,0.1,,
2025-08-10 14:00:00,,precip,0.0,0.0,,0.1,,
2025-08-10 15:00:00,,precip,0.0,0.0,,0.4,,
2025-08-10 17:00:00,,precip,0.0,0.0,,2.4,,
2025-08-10 18:00:00,,precip,0.0,0.0,,0.6,,
2025-08-10 20:00:00,,precip,0.0,0.0,,0.2,,
2025-08-11 19:00:00,,precip,0.0,0.0,,1.2,,
2025-08-12 19:00:00,,precip,0.0,0.0,,20.2,,
2025-08-13 08:00:00,,precip,0.0,0.0,,0.1,,
2025-08-13 09:00:00,,precip,0.0,0.0,,0.1,,
2025-08-13 11:00:00,,precip,0.0,0.0,,0.3,,
2025-08-13 12:00:00,,precip,0.0,0.0,,0.3,,
2025-08-13 14:00:00,,precip,0.0,0.0,,2.5,,
2025-08-13 15:00:00,,precip,0.0,0.0,,0.3,,
2025-08-13 17:00:00,,precip,0.0,0.0,,6.2,,
2025-08-13 18:00:00,,precip,0.0,0.0,,1.8,,
2025-08-14 19:00:00,,precip,0.0,0.0,,1.9,,
2025-08-15 19:00:00,,precip,0.0,0.0,,15.6,,
2025-08-16 19:00:00,,precip,0.0,0.0,,3.1,,
2025-08-17 00:00:00,,precip,0.0,0.0,,0.5,,
2025-08-17 02:00:00,,precip,0.0,0.0,,0.1,,
2025-08-17 03:00:00,,precip,0.0,0.0,,0.1,,
2025-08-17 05:00:00,,precip,0.0,0.0,,0.1,,
2025-08-17 06:00:00,,precip,0.0,0.0,,0.1,,
2025-08-17 08:00:00,,precip,0.0,0.0,,0.1,,
2025-08-17 14:00:00,,precip,0.0,0.0,,0.2,,
2025-08-17 15:00:00,,precip,0.0,0.0,,0.5,,
2025-08-17 17:00:00,,precip,0.0,0.0,,0.2,,
2025-08-17 18:00:00,,precip,0.0,0.0,,0.5,,
2025-08-17 20:00:00,,precip,0.0,0.0,,0.2,,
2025-08-17 21:00:00,,precip,0.0,0.0,,0.1,,
2025-08-18 19:00:00,,precip,0.0,0.0,,15.1,,
2025-08-19 11:00:00,,precip,0.0,0.0,,0.1,,
2025-08-19 12:00:00,,precip,0.0,0.0,,0.1,,
2025-08-19 17:00:00,,precip,0.0,0.0,,0.2,,
2025-08-19 18:00:00,,precip,0.0,0.0,,0.1,,
2025-08-19 20:00:00,,precip,0.0,0.0,,0.1,,
2025-08-20 00:00:00,,precip,0.0,0.0,,0.2,,
2025-08-20 11:00:00,,precip,0.0,0.0,,0.1,,
2025-08-20 12:00:00,,precip,0.0,0.0,,0.1,,
2025-08-20 14:00:00,,precip,0.0,0.0,,0.1,,
2025-08-20 15:00:00,,precip,0.0,0.0,,0.1,,
2025-08-20 17:00:00,,precip,0.0,0.0,,1.7,,
2025-08-20 18:00:00,,precip,0.0,0.0,,0.1,,
2025-08-20 23:00:00,,precip,0.0,0.0,,1.6,,
2025-08-21 19:00:00,,precip,0.0,0.0,,115.1,,
2025-08-22 19:00:00,,precip,0.0,0.0,,4.8,,
2025-08-23 19:00:00,,precip,0.0,0.0,,0.1,,
2025-08-24 19:00:00,,precip,0.0,0.0,,2.9,,
2025-08-25 06:00:00,,precip,0.0,0.0,,0.3,,
2025-08-25 07:00:00,,precip,0.0,0.0,,0.7,,
2025-08-25 08:00:00,,precip,0.0,0.0,,0.1,,
2025-08-25 09:00:00,,precip,0.0,0.0,,0.2,,
2025-08-25 10:00:00,,precip,0.0,0.0,,1.5,,
2025-08-25 11:00:00,,precip,0.0,0.0,,1.9,,
2025-08-25 12:00:00,,precip,0.0,0.0,,1.2,,
2025-08-25 13:00:00,,precip,0.0,0.0,,0.1,,
2025-08-25 14:00:00,,precip,0.0,0.0,,0.1,,
2025-08-25 15:00:00,,precip,0.0,0.0,,0.1,,
2025-08-25 16:00:00,,precip,0.0,0.0,,5.1,,
2025-08-25 17:00:00,,precip,0.0,0.0,,0.7,,
2025-08-25 18:00:00,,precip,0.0,0.0,,0.1,,
2025-08-26 01:00:00,,precip,0.0,0.0,,0.1,,
2025-08-26 02:00:00,,precip,0.0,0.0,,0.8,,
2025-08-26 03:00:00,,precip,0.0,0.0,,0.9,,
2025-08-26 04:00:00,,precip,0.0,0.0,,0.9,,
2025-08-26 05:00:00,,precip,0.0,0.0,,0.3,,
2025-08-26 06:00:00,,precip,0.0,0.0,,0.1,,
2025-08-26 07:00:00,,precip,0.0,0.0,,0.1,,
2025-08-26 08:00:00,,precip,0.0,0.0,,0.1,,
2025-08-26 09:00:00,,precip,0.0,0.0,,0.1,,
2025-08-26 10:00:00,,precip,0.0,0.0,,0.2,,
2025-08-26 11:00:00,,precip,0.0,0.0,,0.2,,
2025-08-26 12:00:00,,precip,0.0,0.0,,1.6,,
2025-08-26 13:00:00,,precip,0.0,0.0,,0.7,,
2025-08-26 14:00:00,,precip,0.0,0.0,,1.0,,
2025-08-26 15:00:00,,precip,0.0,0.0,,0.1,,
2025-08-26 16:00:00,,precip,0.0,0.0,,0.1,,
2025-08-26 17:00:00,,precip,0.0,0.0,,0.1,,
2025-08-26 18:00:00,,precip,0.0,0.0,,0.2,,
2025-08-26 19:00:00,,precip,0.0,0.0,,0.2,,
2025-08-26 20:00:00,,precip,0.0,0.0,,0.3,,
2025-08-26 21:00:00,,precip,0.0,0.0,,0.1,,
2025-08-26 22:00:00,,precip,0.0,0.0,,0.6,,
2025-08-26 23:00:00,,precip,0.0,0.0,,0.4,,
2025-08-27 00:00:00,,precip,0.0,0.0,,0.2,,
2025-08-27 01:00:00,,precip,0.0,0.0,,0.2,,
2025-08-27 06:00:00,,precip,0.0,0.0,,0.3,,
2025-08-27 09:00:00,,precip,0.0,0.0,,0.2,,
2025-08-27 10:00:00,,precip,0.0,0.0,,0.2,,
2025-08-27 11:00:00,,precip,0.0,0.0,,0.3,,
2025-08-27 12:00:00,,precip,0.0,0.0,,0.9,,
2025-08-27 13:00:00,,precip,0.0,0.0,,2.6,,
2025-08-27 14:00:00,,precip,0.0,0.0,,4.0,,
2025-08-27 15:00:00,,precip,0.0,0.0,,0.3,,
2025-08-27 17:00:00,,precip,0.0,0.0,,0.4,,
2025-08-27 18:00:00,,precip,0.0,0.0,,2.1,,
2025-08-27 19:00:00,,precip,0.0,0.0,,0.2,,
2025-08-27 20:00:00,,precip,0.0,0.0,,0.5,,
2025-08-27 21:00:00,,precip,0.0,0.0,,0.2,,
2025-08-28 02:00:00,,precip,0.0,0.0,,0.4,,
2025-08-28 03:00:00,,precip,0.0,0.0,,0.5,,
2025-08-28 04:00:00,,precip,0.0,0.0,,0.4,,
2025-08-28 05:00:00,,precip,0.0,0.0,,0.5,,
2025-08-28 06:00:00,,precip,0.0,0.0,,0.5,,
2025-08-28 07:00:00,,precip,0.0,0.0,,0.2,,
2025-08-28 08:00:00,,precip,0.0,0.0,,0.5,,
2025-08-28 09:00:00,,precip,0.0,0.0,,0.1,,
2025-08-28 10:00:00,,precip,0.0,0.0,,0.1,,
2025-08-28 14:00:00,,precip,0.0,0.0,,0.1,,
2025-08-28 15:00:00,,precip,0.0,0.0,,0.9,,
2025-08-28 16:00:00,,precip,0.0,0.0,,0.8,,
2025-08-28 17:00:00,,precip,0.0,0.0,,1.2,,
2025-08-28 18:00:00,,precip,0.0,0.0,,0.3,,
2025-08-28 19:00:00,,precip,0.0,0.0,,0.7,,
2025-08-28 20:00:00,,precip,0.0,0.0,,0.4,,
2025-08-29 02:00:00,,precip,0.0,0.0,,0.6,,
2025-08-29 03:00:00,,precip,0.0,0.0,,0.6,,
2025-08-29 04:00:00,,precip,0.0,0.0,,0.9,,
2025-08-29 05:00:00,,precip,0.0,0.0,,0.3,,
2025-08-29 06:00:00,,precip,0.0,0.0,,0.1,,
2025-08-29 07:00:00,,precip,0.0,0.0,,0.1,,
2025-08-29 11:00:00,,precip,0.0,0.0,,0.1,,
2025-08-29 12:00:00,,precip,0.0,0.0,,0.1,,
2025-08-29 13:00:00,,precip,0.0,0.0,,1.5,,
2025-08-29 14:00:00,,precip,0.0,0.0,,2.1,,
2025-08-29 15:00:00,,precip,0.0,0.0,,4.4,,
2025-08-29 16:00:00,,precip,0.0,0.0,,0.9,,
2025-08-29 17:00:00,,precip,0.0,0.0,,0.7,,
2025-08-29 18:00:00,,precip,0.0,0.0,,0.7,,
2025-08-29 19:00:00,,precip,0.0,0.0,,0.5,,
2025-08-29 20:00:00,,precip,0.0,0.0,,0.1,,
2025-08-29 21:00:00,,precip,0.0,0.0,,0.1,,
2025-08-30 02:00:00,,precip,0.0,0.0,,0.1,,
2025-08-30 03:00:00,,precip,0.0,0.0,,0.1,,
2025-08-30 04:00:00,,precip,0.0,0.0,,0.1,,
2025-08-30 09:00:00,,precip,0.0,0.0,,0.1,,
2025-08-30 10:00:00,,precip,0.0,0.0,,0.1,,
2025-08-30 11:00:00,,precip,0.0,0.0,,0.1,,
2025-08-30 13:00:00,,precip,0.0,0.0,,1.7,,
2025-08-30 14:00:00,,precip,0.0,0.0,,3.8,,
2025-08-30 15:00:00,,precip,0.0,0.0,,0.5,,
2025-08-30 16:00:00,,precip,0.0,0.0,,0.2,,
2025-08-30 17:00:00,,precip,0.0,0.0,,2.0,,
2025-08-30 18:00:00,,precip,0.0,0.0,,2.3,,
2025-08-31 08:00:00,,precip,0.0,0.0,,0.1,,
2025-08-31 09:00:00,,precip,0.0,0.0,,0.2,,
2025-08-31 10:00:00,,precip,0.0,0.0,,0.1,,
2025-08-31 12:00:00,,precip,0.0,0.0,,0.1,,
2025-08-31 13:00:00,,precip,0.0,0.0,,1.1,,
2025-08-31 14:00:00,,precip,0.0,0.0,,7.4,,
2025-08-31 15:00:00,,precip,0.0,0.0,,1.8,,
2025-08-31 16:00:00,,precip,0.0,0.0,,1.7,,
2025-08-31 17:00:00,,precip,0.0,0.0,,4.6,,
2025-08-31 18:00:00,,precip,0.0,0.0,,0.8,,
2025-08-31 19:00:00,,precip,0.0,0.0,,1.1,,
2025-08-31 20:00:00,,precip,0.0,0.0,,0.8,,
2025-08-31 21:00:00,,precip,0.0,0.0,,0.4,,
2025-08-31 22:00:00,,precip,0.0,0.0,,0.1,,
2025-08-31 23:00:00,,precip,0.0,0.0,,0.2,,
2025-09-01 00:00:00,,precip,0.0,0.0,,0.2,,
2025-09-01 01:00:00,,precip,0.0,0.0,,0.1,,
2025-09-01 03:00:00,,precip,0.0,0.0,,0.6,,
2025-09-01 04:00:00,,precip,0.0,0.0,,0.1,,
2025-09-01 05:00:00,,precip,0.0,0.0,,0.4,,
2025-09-01 06:00:00,,precip,0.0,0.0,,0.5,,
2025-09-01 07:00:00,,precip,0.0,0.0,,0.2,,
2025-09-01 08:00:00,,precip,0.0,0.0,,0.1,,
2025-09-01 09:00:00,,precip,0.0,0.0,,0.2,,
2025-09-01 10:00:00,,precip,0.0,0.0,,0.2,,
2025-09-01 11:00:00,,precip,0.0,0.0,,0.1,,
2025-09-01 12:00:00,,precip,0.0,0.0,,0.1,,
2025-09-01 13:00:00,,precip,0.0,0.0,,1.6,,
2025-09-01 14:00:00,,precip,0.0,0.0,,5.3,,
2025-09-01 15:00:00,,precip,0.0,0.0,,0.5,,
2025-09-01 16:00:00,,precip,0.0,0.0,,0.7,,
2025-09-01 17:00:00,,precip,0.0,0.0,,2.0,,
2025-09-01 18:00:00,,precip,0.0,0.0,,1.3,,
2025-09-01 19:00:00,,precip,0.0,0.0,,0.3,,
2025-09-01 20:00:00,,precip,0.0,0.0,,0.1,,
2025-09-02 02:00:00,,precip,0.0,0.0,,0.1,,
2025-09-02 09:00:00,,precip,0.0,0.0,,0.1,,
2025-09-02 10:00:00,,precip,0.0,0.0,,0.1,,
2025-09-02 11:00:00,,precip,0.0,0.0,,0.1,,
2025-09-02 12:00:00,,precip,0.0,0.0,,0.2,,
2025-09-02 13:00:00,,precip,0.0,0.0,,0.5,,
2025-09-02 14:00:00,,precip,0.0,0.0,,0.3,,
2025-09-02 15:00:00,,precip,0.0,0.0,,0.1,,
2025-09-02 16:00:00,,precip,0.0,0.0,,3.4,,
2025-09-02 17:00:00,,precip,0.0,0.0,,4.1,,
2025-09-02 18:00:00,,precip,0.0,0.0,,0.6,,
2025-09-02 19:00:00,,precip,0.0,0.0,,0.3,,
2025-09-02 20:00:00,,precip,0.0,0.0,,0.3,,
2025-09-02 21:00:00,,precip,0.0,0.0,,0.1,,
2025-09-03 07:00:00,,precip,0.0,0.0,,0.3,,
2025-09-03 08:00:00,,precip,0.0,0.0,,0.2,,
2025-09-03 09:00:00,,precip,0.0,0.0,,0.1,,
2025-09-03 10:00:00,,precip,0.0,0.0,,0.2,,
2025-09-03 11:00:00,,precip,0.0,0.0,,0.1,,
2025-09-03 12:00:00,,precip,0.0,0.0,,0.1,,
2025-09-03 13:00:00,,precip,0.0,0.0,,0.1,,
2025-09-03 14:00:00,,precip,0.0,0.0,,0.1,,
2025-09-03 15:00:00,,precip,0.0,0.0,,0.7,,
2025-09-03 16:00:00,,precip,0.0,0.0,,0.8,,
2025-09-03 17:00:00,,precip,0.0,0.0,,4.2,,
2025-09-03 18:00:00,,precip,0.0,0.0,,2.1,,
2025-09-03 19:00:00,,precip,0.0,0.0,,0.8,,
2025-09-03 20:00:00,,precip,0.0,0.0,,0.4,,
2025-09-03 21:00:00,,precip,0.0,0.0,,0.2,,
2025-09-04 02:00:00,,precip,0.0,0.0,,0.2,,
2025-09-04 03:00:00,,precip,0.0,0.0,,0.5,,
2025-09-04 04:00:00,,precip,0.0,0.0,,0.4,,
2025-09-04 05:00:00,,precip,0.0,0.0,,0.3,,
2025-09-04 06:00:00,,precip,0.0,0.0,,0.3,,
2025-09-04 07:00:00,,precip,0.0,0.0,,0.4,,
2025-09-04 10:00:00,,precip,0.0,0.0,,0.1,,
2025-09-04 11:00:00,,precip,0.0,0.0,,0.1,,
2025-09-04 12:00:00,,precip,0.0,0.0,,0.2,,
2025-09-04 13:00:00,,precip,0.0,0.0,,0.3,,
2025-09-04 14:00:00,,precip,0.0,0.0,,0.1,,
2025-09-04 15:00:00,,precip,0.0,0.0,,1.2,,
2025-09-04 16:00:00,,precip,0.0,0.0,,4.1,,
2025-09-04 17:00:00,,precip,0.0,0.0,,3.8,,
2025-09-04 18:00:00,,precip,0.0,0.0,,0.2,,
2025-09-04 19:00:00,,precip,0.0,0.0,,0.1,,
2025-09-04 20:00:00,,precip,0.0,0.0,,0.1,,
2025-09-04 21:00:00,,precip,0.0,0.0,,0.3,,
2025-09-04 22:00:00,,precip,0.0,0.0,,1.2,,
2025-09-04 23:00:00,,precip,0.0,0.0,,0.6,,
2025-09-05 00:00:00,,precip,0.0,0.0,,0.7,,
2025-09-05 01:00:00,,precip,0.0,0.0,,0.7,,
2025-09-05 03:00:00,,precip,0.0,0.0,,0.1,,
2025-09-05 04:00:00,,precip,0.0,0.0,,0.1,,
2025-09-05 05:00:00,,precip,0.0,0.0,,0.1,,
2025-09-05 07:00:00,,precip,0.0,0.0,,0.1,,
2025-09-05 08:00:00,,precip,0.0,0.0,,0.1,,
2025-09-05 09:00:00,,precip,0.0,0.0,,0.1,,
2025-09-05 10:00:00,,precip,0.0,0.0,,0.2,,
2025-09-05 11:00:00,,precip,0.0,0.0,,0.2,,
2025-09-05 12:00:00,,precip,0.0,0.0,,0.2,,
2025-09-05 13:00:00,,precip,0.0,0.0,,0.1,,
2025-09-05 14:00:00,,precip,0.0,0.0,,0.1,,
2025-09-05 15:00:00,,precip,0.0,0.0,,0.3,,
2025-09-05 16:00:00,,precip,0.0,0.0,,7.5,,
2025-09-05 17:00:00,,precip,0.0,0.0,,6.3,,
2025-09-06 09:00:00,,precip,0.0,0.0,,0.2,,
2025-09-06 10:00:00,,precip,0.0,0.0,,0.3,,
2025-09-06 11:00:00,,precip,0.0,0.0,,0.1,,
2025-09-06 12:00:00,,precip,0.0,0.0,,0.1,,
2025-09-06 13:00:00,,precip,0.0,0.0,,0.1,,
2025-09-06 15:00:00,,precip,0.0,0.0,,0.7,,
2025-09-06 16:00:00,,precip,0.0,0.0,,4.6,,
2025-09-06 17:00:00,,precip,0.0,0.0,,0.7,,
2025-09-07 01:00:00,,precip,0.0,0.0,,0.1,,
2025-09-07 10:00:00,,precip,0.0,0.0,,0.1,,
2025-09-07 11:00:00,,precip,0.0,0.0,,0.2,,
2025-09-07 12:00:00,,precip,0.0,0.0,,0.6,,
2025-09-07 13:00:00,,precip,0.0,0.0,,2.6,,
2025-09-07 14:00:00,,precip,0.0,0.0,,5.3,,
2025-09-07 15:00:00,,precip,0.0,0.0,,2.3,,
2025-09-07 16:00:00,,precip,0.0,0.0,,1.8,,
2025-09-07 17:00:00,,precip,0.0,0.0,,3.3,,
2025-09-07 18:00:00,,precip,0.0,0.0,,4.4,,
2025-09-07 19:00:00,,precip,0.0,0.0,,1.9,,
2025-09-07 20:00:00,,precip,0.0,0.0,,1.1,,
2025-09-07 21:00:00,,precip,0.0,0.0,,1.0,,
2025-09-07 22:00:00,,precip,0.0,0.0,,0.7,,
2025-09-07 23:00:00,,precip,0.0,0.0,,0.4,,
2025-09-08 00:00:00,,precip,0.0,0.0,,0.3,,
2025-09-08 01:00:00,,precip,0.0,0.0,,0.3,,
2025-09-08 02:00:00,,precip,0.0,0.0,,0.5,,
2025-09-08 03:00:00,,precip,0.0,0.0,,0.3,,
2025-09-08 04:00:00,,precip,0.0,0.0,,0.1,,
2025-09-08 09:00:00,,precip,0.0,0.0,,0.1,,
2025-09-08 10:00:00,,precip,0.0,0.0,,0.1,,
2025-09-08 11:00:00,,precip,0.0,0.0,,0.1,,
2025-09-08 12:00:00,,precip,0.0,0.0,,0.3,,
2025-09-08 13:00:00,,precip,0.0,0.0,,0.3,,
2025-09-08 14:00:00,,precip,0.0,0.0,,0.1,,
2025-09-08 15:00:00,,precip,0.0,0.0,,0.8,,
2025-09-08 16:00:00,,precip,0.0,0.0,,4.1,,
2025-09-08 17:00:00,,precip,0.0,0.0,,1.4,,
2025-09-08 18:00:00,,precip,0.0,0.0,,1.2,,
2025-09-08 19:00:00,,precip,0.0,0.0,,0.6,,
2025-09-08 20:00:00,,precip,0.0,0.0,,0.7,,
2025-09-08 21:00:00,,precip,0.0,0.0,,0.5,,
2025-09-08 22:00:00,,precip,0.0,0.0,,0.1,,
2025-09-08 23:00:00,,precip,0.0,0.0,,0.1,,
2025-09-09 02:00:00,,precip,0.0,0.0,,0.4,,
2025-09-09 03:00:00,,precip,0.0,0.0,,0.3,,
2025-09-09 04:00:00,,precip,0.0,0.0,,0.3,,
2025-09-09 05:00:00,,precip,0.0,0.0,,0.2,,
2025-09-09 06:00:00,,precip,0.0,0.0,,0.2,,
2025-09-09 11:00:00,,precip,0.0,0.0,,0.2,,
2025-09-09 12:00:00,,precip,0.0,0.0,,0.1,,
2025-09-09 13:00:00,,precip,0.0,0.0,,1.6,,
2025-09-09 14:00:00,,precip,0.0,0.0,,0.1,,
2025-09-09 16:00:00,,precip,0.0,0.0,,2.1,,
2025-09-09 17:00:00,,precip,0.0,0.0,,1.7,,
2025-09-09 18:00:00,,precip,0.0,0.0,,1.0,,
2025-09-09 19:00:00,,precip,0.0,0.0,,0.1,,
2025-09-10 04:00:00,,precip,0.0,0.0,,0.2,,
2025-09-10 05:00:00,,precip,0.0,0.0,,0.1,,
2025-09-10 06:00:00,,precip,0.0,0.0,,0.2,,
2025-09-10 07:00:00,,precip,0.0,0.0,,0.2,,
2025-09-10 08:00:00,,precip,0.0,0.0,,0.1,,
2025-09-10 13:00:00,,precip,0.0,0.0,,0.1,,
2025-09-10 16:00:00,,precip,0.0,0.0,,0.6,,
2025-09-10 17:00:00,,precip,0.0,0.0,,0.4,,
2025-09-10 18:00:00,,precip,0.0,0.0,,0.1,,
2025-09-10 20:00:00,,precip,0.0,0.0,,0.1,,
2025-09-11 09:00:00,,precip,0.0,0.0,,0.1,,
2025-09-11 10:00:00,,precip,0.0,0.0,,0.1,,
2025-09-11 11:00:00,,precip,0.0,0.0,,0.2,,
2025-09-11 12:00:00,,precip,0.0,0.0,,0.2,,
2025-09-11 13:00:00,,precip,0.0,0.0,,0.4,,
2025-09-11 14:00:00,,precip,0.0,0.0,,0.1,,
2025-09-11 16:00:00,,precip,0.0,0.0,,4.7,,
2025-09-11 17:00:00,,precip,0.0,0.0,,1.7,,
2025-09-11 19:00:00,,precip,0.0,0.0,,0.2,,
2025-09-11 20:00:00,,precip,0.0,0.0,,0.5,,
2025-09-11 21:00:00,,precip,0.0,0.0,,1.0,,
2025-09-12 04:00:00,,precip,0.0,0.0,,0.3,,
2025-09-12 09:00:00,,precip,0.0,0.0,,0.1,,
2025-09-12 12:00:00,,precip,0.0,0.0,,0.1,,
2025-09-12 13:00:00,,precip,0.0,0.0,,0.1,,
2025-09-12 15:00:00,,precip,0.0,0.0,,1.6,,
2025-09-12 16:00:00,,precip,0.0,0.0,,1.5,,
2025-09-12 17:00:00,,precip,0.0,0.0,,0.3,,
2025-09-12 18:00:00,,precip,0.0,0.0,,0.1,,
2025-09-12 20:00:00,,precip,0.0,0.0,,0.1,,
2025-09-12 21:00:00,,precip,0.0,0.0,,0.2,,
2025-09-12 23:00:00,,precip,0.0,0.0,,0.1,,
2025-09-13 00:00:00,,precip,0.0,0.0,,0.6,,
2025-09-13 01:00:00,,precip,0.0,0.0,,0.1,,
2025-09-13 02:00:00,,precip,0.0,0.0,,0.2,,
2025-09-13 03:00:00,,precip,0.0,0.0,,0.5,,
2025-09-13 04:00:00,,precip,0.0,0.0,,0.1,,
2025-09-13 05:00:00,,precip,0.0,0.0,,0.2,,
2025-09-13 07:00:00,,precip,0.0,0.0,,0.1,,
2025-09-13 08:00:00,,precip,0.0,0.0,,0.1,,
2025-09-13 09:00:00,,precip,0.0,0.0,,0.2,,
2025-09-13 10:00:00,,precip,0.0,0.0,,0.2,,
2025-09-13 11:00:00,,precip,0.0,0.0,,0.2,,
2025-09-13 12:00:00,,precip,0.0,0.0,,2.2,,
2025-09-13 13:00:00,,precip,0.0,0.0,,1.9,,
2025-09-13 14:00:00,,precip,0.0,0.0,,2.0,,
2025-09-13 15:00:00,,precip,0.0,0.0,,2.2,,
2025-09-13 16:00:00,,precip,0.0,0.0,,0.1,,
2025-09-13 17:00:00,,precip,0.0,0.0,,1.8,,
2025-09-13 18:00:00,,precip,0.0,0.0,,1.1,,
2025-09-13 19:00:00,,precip,0.0,0.0,,0.2,,
2025-09-13 21:00:00,,precip,0.0,0.0,,1.1,,
2025-09-13 22:00:00,,precip,0.0,0.0,,0.3,,
2025-09-14 04:00:00,,precip,0.0,0.0,,0.5,,
2025-09-14 05:00:00,,precip,0.0,0.0,,0.5,,
2025-09-14 06:00:00,,precip,0.0,0.0,,0.1,,
2025-09-14 07:00:00,,precip,0.0,0.0,,0.1,,
2025-09-14 08:00:00,,precip,0.0,0.0,,0.2,,
2025-09-14 09:00:00,,precip,0.0,0.0,,0.3,,
2025-09-14 10:00:00,,precip,0.0,0.0,,0.1,,
2025-09-14 11:00:00,,precip,0.0,0.0,,0.1,,
2025-09-14 12:00:00,,precip,0.0,0.0,,0.1,,
2025-09-14 13:00:00,,precip,0.0,0.0,,0.1,,
2025-09-14 14:00:00,,precip,0.0,0.0,,1.2,,
2025-09-14 15:00:00,,precip,0.0,0.0,,4.3,,
2025-09-14 16:00:00,,precip,0.0,0.0,,1.6,,
2025-09-14 17:00:00,,precip,0.0,0.0,,0.5,,
2025-09-14 18:00:00,,precip,0.0,0.0,,0.1,,
2025-09-15 16:00:00,,precip,0.0,0.0,,0.1,,
2025-09-15 17:00:00,,precip,0.0,0.0,,1.5,,
2025-09-15 18:00:00,,precip,0.0,0.0,,7.2,,
2025-09-15 19:00:00,,precip,0.0,0.0,,4.3,,
2025-09-15 20:00:00,,precip,0.0,0.0,,2.2,,
2025-09-15 21:00:00,,precip,0.0,0.0,,0.6,,
2025-09-15 22:00:00,,precip,0.0,0.0,,0.4,,
2025-09-15 23:00:00,,precip,0.0,0.0,,0.5,,
2025-09-16 00:00:00,,precip,0.0,0.0,,0.6,,
2025-09-16 01:00:00,,precip,0.0,0.0,,0.3,,
2025-09-16 10:00:00,,precip,0.0,0.0,,0.3,,
2025-09-16 11:00:00,,precip,0.0,0.0,,0.2,,
2025-09-16 12:00:00,,precip,0.0,0.0,,0.1,,
2025-09-16 14:00:00,,precip,0.0,0.0,,0.7,,
2025-09-16 15:00:00,,precip,0.0,0.0,,0.1,,
2025-09-16 16:00:00,,precip,0.0,0.0,,0.1,,
2025-09-16 20:00:00,,precip,0.0,0.0,,0.1,,
2025-09-17 00:00:00,,precip,0.0,0.0,,0.2,,
2025-09-17 01:00:00,,precip,0.0,0.0,,1.2,,
2025-09-17 02:00:00,,precip,0.0,0.0,,0.2,,
2025-09-17 03:00:00,,precip,0.0,0.0,,0.5,,
2025-09-17 04:00:00,,precip,0.0,0.0,,0.4,,
2025-09-17 05:00:00,,precip,0.0,0.0,,0.2,,
2025-09-17 06:00:00,,precip,0.0,0.0,,0.1,,
2025-09-17 09:00:00,,precip,0.0,0.0,,0.1,,
2025-09-17 10:00:00,,precip,0.0,0.0,,0.1,,
2025-09-17 11:00:00,,precip,0.0,0.0,,0.2,,
2025-09-17 13:00:00,,precip,0.0,0.0,,0.2,,
2025-09-17 14:00:00,,precip,0.0,0.0,,3.2,,
2025-09-17 15:00:00,,precip,0.0,0.0,,1.7,,
2025-09-17 16:00:00,,precip,0.0,0.0,,0.2,,
2025-09-17 18:00:00,,precip,0.0,0.0,,0.9,,
2025-09-17 19:00:00,,precip,0.0,0.0,,5.5,,
2025-09-17 20:00:00,,precip,0.0,0.0,,1.1,,
2025-09-17 21:00:00,,precip,0.0,0.0,,0.2,,
2025-09-17 22:00:00,,precip,0.0,0.0,,0.1,,
2025-09-18 15:00:00,,precip,0.0,0.0,,0.5,,
2025-09-18 16:00:00,,precip,0.0,0.0,,4.8,,
2025-09-18 17:00:00,,precip,0.0,0.0,,1.6,,
2025-09-18 18:00:00,,precip,0.0,0.0,,0.1,,
2025-09-18 20:00:00,,precip,0.0,0.0,,0.4,,
2025-09-18 21:00:00,,precip,0.0,0.0,,0.2,,
2025-09-18 22:00:00,,precip,0.0,0.0,,0.1,,
2025-09-19 02:00:00,,precip,0.0,0.0,,1.9,,
2025-09-19 03:00:00,,precip,0.0,0.0,,3.3,,
2025-09-19 04:00:00,,precip,0.0,0.0,,4.2,,
2025-09-19 05:00:00,,precip,0.0,0.0,,3.5,,
2025-09-19 06:00:00,,precip,0.0,0.0,,3.1,,
2025-09-19 07:00:00,,precip,0.0,0.0,,1.9,,
2025-09-19 08:00:00,,precip,0.0,0.0,,1.2,,
2025-09-19 09:00:00,,precip,0.0,0.0,,0.8,,
2025-09-19 10:00:00,,precip,0.0,0.0,,0.4,,
2025-09-19 11:00:00,,precip,0.0,0.0,,0.4,,
2025-09-19 12:00:00,,precip,0.0,0.0,,0.4,,
2025-09-19 13:00:00,,precip,0.0,0.0,,0.3,,
2025-09-19 14:00:00,,precip,0.0,0.0,,0.1,,
2025-09-20 10:00:00,,precip,0.0,0.0,,0.1,,
2025-09-20 11:00:00,,precip,0.0,0.0,,0.2,,
2025-09-20 12:00:00,,precip,0.0,0.0,,0.1,,
2025-09-20 13:00:00,,precip,0.0,0.0,,0.1,,
2025-09-20 15:00:00,,precip,0.0,0.0,,0.5,,
2025-09-20 16:00:00,,precip,0.0,0.0,,0.2,,
2025-09-21 09:00:00,,precip,0.0,0.0,,0.1,,
2025-09-21 10:00:00,,precip,0.0,0.0,,0.2,,
2025-09-21 11:00:00,,precip,0.0,0.0,,0.3,,
2025-09-21 12:00:00,,precip,0.0,0.0,,0.1,,
2025-09-21 14:00:00,,precip,0.0,0.0,,0.2,,
2025-09-21 15:00:00,,precip,0.0,0.0,,2.2,,
2025-09-21 16:00:00,,precip,0.0,0.0,,0.9,,
2025-09-21 17:00:00,,precip,0.0,0.0,,0.2,,
2025-09-21 18:00:00,,precip,0.0,0.0,,0.1,,
2025-09-21 19:00:00,,precip,0.0,0.0,,0.1,,
2025-09-22 00:00:00,,precip,0.0,0.0,,0.1,,
2025-09-22 01:00:00,,precip,0.0,0.0,,0.1,,
2025-09-22 02:00:00,,precip,0.0,0.0,,3.1,,
2025-09-22 03:00:00,,precip,0.0,0.0,,2.9,,
2025-09-22 04:00:00,,precip,0.0,0.0,,1.3,,
2025-09-22 05:00:00,,precip,0.0,0.0,,1.1,,
2025-09-22 06:00:00,,precip,0.0,0.0,,1.4,,
2025-09-22 07:00:00,,precip,0.0,0.0,,1.1,,
2025-09-22 08:00:00,,precip,0.0,0.0,,1.0,,
2025-09-22 09:00:00,,precip,0.0,0.0,,1.0,,
2025-09-22 10:00:00,,precip,0.0,0.0,,1.6,,
2025-09-22 11:00:00,,precip,0.0,0.0,,1.4,,
2025-09-22 12:00:00,,precip,0.0,0.0,,1.4,,
2025-09-22 13:00:00,,precip,0.0,0.0,,2.3,,
2025-09-22 14:00:00,,precip,0.0,0.0,,1.3,,
2025-09-22 15:00:00,,precip,0.0,0.0,,1.0,,
2025-09-22 16:00:00,,precip,0.0,0.0,,1.1,,
2025-09-22 17:00:00,,precip,0.0,0.0,,1.2,,
2025-09-22 18:00:00,,precip,0.0,0.0,,1.0,,
2025-09-22 19:00:00,,precip,0.0,0.0,,1.0,,
2025-09-22 20:00:00,,precip,0.0,0.0,,0.8,,
2025-09-22 21:00:00,,precip,0.0,0.0,,0.6,,
2025-09-22 22:00:00,,precip,0.0,0.0,,0.4,,
2025-09-22 23:00:00,,precip,0.0,0.0,,0.4,,
2025-09-23 00:00:00,,precip,0.0,0.0,,0.2,,
2025-09-23 01:00:00,,precip,0.0,0.0,,0.2,,
2025-09-23 02:00:00,,precip,0.0,0.0,,0.1,,
2025-09-23 03:00:00,,precip,0.0,0.0,,0.1,,
2025-09-23 09:00:00,,precip,0.0,0.0,,0.1,,
2025-09-23 10:00:00,,precip,0.0,0.0,,0.1,,
2025-09-23 11:00:00,,precip,0.0,0.0,,0.2,,
2025-09-23 12:00:00,,precip,0.0,0.0,,0.1,,
2025-09-23 13:00:00,,precip,0.0,0.0,,0.1,,
2025-09-23 14:00:00,,precip,0.0,0.0,,1.6,,
2025-09-23 15:00:00,,precip,0.0,0.0,,0.9,,
2025-09-23 16:00:00,,precip,0.0,0.0,,0.5,,
2025-09-23 17:00:00,,precip,0.0,0.0,,0.2,,
2025-09-24 02:00:00,,precip,0.0,0.0,,0.7,,
2025-09-24 03:00:00,,precip,0.0,0.0,,0.7,,
2025-09-24 04:00:00,,precip,0.0,0.0,,0.7,,
2025-09-24 05:00:00,,precip,0.0,0.0,,0.9,,
2025-09-24 06:00:00,,precip,0.0,0.0,,0.5,,
2025-09-24 07:00:00,,precip,0.0,0.0,,0.2,,
2025-09-24 08:00:00,,precip,0.0,0.0,,0.1,,
2025-09-24 12:00:00,,precip,0.0,0.0,,0.1,,
2025-09-24 13:00:00,,precip,0.0,0.0,,0.1,,
2025-09-24 14:00:00,,precip,0.0,0.0,,0.2,,
2025-09-24 15:00:00,,precip,0.0,0.0,,0.5,,
2025-09-24 16:00:00,,precip,0.0,0.0,,0.1,,
2025-09-24 18:00:00,,precip,0.0,0.0,,0.1,,
2025-09-24 19:00:00,,precip,0.0,0.0,,0.3,,
2025-09-24 20:00:00,,precip,0.0,0.0,,0.1,,
2025-09-25 09:00:00,,precip,0.0,0.0,,0.1,,
2025-09-25 10:00:00,,precip,0.0,0.0,,0.1,,
2025-09-25 11:00:00,,precip,0.0,0.0,,0.1,,
2025-09-25 14:00:00,,precip,0.0,0.0,,0.7,,
2025-09-25 15:00:00,,precip,0.0,0.0,,0.3,,
2025-09-25 16:00:00,,precip,0.0,0.0,,2.8,,
2025-09-25 17:00:00,,precip,0.0,0.0,,0.9,,
2025-09-25 18:00:00,,precip,0.0,0.0,,0.2,,
2025-09-25 19:00:00,,precip,0.0,0.0,,0.1,,
2025-09-25 21:00:00,,precip,0.0,0.0,,0.1,,
2025-09-26 00:00:00,,precip,0.0,0.0,,0.1,,
2025-09-26 01:00:00,,precip,0.0,0.0,,0.2,,
2025-09-26 08:00:00,,precip,0.0,0.0,,0.1,,
2025-09-26 09:00:00,,precip,0.0,0.0,,0.1,,
2025-09-26 10:00:00,,precip,0.0,0.0,,0.1,,
2025-09-26 11:00:00,,precip,0.0,0.0,,1.5,,
2025-09-26 12:00:00,,precip,0.0,0.0,,0.3,,
2025-09-26 13:00:00,,precip,0.0,0.0,,1.4,,
2025-09-26 14:00:00,,precip,0.0,0.0,,0.7,,
2025-09-26 15:00:00,,precip,0.0,0.0,,0.2,,
2025-09-26 16:00:00,,precip,0.0,0.0,,0.4,,
2025-09-26 17:00:00,,precip,0.0,0.0,,0.5,,
2025-09-26 18:00:00,,precip,0.0,0.0,,0.6,,
2025-09-26 19:00:00,,precip,0.0,0.0,,0.4,,
2025-09-26 20:00:00,,precip,0.0,0.0,,0.3,,
2025-09-26 21:00:00,,precip,0.0,0.0,,1.0,,
2025-09-26 22:00:00,,precip,0.0,0.0,,0.3,,
2025-09-26 23:00:00,,precip,0.0,0.0,,0.3,,
2025-09-27 00:00:00,,precip,0.0,0.0,,0.3,,
2025-09-27 01:00:00,,precip,0.0,0.0,,0.3,,
2025-09-27 02:00:00,,precip,0.0,0.0,,1.1,,
2025-09-27 03:00:00,,precip,0.0,0.0,,0.8,,
2025-09-27 04:00:00,,precip,0.0,0.0,,0.8,,
2025-09-27 05:00:00,,precip,0.0,0.0,,1.0,,
2025-09-27 06:00:00,,precip,0.0,0.0,,0.6,,
2025-09-27 07:00:00,,precip,0.0,0.0,,1.5,,
2025-09-27 08:00:00,,precip,0.0,0.0,,2.2,,
2025-09-27 09:00:00,,precip,0.0,0.0,,0.6,,
2025-09-27 10:00:00,,precip,0.0,0.0,,0.4,,
2025-09-27 11:00:00,,precip,0.0,0.0,,0.6,,
2025-09-27 12:00:00,,precip,0.0,0.0,,0.7,,
2025-09-27 13:00:00,,precip,0.0,0.0,,0.6,,
2025-09-27 14:00:00,,precip,0.0,0.0,,0.2,,
2025-09-27 15:00:00,,precip,0.0,0.0,,0.4,,
2025-09-27 16:00:00,,precip,0.0,0.0,,5.8,,
2025-09-27 17:00:00,,precip,0.0,0.0,,1.8,,
2025-09-27 18:00:00,,precip,0.0,0.0,,0.9,,
2025-09-27 19:00:00,,precip,0.0,0.0,,0.5,,
2025-09-27 20:00:00,,precip,0.0,0.0,,0.3,,
2025-09-27 21:00:00,,precip,0.0,0.0,,0.2,,
2025-09-27 22:00:00,,precip,0.0,0.0,,0.1,,
2025-09-27 23:00:00,,precip,0.0,0.0,,0.1,,
2025-09-28 00:00:00,,precip,0.0,0.0,,0.1,,
2025-09-28 01:00:00,,precip,0.0,0.0,,0.2,,
2025-09-28 02:00:00,,precip,0.0,0.0,,0.1,,
2025-09-28 03:00:00,,precip,0.0,0.0,,0.2,,
2025-09-28 04:00:00,,precip,0.0,0.0,,0.4,,
2025-09-28 05:00:00,,precip,0.0,0.0,,0.5,,
2025-09-28 06:00:00,,precip,0.0,0.0,,0.5,,
2025-09-28 07:00:00,,precip,0.0,0.0,,0.4,,
2025-09-28 08:00:00,,precip,0.0,0.0,,0.3,,
2025-09-28 09:00:00,,precip,0.0,0.0,,0.2,,
2025-09-28 10:00:00,,precip,0.0,0.0,,0.1,,
2025-09-28 11:00:00,,precip,0.0,0.0,,0.2,,
2025-09-28 12:00:00,,precip,0.0,0.0,,0.3,,
2025-09-28 13:00:00,,precip,0.0,0.0,,0.6,,
2025-09-28 14:00:00,,precip,0.0,0.0,,8.5,,
2025-09-28 15:00:00,,precip,0.0,0.0,,3.3,,
2025-09-28 16:00:00,,precip,0.0,0.0,,0.4,,
2025-09-28 17:00:00,,precip,0.0,0.0,,0.1,,
2025-09-29 03:00:00,,precip,0.0,0.0,,0.1,,
2025-09-29 04:00:00,,precip,0.0,0.0,,0.7,,
2025-09-29 05:00:00,,precip,0.0,0.0,,0.1,,
2025-09-29 08:00:00,,precip,0.0,0.0,,0.1,,
2025-09-29 09:00:00,,precip,0.0,0.0,,0.2,,
2025-09-29 11:00:00,,precip,0.0,0.0,,0.3,,
2025-09-29 12:00:00,,precip,0.0,0.0,,2.7,,
2025-09-29 13:00:00,,precip,0.0,0.0,,3.7,,
2025-09-29 14:00:00,,precip,0.0,0.0,,0.1,,
2025-09-29 15:00:00,,precip,0.0,0.0,,3.6,,
2025-09-29 16:00:00,,precip,0.0,0.0,,6.0,,
2025-09-29 17:00:00,,precip,0.0,0.0,,1.0,,
2025-09-29 18:00:00,,precip,0.0,0.0,,0.1,,
2025-09-29 19:00:00,,precip,0.0,0.0,,0.1,,
2025-09-30 00:00:00,,precip,0.0,0.0,,0.6,,
2025-09-30 01:00:00,,precip,0.0,0.0,,1.5,,
2025-09-30 02:00:00,,precip,0.0,0.0,,0.1,,
2025-09-30 04:00:00,,precip,0.0,0.0,,0.1,,
2025-09-30 08:00:00,,precip,0.0,0.0,,0.3,,
2025-09-30 09:00:00,,precip,0.0,0.0,,0.1,,
2025-09-30 10:00:00,,precip,0.0,0.0,,0.1,,
2025-09-30 11:00:00,,precip,0.0,0.0,,0.1,,
2025-09-30 12:00:00,,precip,0.0,0.0,,0.6,,
2025-09-30 13:00:00,,precip,0.0,0.0,,3.9,,
2025-09-30 14:00:00,,precip,0.0,0.0,,3.3,,
2025-09-30 15:00:00,,precip,0.0,0.0,,1.0,,
2025-09-30 18:00:00,,precip,0.0,0.0,,0.2,,
2025-10-01 10:00:00,,precip,0.0,0.0,,0.1,,
2025-10-01 11:00:00,,precip,0.0,0.0,,0.1,,
2025-10-01 12:00:00,,precip,0.0,0.0,,0.1,,
2025-10-01 13:00:00,,precip,0.0,0.0,,0.1,,
2025-10-01 14:00:00,,precip,0.0,0.0,,1.4,,
2025-10-01 15:00:00,,precip,0.0,0.0,,2.3,,
2025-10-01 16:00:00,,precip,0.0,0.0,,3.8,,
2025-10-01 17:00:00,,precip,0.0,0.0,,2.2,,
2025-10-01 18:00:00,,precip,0.0,0.0,,1.3,,
2025-10-01 19:00:00,,precip,0.0,0.0,,0.5,,
2025-10-01 20:00:00,,precip,0.0,0.0,,0.3,,
2025-10-01 21:00:00,,precip,0.0,0.0,,0.1,,
2025-10-02 10:00:00,,precip,0.0,0.0,,0.1,,
2025-10-02 11:00:00,,precip,0.0,0.0,,0.1,,
2025-10-02 13:00:00,,precip,0.0,0.0,,0.1,,
2025-10-02 14:00:00,,precip,0.0,0.0,,0.1,,
2025-10-02 16:00:00,,precip,0.0,0.0,,0.1,,
2025-10-02 17:00:00,,precip,0.0,0.0,,0.1,,
2025-10-02 19:00:00,,precip,0.0,0.0,,0.1,,
2025-10-03 00:00:00,,precip,0.0,0.0,,0.1,,
2025-10-03 03:00:00,,precip,0.0,0.0,,0.8,,
2025-10-03 04:00:00,,precip,0.0,0.0,,1.2,,
2025-10-03 05:00:00,,precip,0.0,0.0,,0.2,,
2025-10-03 10:00:00,,precip,0.0,0.0,,0.1,,
2025-10-03 11:00:00,,precip,0.0,0.0,,0.1,,
2025-10-03 13:00:00,,precip,0.0,0.0,,0.2,,
2025-10-03 15:00:00,,precip,0.0,0.0,,2.9,,
2025-10-03 16:00:00,,precip,0.0,0.0,,2.1,,
2025-10-03 17:00:00,,precip,0.0,0.0,,0.1,,
2025-10-04 14:00:00,,precip,0.0,0.0,,0.2,,
2025-10-04 15:00:00,,precip,0.0,0.0,,1.4,,
2025-10-04 16:00:00,,precip,0.0,0.0,,5.4,,
2025-10-04 17:00:00,,precip,0.0,0.0,,0.6,,
2025-10-05 12:00:00,,precip,0.0,0.0,,0.1,,
2025-10-06 10:00:00,,precip,0.0,0.0,,0.1,,
2025-10-06 11:00:00,,precip,0.0,0.0,,0.1,,
2025-10-06 12:00:00,,precip,0.0,0.0,,0.1,,
2025-10-06 13:00:00,,precip,0.0,0.0,,0.1,,
2025-10-06 14:00:00,,precip,0.0,0.0,,0.1,,
2025-10-06 15:00:00,,precip,0.0,0.0,,0.1,,
2025-10-06 16:00:00,,precip,0.0,0.0,,0.6,,
2025-10-06 17:00:00,,precip,0.0,0.0,,1.9,,
2025-10-06 18:00:00,,precip,0.0,0.0,,0.2,,
2025-10-07 14:00:00,,precip,0.0,0.0,,1.1,,
2025-10-07 15:00:00,,precip,0.0,0.0,,0.5,,
2025-10-07 19:00:00,,precip,0.0,0.0,,0.1,,
2025-10-08 09:00:00,,precip,0.0,0.0,,0.1,,
2025-10-08 10:00:00,,precip,0.0,0.0,,0.1,,
2025-10-08 11:00:00,,precip,0.0,0.0,,0.2,,
2025-10-08 12:00:00,,precip,0.0,0.0,,0.2,,
2025-10-08 13:00:00,,precip,0.0,0.0,,0.1,,
2025-10-08 14:00:00,,precip,0.0,0.0,,1.5,,
2025-10-08 15:00:00,,precip,0.0,0.0,,4.2,,
2025-10-08 16:00:00,,precip,0.0,0.0,,0.3,,
2025-10-08 18:00:00,,precip,0.0,0.0,,0.3,,
2025-10-08 19:00:00,,precip,0.0,0.0,,0.9,,
2025-10-08 20:00:00,,precip,0.0,0.0,,0.2,,
2025-10-08 21:00:00,,precip,0.0,0.0,,0.5,,
2025-10-08 22:00:00,,precip,0.0,0.0,,1.7,,
2025-10-08 23:00:00,,precip,0.0,0.0,,1.5,,
2025-10-09 00:00:00,,precip,0.0,0.0,,0.8,,
2025-10-09 12:00:00,,precip,0.0,0.0,,0.1,,
2025-10-09 14:00:00,,precip,0.0,0.0,,0.1,,
2025-10-09 15:00:00,,precip,0.0,0.0,,1.4,,
2025-10-09 16:00:00,,precip,0.0,0.0,,5.1,,
2025-10-09 17:00:00,,precip,0.0,0.0,,0.6,,
2025-10-09 18:00:00,,precip,0.0,0.0,,0.2,,
2025-10-09 19:00:00,,precip,0.0,0.0,,0.5,,
2025-10-09 20:00:00,,precip,0.0,0.0,,0.1,,
2025-10-10 08:00:00,,precip,0.0,0.0,,0.1,,
2025-10-10 09:00:00,,precip,0.0,0.0,,0.1,,
2025-10-10 10:00:00,,precip,0.0,0.0,,0.1,,
2025-10-10 11:00:00,,precip,0.0,0.0,,0.2,,
2025-10-10 12:00:00,,precip,0.0,0.0,,0.3,,
2025-10-10 13:00:00,,precip,0.0,0.0,,2.5,,
2025-10-10 14:00:00,,precip,0.0,0.0,,4.6,,
2025-10-10 15:00:00,,precip,0.0,0.0,,0.7,,
2025-10-10 16:00:00,,precip,0.0,0.0,,0.2,,
2025-10-10 17:00:00,,precip,0.0,0.0,,0.1,,
2025-10-10 18:00:00,,precip,0.0,0.0,,0.6,,
2025-10-10 19:00:00,,precip,0.0,0.0,,0.4,,
2025-10-10 20:00:00,,precip,0.0,0.0,,0.1,,
2025-10-10 21:00:00,,precip,0.0,0.0,,0.5,,
2025-10-10 22:00:00,,precip,0.0,0.0,,0.6,,
2025-10-10 23:00:00,,precip,0.0,0.0,,0.6,,
2025-10-11 00:00:00,,precip,0.0,0.0,,0.1,,
2025-10-11 02:00:00,,precip,0.0,0.0,,0.1,,
2025-10-11 03:00:00,,precip,0.0,0.0,,0.2,,
2025-10-11 04:00:00,,precip,0.0,0.0,,0.2,,
2025-10-11 06:00:00,,precip,0.0,0.0,,0.2,,
2025-10-11 07:00:00,,precip,0.0,0.0,,0.1,,
2025-10-11 08:00:00,,precip,0.0,0.0,,0.1,,
2025-10-11 09:00:00,,precip,0.0,0.0,,0.1,,
2025-10-11 10:00:00,,precip,0.0,0.0,,0.1,,
2025-10-11 11:00:00,,precip,0.0,0.0,,0.1,,
2025-10-11 12:00:00,,precip,0.0,0.0,,0.2,,
2025-10-11 13:00:00,,precip,0.0,0.0,,0.1,,
2025-10-11 14:00:00,,precip,0.0,0.0,,0.7,,
2025-10-11 15:00:00,,precip,0.0,0.0,,2.4,,
2025-10-11 16:00:00,,precip,0.0,0.0,,2.1,,
2025-10-11 17:00:00,,precip,0.0,0.0,,3.7,,
2025-10-11 18:00:00,,precip,0.0,0.0,,1.3,,
2025-10-11 19:00:00,,precip,0.0,0.0,,0.4,,
2025-10-11 20:00:00,,precip,0.0,0.0,,0.2,,
2025-10-11 21:00:00,,precip,0.0,0.0,,0.2,,
2025-10-11 22:00:00,,precip,0.0,0.0,,0.1,,
2025-10-11 23:00:00,,precip,0.0,0.0,,0.2,,
2025-10-12 00:00:00,,precip,0.0,0.0,,0.2,,
2025-10-12 01:00:00,,precip,0.0,0.0,,0.1,,
2025-10-12 02:00:00,,precip,0.0,0.0,,0.3,,
2025-10-12 03:00:00,,precip,0.0,0.0,,0.1,,
2025-10-12 10:00:00,,precip,0.0,0.0,,0.2,,
2025-10-12 11:00:00,,precip,0.0,0.0,,0.3,,
2025-10-12 12:00:00,,precip,0.0,0.0,,0.5,,
2025-10-12 13:00:00,,precip,0.0,0.0,,0.2,,
2025-10-12 14:00:00,,precip,0.0,0.0,,3.4,,
2025-10-12 15:00:00,,precip,0.0,0.0,,3.2,,
2025-10-12 16:00:00,,precip,0.0,0.0,,1.5,,
2025-10-12 17:00:00,,precip,0.0,0.0,,0.3,,
2025-10-12 18:00:00,,precip,0.0,0.0,,0.2,,
2025-10-13 00:00:00,,precip,0.0,0.0,,0.3,,
2025-10-13 01:00:00,,precip,0.0,0.0,,0.5,,
2025-10-13 08:00:00,,precip,0.0,0.0,,0.1,,
2025-10-13 09:00:00,,precip,0.0,0.0,,0.3,,
2025-10-13 10:00:00,,precip,0.0,0.0,,0.3,,
2025-10-13 11:00:00,,precip,0.0,0.0,,0.2,,
2025-10-13 12:00:00,,precip,0.0,0.0,,0.2,,
2025-10-13 13:00:00,,precip,0.0,0.0,,0.1,,
2025-10-13 14:00:00,,precip,0.0,0.0,,0.2,,
2025-10-13 15:00:00,,precip,0.0,0.0,,1.6,,
2025-10-13 16:00:00,,precip,0.0,0.0,,2.1,,
2025-10-13 17:00:00,,precip,0.0,0.0,,2.6,,
2025-10-13 18:00:00,,precip,0.0,0.0,,0.4,,
2025-10-13 19:00:00,,precip,0.0,0.0,,0.1,,
2025-10-14 02:00:00,,precip,0.0,0.0,,0.7,,
2025-10-14 03:00:00,,precip,0.0,0.0,,0.1,,
2025-10-14 09:00:00,,precip,0.0,0.0,,0.1,,
2025-10-14 10:00:00,,precip,0.0,0.0,,0.1,,
2025-10-14 11:00:00,,precip,0.0,0.0,,0.1,,
2025-10-14 12:00:00,,precip,0.0,0.0,,0.2,,
2025-10-14 13:00:00,,precip,0.0,0.0,,0.3,,
2025-10-14 14:00:00,,precip,0.0,0.0,,0.1,,
2025-10-14 15:00:00,,precip,0.0,0.0,,0.1,,
2025-10-14 16:00:00,,precip,0.0,0.0,,2.0,,
2025-10-14 17:00:00,,precip,0.0,0.0,,0.2,,
2025-10-15 10:00:00,,precip,0.0,0.0,,0.1,,
2025-10-15 13:00:00,,precip,0.0,0.0,,0.1,,
2025-10-15 15:00:00,,precip,0.0,0.0,,0.8,,
2025-10-15 16:00:00,,precip,0.0,0.0,,2.7,,
2025-10-15 17:00:00,,precip,0.0,0.0,,0.1,,
2025-10-16 10:00:00,,precip,0.0,0.0,,0.1,,
2025-10-16 14:00:00,,precip,0.0,0.0,,2.9,,
2025-10-17 10:00:00,,precip,0.0,0.0,,0.1,,
2025-10-17 11:00:00,,precip,0.0,0.0,,0.1,,
2025-10-17 12:00:00,,precip,0.0,0.0,,0.2,,
2025-10-17 13:00:00,,precip,0.0,0.0,,4.1,,
2025-10-17 15:00:00,,precip,0.0,0.0,,1.0,,
2025-10-17 16:00:00,,precip,0.0,0.0,,0.8,,
2025-10-17 17:00:00,,precip,0.0,0.0,,0.5,,
2025-10-17 18:00:00,,precip,0.0,0.0,,0.1,,
2025-10-17 19:00:00,,precip,0.0,0.0,,0.1,,
2025-10-18 10:00:00,,precip,0.0,0.0,,0.2,,
2025-10-18 11:00:00,,precip,0.0,0.0,,0.1,,
2025-10-18 12:00:00,,precip,0.0,0.0,,0.1,,
2025-10-18 13:00:00,,precip,0.0,0.0,,1.2,,
2025-10-18 14:00:00,,precip,0.0,0.0,,2.6,,
2025-10-18 15:00:00,,precip,0.0,0.0,,2.3,,
2025-10-18 16:00:00,,precip,0.0,0.0,,0.2,,
2025-10-18 17:00:00,,precip,0.0,0.0,,0.7,,
2025-10-18 18:00:00,,precip,0.0,0.0,,0.1,,
2025-10-19 11:00:00,,precip,0.0,0.0,,0.1,,
2025-10-19 19:00:00,,precip,0.0,0.0,,0.1,,
2025-10-19 20:00:00,,precip,0.0,0.0,,0.1,,
2025-10-20 01:00:00,,precip,0.0,0.0,,0.1,,
2025-10-20 02:00:00,,precip,0.0,0.0,,0.2,,
2025-10-20 03:00:00,,precip,0.0,0.0,,0.2,,
2025-10-20 04:00:00,,precip,0.0,0.0,,0.1,,
2025-10-20 11:00:00,,precip,0.0,0.0,,0.1,,
2025-10-20 12:00:00,,precip,0.0,0.0,,0.1,,
2025-10-20 14:00:00,,precip,0.0,0.0,,1.3,,
2025-10-20 15:00:00,,precip,0.0,0.0,,2.3,,
2025-10-20 21:00:00,,precip,0.0,0.0,,0.2,,
2025-10-20 22:00:00,,precip,0.0,0.0,,0.9,,
2025-10-21 03:00:00,,precip,0.0,0.0,,0.1,,
2025-10-21 04:00:00,,precip,0.0,0.0,,0.1,,
2025-10-21 10:00:00,,precip,0.0,0.0,,0.1,,
2025-10-21 11:00:00,,precip,0.0,0.0,,0.1,,
2025-10-21 12:00:00,,precip,0.0,0.0,,0.1,,
2025-10-21 13:00:00,,precip,0.0,0.0,,0.1,,
2025-10-21 14:00:00,,precip,0.0,0.0,,2.1,,
2025-10-21 15:00:00,,precip,0.0,0.0,,1.5,,
2025-10-21 16:00:00,,precip,0.0,0.0,,0.3,,
2025-10-21 17:00:00,,precip,0.0,0.0,,0.3,,
2025-10-21 18:00:00,,precip,0.0,0.0,,0.4,,
2025-10-21 19:00:00,,precip,0.0,0.0,,0.1,,
2025-10-22 01:00:00,,precip,0.0,0.0,,0.5,,
2025-10-22 03:00:00,,precip,0.0,0.0,,0.1,,
2025-10-22 04:00:00,,precip,0.0,0.0,,0.1,,
2025-10-22 05:00:00,,precip,0.0,0.0,,0.1,,
2025-10-22 06:00:00,,precip,0.0,0.0,,0.2,,
2025-10-22 07:00:00,,precip,0.0,0.0,,0.2,,
2025-10-22 09:00:00,,precip,0.0,0.0,,0.1,,
2025-10-22 10:00:00,,precip,0.0,0.0,,0.2,,
2025-10-22 11:00:00,,precip,0.0,0.0,,0.1,,
2025-10-22 12:00:00,,precip,0.0,0.0,,0.1,,
2025-10-22 14:00:00,,precip,0.0,0.0,,0.9,,
2025-10-22 15:00:00,,precip,0.0,0.0,,3.6,,
2025-10-22 16:00:00,,precip,0.0,0.0,,2.5,,
2025-10-22 17:00:00,,precip,0.0,0.0,,0.7,,
2025-10-22 18:00:00,,precip,0.0,0.0,,0.1,,
2025-10-23 02:00:00,,precip,0.0,0.0,,0.2,,
2025-10-23 03:00:00,,precip,0.0,0.0,,0.4,,
2025-10-23 04:00:00,,precip,0.0,0.0,,0.5,,
2025-10-23 05:00:00,,precip,0.0,0.0,,0.3,,
2025-10-23 06:00:00,,precip,0.0,0.0,,0.1,,
2025-10-23 07:00:00,,precip,0.0,0.0,,0.1,,
2025-10-23 10:00:00,,precip,0.0,0.0,,0.1,,
2025-10-23 11:00:00,,precip,0.0,0.0,,0.2,,
2025-10-23 12:00:00,,precip,0.0,0.0,,0.2,,
2025-10-23 13:00:00,,precip,0.0,0.0,,2.7,,
2025-10-23 14:00:00,,precip,0.0,0.0,,0.2,,
2025-10-23 15:00:00,,precip,0.0,0.0,,2.6,,
2025-10-23 16:00:00,,precip,0.0,0.0,,4.1,,
2025-10-23 17:00:00,,precip,0.0,0.0,,0.5,,
2025-10-23 18:00:00,,precip,0.0,0.0,,0.3,,
2025-10-23 19:00:00,,precip,0.0,0.0,,0.3,,
2025-10-23 20:00:00,,precip,0.0,0.0,,0.2,,
2025-10-23 21:00:00,,precip,0.0,0.0,,0.6,,
2025-10-23 22:00:00,,precip,0.0,0.0,,0.6,,
2025-10-23 23:00:00,,precip,0.0,0.0,,0.1,,
2025-10-24 10:00:00,,precip,0.0,0.0,,0.1,,
2025-10-24 11:00:00,,precip,0.0,0.0,,0.1,,
2025-10-24 12:00:00,,precip,0.0,0.0,,0.1,,
2025-10-24 13:00:00,,precip,0.0,0.0,,0.1,,
2025-10-24 14:00:00,,precip,0.0,0.0,,0.5,,
2025-10-24 15:00:00,,precip,0.0,0.0,,2.8,,
2025-10-24 16:00:00,,precip,0.0,0.0,,1.2,,
2025-10-24 17:00:00,,precip,0.0,0.0,,0.4,,
2025-10-24 18:00:00,,precip,0.0,0.0,,1.6,,
2025-10-24 19:00:00,,precip,0.0,0.0,,1.1,,
2025-10-24 20:00:00,,precip,0.0,0.0,,0.9,,
2025-10-24 21:00:00,,precip,0.0,0.0,,0.2,,
2025-10-24 22:00:00,,precip,0.0,0.0,,0.2,,
2025-10-24 23:00:00,,precip,0.0,0.0,,1.3,,
2025-10-25 00:00:00,,precip,0.0,0.0,,1.6,,
2025-10-25 01:00:00,,precip,0.0,0.0,,0.4,,
2025-10-25 02:00:00,,precip,0.0,0.0,,0.2,,
2025-10-25 03:00:00,,precip,0.0,0.0,,0.1,,
2025-10-25 10:00:00,,precip,0.0,0.0,,0.1,,
2025-10-25 11:00:00,,precip,0.0,0.0,,0.1,,
2025-10-25 12:00:00,,precip,0.0,0.0,,0.2,,
2025-10-25 13:00:00,,precip,0.0,0.0,,0.1,,
2025-10-25 14:00:00,,precip,0.0,0.0,,0.2,,
2025-10-25 15:00:00,,precip,0.0,0.0,,2.7,,
2025-10-25 16:00:00,,precip,0.0,0.0,,5.8,,
2025-10-25 17:00:00,,precip,0.0,0.0,,2.1,,
2025-10-25 18:00:00,,precip,0.0,0.0,,1.3,,
2025-10-25 19:00:00,,precip,0.0,0.0,,1.1,,
2025-10-25 20:00:00,,precip,0.0,0.0,,0.5,,
2025-10-25 21:00:00,,precip,0.0,0.0,,0.8,,
2025-10-25 22:00:00,,precip,0.0,0.0,,2.2,,
2025-10-25 23:00:00,,precip,0.0,0.0,,2.3,,
2025-10-26 00:00:00,,precip,0.0,0.0,,1.5,,
2025-10-26 01:00:00,,precip,0.0,0.0,,1.3,,
2025-10-26 14:00:00,,precip,0.0,0.0,,0.2,,
2025-10-26 15:00:00,,precip,0.0,0.0,,0.2,,
2025-10-26 16:00:00,,precip,0.0,0.0,,0.4,,
2025-10-26 17:00:00,,precip,0.0,0.0,,1.1,,
2025-10-26 18:00:00,,precip,0.0,0.0,,0.3,,
2025-10-26 19:00:00,,precip,0.0,0.0,,0.2,,
2025-10-26 20:00:00,,precip,0.0,0.0,,0.1,,
2025-10-27 01:00:00,,precip,0.0,0.0,,0.1,,
2025-10-27 02:00:00,,precip,0.0,0.0,,0.9,,
2025-10-27 03:00:00,,precip,0.0,0.0,,0.6,,
2025-10-27 04:00:00,,precip,0.0,0.0,,0.4,,
2025-10-27 05:00:00,,precip,0.0,0.0,,0.1,,
2025-10-27 09:00:00,,precip,0.0,0.0,,0.1,,
2025-10-27 10:00:00,,precip,0.0,0.0,,0.2,,
2025-10-27 11:00:00,,precip,0.0,0.0,,0.3,,
2025-10-27 12:00:00,,precip,0.0,0.0,,0.3,,
2025-10-27 13:00:00,,precip,0.0,0.0,,1.0,,
2025-10-27 14:00:00,,precip,0.0,0.0,,3.3,,
2025-10-27 15:00:00,,precip,0.0,0.0,,3.0,,
2025-10-27 16:00:00,,precip,0.0,0.0,,1.5,,
2025-10-27 17:00:00,,precip,0.0,0.0,,0.3,,
2025-10-27 18:00:00,,precip,0.0,0.0,,0.2,,
2025-10-27 19:00:00,,precip,0.0,0.0,,0.1,,
2025-10-28 02:00:00,,precip,0.0,0.0,,0.3,,
2025-10-28 03:00:00,,precip,0.0,0.0,,0.4,,
2025-10-28 04:00:00,,precip,0.0,0.0,,0.3,,
2025-10-28 05:00:00,,precip,0.0,0.0,,0.4,,
2025-10-28 06:00:00,,precip,0.0,0.0,,0.3,,
2025-10-28 07:00:00,,precip,0.0,0.0,,0.2,,
2025-10-28 08:00:00,,precip,0.0,0.0,,0.1,,
2025-10-28 09:00:00,,precip,0.0,0.0,,0.2,,
2025-10-28 10:00:00,,precip,0.0,0.0,,0.1,,
2025-10-28 11:00:00,,precip,0.0,0.0,,0.1,,
2025-10-28 12:00:00,,precip,0.0,0.0,,0.1,,
2025-10-28 14:00:00,,precip,0.0,0.0,,1.5,,
2025-10-28 15:00:00,,precip,0.0,0.0,,1.2,,
2025-10-28 16:00:00,,precip,0.0,0.0,,0.8,,
2025-10-28 17:00:00,,precip,0.0,0.0,,2.4,,
2025-10-28 18:00:00,,precip,0.0,0.0,,3.8,,
2025-10-28 19:00:00,,precip,0.0,0.0,,1.0,,
2025-10-28 20:00:00,,precip,0.0,0.0,,0.7,,
2025-10-28 21:00:00,,precip,0.0,0.0,,0.8,,
2025-10-28 22:00:00,,precip,0.0,0.0,,0.2,,
2025-10-28 23:00:00,,precip,0.0,0.0,,0.2,,
2025-10-29 00:00:00,,precip,0.0,0.0,,0.2,,
2025-10-29 01:00:00,,precip,0.0,0.0,,0.1,,
2025-10-29 02:00:00,,precip,0.0,0.0,,0.5,,
2025-10-29 03:00:00,,precip,0.0,0.0,,0.5,,
2025-10-29 04:00:00,,precip,0.0,0.0,,0.5,,
2025-10-29 05:00:00,,precip,0.0,0.0,,0.6,,
2025-10-29 06:00:00,,precip,0.0,0.0,,0.9,,
2025-10-29 07:00:00,,precip,0.0,0.0,,0.7,,
2025-10-29 08:00:00,,precip,0.0,0.0,,0.6,,
2025-10-29 09:00:00,,precip,0.0,0.0,,0.3,,
2025-10-29 10:00:00,,precip,0.0,0.0,,0.2,,
2025-10-29 11:00:00,,precip,0.0,0.0,,0.2,,
2025-10-29 12:00:00,,precip,0.0,0.0,,0.3,,
2025-10-29 13:00:00,,precip,0.0,0.0,,2.6,,
2025-10-29 14:00:00,,precip,0.0,0.0,,5.5,,
2025-10-29 15:00:00,,precip,0.0,0.0,,8.5,,
2025-10-29 16:00:00,,precip,0.0,0.0,,3.8,,
2025-10-29 17:00:00,,precip,0.0,0.0,,1.1,,
2025-10-29 18:00:00,,precip,0.0,0.0,,0.6,,
2025-10-29 19:00:00,,precip,0.0,0.0,,0.5,,
2025-10-29 20:00:00,,precip,0.0,0.0,,0.3,,
2025-10-29 21:00:00,,precip,0.0,0.0,,0.1,,
2025-10-29 22:00:00,,precip,0.0,0.0,,0.2,,
2025-10-29 23:00:00,,precip,0.0,0.0,,0.1,,
2025-10-30 03:00:00,,precip,0.0,0.0,,0.3,,
2025-10-30 04:00:00,,precip,0.0,0.0,,0.5,,
2025-10-30 05:00:00,,precip,0.0,0.0,,0.2,,
2025-10-30 08:00:00,,precip,0.0,0.0,,0.1,,
2025-10-30 09:00:00,,precip,0.0,0.0,,0.2,,
2025-10-30 10:00:00,,precip,0.0,0.0,,0.1,,
2025-10-30 11:00:00,,precip,0.0,0.0,,0.1,,
2025-10-30 12:00:00,,precip,0.0,0.0,,0.1,,
2025-10-30 13:00:00,,precip,0.0,0.0,,0.1,,
2025-10-30 14:00:00,,precip,0.0,0.0,,0.3,,
2025-10-30 15:00:00,,precip,0.0,0.0,,0.2,,
2025-10-30 16:00:00,,precip,0.0,0.0,,0.1,,
2025-10-30 17:00:00,,precip,0.0,0.0,,0.1,,
2025-10-30 18:00:00,,precip,0.0,0.0,,0.3,,
2025-10-30 19:00:00,,precip,0.0,0.0,,0.2,,
2025-10-31 08:00:00,,precip,0.0,0.0,,0.1,,
2025-10-31 10:00:00,,precip,0.0,0.0,,0.1,,
2025-10-31 11:00:00,,precip,0.0,0.0,,0.1,,
2025-10-31 12:00:00,,precip,0.0,0.0,,0.2,,
2025-10-31 13:00:00,,precip,0.0,0.0,,0.8,,
2025-10-31 14:00:00,,precip,0.0,0.0,,0.1,,
2025-10-31 15:00:00,,precip,0.0,0.0,,0.1,,
2025-10-31 17:00:00,,precip,0.0,0.0,,1.0,,
2025-11-01 12:00:00,,precip,0.0,0.0,,0.1,,
2025-11-01 14:00:00,,precip,0.0,0.0,,0.8,,
2025-11-01 15:00:00,,precip,0.0,0.0,,6.8,,
2025-11-01 16:00:00,,precip,0.0,0.0,,6.4,,
2025-11-01 17:00:00,,precip,0.0,0.0,,2.0,,
2025-11-01 18:00:00,,precip,0.0,0.0,,1.0,,
2025-11-01 19:00:00,,precip,0.0,0.0,,0.6,,
2025-11-01 20:00:00,,precip,0.0,0.0,,0.4,,
2025-11-01 21:00:00,,precip,0.0,0.0,,0.1,,
2025-11-02 00:00:00,,precip,0.0,0.0,,0.2,,
2025-11-02 01:00:00,,precip,0.0,0.0,,0.4,,
2025-11-02 02:00:00,,precip,0.0,0.0,,0.6,,
2025-11-02 03:00:00,,precip,0.0,0.0,,0.8,,
2025-11-02 04:00:00,,precip,0.0,0.0,,0.8,,
2025-11-02 05:00:00,,precip,0.0,0.0,,0.7,,
2025-11-02 06:00:00,,precip,0.0,0.0,,0.5,,
2025-11-02 07:00:00,,precip,0.0,0.0,,0.7,,
2025-11-02 08:00:00,,precip,0.0,0.0,,0.9,,
2025-11-02 09:00:00,,precip,0.0,0.0,,1.1,,
2025-11-02 10:00:00,,precip,0.0,0.0,,0.5,,
2025-11-02 11:00:00,,precip,0.0,0.0,,0.5,,
2025-11-02 12:00:00,,precip,0.0,0.0,,0.7,,
2025-11-02 13:00:00,,precip,0.0,0.0,,0.7,,
2025-11-02 14:00:00,,precip,0.0,0.0,,0.1,,
2025-11-02 15:00:00,,precip,0.0,0.0,,0.1,,
2025-11-02 16:00:00,,precip,0.0,0.0,,0.2,,
2025-11-02 17:00:00,,precip,0.0,0.0,,0.3,,
2025-11-02 18:00:00,,precip,0.0,0.0,,0.2,,
2025-11-03 05:00:00,,precip,0.0,0.0,,0.1,,
2025-11-03 06:00:00,,precip,0.0,0.0,,0.1,,
2025-11-03 10:00:00,,precip,0.0,0.0,,0.1,,
2025-11-03 11:00:00,,precip,0.0,0.0,,0.1,,
2025-11-03 12:00:00,,precip,0.0,0.0,,0.1,,
2025-11-03 13:00:00,,precip,0.0,0.0,,0.1,,
2025-11-03 14:00:00,,precip,0.0,0.0,,1.2,,
2025-11-03 15:00:00,,precip,0.0,0.0,,0.1,,
2025-11-04 10:00:00,,precip,0.0,0.0,,0.1,,
2025-11-04 11:00:00,,precip,0.0,0.0,,0.1,,
2025-11-04 12:00:00,,precip,0.0,0.0,,0.1,,
2025-11-04 13:00:00,,precip,0.0,0.0,,1.3,,
2025-11-04 14:00:00,,precip,0.0,0.0,,0.6,,
2025-11-04 15:00:00,,precip,0.0,0.0,,0.9,,
2025-11-04 16:00:00,,precip,0.0,0.0,,3.9,,
2025-11-04 17:00:00,,precip,0.0,0.0,,2.9,,
2025-11-04 18:00:00,,precip,0.0,0.0,,1.3,,
2025-11-04 19:00:00,,precip,0.0,0.0,,0.5,,
2025-11-04 20:00:00,,precip,0.0,0.0,,1.4,,
2025-11-04 21:00:00,,precip,0.0,0.0,,2.5,,
2025-11-04 22:00:00,,precip,0.0,0.0,,0.4,,
2025-11-05 00:00:00,,precip,0.0,0.0,,1.1,,
2025-11-05 01:00:00,,precip,0.0,0.0,,0.2,,
2025-11-05 02:00:00,,precip,0.0,0.0,,1.3,,
2025-11-05 03:00:00,,precip,0.0,0.0,,1.0,,
2025-11-05 04:00:00,,precip,0.0,0.0,,0.4,,
2025-11-05 05:00:00,,precip,0.0,0.0,,0.5,,
2025-11-05 06:00:00,,precip,0.0,0.0,,0.5,,
2025-11-05 07:00:00,,precip,0.0,0.0,,0.4,,
2025-11-05 08:00:00,,precip,0.0,0.0,,0.1,,
2025-11-05 10:00:00,,precip,0.0,0.0,,0.1,,
2025-11-05 11:00:00,,precip,0.0,0.0,,0.2,,
2025-11-05 12:00:00,,precip,0.0,0.0,,0.1,,
2025-11-05 13:00:00,,precip,0.0,0.0,,1.4,,
2025-11-05 14:00:00,,precip,0.0,0.0,,5.4,,
2025-11-05 15:00:00,,precip,0.0,0.0,,3.3,,
2025-11-05 16:00:00,,precip,0.0,0.0,,0.8,,
2025-11-05 17:00:00,,precip,0.0,0.0,,1.4,,
2025-11-05 18:00:00,,precip,0.0,0.0,,0.3,,
2025-11-05 19:00:00,,precip,0.0,0.0,,0.1,,
2025-11-06 02:00:00,,precip,0.0,0.0,,0.5,,
2025-11-06 03:00:00,,precip,0.0,0.0,,0.1,,
2025-11-06 14:00:00,,precip,0.0,0.0,,0.3,,
2025-11-06 15:00:00,,precip,0.0,0.0,,1.3,,
2025-11-06 16:00:00,,precip,0.0,0.0,,0.4,,
2025-11-06 17:00:00,,precip,0.0,0.0,,0.3,,
2025-11-06 18:00:00,,precip,0.0,0.0,,0.3,,
2025-11-06 19:00:00,,precip,0.0,0.0,,0.2,,
2025-11-06 20:00:00,,precip,0.0,0.0,,0.2,,
2025-11-06 21:00:00,,precip,0.0,0.0,,0.3,,
2025-11-06 22:00:00,,precip,0.0,0.0,,0.2,,
2025-11-06 23:00:00,,precip,0.0,0.0,,0.1,,
2025-11-07 00:00:00,,precip,0.0,0.0,,0.1,,
2025-11-07 11:00:00,,precip,0.0,0.0,,0.1,,
2025-11-07 12:00:00,,precip,0.0,0.0,,0.1,,
2025-11-07 14:00:00,,precip,0.0,0.0,,1.5,,
2025-11-07 15:00:00,,precip,0.0,0.0,,0.3,,
2025-11-07 16:00:00,,precip,0.0,0.0,,0.9,,
2025-11-07 18:00:00,,precip,0.0,0.0,,0.3,,
2025-11-08 02:00:00,,precip,0.0,0.0,,0.1,,
2025-11-08 09:00:00,,precip,0.0,0.0,,0.1,,
2025-11-08 10:00:00,,precip,0.0,0.0,,0.1,,
2025-11-08 11:00:00,,precip,0.0,0.0,,0.2,,
2025-11-08 12:00:00,,precip,0.0,0.0,,0.3,,
2025-11-08 13:00:00,,precip,0.0,0.0,,0.1,,
2025-11-08 16:00:00,,precip,0.0,0.0,,0.9,,
2025-11-08 17:00:00,,precip,0.0,0.0,,1.7,,
2025-11-08 18:00:00,,precip,0.0,0.0,,0.3,,
2025-11-08 19:00:00,,precip,0.0,0.0,,0.1,,
2025-11-09 02:00:00,,precip,0.0,0.0,,0.4,,
2025-11-09 03:00:00,,precip,0.0,0.0,,0.4,,
2025-11-09 04:00:00,,precip,0.0,0.0,,0.7,,
2025-11-09 05:00:00,,precip,0.0,0.0,,0.2,,
2025-11-09 08:00:00,,precip,0.0,0.0,,0.1,,
2025-11-09 09:00:00,,precip,0.0,0.0,,0.1,,
2025-11-09 10:00:00,,precip,0.0,0.0,,0.1,,
2025-11-09 11:00:00,,precip,0.0,0.0,,0.1,,
2025-11-09 12:00:00,,precip,0.0,0.0,,0.1,,
2025-11-09 13:00:00,,precip,0.0,0.0,,0.2,,
2025-11-09 14:00:00,,precip,0.0,0.0,,0.1,,
2025-11-09 16:00:00,,precip,0.0,0.0,,1.4,,
2025-11-09 17:00:00,,precip,0.0,0.0,,0.6,,
2025-11-09 18:00:00,,precip,0.0,0.0,,0.1,,
2025-11-10 03:00:00,,precip,0.0,0.0,,0.1,,
2025-11-10 04:00:00,,precip,0.0,0.0,,1.0,,
2025-11-10 10:00:00,,precip,0.0,0.0,,0.1,,
2025-11-10 11:00:00,,precip,0.0,0.0,,0.1,,
2025-11-10 12:00:00,,precip,0.0,0.0,,0.2,,
2025-11-10 14:00:00,,precip,0.0,0.0,,0.4,,
2025-11-10 15:00:00,,precip,0.0,0.0,,0.2,,
2025-11-10 16:00:00,,precip,0.0,0.0,,0.1,,
2025-11-10 22:00:00,,precip,0.0,0.0,,0.1,,
2025-11-10 23:00:00,,precip,0.0,0.0,,0.2,,
2025-11-11 00:00:00,,precip,0.0,0.0,,0.4,,
2025-11-11 01:00:00,,precip,0.0,0.0,,0.5,,
2025-11-11 02:00:00,,precip,0.0,0.0,,0.1,,
2025-11-11 13:00:00,,precip,0.0,0.0,,0.1,,
2025-11-11 14:00:00,,precip,0.0,0.0,,0.1,,
2025-11-11 15:00:00,,precip,0.0,0.0,,0.1,,
2025-11-11 16:00:00,,precip,0.0,0.0,,2.8,,
2025-11-11 17:00:00,,precip,0.0,0.0,,0.3,,
2025-11-12 02:00:00,,precip,0.0,0.0,,0.1,,
2025-11-12 09:00:00,,precip,0.0,0.0,,0.1,,
2025-11-12 10:00:00,,precip,0.0,0.0,,0.1,,
2025-11-12 11:00:00,,precip,0.0,0.0,,0.1,,
2025-11-12 12:00:00,,precip,0.0,0.0,,0.1,,
2025-11-12 13:00:00,,precip,0.0,0.0,,0.6,,
2025-11-12 14:00:00,,precip,0.0,0.0,,2.3,,
2025-11-12 15:00:00,,precip,0.0,0.0,,2.9,,
2025-11-12 16:00:00,,precip,0.0,0.0,,1.6,,
2025-11-12 17:00:00,,precip,0.0,0.0,,1.1,,
2025-11-12 18:00:00,,precip,0.0,0.0,,0.1,,
2025-11-13 14:00:00,,precip,0.0,0.0,,0.4,,
2025-11-13 15:00:00,,precip,0.0,0.0,,0.2,,
2025-11-13 16:00:00,,precip,0.0,0.0,,0.1,,
2025-11-13 17:00:00,,precip,0.0,0.0,,1.1,,
2025-11-13 18:00:00,,precip,0.0,0.0,,0.6,,
2025-11-13 19:00:00,,precip,0.0,0.0,,0.4,,
2025-11-13 23:00:00,,precip,0.0,0.0,,0.2,,
2025-11-14 00:00:00,,precip,0.0,0.0,,0.3,,
2025-11-14 01:00:00,,precip,0.0,0.0,,0.2,,
2025-11-16 02:00:00,,precip,0.0,0.0,,0.2,,
2025-11-16 03:00:00,,precip,0.0,0.0,,0.3,,
2025-11-16 04:00:00,,precip,0.0,0.0,,0.5,,
2025-11-16 05:00:00,,precip,0.0,0.0,,0.4,,
2025-11-16 06:00:00,,precip,0.0,0.0,,0.3,,
2025-11-16 07:00:00,,precip,0.0,0.0,,0.4,,
2025-11-16 08:00:00,,precip,0.0,0.0,,0.2,,
2025-11-16 12:00:00,,precip,0.0,0.0,,0.2,,
2025-11-16 13:00:00,,precip,0.0,0.0,,0.1,,
2025-11-16 14:00:00,,precip,0.0,0.0,,0.2,,
2025-11-16 15:00:00,,precip,0.0,0.0,,2.6,,
2025-11-16 16:00:00,,precip,0.0,0.0,,2.1,,
2025-11-16 17:00:00,,precip,0.0,0.0,,1.4,,
2025-11-16 18:00:00,,precip,0.0,0.0,,1.3,,
2025-11-16 19:00:00,,precip,0.0,0.0,,1.0,,
2025-11-16 20:00:00,,precip,0.0,0.0,,1.2,,
2025-11-16 21:00:00,,precip,0.0,0.0,,1.0,,
2025-11-16 22:00:00,,precip,0.0,0.0,,0.4,,
2025-11-17 02:00:00,,precip,0.0,0.0,,0.1,,
2025-11-17 03:00:00,,precip,0.0,0.0,,0.3,,
2025-11-17 04:00:00,,precip,0.0,0.0,,0.5,,
2025-11-17 05:00:00,,precip,0.0,0.0,,0.7,,
2025-11-17 06:00:00,,precip,0.0,0.0,,1.2,,
2025-11-17 07:00:00,,precip,0.0,0.0,,1.3,,
2025-11-17 08:00:00,,precip,0.0,0.0,,1.2,,
2025-11-17 09:00:00,,precip,0.0,0.0,,1.4,,
2025-11-17 10:00:00,,precip,0.0,0.0,,1.0,,
2025-11-17 11:00:00,,precip,0.0,0.0,,0.5,,
2025-11-17 12:00:00,,precip,0.0,0.0,,0.5,,
2025-11-17 13:00:00,,precip,0.0,0.0,,0.4,,
2025-11-17 14:00:00,,precip,0.0,0.0,,0.8,,
2025-11-17 15:00:00,,precip,0.0,0.0,,0.6,,
2025-11-17 16:00:00,,precip,0.0,0.0,,0.7,,
2025-11-17 17:00:00,,precip,0.0,0.0,,0.5,,
2025-11-17 18:00:00,,precip,0.0,0.0,,0.4,,
2025-11-17 19:00:00,,precip,0.0,0.0,,0.3,,
2025-11-17 20:00:00,,precip,0.0,0.0,,0.1,,
2025-11-17 21:00:00,,precip,0.0,0.0,,0.3,,
2025-11-17 22:00:00,,precip,0.0,0.0,,0.1,,
2025-11-18 00:00:00,,precip,0.0,0.0,,0.1,,
2025-11-18 01:00:00,,precip,0.0,0.0,,0.1,,
2025-11-18 12:00:00,,precip,0.0,0.0,,0.1,,
2025-11-18 13:00:00,,precip,0.0,0.0,,0.2,,
2025-11-18 14:00:00,,precip,0.0,0.0,,8.3,,
2025-11-18 15:00:00,,precip,0.0,0.0,,5.1,,
2025-11-18 16:00:00,,precip,0.0,0.0,,1.4,,
2025-11-18 17:00:00,,precip,0.0,0.0,,0.9,,
2025-11-18 18:00:00,,precip,0.0,0.0,,0.5,,
2025-11-18 19:00:00,,precip,0.0,0.0,,0.3,,
2025-11-19 11:00:00,,precip,0.0,0.0,,0.1,,
2025-11-19 12:00:00,,precip,0.0,0.0,,0.2,,
2025-11-19 13:00:00,,precip,0.0,0.0,,0.4,,
2025-11-19 14:00:00,,precip,0.0,0.0,,1.8,,
2025-11-19 15:00:00,,precip,0.0,0.0,,3.6,,
2025-11-19 16:00:00,,precip,0.0,0.0,,0.8,,
2025-11-19 17:00:00,,precip,0.0,0.0,,0.3,,
2025-11-19 18:00:00,,precip,0.0,0.0,,0.9,,
2025-11-19 19:00:00,,precip,0.0,0.0,,0.3,,
2025-11-19 20:00:00,,precip,0.0,0.0,,0.2,,
2025-11-19 21:00:00,,precip,0.0,0.0,,0.1,,
2025-11-19 22:00:00,,precip,0.0,0.0,,0.1,,
2025-11-19 23:00:00,,precip,0.0,0.0,,0.4,,
2025-11-20 00:00:00,,precip,0.0,0.0,,0.6,,
2025-11-20 01:00:00,,precip,0.0,0.0,,0.7,,
2025-11-20 02:00:00,,precip,0.0,0.0,,0.1,,
2025-11-20 03:00:00,,precip,0.0,0.0,,0.3,,
2025-11-20 04:00:00,,precip,0.0,0.0,,0.1,,
2025-11-20 06:00:00,,precip,0.0,0.0,,0.8,,
2025-11-20 07:00:00,,precip,0.0,0.0,,0.3,,
2025-11-20 08:00:00,,precip,0.0,0.0,,0.5,,
2025-11-20 09:00:00,,precip,0.0,0.0,,0.4,,
2025-11-20 10:00:00,,precip,0.0,0.0,,0.5,,
2025-11-20 11:00:00,,precip,0.0,0.0,,0.2,,
2025-11-20 12:00:00,,precip,0.0,0.0,,0.1,,
2025-11-20 14:00:00,,precip,0.0,0.0,,0.6,,
2025-11-20 15:00:00,,precip,0.0,0.0,,1.1,,
2025-11-20 16:00:00,,precip,0.0,0.0,,1.0,,
2025-11-20 17:00:00,,precip,0.0,0.0,,0.2,,
2025-11-20 18:00:00,,precip,0.0,0.0,,0.1,,
2025-11-20 19:00:00,,precip,0.0,0.0,,0.1,,
2025-11-21 01:00:00,,precip,0.0,0.0,,0.7,,
2025-11-21 14:00:00,,precip,0.0,0.0,,0.7,,
2025-11-21 15:00:00,,precip,0.0,0.0,,0.9,,
2025-11-21 16:00:00,,precip,0.0,0.0,,0.6,,
2025-11-21 17:00:00,,precip,0.0,0.0,,0.1,,
2025-11-21 18:00:00,,precip,0.0,0.0,,0.1,,
2025-11-21 19:00:00,,precip,0.0,0.0,,0.1,,
2025-11-22 02:00:00,,precip,0.0,0.0,,0.1,,
2025-11-22 06:00:00,,precip,0.0,0.0,,0.2,,
2025-11-22 07:00:00,,precip,0.0,0.0,,0.6,,
2025-11-22 08:00:00,,precip,0.0,0.0,,0.8,,
2025-11-22 09:00:00,,precip,0.0,0.0,,0.9,,
2025-11-22 10:00:00,,precip,0.0,0.0,,1.0,,
2025-11-22 11:00:00,,precip,0.0,0.0,,0.4,,
2025-11-22 12:00:00,,precip,0.0,0.0,,0.1,,
2025-11-22 13:00:00,,precip,0.0,0.0,,0.1,,
2025-11-22 14:00:00,,precip,0.0,0.0,,0.3,,
2025-11-22 20:00:00,,precip,0.0,0.0,,0.1,,
2025-11-22 21:00:00,,precip,0.0,0.0,,0.1,,
2025-11-22 23:00:00,,precip,0.0,0.0,,0.1,,
2025-11-23 00:00:00,,precip,0.0,0.0,,0.1,,
2025-11-23 01:00:00,,precip,0.0,0.0,,0.2,,
2025-11-23 02:00:00,,precip,0.0,0.0,,0.6,,
2025-11-23 03:00:00,,precip,0.0,0.0,,0.6,,
2025-11-23 04:00:00,,precip,0.0,0.0,,1.1,,
2025-11-23 05:00:00,,precip,0.0,0.0,,0.8,,
2025-11-23 06:00:00,,precip,0.0,0.0,,0.7,,
2025-11-23 07:00:00,,precip,0.0,0.0,,0.6,,
2025-11-23 08:00:00,,precip,0.0,0.0,,0.3,,
2025-11-23 09:00:00,,precip,0.0,0.0,,0.1,,
2025-11-23 16:00:00,,precip,0.0,0.0,,0.8,,
2025-11-23 17:00:00,,precip,0.0,0.0,,0.7,,
2025-11-23 18:00:00,,precip,0.0,0.0,,0.3,,
2025-11-24 12:00:00,,precip,0.0,0.0,,0.1,,
2025-11-24 15:00:00,,precip,0.0,0.0,,0.1,,
2025-11-24 17:00:00,,precip,0.0,0.0,,0.1,,
2025-11-24 18:00:00,,precip,0.0,0.0,,0.1,,
2025-11-24 19:00:00,,precip,0.0,0.0,,0.1,,
2025-11-24 20:00:00,,precip,0.0,0.0,,0.1,,
2025-11-25 12:00:00,,precip,0.0,0.0,,0.1,,
2025-11-25 13:00:00,,precip,0.0,0.0,,0.1,,
2025-12-02 17:00:00,,precip,0.0,0.0,,0.3,,
2025-12-02 18:00:00,,precip,0.0,0.0,,0.1,,
2025-12-02 20:00:00,,precip,0.0,0.0,,0.1,,
2025-12-03 02:00:00,,precip,0.0,0.0,,0.2,,
2025-12-03 08:00:00,,precip,0.0,0.0,,0.1,,
2025-12-03 11:00:00,,precip,0.0,0.0,,0.1,,
2025-12-03 12:00:00,,precip,0.0,0.0,,0.6,,
2025-12-03 13:00:00,,precip,0.0,0.0,,0.7,,
2025-12-03 14:00:00,,precip,0.0,0.0,,1.5,,
2025-12-03 15:00:00,,precip,0.0,0.0,,2.2,,
2025-12-03 16:00:00,,precip,0.0,0.0,,0.8,,
2025-12-03 17:00:00,,precip,0.0,0.0,,2.2,,
2025-12-03 18:00:00,,precip,0.0,0.0,,2.1,,
2025-12-03 19:00:00,,precip,0.0,0.0,,1.9,,
2025-12-03 20:00:00,,precip,0.0,0.0,,1.8,,
2025-12-03 21:00:00,,precip,0.0,0.0,,0.9,,
2025-12-03 22:00:00,,precip,0.0,0.0,,0.7,,
2025-12-03 23:00:00,,precip,0.0,0.0,,0.2,,
2025-12-04 01:00:00,,precip,0.0,0.0,,0.1,,
2025-12-04 03:00:00,,precip,0.0,0.0,,0.3,,
2025-12-04 04:00:00,,precip,0.0,0.0,,0.1,,
2025-12-04 05:00:00,,precip,0.0,0.0,,0.1,,
2025-12-04 09:00:00,,precip,0.0,0.0,,0.1,,
2025-12-04 10:00:00,,precip,0.0,0.0,,0.1,,
2025-12-04 13:00:00,,precip,0.0,0.0,,0.1,,
2025-12-04 15:00:00,,precip,0.0,0.0,,0.3,,
2025-12-04 16:00:00,,precip,0.0,0.0,,0.4,,
2025-12-04 19:00:00,,precip,0.0,0.0,,0.2,,
2025-12-05 13:00:00,,precip,0.0,0.0,,0.1,,
2025-12-06 00:00:00,,precip,0.0,0.0,,0.2,,
2025-12-06 11:00:00,,precip,0.0,0.0,,0.1,,
2025-12-06 12:00:00,,precip,0.0,0.0,,0.1,,
2025-12-06 13:00:00,,precip,0.0,0.0,,0.1,,
2025-12-07 02:00:00,,precip,0.0,0.0,,0.1,,
2025-12-10 02:00:00,,precip,0.0,0.0,,0.1,,
2025-12-10 03:00:00,,precip,0.0,0.0,,0.1,,
2025-12-10 04:00:00,,precip,0.0,0.0,,0.1,,
2025-12-10 05:00:00,,precip,0.0,0.0,,0.1,,
2025-12-10 06:00:00,,precip,0.0,0.0,,0.1,,
2025-12-10 08:00:00,,precip,0.0,0.0,,0.1,,
2025-12-10 09:00:00,,precip,0.0,0.0,,0.2,,
2025-12-10 10:00:00,,precip,0.0,0.0,,0.1,,
2025-12-10 13:00:00,,precip,0.0,0.0,,0.1,,
2025-12-10 14:00:00,,precip,0.0,0.0,,0.1,,
2025-12-10 15:00:00,,precip,0.0,0.0,,0.2,,
2025-12-10 16:00:00,,precip,0.0,0.0,,0.2,,
2025-12-10 17:00:00,,precip,0.0,0.0,,1.7,,
2025-12-10 18:00:00,,precip,0.0,0.0,,0.8,,
2025-12-10 19:00:00,,precip,0.0,0.0,,1.0,,
2025-12-10 20:00:00,,precip,0.0,0.0,,0.1,,
2025-12-11 00:00:00,,precip,0.0,0.0,,0.1,,
2025-12-12 10:00:00,,precip,0.0,0.0,,0.1,,
2025-12-13 17:00:00,,precip,0.0,0.0,,0.4,,
2025-12-13 18:00:00,,precip,0.0,0.0,,0.3,,
2025-12-13 21:00:00,,precip,0.0,0.0,,0.2,,
2025-12-13 22:00:00,,precip,0.0,0.0,,0.4,,
2025-12-14 16:00:00,,precip,0.0,0.0,,0.1,,
2025-12-16 14:00:00,,precip,0.0,0.0,,0.1,,
2025-12-16 17:00:00,,precip,0.0,0.0,,0.1,,
2025-12-17 16:00:00,,precip,0.0,0.0,,0.3,,
2025-12-17 17:00:00,,precip,0.0,0.0,,1.3,,
2025-12-17 18:00:00,,precip,0.0,0.0,,0.2,,
2025-12-20 12:00:00,,precip,0.0,0.0,,0.1,,
2025-12-21 15:00:00,,precip,0.0,0.0,,0.1,,
2025-12-21 17:00:00,,precip,0.0,0.0,,0.2,,
2025-12-21 18:00:00,,precip,0.0,0.0,,0.1,,
2025-12-22 05:00:00,,precip,0.0,0.0,,0.1,,
2025-12-22 11:00:00,,precip,0.0,0.0,,0.1,,
2025-12-22 17:00:00,,precip,0.0,0.0,,0.1,,
2025-12-23 06:00:00,,precip,0.0,0.0,,0.1,,
2025-12-23 14:00:00,,precip,0.0,0.0,,0.1,,
2025-12-23 15:00:00,,precip,0.0,0.0,,0.1,,
2025-12-23 16:00:00,,precip,0.0,0.0,,0.1,,
2025-12-23 17:00:00,,precip,0.0,0.0,,0.1,,
2025-12-23 18:00:00,,precip,0.0,0.0,,0.1,,
2025-12-24 13:00:00,,precip,0.0,0.0,,0.1,,
2025-12-24 15:00:00,,precip,0.0,0.0,,0.2,,
2025-12-24 16:00:00,,precip,0.0,0.0,,1.4,,
2025-12-24 17:00:00,,precip,0.0,0.0,,1.0,,
2025-12-24 18:00:00,,precip,0.0,0.0,,0.2,,
2025-12-24 19:00:00,,precip,0.0,0.0,,0.1,,
2025-12-24 20:00:00,,precip,0.0,0.0,,0.1,,
2025-12-25 08:00:00,,precip,0.0,0.0,,0.1,,
2025-12-25 09:00:00,,precip,0.0,0.0,,0.1,,
2025-12-25 10:00:00,,precip,0.0,0.0,,0.2,,
2025-12-25 11:00:00,,precip,0.0,0.0,,0.2,,
2025-12-25 12:00:00,,precip,0.0,0.0,,0.8,,
2025-12-25 13:00:00,,precip,0.0,0.0,,1.1,,
2025-12-25 14:00:00,,precip,0.0,0.0,,6.2,,
2025-12-25 15:00:00,,precip,0.0,0.0,,6.6,,
2025-12-25 16:00:00,,precip,0.0,0.0,,4.2,,
2025-12-25 17:00:00,,precip,0.0,0.0,,6.0,,
2025-12-25 18:00:00,,precip,0.0,0.0,,6.0,,
2025-12-25 19:00:00,,precip,0.0,0.0,,3.7,,
2025-12-25 20:00:00,,precip,0.0,0.0,,1.4,,
2025-12-25 21:00:00,,precip,0.0,0.0,,0.1,,
2025-12-26 11:00:00,,precip,0.0,0.0,,0.1,,
2025-12-26 12:00:00,,precip,0.0,0.0,,0.1,,
2025-12-26 17:00:00,,precip,0.0,0.0,,0.1,,
2025-12-26 18:00:00,,precip,0.0,0.0,,0.1,,
2025-12-27 13:00:00,,precip,0.0,0.0,,0.1,,
2025-12-27 14:00:00,,precip,0.0,0.0,,0.1,,
2025-12-27 15:00:00,,precip,0.0,0.0,,0.1,,
2025-12-27 16:00:00,,precip,0.0,0.0,,0.3,,
2025-12-27 17:00:00,,precip,0.0,0.0,,0.2,,
2025-12-28 15:00:00,,precip,0.0,0.0,,0.1,,
2025-12-28 16:00:00,,precip,0.0,0.0,,0.1,,
2026-01-05 16:00:00,,precip,0.0,0.0,,1.1,,
2026-01-05 17:00:00,,precip,0.0,0.0,,0.4,,
2026-01-05 18:00:00,,precip,0.0,0.0,,0.1,,
2026-01-05 19:00:00,,precip,0.0,0.0,,0.2,,
2026-01-06 02:00:00,,precip,0.0,0.0,,0.1,,
2026-01-06 12:00:00,,precip,0.0,0.0,,0.3,,
2026-01-06 13:00:00,,precip,0.0,0.0,,0.3,,
2026-01-06 14:00:00,,precip,0.0,0.0,,0.1,,
2026-01-06 15:00:00,,precip,0.0,0.0,,0.3,,
2026-01-06 16:00:00,,precip,0.0,0.0,,1.6,,
2026-01-06 17:00:00,,precip,0.0,0.0,,1.2,,
2026-01-06 18:00:00,,precip,0.0,0.0,,0.1,,
2026-01-07 08:00:00,,precip,0.0,0.0,,0.1,,
2026-01-13 15:00:00,,precip,0.0,0.0,,0.1,,
2026-01-16 10:00:00,,precip,0.0,0.0,,0.1,,
2026-01-16 11:00:00,,precip,0.0,0.0,,0.1,,
2026-01-18 11:00:00,,precip,0.0,0.0,,0.1,,
2026-01-19 10:00:00,,precip,0.0,0.0,,0.1,,
2026-01-19 11:00:00,,precip,0.0,0.0,,0.1,,
2026-01-19 12:00:00,,precip,0.0,0.0,,0.1,,
2026-01-19 13:00:00,,precip,0.0,0.0,,0.1,,
2026-01-19 16:00:00,,precip,0.0,0.0,,0.2,,
2026-01-20 10:00:00,,precip,0.0,0.0,,0.1,,
2026-01-20 11:00:00,,precip,0.0,0.0,,0.1,,
2026-02-06 11:00:00,,precip,0.0,0.0,,0.1,,
2026-02-06 12:00:00,,precip,0.0,0.0,,0.1,,
2026-02-06 13:00:00,,precip,0.0,0.0,,0.2,,
2026-02-06 14:00:00,,precip,0.0,0.0,,0.2,,
2026-02-06 15:00:00,,precip,0.0,0.0,,0.1,,
2026-02-06 16:00:00,,precip,0.0,0.0,,0.1,,
2026-02-11 12:00:00,,precip,0.0,0.0,,0.1,,
2026-02-11 13:00:00,,precip,0.0,0.0,,0.1,,
2026-02-11 14:00:00,,precip,0.0,0.0,,0.2,,
2026-02-11 15:00:00,,precip,0.0,0.0,,0.4,,
2026-02-11 16:00:00,,precip,0.0,0.0,,0.1,,
2026-02-11 17:00:00,,precip,0.0,0.0,,0.2,,
2026-02-12 12:00:00,,precip,0.0,0.0,,0.1,,
2026-02-12 13:00:00,,precip,0.0,0.0,,0.1,,
2026-02-14 12:00:00,,precip,0.0,0.0,,0.1,,
2026-02-14 16:00:00,,precip,0.0,0.0,,1.9,,
2026-02-14 17:00:00,,precip,0.0,0.0,,0.1,,
2026-02-15 14:00:00,,precip,0.0,0.0,,0.1,,
2026-02-25 22:00:00,,precip,0.0,0.0,,0.2,,
2026-02-26 00:00:00,,precip,0.0,0.0,,0.3,,
2026-02-26 01:00:00,,precip,0.0,0.0,,1.0,,
2026-02-26 02:00:00,,precip,0.0,0.0,,0.5,,
2026-02-26 03:00:00,,precip,0.0,0.0,,0.9,,
2026-02-26 04:00:00,,precip,0.0,0.0,,0.4,,
2026-02-26 05:00:00,,precip,0.0,0.0,,0.4,,
2026-02-26 06:00:00,,precip,0.0,0.0,,0.3,,
2026-02-26 07:00:00,,precip,0.0,0.0,,0.2,,
2026-02-26 08:00:00,,precip,0.0,0.0,,1.1,,
2026-02-26 09:00:00,,precip,0.0,0.0,,1.6,,
2026-02-26 10:00:00,,precip,0.0,0.0,,1.5,,
2026-02-26 11:00:00,,precip,0.0,0.0,,1.6,,
2026-02-26 12:00:00,,precip,0.0,0.0,,1.5,,
2026-02-26 13:00:00,,precip,0.0,0.0,,1.2,,
2026-02-26 14:00:00,,precip,0.0,0.0,,0.4,,
2026-02-26 15:00:00,,precip,0.0,0.0,,0.1,,
2026-02-26 16:00:00,,precip,0.0,0.0,,6.8,,
2026-02-26 17:00:00,,precip,0.0,0.0,,1.5,,
2026-02-26 18:00:00,,precip,0.0,0.0,,0.3,,
2026-02-26 19:00:00,,precip,0.0,0.0,,0.1,,
2026-02-26 20:00:00,,precip,0.0,0.0,,0.2,,
2026-02-26 21:00:00,,precip,0.0,0.0,,0.1,,
2026-02-26 22:00:00,,precip,0.0,0.0,,0.2,,
2026-02-27 02:00:00,,precip,0.0,0.0,,0.2,,
2026-02-27 03:00:00,,precip,0.0,0.0,,0.4,,
2026-02-27 04:00:00,,precip,0.0,0.0,,1.3,,
2026-02-27 05:00:00,,precip,0.0,0.0,,0.9,,
2026-02-27 06:00:00,,precip,0.0,0.0,,0.2,,
2026-02-27 07:00:00,,precip,0.0,0.0,,0.2,,
2026-02-27 08:00:00,,precip,0.0,0.0,,0.2,,
2026-02-27 09:00:00,,precip,0.0,0.0,,0.1,,
2026-02-27 10:00:00,,precip,0.0,0.0,,0.2,,
2026-02-27 11:00:00,,precip,0.0,0.0,,0.3,,
2026-02-27 12:00:00,,precip,0.0,0.0,,5.2,,
2026-02-27 13:00:00,,precip,0.0,0.0,,1.3,,
2026-02-27 14:00:00,,precip,0.0,0.0,,0.1,,
2026-02-27 15:00:00,,precip,0.0,0.0,,1.0,,
2026-02-27 16:00:00,,precip,0.0,0.0,,1.6,,
2026-02-27 17:00:00,,precip,0.0,0.0,,0.2,,
2026-02-27 18:00:00,,precip,0.0,0.0,,0.4,,
2026-02-27 19:00:00,,precip,0.0,0.0,,0.1,,
2026-02-28 13:00:00,,precip,0.0,0.0,,0.1,,
2026-02-28 14:00:00,,precip,0.0,0.0,,0.1,,
2026-03-03 11:00:00,,precip,0.0,0.0,,0.1,,
2026-03-03 12:00:00,,precip,0.0,0.0,,0.1,,
2026-03-04 10:00:00,,precip,0.0,0.0,,0.1,,
2026-03-04 11:00:00,,precip,0.0,0.0,,0.2,,
2026-03-04 12:00:00,,precip,0.0,0.0,,0.1,,
2026-03-04 15:00:00,,precip,0.0,0.0,,0.1,,
2026-03-04 16:00:00,,precip,0.0,0.0,,0.1,,
2026-03-04 17:00:00,,precip,0.0,0.0,,0.1,,
2026-03-04 23:00:00,,precip,0.0,0.0,,0.1,,
2026-03-05 01:00:00,,precip,0.0,0.0,,0.1,,
2026-03-05 16:00:00,,precip,0.0,0.0,,0.1,,
2026-03-05 17:00:00,,precip,0.0,0.0,,0.2,,
2026-03-05 20:00:00,,precip,0.0,0.0,,0.1,,
2026-03-05 21:00:00,,precip,0.0,0.0,,0.1,,
2026-03-05 22:00:00,,precip,0.0,0.0,,0.1,,
2026-03-06 02:00:00,,precip,0.0,0.0,,0.8,,
2026-03-06 03:00:00,,precip,0.0,0.0,,0.5,,
2026-03-06 04:00:00,,precip,0.0,0.0,,0.2,,
2026-03-06 13:00:00,,precip,0.0,0.0,,0.1,,
2026-03-06 14:00:00,,precip,0.0,0.0,,0.1,,
2026-03-06 15:00:00,,precip,0.0,0.0,,0.2,,
2026-03-06 16:00:00,,precip,0.0,0.0,,3.7,,
2026-03-06 17:00:00,,precip,0.0,0.0,,0.7,,
2026-03-06 18:00:00,,precip,0.0,0.0,,0.2,,
2026-03-06 19:00:00,,precip,0.0,0.0,,0.4,,
2026-03-07 14:00:00,,precip,0.0,0.0,,0.1,,
2026-03-07 15:00:00,,precip,0.0,0.0,,0.1,,
2026-03-07 16:00:00,,precip,0.0,0.0,,0.6,,
2026-03-07 17:00:00,,precip,0.0,0.0,,1.0,,
2026-03-07 18:00:00,,precip,0.0,0.0,,0.3,,
2026-03-07 19:00:00,,precip,0.0,0.0,,0.5,,
2026-03-07 21:00:00,,precip,0.0,0.0,,0.1,,
2026-03-09 18:00:00,,precip,0.0,0.0,,0.1,,
2026-03-09 19:00:00,,precip,0.0,0.0,,0.3,,
2026-03-10 14:00:00,,precip,0.0,0.0,,0.1,,
2026-03-10 15:00:00,,precip,0.0,0.0,,0.1,,
2026-03-10 16:00:00,,precip,0.0,0.0,,0.5,,
2026-03-10 18:00:00,,precip,0.0,0.0,,0.1,,
2026-03-10 19:00:00,,precip,0.0,0.0,,0.4,,
2026-03-10 21:00:00,,precip,0.0,0.0,,0.3,,
2026-03-10 22:00:00,,precip,0.0,0.0,,0.1,,
2023-03-27 15:00:00,,precipprob,0.0,0.0,,,100.0,
2023-03-28 15:00:00,,precipprob,0.0,0.0,,,100.0,
2023-03-29 11:00:00,,precipprob,0.0,0.0,,,100.0,
2023-03-29 12:00:00,,precipprob,0.0,0.0,,,100.0,
2023-03-31 12:00:00,,precipprob,0.0,0.0,,,100.0,
2023-04-02 17:00:00,,precipprob,0.0,0.0,,,100.0,
2023-04-03 00:00:00,,precipprob,0.0,0.0,,,100.0,
2023-04-03 06:00:00,,precipprob,0.0,0.0,,,100.0,
2023-04-03 14:00:00,,precipprob,0.0,0.0,,,100.0,
2023-04-03 15:00:00,,precipprob,0.0,0.0,,,100.0,
2023-04-03 21:00:00,,precipprob,0.0,0.0,,,100.0,
2023-04-04 11:00:00,,precipprob,0.0,0.0,,,100.0,
2023-04-04 12:00:00,,precipprob,0.0,0.0,,,100.0,
2023-04-05 07:00:00,,precipprob,0.0,0.0,,,100.0,
2023-04-06 11:00:00,,precipprob,0.0,0.0,,,100.0,
2023-04-07 09:00:00,,precipprob,0.0,0.0,,,100.0,
2023-04-07 11:00:00,,precipprob,0.0,0.0,,,100.0,
2023-04-09 17:00:00,,precipprob,0.0,0.0,,,100.0,
2023-04-10 11:00:00,,precipprob,0.0,0.0,,,100.0,
2023-04-10 12:00:00,,precipprob,0.0,0.0,,,100.0,
2023-04-10 15:00:00,,precipprob,0.0,0.0,,,100.0,
2023-04-10 17:00:00,,precipprob,0.0,0.0,,,100.0,
2023-04-10 18:00:00,,precipprob,0.0,0.0,,,100.0,
2023-04-10 23:00:00,,precipprob,0.0,0.0,,,100.0,
2023-04-11 00:00:00,,precipprob,0.0,0.0,,,100.0,
2023-04-11 02:00:00,,precipprob,0.0,0.0,,,100.0,
2023-04-11 03:00:00,,precipprob,0.0,0.0,,,100.0,
2023-04-11 14:00:00,,precipprob,0.0,0.0,,,100.0,
2023-04-11 15:00:00,,precipprob,0.0,0.0,,,100.0,
2023-04-11 17:00:00,,precipprob,0.0,0.0,,,100.0,
2023-04-12 15:00:00,,precipprob,0.0,0.0,,,100.0,
2023-04-12 17:00:00,,precipprob,0.0,0.0,,,100.0,
2023-04-12 18:00:00,,precipprob,0.0,0.0,,,100.0,
2023-04-12 21:00:00,,precipprob,0.0,0.0,,,100.0,
2023-04-13 09:00:00,,precipprob,0.0,0.0,,,100.0,
2023-04-13 11:00:00,,precipprob,0.0,0.0,,,100.0,
2023-04-13 12:00:00,,precipprob,0.0,0.0,,,100.0,
2023-04-13 14:00:00,,precipprob,0.0,0.0,,,100.0,
2023-04-14 02:00:00,,precipprob,0.0,0.0,,,100.0,
2023-04-14 03:00:00,,precipprob,0.0,0.0,,,100.0,
2023-04-14 05:00:00,,precipprob,0.0,0.0,,,100.0,
2023-04-14 06:00:00,,precipprob,0.0,0.0,,,100.0,
2023-04-14 08:00:00,,precipprob,0.0,0.0,,,100.0,
2023-04-14 09:00:00,,precipprob,0.0,0.0,,,100.0,
2023-04-14 11:00:00,,precipprob,0.0,0.0,,,100.0,
2023-04-14 12:00:00,,precipprob,0.0,0.0,,,100.0,
2023-04-14 23:00:00,,precipprob,0.0,0.0,,,100.0,
2023-04-15 00:00:00,,precipprob,0.0,0.0,,,100.0,
2023-04-15 02:00:00,,precipprob,0.0,0.0,,,100.0,
2023-04-15 03:00:00,,precipprob,0.0,0.0,,,100.0,
2023-04-15 05:00:00,,precipprob,0.0,0.0,,,100.0,
2023-04-15 06:00:00,,precipprob,0.0,0.0,,,100.0,
2023-04-15 17:00:00,,precipprob,0.0,0.0,,,100.0,
2023-04-15 18:00:00,,precipprob,0.0,0.0,,,100.0,
2023-04-15 20:00:00,,precipprob,0.0,0.0,,,100.0,
2023-04-15 21:00:00,,precipprob,0.0,0.0,,,100.0,
2023-04-16 01:00:00,,precipprob,0.0,0.0,,,100.0,
2023-04-17 03:00:00,,precipprob,0.0,0.0,,,100.0,
2023-04-17 05:00:00,,precipprob,0.0,0.0,,,100.0,
2023-04-17 11:00:00,,precipprob,0.0,0.0,,,100.0,
2023-04-17 12:00:00,,precipprob,0.0,0.0,,,100.0,
2023-04-18 12:00:00,,precipprob,0.0,0.0,,,100.0,
2023-04-18 14:00:00,,precipprob,0.0,0.0,,,100.0,
2023-04-19 12:00:00,,precipprob,0.0,0.0,,,100.0,
2023-04-19 14:00:00,,precipprob,0.0,0.0,,,100.0,
2023-04-19 15:00:00,,precipprob,0.0,0.0,,,100.0,
2023-04-20 08:00:00,,precipprob,0.0,0.0,,,100.0,
2023-04-20 09:00:00,,precipprob,0.0,0.0,,,100.0,
2023-04-20 17:00:00,,precipprob,0.0,0.0,,,100.0,
2023-04-20 18:00:00,,precipprob,0.0,0.0,,,100.0,
2023-04-21 11:00:00,,precipprob,0.0,0.0,,,100.0,
2023-04-21 12:00:00,,precipprob,0.0,0.0,,,100.0,
2023-04-21 14:00:00,,precipprob,0.0,0.0,,,100.0,
2023-04-21 15:00:00,,precipprob,0.0,0.0,,,100.0,
2023-04-21 17:00:00,,precipprob,0.0,0.0,,,100.0,
2023-04-22 08:00:00,,precipprob,0.0,0.0,,,100.0,
2023-04-22 09:00:00,,precipprob,0.0,0.0,,,100.0,
2023-04-22 11:00:00,,precipprob,0.0,0.0,,,100.0,
2023-04-22 12:00:00,,precipprob,0.0,0.0,,,100.0,
2023-04-22 17:00:00,,precipprob,0.0,0.0,,,100.0,
2023-04-24 11:00:00,,precipprob,0.0,0.0,,,100.0,
2023-04-24 12:00:00,,precipprob,0.0,0.0,,,100.0,
2023-04-26 17:00:00,,precipprob,0.0,0.0,,,100.0,
2023-04-26 18:00:00,,precipprob,0.0,0.0,,,100.0,
2023-04-27 11:00:00,,precipprob,0.0,0.0,,,100.0,
2023-04-28 11:00:00,,precipprob,0.0,0.0,,,100.0,
2023-04-28 12:00:00,,precipprob,0.0,0.0,,,100.0,
2023-04-30 19:00:00,,precipprob,0.0,0.0,,,100.0,
2023-05-05 09:00:00,,precipprob,0.0,0.0,,,100.0,
2023-05-05 12:00:00,,precipprob,0.0,0.0,,,100.0,
2023-05-05 14:00:00,,precipprob,0.0,0.0,,,100.0,
2023-05-05 15:00:00,,precipprob,0.0,0.0,,,100.0,
2023-05-05 18:00:00,,precipprob,0.0,0.0,,,100.0,
2023-05-05 20:00:00,,precipprob,0.0,0.0,,,100.0,
2023-05-07 09:00:00,,precipprob,0.0,0.0,,,100.0,
2023-05-07 17:00:00,,precipprob,0.0,0.0,,,100.0,
2023-05-08 19:00:00,,precipprob,0.0,0.0,,,100.0,
2023-05-09 19:00:00,,precipprob,0.0,0.0,,,100.0,
2023-05-10 02:00:00,,precipprob,0.0,0.0,,,100.0,
2023-05-10 08:00:00,,precipprob,0.0,0.0,,,100.0,
2023-05-10 09:00:00,,precipprob,0.0,0.0,,,100.0,
2023-05-10 11:00:00,,precipprob,0.0,0.0,,,100.0,
2023-05-10 12:00:00,,precipprob,0.0,0.0,,,100.0,
2023-05-10 14:00:00,,precipprob,0.0,0.0,,,100.0,
2023-05-10 15:00:00,,precipprob,0.0,0.0,,,100.0,
2023-05-10 17:00:00,,precipprob,0.0,0.0,,,100.0,
2023-05-10 18:00:00,,precipprob,0.0,0.0,,,100.0,
2023-05-10 20:00:00,,precipprob,0.0,0.0,,,100.0,
2023-05-10 23:00:00,,precipprob,0.0,0.0,,,100.0,
2023-05-11 00:00:00,,precipprob,0.0,0.0,,,100.0,
2023-05-11 02:00:00,,precipprob,0.0,0.0,,,100.0,
2023-05-11 03:00:00,,precipprob,0.0,0.0,,,100.0,
2023-05-11 05:00:00,,precipprob,0.0,0.0,,,100.0,
2023-05-11 06:00:00,,precipprob,0.0,0.0,,,100.0,
2023-05-11 08:00:00,,precipprob,0.0,0.0,,,100.0,
2023-05-11 09:00:00,,precipprob,0.0,0.0,,,100.0,
2023-05-11 11:00:00,,precipprob,0.0,0.0,,,100.0,
2023-05-11 12:00:00,,precipprob,0.0,0.0,,,100.0,
2023-05-11 14:00:00,,precipprob,0.0,0.0,,,100.0,
2023-05-11 15:00:00,,precipprob,0.0,0.0,,,100.0,
2023-05-11 17:00:00,,precipprob,0.0,0.0,,,100.0,
2023-05-11 18:00:00,,precipprob,0.0,0.0,,,100.0,
2023-05-11 20:00:00,,precipprob,0.0,0.0,,,100.0,
2023-05-12 00:00:00,,precipprob,0.0,0.0,,,100.0,
2023-05-12 08:00:00,,precipprob,0.0,0.0,,,100.0,
2023-05-12 09:00:00,,precipprob,0.0,0.0,,,100.0,
2023-05-12 11:00:00,,precipprob,0.0,0.0,,,100.0,
2023-05-12 12:00:00,,precipprob,0.0,0.0,,,100.0,
2023-05-12 14:00:00,,precipprob,0.0,0.0,,,100.0,
2023-05-12 15:00:00,,precipprob,0.0,0.0,,,100.0,
2023-05-12 23:00:00,,precipprob,0.0,0.0,,,100.0,
2023-05-13 19:00:00,,precipprob,0.0,0.0,,,100.0,
2023-05-14 19:00:00,,precipprob,0.0,0.0,,,100.0,
2023-05-15 19:00:00,,precipprob,0.0,0.0,,,100.0,
2023-05-16 19:00:00,,precipprob,0.0,0.0,,,100.0,
2023-05-17 19:00:00,,precipprob,0.0,0.0,,,100.0,
2023-05-18 14:00:00,,precipprob,0.0,0.0,,,100.0,
2023-05-18 15:00:00,,precipprob,0.0,0.0,,,100.0,
2023-05-19 15:00:00,,precipprob,0.0,0.0,,,100.0,
2023-05-20 09:00:00,,precipprob,0.0,0.0,,,100.0,
2023-05-20 11:00:00,,precipprob,0.0,0.0,,,100.0,
2023-05-20 12:00:00,,precipprob,0.0,0.0,,,100.0,
2023-05-20 14:00:00,,precipprob,0.0,0.0,,,100.0,
2023-05-20 15:00:00,,precipprob,0.0,0.0,,,100.0,
2023-05-20 18:00:00,,precipprob,0.0,0.0,,,100.0,
2023-05-21 19:00:00,,precipprob,0.0,0.0,,,100.0,
2023-05-22 19:00:00,,precipprob,0.0,0.0,,,100.0,
2023-05-23 19:00:00,,precipprob,0.0,0.0,,,100.0,
2023-05-24 19:00:00,,precipprob,0.0,0.0,,,100.0,
2023-05-25 19:00:00,,precipprob,0.0,0.0,,,100.0,
2023-05-26 19:00:00,,precipprob,0.0,0.0,,,100.0,
2023-05-27 19:00:00,,precipprob,0.0,0.0,,,100.0,
2023-05-28 19:00:00,,precipprob,0.0,0.0,,,100.0,
2023-05-29 19:00:00,,precipprob,0.0,0.0,,,100.0,
2023-05-30 19:00:00,,precipprob,0.0,0.0,,,100.0,
2023-05-31 19:00:00,,precipprob,0.0,0.0,,,100.0,
2023-06-01 19:00:00,,precipprob,0.0,0.0,,,100.0,
2023-06-02 13:00:00,,precipprob,0.0,0.0,,,100.0,
2023-06-03 11:00:00,,precipprob,0.0,0.0,,,100.0,
2023-06-03 12:00:00,,precipprob,0.0,0.0,,,100.0,
2023-06-03 14:00:00,,precipprob,0.0,0.0,,,100.0,
2023-06-03 15:00:00,,precipprob,0.0,0.0,,,100.0,
2023-06-03 17:00:00,,precipprob,0.0,0.0,,,100.0,
2023-06-03 18:00:00,,precipprob,0.0,0.0,,,100.0,
2023-06-04 19:00:00,,precipprob,0.0,0.0,,,100.0,
2023-06-05 01:00:00,,precipprob,0.0,0.0,,,100.0,
2023-06-05 19:00:00,,precipprob,0.0,0.0,,,100.0,
2023-06-06 01:00:00,,precipprob,0.0,0.0,,,100.0,
2023-06-06 19:00:00,,precipprob,0.0,0.0,,,100.0,
2023-06-07 13:00:00,,precipprob,0.0,0.0,,,100.0,
2023-06-08 00:00:00,,precipprob,0.0,0.0,,,100.0,
2023-06-08 02:00:00,,precipprob,0.0,0.0,,,100.0,
2023-06-08 03:00:00,,precipprob,0.0,0.0,,,100.0,
2023-06-08 05:00:00,,precipprob,0.0,0.0,,,100.0,
2023-06-08 06:00:00,,precipprob,0.0,0.0,,,100.0,
2023-06-08 08:00:00,,precipprob,0.0,0.0,,,100.0,
2023-06-08 11:00:00,,precipprob,0.0,0.0,,,100.0,
2023-06-08 12:00:00,,precipprob,0.0,0.0,,,100.0,
2023-06-08 14:00:00,,precipprob,0.0,0.0,,,100.0,
2023-06-08 15:00:00,,precipprob,0.0,0.0,,,100.0,
2023-06-08 17:00:00,,precipprob,0.0,0.0,,,100.0,
2023-06-08 18:00:00,,precipprob,0.0,0.0,,,100.0,
2023-06-08 19:00:00,,precipprob,0.0,0.0,,,100.0,
2023-06-08 20:00:00,,precipprob,0.0,0.0,,,100.0,
2023-06-09 09:00:00,,precipprob,0.0,0.0,,,100.0,
2023-06-09 11:00:00,,precipprob,0.0,0.0,,,100.0,
2023-06-09 12:00:00,,precipprob,0.0,0.0,,,100.0,
2023-06-09 14:00:00,,precipprob,0.0,0.0,,,100.0,
2023-06-09 15:00:00,,precipprob,0.0,0.0,,,100.0,
2023-06-09 17:00:00,,precipprob,0.0,0.0,,,100.0,
2023-06-09 18:00:00,,precipprob,0.0,0.0,,,100.0,
2023-06-09 21:00:00,,precipprob,0.0,0.0,,,100.0,
2023-06-09 23:00:00,,precipprob,0.0,0.0,,,100.0,
2023-06-10 19:00:00,,precipprob,0.0,0.0,,,100.0,
2023-06-11 19:00:00,,precipprob,0.0,0.0,,,100.0,
2023-06-12 19:00:00,,precipprob,0.0,0.0,,,100.0,
2023-06-13 19:00:00,,precipprob,0.0,0.0,,,100.0,
2023-06-14 19:00:00,,precipprob,0.0,0.0,,,100.0,
2023-06-15 11:00:00,,precipprob,0.0,0.0,,,100.0,
2023-06-15 12:00:00,,precipprob,0.0,0.0,,,100.0,
2023-06-16 19:00:00,,precipprob,0.0,0.0,,,100.0,
2023-06-17 19:00:00,,precipprob,0.0,0.0,,,100.0,
2023-06-18 08:00:00,,precipprob,0.0,0.0,,,100.0,
2023-06-18 09:00:00,,precipprob,0.0,0.0,,,100.0,
2023-06-18 11:00:00,,precipprob,0.0,0.0,,,100.0,
2023-06-18 12:00:00,,precipprob,0.0,0.0,,,100.0,
2023-06-18 15:00:00,,precipprob,0.0,0.0,,,100.0,
2023-06-18 17:00:00,,precipprob,0.0,0.0,,,100.0,
2023-06-18 18:00:00,,precipprob,0.0,0.0,,,100.0,
2023-06-18 19:00:00,,precipprob,0.0,0.0,,,100.0,
2023-06-18 20:00:00,,precipprob,0.0,0.0,,,100.0,
2023-06-19 17:00:00,,precipprob,0.0,0.0,,,100.0,
2023-06-21 19:00:00,,precipprob,0.0,0.0,,,100.0,
2023-06-22 19:00:00,,precipprob,0.0,0.0,,,100.0,
2023-06-23 19:00:00,,precipprob,0.0,0.0,,,100.0,
2023-06-24 19:00:00,,precipprob,0.0,0.0,,,100.0,
2023-06-25 01:00:00,,precipprob,0.0,0.0,,,100.0,
2023-06-25 19:00:00,,precipprob,0.0,0.0,,,100.0,
2023-06-26 19:00:00,,precipprob,0.0,0.0,,,100.0,
2023-06-27 12:00:00,,precipprob,0.0,0.0,,,100.0,
2023-06-27 14:00:00,,precipprob,0.0,0.0,,,100.0,
2023-06-27 15:00:00,,precipprob,0.0,0.0,,,100.0,
2023-06-27 17:00:00,,precipprob,0.0,0.0,,,100.0,
2023-06-27 18:00:00,,precipprob,0.0,0.0,,,100.0,
2023-06-27 20:00:00,,precipprob,0.0,0.0,,,100.0,
2023-06-27 21:00:00,,precipprob,0.0,0.0,,,100.0,
2023-06-28 19:00:00,,precipprob,0.0,0.0,,,100.0,
2023-06-29 19:00:00,,precipprob,0.0,0.0,,,100.0,
2023-06-30 19:00:00,,precipprob,0.0,0.0,,,100.0,
2023-07-01 19:00:00,,precipprob,0.0,0.0,,,100.0,
2023-07-02 19:00:00,,precipprob,0.0,0.0,,,100.0,
2023-07-03 19:00:00,,precipprob,0.0,0.0,,,100.0,
2023-07-04 19:00:00,,precipprob,0.0,0.0,,,100.0,
2023-07-05 19:00:00,,precipprob,0.0,0.0,,,100.0,
2023-07-06 19:00:00,,precipprob,0.0,0.0,,,100.0,
2023-07-07 09:00:00,,precipprob,0.0,0.0,,,100.0,
2023-07-07 11:00:00,,precipprob,0.0,0.0,,,100.0,
2023-07-07 12:00:00,,precipprob,0.0,0.0,,,100.0,
2023-07-07 14:00:00,,precipprob,0.0,0.0,,,100.0,
2023-07-07 15:00:00,,precipprob,0.0,0.0,,,100.0,
2023-07-07 17:00:00,,precipprob,0.0,0.0,,,100.0,
2023-07-07 23:00:00,,precipprob,0.0,0.0,,,100.0,
2023-07-08 00:00:00,,precipprob,0.0,0.0,,,100.0,
2023-07-08 05:00:00,,precipprob,0.0,0.0,,,100.0,
2023-07-08 06:00:00,,precipprob,0.0,0.0,,,100.0,
2023-07-08 08:00:00,,precipprob,0.0,0.0,,,100.0,
2023-07-08 09:00:00,,precipprob,0.0,0.0,,,100.0,
2023-07-08 11:00:00,,precipprob,0.0,0.0,,,100.0,
2023-07-08 12:00:00,,precipprob,0.0,0.0,,,100.0,
2023-07-08 14:00:00,,precipprob,0.0,0.0,,,100.0,
2023-07-08 15:00:00,,precipprob,0.0,0.0,,,100.0,
2023-07-08 17:00:00,,precipprob,0.0,0.0,,,100.0,
2023-07-09 19:00:00,,precipprob,0.0,0.0,,,100.0,
2023-07-10 11:00:00,,precipprob,0.0,0.0,,,100.0,
2023-07-10 12:00:00,,precipprob,0.0,0.0,,,100.0,
2023-07-10 14:00:00,,precipprob,0.0,0.0,,,100.0,
2023-07-10 15:00:00,,precipprob,0.0,0.0,,,100.0,
2023-07-10 17:00:00,,precipprob,0.0,0.0,,,100.0,
2023-07-10 18:00:00,,precipprob,0.0,0.0,,,100.0,
2023-07-11 17:00:00,,precipprob,0.0,0.0,,,100.0,
2023-07-11 18:00:00,,precipprob,0.0,0.0,,,100.0,
2023-07-12 11:00:00,,precipprob,0.0,0.0,,,100.0,
2023-07-12 17:00:00,,precipprob,0.0,0.0,,,100.0,
2023-07-12 18:00:00,,precipprob,0.0,0.0,,,100.0,
2023-07-13 19:00:00,,precipprob,0.0,0.0,,,100.0,
2023-07-14 19:00:00,,precipprob,0.0,0.0,,,100.0,
2023-07-15 19:00:00,,precipprob,0.0,0.0,,,100.0,
2023-07-16 19:00:00,,precipprob,0.0,0.0,,,100.0,
2023-07-17 19:00:00,,precipprob,0.0,0.0,,,100.0,
2023-07-18 19:00:00,,precipprob,0.0,0.0,,,100.0,
2023-07-19 19:00:00,,precipprob,0.0,0.0,,,100.0,
2023-07-20 19:00:00,,precipprob,0.0,0.0,,,100.0,
2023-07-21 19:00:00,,precipprob,0.0,0.0,,,100.0,
2023-07-22 19:00:00,,precipprob,0.0,0.0,,,100.0,
2023-07-23 19:00:00,,precipprob,0.0,0.0,,,100.0,
2023-07-24 19:00:00,,precipprob,0.0,0.0,,,100.0,
2023-07-25 19:00:00,,precipprob,0.0,0.0,,,100.0,
2023-07-26 19:00:00,,precipprob,0.0,0.0,,,100.0,
2023-07-27 19:00:00,,precipprob,0.0,0.0,,,100.0,
2023-07-28 19:00:00,,precipprob,0.0,0.0,,,100.0,
2023-07-29 19:00:00,,precipprob,0.0,0.0,,,100.0,
2023-07-30 02:00:00,,precipprob,0.0,0.0,,,100.0,
2023-07-30 03:00:00,,precipprob,0.0,0.0,,,100.0,
2023-07-30 05:00:00,,precipprob,0.0,0.0,,,100.0,
2023-07-30 06:00:00,,precipprob,0.0,0.0,,,100.0,
2023-07-30 08:00:00,,precipprob,0.0,0.0,,,100.0,
2023-07-30 09:00:00,,precipprob,0.0,0.0,,,100.0,
2023-07-30 11:00:00,,precipprob,0.0,0.0,,,100.0,
2023-07-30 12:00:00,,precipprob,0.0,0.0,,,100.0,
2023-07-30 14:00:00,,precipprob,0.0,0.0,,,100.0,
2023-07-30 15:00:00,,precipprob,0.0,0.0,,,100.0,
2023-07-30 17:00:00,,precipprob,0.0,0.0,,,100.0,
2023-07-30 18:00:00,,precipprob,0.0,0.0,,,100.0,
2023-07-31 09:00:00,,precipprob,0.0,0.0,,,100.0,
2023-07-31 11:00:00,,precipprob,0.0,0.0,,,100.0,
2023-07-31 12:00:00,,precipprob,0.0,0.0,,,100.0,
2023-07-31 14:00:00,,precipprob,0.0,0.0,,,100.0,
2023-07-31 17:00:00,,precipprob,0.0,0.0,,,100.0,
2023-08-01 19:00:00,,precipprob,0.0,0.0,,,100.0,
2023-08-02 19:00:00,,precipprob,0.0,0.0,,,100.0,
2023-08-03 19:00:00,,precipprob,0.0,0.0,,,100.0,
2023-08-04 19:00:00,,precipprob,0.0,0.0,,,100.0,
2023-08-05 09:00:00,,precipprob,0.0,0.0,,,100.0,
2023-08-05 11:00:00,,precipprob,0.0,0.0,,,100.0,
2023-08-05 14:00:00,,precipprob,0.0,0.0,,,100.0,
2023-08-05 15:00:00,,precipprob,0.0,0.0,,,100.0,
2023-08-05 17:00:00,,precipprob,0.0,0.0,,,100.0,
2023-08-06 12:00:00,,precipprob,0.0,0.0,,,100.0,
2023-08-06 14:00:00,,precipprob,0.0,0.0,,,100.0,
2023-08-06 17:00:00,,precipprob,0.0,0.0,,,100.0,
2023-08-07 14:00:00,,precipprob,0.0,0.0,,,100.0,
2023-08-08 14:00:00,,precipprob,0.0,0.0,,,100.0,
2023-08-08 15:00:00,,precipprob,0.0,0.0,,,100.0,
2023-08-08 17:00:00,,precipprob,0.0,0.0,,,100.0,
2023-08-09 08:00:00,,precipprob,0.0,0.0,,,100.0,
2023-08-09 14:00:00,,precipprob,0.0,0.0,,,100.0,
2023-08-09 15:00:00,,precipprob,0.0,0.0,,,100.0,
2023-08-10 11:00:00,,precipprob,0.0,0.0,,,100.0,
2023-08-10 12:00:00,,precipprob,0.0,0.0,,,100.0,
2023-08-10 14:00:00,,precipprob,0.0,0.0,,,100.0,
2023-08-10 15:00:00,,precipprob,0.0,0.0,,,100.0,
2023-08-10 17:00:00,,precipprob,0.0,0.0,,,100.0,
2023-08-11 09:00:00,,precipprob,0.0,0.0,,,100.0,
2023-08-11 11:00:00,,precipprob,0.0,0.0,,,100.0,
2023-08-11 12:00:00,,precipprob,0.0,0.0,,,100.0,
2023-08-11 15:00:00,,precipprob,0.0,0.0,,,100.0,
2023-08-11 17:00:00,,precipprob,0.0,0.0,,,100.0,
2023-08-12 08:00:00,,precipprob,0.0,0.0,,,100.0,
2023-08-12 09:00:00,,precipprob,0.0,0.0,,,100.0,
2023-08-12 11:00:00,,precipprob,0.0,0.0,,,100.0,
2023-08-12 14:00:00,,precipprob,0.0,0.0,,,100.0,
2023-08-12 15:00:00,,precipprob,0.0,0.0,,,100.0,
2023-08-13 19:00:00,,precipprob,0.0,0.0,,,100.0,
2023-08-14 05:00:00,,precipprob,0.0,0.0,,,100.0,
2023-08-14 06:00:00,,precipprob,0.0,0.0,,,100.0,
2023-08-14 08:00:00,,precipprob,0.0,0.0,,,100.0,
2023-08-14 09:00:00,,precipprob,0.0,0.0,,,100.0,
2023-08-14 11:00:00,,precipprob,0.0,0.0,,,100.0,
2023-08-14 12:00:00,,precipprob,0.0,0.0,,,100.0,
2023-08-14 14:00:00,,precipprob,0.0,0.0,,,100.0,
2023-08-14 15:00:00,,precipprob,0.0,0.0,,,100.0,
2023-08-14 17:00:00,,precipprob,0.0,0.0,,,100.0,
2023-08-14 18:00:00,,precipprob,0.0,0.0,,,100.0,
2023-08-15 02:00:00,,precipprob,0.0,0.0,,,100.0,
2023-08-15 03:00:00,,precipprob,0.0,0.0,,,100.0,
2023-08-15 08:00:00,,precipprob,0.0,0.0,,,100.0,
2023-08-15 09:00:00,,precipprob,0.0,0.0,,,100.0,
2023-08-15 11:00:00,,precipprob,0.0,0.0,,,100.0,
2023-08-15 12:00:00,,precipprob,0.0,0.0,,,100.0,
2023-08-15 14:00:00,,precipprob,0.0,0.0,,,100.0,
2023-08-15 15:00:00,,precipprob,0.0,0.0,,,100.0,
2023-08-15 20:00:00,,precipprob,0.0,0.0,,,100.0,
2023-08-15 21:00:00,,precipprob,0.0,0.0,,,100.0,
2023-08-16 08:00:00,,precipprob,0.0,0.0,,,100.0,
2023-08-16 12:00:00,,precipprob,0.0,0.0,,,100.0,
2023-08-16 14:00:00,,precipprob,0.0,0.0,,,100.0,
2023-08-16 15:00:00,,precipprob,0.0,0.0,,,100.0,
2023-08-16 18:00:00,,precipprob,0.0,0.0,,,100.0,
2023-08-17 19:00:00,,precipprob,0.0,0.0,,,100.0,
2023-08-18 19:00:00,,precipprob,0.0,0.0,,,100.0,
2023-08-19 19:00:00,,precipprob,0.0,0.0,,,100.0,
2023-08-20 19:00:00,,precipprob,0.0,0.0,,,100.0,
2023-08-21 19:00:00,,precipprob,0.0,0.0,,,100.0,
2023-08-22 19:00:00,,precipprob,0.0,0.0,,,100.0,
2023-08-23 19:00:00,,precipprob,0.0,0.0,,,100.0,
2023-08-24 11:00:00,,precipprob,0.0,0.0,,,100.0,
2023-08-24 12:00:00,,precipprob,0.0,0.0,,,100.0,
2023-08-24 17:00:00,,precipprob,0.0,0.0,,,100.0,
2023-08-24 18:00:00,,precipprob,0.0,0.0,,,100.0,
2023-08-25 11:00:00,,precipprob,0.0,0.0,,,100.0,
2023-08-25 12:00:00,,precipprob,0.0,0.0,,,100.0,
2023-08-25 17:00:00,,precipprob,0.0,0.0,,,100.0,
2023-08-25 18:00:00,,precipprob,0.0,0.0,,,100.0,
2023-08-26 09:00:00,,precipprob,0.0,0.0,,,100.0,
2023-08-26 11:00:00,,precipprob,0.0,0.0,,,100.0,
2023-08-26 12:00:00,,precipprob,0.0,0.0,,,100.0,
2023-08-26 14:00:00,,precipprob,0.0,0.0,,,100.0,
2023-08-26 15:00:00,,precipprob,0.0,0.0,,,100.0,
2023-08-26 17:00:00,,precipprob,0.0,0.0,,,100.0,
2023-08-27 19:00:00,,precipprob,0.0,0.0,,,100.0,
2023-08-28 19:00:00,,precipprob,0.0,0.0,,,100.0,
2023-08-29 19:00:00,,precipprob,0.0,0.0,,,100.0,
2023-08-30 01:00:00,,precipprob,0.0,0.0,,,100.0,
2023-08-30 19:00:00,,precipprob,0.0,0.0,,,100.0,
2023-08-31 19:00:00,,precipprob,0.0,0.0,,,100.0,
2023-09-01 19:00:00,,precipprob,0.0,0.0,,,100.0,
2023-09-02 19:00:00,,precipprob,0.0,0.0,,,100.0,
2023-09-03 19:00:00,,precipprob,0.0,0.0,,,100.0,
2023-09-04 19:00:00,,precipprob,0.0,0.0,,,100.0,
2023-09-05 19:00:00,,precipprob,0.0,0.0,,,100.0,
2023-09-06 11:00:00,,precipprob,0.0,0.0,,,100.0,
2023-09-06 14:00:00,,precipprob,0.0,0.0,,,100.0,
2023-09-06 15:00:00,,precipprob,0.0,0.0,,,100.0,
2023-09-07 11:00:00,,precipprob,0.0,0.0,,,100.0,
2023-09-07 12:00:00,,precipprob,0.0,0.0,,,100.0,
2023-09-07 14:00:00,,precipprob,0.0,0.0,,,100.0,
2023-09-07 15:00:00,,precipprob,0.0,0.0,,,100.0,
2023-09-07 17:00:00,,precipprob,0.0,0.0,,,100.0,
2023-09-07 19:00:00,,precipprob,0.0,0.0,,,100.0,
2023-09-08 19:00:00,,precipprob,0.0,0.0,,,100.0,
2023-09-09 01:00:00,,precipprob,0.0,0.0,,,100.0,
2023-09-09 13:00:00,,precipprob,0.0,0.0,,,100.0,
2023-09-09 19:00:00,,precipprob,0.0,0.0,,,100.0,
2023-09-10 01:00:00,,precipprob,0.0,0.0,,,100.0,
2023-09-11 13:00:00,,precipprob,0.0,0.0,,,100.0,
2023-09-12 12:00:00,,precipprob,0.0,0.0,,,100.0,
2023-09-12 14:00:00,,precipprob,0.0,0.0,,,100.0,
2023-09-12 18:00:00,,precipprob,0.0,0.0,,,100.0,
2023-09-12 20:00:00,,precipprob,0.0,0.0,,,100.0,
2023-09-12 21:00:00,,precipprob,0.0,0.0,,,100.0,
2023-09-12 23:00:00,,precipprob,0.0,0.0,,,100.0,
2023-09-13 19:00:00,,precipprob,0.0,0.0,,,100.0,
2023-09-14 15:00:00,,precipprob,0.0,0.0,,,100.0,
2023-09-14 17:00:00,,precipprob,0.0,0.0,,,100.0,
2023-09-14 18:00:00,,precipprob,0.0,0.0,,,100.0,
2023-09-14 21:00:00,,precipprob,0.0,0.0,,,100.0,
2023-09-15 01:00:00,,precipprob,0.0,0.0,,,100.0,
2023-09-16 13:00:00,,precipprob,0.0,0.0,,,100.0,
2023-09-16 19:00:00,,precipprob,0.0,0.0,,,100.0,
2023-09-17 00:00:00,,precipprob,0.0,0.0,,,100.0,
2023-09-17 11:00:00,,precipprob,0.0,0.0,,,100.0,
2023-09-17 12:00:00,,precipprob,0.0,0.0,,,100.0,
2023-09-17 15:00:00,,precipprob,0.0,0.0,,,100.0,
2023-09-17 17:00:00,,precipprob,0.0,0.0,,,100.0,
2023-09-18 11:00:00,,precipprob,0.0,0.0,,,100.0,
2023-09-18 12:00:00,,precipprob,0.0,0.0,,,100.0,
2023-09-18 14:00:00,,precipprob,0.0,0.0,,,100.0,
2023-09-18 15:00:00,,precipprob,0.0,0.0,,,100.0,
2023-09-18 17:00:00,,precipprob,0.0,0.0,,,100.0,
2023-09-18 18:00:00,,precipprob,0.0,0.0,,,100.0,
2023-09-18 20:00:00,,precipprob,0.0,0.0,,,100.0,
2023-09-19 01:00:00,,precipprob,0.0,0.0,,,100.0,
2023-09-19 19:00:00,,precipprob,0.0,0.0,,,100.0,
2023-09-20 07:00:00,,precipprob,0.0,0.0,,,100.0,
2023-09-21 19:00:00,,precipprob,0.0,0.0,,,100.0,
2023-09-22 01:00:00,,precipprob,0.0,0.0,,,100.0,
2023-09-22 19:00:00,,precipprob,0.0,0.0,,,100.0,
2023-09-23 19:00:00,,precipprob,0.0,0.0,,,100.0,
2023-09-24 01:00:00,,precipprob,0.0,0.0,,,100.0,
2023-09-24 19:00:00,,precipprob,0.0,0.0,,,100.0,
2023-09-25 01:00:00,,precipprob,0.0,0.0,,,100.0,
2023-09-26 13:00:00,,precipprob,0.0,0.0,,,100.0,
2023-09-27 13:00:00,,precipprob,0.0,0.0,,,100.0,
2023-09-28 00:00:00,,precipprob,0.0,0.0,,,100.0,
2023-09-28 02:00:00,,precipprob,0.0,0.0,,,100.0,
2023-09-28 03:00:00,,precipprob,0.0,0.0,,,100.0,
2023-09-28 05:00:00,,precipprob,0.0,0.0,,,100.0,
2023-09-28 06:00:00,,precipprob,0.0,0.0,,,100.0,
2023-09-28 08:00:00,,precipprob,0.0,0.0,,,100.0,
2023-09-28 09:00:00,,precipprob,0.0,0.0,,,100.0,
2023-09-28 11:00:00,,precipprob,0.0,0.0,,,100.0,
2023-09-28 12:00:00,,precipprob,0.0,0.0,,,100.0,
2023-09-28 15:00:00,,precipprob,0.0,0.0,,,100.0,
2023-09-28 17:00:00,,precipprob,0.0,0.0,,,100.0,
2023-09-28 18:00:00,,precipprob,0.0,0.0,,,100.0,
2023-09-29 02:00:00,,precipprob,0.0,0.0,,,100.0,
2023-09-29 03:00:00,,precipprob,0.0,0.0,,,100.0,
2023-09-29 05:00:00,,precipprob,0.0,0.0,,,100.0,
2023-09-29 15:00:00,,precipprob,0.0,0.0,,,100.0,
2023-09-29 17:00:00,,precipprob,0.0,0.0,,,100.0,
2023-09-30 07:00:00,,precipprob,0.0,0.0,,,100.0,
2023-10-01 13:00:00,,precipprob,0.0,0.0,,,100.0,
2023-10-01 19:00:00,,precipprob,0.0,0.0,,,100.0,
2023-10-02 01:00:00,,precipprob,0.0,0.0,,,100.0,
2023-10-02 13:00:00,,precipprob,0.0,0.0,,,100.0,
2023-10-02 19:00:00,,precipprob,0.0,0.0,,,100.0,
2023-10-03 07:00:00,,precipprob,0.0,0.0,,,100.0,
2023-10-03 19:00:00,,precipprob,0.0,0.0,,,100.0,
2023-10-04 13:00:00,,precipprob,0.0,0.0,,,100.0,
2023-10-05 19:00:00,,precipprob,0.0,0.0,,,100.0,
2023-10-06 19:00:00,,precipprob,0.0,0.0,,,100.0,
2023-10-07 01:00:00,,precipprob,0.0,0.0,,,100.0,
2023-10-08 01:00:00,,precipprob,0.0,0.0,,,100.0,
2023-10-08 19:00:00,,precipprob,0.0,0.0,,,100.0,
2023-10-09 01:00:00,,precipprob,0.0,0.0,,,100.0,
2023-10-10 19:00:00,,precipprob,0.0,0.0,,,100.0,
2023-10-11 11:00:00,,precipprob,0.0,0.0,,,100.0,
2023-10-11 12:00:00,,precipprob,0.0,0.0,,,100.0,
2023-10-11 14:00:00,,precipprob,0.0,0.0,,,100.0,
2023-10-11 15:00:00,,precipprob,0.0,0.0,,,100.0,
2023-10-12 09:00:00,,precipprob,0.0,0.0,,,100.0,
2023-10-12 11:00:00,,precipprob,0.0,0.0,,,100.0,
2023-10-12 12:00:00,,precipprob,0.0,0.0,,,100.0,
2023-10-12 15:00:00,,precipprob,0.0,0.0,,,100.0,
2023-10-12 17:00:00,,precipprob,0.0,0.0,,,100.0,
2023-10-12 18:00:00,,precipprob,0.0,0.0,,,100.0,
2023-10-12 20:00:00,,precipprob,0.0,0.0,,,100.0,
2023-10-12 21:00:00,,precipprob,0.0,0.0,,,100.0,
2023-10-13 01:00:00,,precipprob,0.0,0.0,,,100.0,
2023-10-14 09:00:00,,precipprob,0.0,0.0,,,100.0,
2023-10-14 14:00:00,,precipprob,0.0,0.0,,,100.0,
2023-10-14 15:00:00,,precipprob,0.0,0.0,,,100.0,
2023-10-14 18:00:00,,precipprob,0.0,0.0,,,100.0,
2023-10-14 21:00:00,,precipprob,0.0,0.0,,,100.0,
2023-10-14 23:00:00,,precipprob,0.0,0.0,,,100.0,
2023-10-15 00:00:00,,precipprob,0.0,0.0,,,100.0,
2023-10-15 02:00:00,,precipprob,0.0,0.0,,,100.0,
2023-10-15 03:00:00,,precipprob,0.0,0.0,,,100.0,
2023-10-15 05:00:00,,precipprob,0.0,0.0,,,100.0,
2023-10-15 06:00:00,,precipprob,0.0,0.0,,,100.0,
2023-10-15 08:00:00,,precipprob,0.0,0.0,,,100.0,
2023-10-15 09:00:00,,precipprob,0.0,0.0,,,100.0,
2023-10-15 11:00:00,,precipprob,0.0,0.0,,,100.0,
2023-10-15 12:00:00,,precipprob,0.0,0.0,,,100.0,
2023-10-15 14:00:00,,precipprob,0.0,0.0,,,100.0,
2023-10-15 15:00:00,,precipprob,0.0,0.0,,,100.0,
2023-10-15 17:00:00,,precipprob,0.0,0.0,,,100.0,
2023-10-15 18:00:00,,precipprob,0.0,0.0,,,100.0,
2023-10-15 20:00:00,,precipprob,0.0,0.0,,,100.0,
2023-10-15 21:00:00,,precipprob,0.0,0.0,,,100.0,
2023-10-16 19:00:00,,precipprob,0.0,0.0,,,100.0,
2023-10-17 19:00:00,,precipprob,0.0,0.0,,,100.0,
2023-10-18 19:00:00,,precipprob,0.0,0.0,,,100.0,
2023-10-19 19:00:00,,precipprob,0.0,0.0,,,100.0,
2023-10-20 03:00:00,,precipprob,0.0,0.0,,,100.0,
2023-10-20 11:00:00,,precipprob,0.0,0.0,,,100.0,
2023-10-20 12:00:00,,precipprob,0.0,0.0,,,100.0,
2023-10-20 14:00:00,,precipprob,0.0,0.0,,,100.0,
2023-10-20 18:00:00,,precipprob,0.0,0.0,,,100.0,
2023-10-21 09:00:00,,precipprob,0.0,0.0,,,100.0,
2023-10-21 11:00:00,,precipprob,0.0,0.0,,,100.0,
2023-10-21 12:00:00,,precipprob,0.0,0.0,,,100.0,
2023-10-21 14:00:00,,precipprob,0.0,0.0,,,100.0,
2023-10-21 15:00:00,,precipprob,0.0,0.0,,,100.0,
2023-10-21 17:00:00,,precipprob,0.0,0.0,,,100.0,
2023-10-21 21:00:00,,precipprob,0.0,0.0,,,100.0,
2023-10-22 11:00:00,,precipprob,0.0,0.0,,,100.0,
2023-10-22 12:00:00,,precipprob,0.0,0.0,,,100.0,
2023-10-22 14:00:00,,precipprob,0.0,0.0,,,100.0,
2023-10-22 17:00:00,,precipprob,0.0,0.0,,,100.0,
2023-10-22 20:00:00,,precipprob,0.0,0.0,,,100.0,
2023-10-23 19:00:00,,precipprob,0.0,0.0,,,100.0,
2023-10-24 19:00:00,,precipprob,0.0,0.0,,,100.0,
2023-10-25 05:00:00,,precipprob,0.0,0.0,,,100.0,
2023-10-25 06:00:00,,precipprob,0.0,0.0,,,100.0,
2023-10-25 08:00:00,,precipprob,0.0,0.0,,,100.0,
2023-10-25 11:00:00,,precipprob,0.0,0.0,,,100.0,
2023-10-25 12:00:00,,precipprob,0.0,0.0,,,100.0,
2023-10-25 15:00:00,,precipprob,0.0,0.0,,,100.0,
2023-10-25 17:00:00,,precipprob,0.0,0.0,,,100.0,
2023-10-26 19:00:00,,precipprob,0.0,0.0,,,100.0,
2023-10-27 19:00:00,,precipprob,0.0,0.0,,,100.0,
2023-10-28 19:00:00,,precipprob,0.0,0.0,,,100.0,
2023-10-29 19:00:00,,precipprob,0.0,0.0,,,100.0,
2023-10-30 19:00:00,,precipprob,0.0,0.0,,,100.0,
2023-10-31 19:00:00,,precipprob,0.0,0.0,,,100.0,
2023-11-01 19:00:00,,precipprob,0.0,0.0,,,100.0,
2023-11-02 03:00:00,,precipprob,0.0,0.0,,,100.0,
2023-11-02 11:00:00,,precipprob,0.0,0.0,,,100.0,
2023-11-02 12:00:00,,precipprob,0.0,0.0,,,100.0,
2023-11-02 15:00:00,,precipprob,0.0,0.0,,,100.0,
2023-11-02 17:00:00,,precipprob,0.0,0.0,,,100.0,
2023-11-02 18:00:00,,precipprob,0.0,0.0,,,100.0,
2023-11-02 20:00:00,,precipprob,0.0,0.0,,,100.0,
2023-11-02 21:00:00,,precipprob,0.0,0.0,,,100.0,
2023-11-03 01:00:00,,precipprob,0.0,0.0,,,100.0,
2023-11-04 09:00:00,,precipprob,0.0,0.0,,,100.0,
2023-11-04 11:00:00,,precipprob,0.0,0.0,,,100.0,
2023-11-04 12:00:00,,precipprob,0.0,0.0,,,100.0,
2023-11-05 11:00:00,,precipprob,0.0,0.0,,,100.0,
2023-11-05 12:00:00,,precipprob,0.0,0.0,,,100.0,
2023-11-05 17:00:00,,precipprob,0.0,0.0,,,100.0,
2023-11-05 20:00:00,,precipprob,0.0,0.0,,,100.0,
2023-11-06 00:00:00,,precipprob,0.0,0.0,,,100.0,
2023-11-06 02:00:00,,precipprob,0.0,0.0,,,100.0,
2023-11-06 03:00:00,,precipprob,0.0,0.0,,,100.0,
2023-11-06 11:00:00,,precipprob,0.0,0.0,,,100.0,
2023-11-06 12:00:00,,precipprob,0.0,0.0,,,100.0,
2023-11-06 15:00:00,,precipprob,0.0,0.0,,,100.0,
2023-11-07 03:00:00,,precipprob,0.0,0.0,,,100.0,
2023-11-07 05:00:00,,precipprob,0.0,0.0,,,100.0,
2023-11-07 06:00:00,,precipprob,0.0,0.0,,,100.0,
2023-11-07 08:00:00,,precipprob,0.0,0.0,,,100.0,
2023-11-07 09:00:00,,precipprob,0.0,0.0,,,100.0,
2023-11-07 11:00:00,,precipprob,0.0,0.0,,,100.0,
2023-11-07 12:00:00,,precipprob,0.0,0.0,,,100.0,
2023-11-07 14:00:00,,precipprob,0.0,0.0,,,100.0,
2023-11-07 15:00:00,,precipprob,0.0,0.0,,,100.0,
2023-11-07 17:00:00,,precipprob,0.0,0.0,,,100.0,
2023-11-07 18:00:00,,precipprob,0.0,0.0,,,100.0,
2023-11-07 20:00:00,,precipprob,0.0,0.0,,,100.0,
2023-11-07 21:00:00,,precipprob,0.0,0.0,,,100.0,
2023-11-07 23:00:00,,precipprob,0.0,0.0,,,100.0,
2023-11-08 00:00:00,,precipprob,0.0,0.0,,,100.0,
2023-11-08 09:00:00,,precipprob,0.0,0.0,,,100.0,
2023-11-08 11:00:00,,precipprob,0.0,0.0,,,100.0,
2023-11-08 12:00:00,,precipprob,0.0,0.0,,,100.0,
2023-11-09 00:00:00,,precipprob,0.0,0.0,,,100.0,
2023-11-09 11:00:00,,precipprob,0.0,0.0,,,100.0,
2023-11-09 12:00:00,,precipprob,0.0,0.0,,,100.0,
2023-11-09 14:00:00,,precipprob,0.0,0.0,,,100.0,
2023-11-09 15:00:00,,precipprob,0.0,0.0,,,100.0,
2023-11-09 17:00:00,,precipprob,0.0,0.0,,,100.0,
2023-11-09 20:00:00,,precipprob,0.0,0.0,,,100.0,
2023-11-09 21:00:00,,precipprob,0.0,0.0,,,100.0,
2023-11-09 23:00:00,,precipprob,0.0,0.0,,,100.0,
2023-11-10 00:00:00,,precipprob,0.0,0.0,,,100.0,
2023-11-10 02:00:00,,precipprob,0.0,0.0,,,100.0,
2023-11-10 03:00:00,,precipprob,0.0,0.0,,,100.0,
2023-11-10 11:00:00,,precipprob,0.0,0.0,,,100.0,
2023-11-10 12:00:00,,precipprob,0.0,0.0,,,100.0,
2023-11-10 14:00:00,,precipprob,0.0,0.0,,,100.0,
2023-11-10 15:00:00,,precipprob,0.0,0.0,,,100.0,
2023-11-10 17:00:00,,precipprob,0.0,0.0,,,100.0,
2023-11-10 18:00:00,,precipprob,0.0,0.0,,,100.0,
2023-11-11 09:00:00,,precipprob,0.0,0.0,,,100.0,
2023-11-11 12:00:00,,precipprob,0.0,0.0,,,100.0,
2023-11-12 19:00:00,,precipprob,0.0,0.0,,,100.0,
2023-11-13 17:00:00,,precipprob,0.0,0.0,,,100.0,
2023-11-13 18:00:00,,precipprob,0.0,0.0,,,100.0,
2023-11-14 00:00:00,,precipprob,0.0,0.0,,,100.0,
2023-11-14 11:00:00,,precipprob,0.0,0.0,,,100.0,
2023-11-14 12:00:00,,precipprob,0.0,0.0,,,100.0,
2023-11-14 15:00:00,,precipprob,0.0,0.0,,,100.0,
2023-11-14 17:00:00,,precipprob,0.0,0.0,,,100.0,
2023-11-15 08:00:00,,precipprob,0.0,0.0,,,100.0,
2023-11-15 09:00:00,,precipprob,0.0,0.0,,,100.0,
2023-11-15 11:00:00,,precipprob,0.0,0.0,,,100.0,
2023-11-15 12:00:00,,precipprob,0.0,0.0,,,100.0,
2023-11-15 14:00:00,,precipprob,0.0,0.0,,,100.0,
2023-11-15 15:00:00,,precipprob,0.0,0.0,,,100.0,
2023-11-15 17:00:00,,precipprob,0.0,0.0,,,100.0,
2023-11-16 19:00:00,,precipprob,0.0,0.0,,,100.0,
2023-11-17 11:00:00,,precipprob,0.0,0.0,,,100.0,
2023-11-17 12:00:00,,precipprob,0.0,0.0,,,100.0,
2023-11-17 14:00:00,,precipprob,0.0,0.0,,,100.0,
2023-11-17 15:00:00,,precipprob,0.0,0.0,,,100.0,
2023-11-17 17:00:00,,precipprob,0.0,0.0,,,100.0,
2023-11-17 18:00:00,,precipprob,0.0,0.0,,,100.0,
2023-11-17 20:00:00,,precipprob,0.0,0.0,,,100.0,
2023-11-20 14:00:00,,precipprob,0.0,0.0,,,100.0,
2023-11-21 12:00:00,,precipprob,0.0,0.0,,,100.0,
2023-11-21 14:00:00,,precipprob,0.0,0.0,,,100.0,
2023-11-21 18:00:00,,precipprob,0.0,0.0,,,100.0,
2023-11-22 11:00:00,,precipprob,0.0,0.0,,,100.0,
2023-11-23 05:00:00,,precipprob,0.0,0.0,,,100.0,
2023-11-23 06:00:00,,precipprob,0.0,0.0,,,100.0,
2023-11-23 09:00:00,,precipprob,0.0,0.0,,,100.0,
2023-11-23 17:00:00,,precipprob,0.0,0.0,,,100.0,
2023-11-23 18:00:00,,precipprob,0.0,0.0,,,100.0,
2023-11-23 20:00:00,,precipprob,0.0,0.0,,,100.0,
2023-11-23 23:00:00,,precipprob,0.0,0.0,,,100.0,
2023-11-24 19:00:00,,precipprob,0.0,0.0,,,100.0,
2023-11-25 19:00:00,,precipprob,0.0,0.0,,,100.0,
2023-11-26 19:00:00,,precipprob,0.0,0.0,,,100.0,
2023-11-27 19:00:00,,precipprob,0.0,0.0,,,100.0,
2023-11-28 15:00:00,,precipprob,0.0,0.0,,,100.0,
2023-11-28 17:00:00,,precipprob,0.0,0.0,,,100.0,
2023-11-28 18:00:00,,precipprob,0.0,0.0,,,100.0,
2023-11-29 19:00:00,,precipprob,0.0,0.0,,,100.0,
2023-11-30 19:00:00,,precipprob,0.0,0.0,,,100.0,
2023-12-01 19:00:00,,precipprob,0.0,0.0,,,100.0,
2023-12-02 15:00:00,,precipprob,0.0,0.0,,,100.0,
2023-12-02 17:00:00,,precipprob,0.0,0.0,,,100.0,
2023-12-02 18:00:00,,precipprob,0.0,0.0,,,100.0,
2023-12-03 01:00:00,,precipprob,0.0,0.0,,,100.0,
2023-12-04 05:00:00,,precipprob,0.0,0.0,,,100.0,
2023-12-04 06:00:00,,precipprob,0.0,0.0,,,100.0,
2023-12-04 11:00:00,,precipprob,0.0,0.0,,,100.0,
2023-12-04 12:00:00,,precipprob,0.0,0.0,,,100.0,
2023-12-04 14:00:00,,precipprob,0.0,0.0,,,100.0,
2023-12-04 15:00:00,,precipprob,0.0,0.0,,,100.0,
2023-12-04 17:00:00,,precipprob,0.0,0.0,,,100.0,
2023-12-05 11:00:00,,precipprob,0.0,0.0,,,100.0,
2023-12-05 15:00:00,,precipprob,0.0,0.0,,,100.0,
2023-12-05 17:00:00,,precipprob,0.0,0.0,,,100.0,
2023-12-05 18:00:00,,precipprob,0.0,0.0,,,100.0,
2023-12-06 01:00:00,,precipprob,0.0,0.0,,,100.0,
2023-12-07 11:00:00,,precipprob,0.0,0.0,,,100.0,
2023-12-07 12:00:00,,precipprob,0.0,0.0,,,100.0,
2023-12-07 17:00:00,,precipprob,0.0,0.0,,,100.0,
2023-12-08 03:00:00,,precipprob,0.0,0.0,,,100.0,
2023-12-09 09:00:00,,precipprob,0.0,0.0,,,100.0,
2023-12-09 11:00:00,,precipprob,0.0,0.0,,,100.0,
2023-12-09 12:00:00,,precipprob,0.0,0.0,,,100.0,
2023-12-09 14:00:00,,precipprob,0.0,0.0,,,100.0,
2023-12-15 11:00:00,,precipprob,0.0,0.0,,,100.0,
2023-12-15 12:00:00,,precipprob,0.0,0.0,,,100.0,
2023-12-16 11:00:00,,precipprob,0.0,0.0,,,100.0,
2023-12-16 12:00:00,,precipprob,0.0,0.0,,,100.0,
2023-12-16 14:00:00,,precipprob,0.0,0.0,,,100.0,
2023-12-17 17:00:00,,precipprob,0.0,0.0,,,100.0,
2023-12-17 18:00:00,,precipprob,0.0,0.0,,,100.0,
2023-12-18 17:00:00,,precipprob,0.0,0.0,,,100.0,
2023-12-18 18:00:00,,precipprob,0.0,0.0,,,100.0,
2023-12-19 19:00:00,,precipprob,0.0,0.0,,,100.0,
2023-12-20 19:00:00,,precipprob,0.0,0.0,,,100.0,
2023-12-22 18:00:00,,precipprob,0.0,0.0,,,100.0,
2023-12-22 23:00:00,,precipprob,0.0,0.0,,,100.0,
2023-12-23 08:00:00,,precipprob,0.0,0.0,,,100.0,
2023-12-23 09:00:00,,precipprob,0.0,0.0,,,100.0,
2023-12-23 11:00:00,,precipprob,0.0,0.0,,,100.0,
2023-12-23 12:00:00,,precipprob,0.0,0.0,,,100.0,
2023-12-23 14:00:00,,precipprob,0.0,0.0,,,100.0,
2023-12-24 14:00:00,,precipprob,0.0,0.0,,,100.0,
2023-12-24 15:00:00,,precipprob,0.0,0.0,,,100.0,
2023-12-24 17:00:00,,precipprob,0.0,0.0,,,100.0,
2023-12-24 18:00:00,,precipprob,0.0,0.0,,,100.0,
2023-12-27 17:00:00,,precipprob,0.0,0.0,,,100.0,
2023-12-27 18:00:00,,precipprob,0.0,0.0,,,100.0,
2023-12-28 15:00:00,,precipprob,0.0,0.0,,,100.0,
2023-12-28 17:00:00,,precipprob,0.0,0.0,,,100.0,
2023-12-29 15:00:00,,precipprob,0.0,0.0,,,100.0,
2023-12-29 17:00:00,,precipprob,0.0,0.0,,,100.0,
2023-12-29 18:00:00,,precipprob,0.0,0.0,,,100.0,
2023-12-30 11:00:00,,precipprob,0.0,0.0,,,100.0,
2023-12-30 12:00:00,,precipprob,0.0,0.0,,,100.0,
2023-12-31 11:00:00,,precipprob,0.0,0.0,,,100.0,
2023-12-31 12:00:00,,precipprob,0.0,0.0,,,100.0,
2023-12-31 14:00:00,,precipprob,0.0,0.0,,,100.0,
2023-12-31 17:00:00,,precipprob,0.0,0.0,,,100.0,
2024-01-01 11:00:00,,precipprob,0.0,0.0,,,100.0,
2024-01-01 15:00:00,,precipprob,0.0,0.0,,,100.0,
2024-01-02 11:00:00,,precipprob,0.0,0.0,,,100.0,
2024-01-02 12:00:00,,precipprob,0.0,0.0,,,100.0,
2024-01-02 17:00:00,,precipprob,0.0,0.0,,,100.0,
2024-01-03 11:00:00,,precipprob,0.0,0.0,,,100.0,
2024-01-03 12:00:00,,precipprob,0.0,0.0,,,100.0,
2024-01-04 14:00:00,,precipprob,0.0,0.0,,,100.0,
2024-01-04 15:00:00,,precipprob,0.0,0.0,,,100.0,
2024-01-04 17:00:00,,precipprob,0.0,0.0,,,100.0,
2024-01-04 18:00:00,,precipprob,0.0,0.0,,,100.0,
2024-01-05 14:00:00,,precipprob,0.0,0.0,,,100.0,
2024-01-06 15:00:00,,precipprob,0.0,0.0,,,100.0,
2024-01-06 17:00:00,,precipprob,0.0,0.0,,,100.0,
2024-01-06 18:00:00,,precipprob,0.0,0.0,,,100.0,
2024-01-07 11:00:00,,precipprob,0.0,0.0,,,100.0,
2024-01-07 12:00:00,,precipprob,0.0,0.0,,,100.0,
2024-01-07 14:00:00,,precipprob,0.0,0.0,,,100.0,
2024-01-07 15:00:00,,precipprob,0.0,0.0,,,100.0,
2024-01-08 11:00:00,,precipprob,0.0,0.0,,,100.0,
2024-01-08 12:00:00,,precipprob,0.0,0.0,,,100.0,
2024-01-08 15:00:00,,precipprob,0.0,0.0,,,100.0,
2024-01-08 17:00:00,,precipprob,0.0,0.0,,,100.0,
2024-01-09 11:00:00,,precipprob,0.0,0.0,,,100.0,
2024-01-10 11:00:00,,precipprob,0.0,0.0,,,100.0,
2024-01-11 11:00:00,,precipprob,0.0,0.0,,,100.0,
2024-01-16 17:00:00,,precipprob,0.0,0.0,,,100.0,
2024-01-16 18:00:00,,precipprob,0.0,0.0,,,100.0,
2024-01-16 20:00:00,,precipprob,0.0,0.0,,,100.0,
2024-02-24 11:00:00,,precipprob,0.0,0.0,,,100.0,
2024-02-27 12:00:00,,precipprob,0.0,0.0,,,100.0,
2024-02-27 18:00:00,,precipprob,0.0,0.0,,,100.0,
2024-02-27 20:00:00,,precipprob,0.0,0.0,,,100.0,
2024-02-27 21:00:00,,precipprob,0.0,0.0,,,100.0,
2024-03-06 09:00:00,,precipprob,0.0,0.0,,,100.0,
2024-03-07 11:00:00,,precipprob,0.0,0.0,,,100.0,
2024-03-13 11:00:00,,precipprob,0.0,0.0,,,100.0,
2024-03-28 15:00:00,,precipprob,0.0,0.0,,,100.0,
2024-03-28 16:00:00,,precipprob,0.0,0.0,,,100.0,
2024-03-28 18:00:00,,precipprob,0.0,0.0,,,100.0,
2024-03-30 15:00:00,,precipprob,0.0,0.0,,,100.0,
2024-03-30 16:00:00,,precipprob,0.0,0.0,,,100.0,
2024-03-31 15:00:00,,precipprob,0.0,0.0,,,100.0,
2024-03-31 16:00:00,,precipprob,0.0,0.0,,,100.0,
2024-04-01 09:00:00,,precipprob,0.0,0.0,,,100.0,
2024-04-01 10:00:00,,precipprob,0.0,0.0,,,100.0,
2024-04-01 11:00:00,,precipprob,0.0,0.0,,,100.0,
2024-04-01 12:00:00,,precipprob,0.0,0.0,,,100.0,
2024-04-01 13:00:00,,precipprob,0.0,0.0,,,100.0,
2024-04-01 14:00:00,,precipprob,0.0,0.0,,,100.0,
2024-04-02 03:00:00,,precipprob,0.0,0.0,,,100.0,
2024-04-02 05:00:00,,precipprob,0.0,0.0,,,100.0,
2024-04-02 09:00:00,,precipprob,0.0,0.0,,,100.0,
2024-04-02 11:00:00,,precipprob,0.0,0.0,,,100.0,
2024-04-02 12:00:00,,precipprob,0.0,0.0,,,100.0,
2024-04-02 14:00:00,,precipprob,0.0,0.0,,,100.0,
2024-04-04 09:00:00,,precipprob,0.0,0.0,,,100.0,
2024-04-04 11:00:00,,precipprob,0.0,0.0,,,100.0,
2024-04-04 12:00:00,,precipprob,0.0,0.0,,,100.0,
2024-04-05 03:00:00,,precipprob,0.0,0.0,,,100.0,
2024-04-05 08:00:00,,precipprob,0.0,0.0,,,100.0,
2024-04-05 11:00:00,,precipprob,0.0,0.0,,,100.0,
2024-04-05 12:00:00,,precipprob,0.0,0.0,,,100.0,
2024-04-08 15:00:00,,precipprob,0.0,0.0,,,100.0,
2024-04-13 11:00:00,,precipprob,0.0,0.0,,,100.0,
2024-04-13 15:00:00,,precipprob,0.0,0.0,,,100.0,
2024-04-17 09:00:00,,precipprob,0.0,0.0,,,100.0,
2024-04-17 11:00:00,,precipprob,0.0,0.0,,,100.0,
2024-04-17 12:00:00,,precipprob,0.0,0.0,,,100.0,
2024-04-18 08:00:00,,precipprob,0.0,0.0,,,100.0,
2024-04-19 08:00:00,,precipprob,0.0,0.0,,,100.0,
2024-04-19 09:00:00,,precipprob,0.0,0.0,,,100.0,
2024-04-24 15:00:00,,precipprob,0.0,0.0,,,100.0,
2024-04-25 07:00:00,,precipprob,0.0,0.0,,,100.0,
2024-04-26 14:00:00,,precipprob,0.0,0.0,,,100.0,
2024-04-26 15:00:00,,precipprob,0.0,0.0,,,100.0,
2024-04-28 06:00:00,,precipprob,0.0,0.0,,,100.0,
2024-04-28 08:00:00,,precipprob,0.0,0.0,,,100.0,
2024-05-01 03:00:00,,precipprob,0.0,0.0,,,100.0,
2024-05-01 07:00:00,,precipprob,0.0,0.0,,,100.0,
2024-05-02 05:00:00,,precipprob,0.0,0.0,,,100.0,
2024-05-02 06:00:00,,precipprob,0.0,0.0,,,100.0,
2024-05-02 08:00:00,,precipprob,0.0,0.0,,,100.0,
2024-05-02 09:00:00,,precipprob,0.0,0.0,,,100.0,
2024-05-03 12:00:00,,precipprob,0.0,0.0,,,100.0,
2024-05-03 15:00:00,,precipprob,0.0,0.0,,,100.0,
2024-05-04 03:00:00,,precipprob,0.0,0.0,,,100.0,
2024-05-04 09:00:00,,precipprob,0.0,0.0,,,100.0,
2024-05-04 11:00:00,,precipprob,0.0,0.0,,,100.0,
2024-05-04 12:00:00,,precipprob,0.0,0.0,,,100.0,
2024-05-04 15:00:00,,precipprob,0.0,0.0,,,100.0,
2024-05-04 17:00:00,,precipprob,0.0,0.0,,,100.0,
2024-05-04 18:00:00,,precipprob,0.0,0.0,,,100.0,
2024-05-05 06:00:00,,precipprob,0.0,0.0,,,100.0,
2024-05-05 08:00:00,,precipprob,0.0,0.0,,,100.0,
2024-05-05 09:00:00,,precipprob,0.0,0.0,,,100.0,
2024-05-05 11:00:00,,precipprob,0.0,0.0,,,100.0,
2024-05-05 12:00:00,,precipprob,0.0,0.0,,,100.0,
2024-05-05 14:00:00,,precipprob,0.0,0.0,,,100.0,
2024-05-05 15:00:00,,precipprob,0.0,0.0,,,100.0,
2024-05-05 17:00:00,,precipprob,0.0,0.0,,,100.0,
2024-05-06 09:00:00,,precipprob,0.0,0.0,,,100.0,
2024-05-06 11:00:00,,precipprob,0.0,0.0,,,100.0,
2024-05-06 12:00:00,,precipprob,0.0,0.0,,,100.0,
2024-05-07 11:00:00,,precipprob,0.0,0.0,,,100.0,
2024-05-07 15:00:00,,precipprob,0.0,0.0,,,100.0,
2024-05-07 17:00:00,,precipprob,0.0,0.0,,,100.0,
2024-05-08 02:00:00,,precipprob,0.0,0.0,,,100.0,
2024-05-08 09:00:00,,precipprob,0.0,0.0,,,100.0,
2024-05-08 15:00:00,,precipprob,0.0,0.0,,,100.0,
2024-05-09 05:00:00,,precipprob,0.0,0.0,,,100.0,
2024-05-09 11:00:00,,precipprob,0.0,0.0,,,100.0,
2024-05-09 12:00:00,,precipprob,0.0,0.0,,,100.0,
2024-05-09 15:00:00,,precipprob,0.0,0.0,,,100.0,
2024-05-10 11:00:00,,precipprob,0.0,0.0,,,100.0,
2024-05-11 19:00:00,,precipprob,0.0,0.0,,,100.0,
2024-05-12 00:00:00,,precipprob,0.0,0.0,,,100.0,
2024-05-12 09:00:00,,precipprob,0.0,0.0,,,100.0,
2024-05-12 17:00:00,,precipprob,0.0,0.0,,,100.0,
2024-05-12 20:00:00,,precipprob,0.0,0.0,,,100.0,
2024-05-12 21:00:00,,precipprob,0.0,0.0,,,100.0,
2024-05-13 02:00:00,,precipprob,0.0,0.0,,,100.0,
2024-05-13 17:00:00,,precipprob,0.0,0.0,,,100.0,
2024-05-13 21:00:00,,precipprob,0.0,0.0,,,100.0,
2024-05-14 02:00:00,,precipprob,0.0,0.0,,,100.0,
2024-05-14 03:00:00,,precipprob,0.0,0.0,,,100.0,
2024-05-14 08:00:00,,precipprob,0.0,0.0,,,100.0,
2024-05-14 09:00:00,,precipprob,0.0,0.0,,,100.0,
2024-05-15 19:00:00,,precipprob,0.0,0.0,,,100.0,
2024-05-16 11:00:00,,precipprob,0.0,0.0,,,100.0,
2024-05-16 12:00:00,,precipprob,0.0,0.0,,,100.0,
2024-05-16 14:00:00,,precipprob,0.0,0.0,,,100.0,
2024-05-16 15:00:00,,precipprob,0.0,0.0,,,100.0,
2024-05-16 17:00:00,,precipprob,0.0,0.0,,,100.0,
2024-05-17 19:00:00,,precipprob,0.0,0.0,,,100.0,
2024-05-18 12:00:00,,precipprob,0.0,0.0,,,100.0,
2024-05-19 00:00:00,,precipprob,0.0,0.0,,,100.0,
2024-05-19 03:00:00,,precipprob,0.0,0.0,,,100.0,
2024-05-19 09:00:00,,precipprob,0.0,0.0,,,100.0,
2024-05-19 11:00:00,,precipprob,0.0,0.0,,,100.0,
2024-05-19 12:00:00,,precipprob,0.0,0.0,,,100.0,
2024-05-19 15:00:00,,precipprob,0.0,0.0,,,100.0,
2024-05-19 17:00:00,,precipprob,0.0,0.0,,,100.0,
2024-05-20 19:00:00,,precipprob,0.0,0.0,,,100.0,
2024-05-21 01:00:00,,precipprob,0.0,0.0,,,100.0,
2024-05-21 07:00:00,,precipprob,0.0,0.0,,,100.0,
2024-05-21 19:00:00,,precipprob,0.0,0.0,,,100.0,
2024-05-22 19:00:00,,precipprob,0.0,0.0,,,100.0,
2024-05-23 02:00:00,,precipprob,0.0,0.0,,,100.0,
2024-05-23 03:00:00,,precipprob,0.0,0.0,,,100.0,
2024-05-23 05:00:00,,precipprob,0.0,0.0,,,100.0,
2024-05-23 09:00:00,,precipprob,0.0,0.0,,,100.0,
2024-05-23 11:00:00,,precipprob,0.0,0.0,,,100.0,
2024-05-23 12:00:00,,precipprob,0.0,0.0,,,100.0,
2024-05-23 14:00:00,,precipprob,0.0,0.0,,,100.0,
2024-05-23 15:00:00,,precipprob,0.0,0.0,,,100.0,
2024-05-23 17:00:00,,precipprob,0.0,0.0,,,100.0,
2024-05-24 12:00:00,,precipprob,0.0,0.0,,,100.0,
2024-05-24 17:00:00,,precipprob,0.0,0.0,,,100.0,
2024-05-25 09:00:00,,precipprob,0.0,0.0,,,100.0,
2024-05-26 04:00:00,,precipprob,0.0,0.0,,,100.0,
2024-05-26 05:00:00,,precipprob,0.0,0.0,,,100.0,
2024-05-26 06:00:00,,precipprob,0.0,0.0,,,100.0,
2024-05-26 08:00:00,,precipprob,0.0,0.0,,,100.0,
2024-05-26 09:00:00,,precipprob,0.0,0.0,,,100.0,
2024-05-26 12:00:00,,precipprob,0.0,0.0,,,100.0,
2024-05-26 15:00:00,,precipprob,0.0,0.0,,,100.0,
2024-05-26 17:00:00,,precipprob,0.0,0.0,,,100.0,
2024-05-26 18:00:00,,precipprob,0.0,0.0,,,100.0,
2024-05-27 19:00:00,,precipprob,0.0,0.0,,,100.0,
2024-05-28 01:00:00,,precipprob,0.0,0.0,,,100.0,
2024-05-29 11:00:00,,precipprob,0.0,0.0,,,100.0,
2024-05-29 12:00:00,,precipprob,0.0,0.0,,,100.0,
2024-05-29 14:00:00,,precipprob,0.0,0.0,,,100.0,
2024-05-29 15:00:00,,precipprob,0.0,0.0,,,100.0,
2024-05-29 17:00:00,,precipprob,0.0,0.0,,,100.0,
2024-05-29 18:00:00,,precipprob,0.0,0.0,,,100.0,
2024-05-29 20:00:00,,precipprob,0.0,0.0,,,100.0,
2024-05-30 19:00:00,,precipprob,0.0,0.0,,,100.0,
2024-05-31 01:00:00,,precipprob,0.0,0.0,,,100.0,
2024-05-31 19:00:00,,precipprob,0.0,0.0,,,100.0,
2024-06-01 08:00:00,,precipprob,0.0,0.0,,,100.0,
2024-06-01 09:00:00,,precipprob,0.0,0.0,,,100.0,
2024-06-01 11:00:00,,precipprob,0.0,0.0,,,100.0,
2024-06-01 12:00:00,,precipprob,0.0,0.0,,,100.0,
2024-06-01 14:00:00,,precipprob,0.0,0.0,,,100.0,
2024-06-01 17:00:00,,precipprob,0.0,0.0,,,100.0,
2024-06-01 18:00:00,,precipprob,0.0,0.0,,,100.0,
2024-06-02 17:00:00,,precipprob,0.0,0.0,,,100.0,
2024-06-04 17:00:00,,precipprob,0.0,0.0,,,100.0,
2024-06-05 13:00:00,,precipprob,0.0,0.0,,,100.0,
2024-06-06 09:00:00,,precipprob,0.0,0.0,,,100.0,
2024-06-06 17:00:00,,precipprob,0.0,0.0,,,100.0,
2024-06-06 18:00:00,,precipprob,0.0,0.0,,,100.0,
2024-06-06 20:00:00,,precipprob,0.0,0.0,,,100.0,
2024-06-07 13:00:00,,precipprob,0.0,0.0,,,100.0,
2024-06-08 19:00:00,,precipprob,0.0,0.0,,,100.0,
2024-06-09 01:00:00,,precipprob,0.0,0.0,,,100.0,
2024-06-10 13:00:00,,precipprob,0.0,0.0,,,100.0,
2024-06-11 19:00:00,,precipprob,0.0,0.0,,,100.0,
2024-06-12 11:00:00,,precipprob,0.0,0.0,,,100.0,
2024-06-12 12:00:00,,precipprob,0.0,0.0,,,100.0,
2024-06-12 18:00:00,,precipprob,0.0,0.0,,,100.0,
2024-06-13 11:00:00,,precipprob,0.0,0.0,,,100.0,
2024-06-13 17:00:00,,precipprob,0.0,0.0,,,100.0,
2024-06-14 19:00:00,,precipprob,0.0,0.0,,,100.0,
2024-06-15 05:00:00,,precipprob,0.0,0.0,,,100.0,
2024-06-15 06:00:00,,precipprob,0.0,0.0,,,100.0,
2024-06-15 11:00:00,,precipprob,0.0,0.0,,,100.0,
2024-06-15 12:00:00,,precipprob,0.0,0.0,,,100.0,
2024-06-15 14:00:00,,precipprob,0.0,0.0,,,100.0,
2024-06-15 15:00:00,,precipprob,0.0,0.0,,,100.0,
2024-06-15 17:00:00,,precipprob,0.0,0.0,,,100.0,
2024-06-15 18:00:00,,precipprob,0.0,0.0,,,100.0,
2024-06-15 20:00:00,,precipprob,0.0,0.0,,,100.0,
2024-06-15 21:00:00,,precipprob,0.0,0.0,,,100.0,
2024-06-16 01:00:00,,precipprob,0.0,0.0,,,100.0,
2024-06-16 07:00:00,,precipprob,0.0,0.0,,,100.0,
2024-06-17 19:00:00,,precipprob,0.0,0.0,,,100.0,
2024-06-18 08:00:00,,precipprob,0.0,0.0,,,100.0,
2024-06-18 09:00:00,,precipprob,0.0,0.0,,,100.0,
2024-06-18 11:00:00,,precipprob,0.0,0.0,,,100.0,
2024-06-18 12:00:00,,precipprob,0.0,0.0,,,100.0,
2024-06-18 15:00:00,,precipprob,0.0,0.0,,,100.0,
2024-06-18 17:00:00,,precipprob,0.0,0.0,,,100.0,
2024-06-18 18:00:00,,precipprob,0.0,0.0,,,100.0,
2024-06-19 01:00:00,,precipprob,0.0,0.0,,,100.0,
2024-06-19 19:00:00,,precipprob,0.0,0.0,,,100.0,
2024-06-20 09:00:00,,precipprob,0.0,0.0,,,100.0,
2024-06-20 11:00:00,,precipprob,0.0,0.0,,,100.0,
2024-06-20 12:00:00,,precipprob,0.0,0.0,,,100.0,
2024-06-20 14:00:00,,precipprob,0.0,0.0,,,100.0,
2024-06-20 15:00:00,,precipprob,0.0,0.0,,,100.0,
2024-06-20 17:00:00,,precipprob,0.0,0.0,,,100.0,
2024-06-20 18:00:00,,precipprob,0.0,0.0,,,100.0,
2024-06-20 20:00:00,,precipprob,0.0,0.0,,,100.0,
2024-06-20 21:00:00,,precipprob,0.0,0.0,,,100.0,
2024-06-21 01:00:00,,precipprob,0.0,0.0,,,100.0,
2024-06-21 19:00:00,,precipprob,0.0,0.0,,,100.0,
2024-06-22 01:00:00,,precipprob,0.0,0.0,,,100.0,
2024-06-23 19:00:00,,precipprob,0.0,0.0,,,100.0,
2024-06-24 13:00:00,,precipprob,0.0,0.0,,,100.0,
2024-06-25 00:00:00,,precipprob,0.0,0.0,,,100.0,
2024-06-25 02:00:00,,precipprob,0.0,0.0,,,100.0,
2024-06-25 03:00:00,,precipprob,0.0,0.0,,,100.0,
2024-06-25 05:00:00,,precipprob,0.0,0.0,,,100.0,
2024-06-25 06:00:00,,precipprob,0.0,0.0,,,100.0,
2024-06-25 08:00:00,,precipprob,0.0,0.0,,,100.0,
2024-06-25 09:00:00,,precipprob,0.0,0.0,,,100.0,
2024-06-25 11:00:00,,precipprob,0.0,0.0,,,100.0,
2024-06-25 12:00:00,,precipprob,0.0,0.0,,,100.0,
2024-06-25 18:00:00,,precipprob,0.0,0.0,,,100.0,
2024-06-26 02:00:00,,precipprob,0.0,0.0,,,100.0,
2024-06-26 17:00:00,,precipprob,0.0,0.0,,,100.0,
2024-06-26 20:00:00,,precipprob,0.0,0.0,,,100.0,
2024-06-26 21:00:00,,precipprob,0.0,0.0,,,100.0,
2024-06-27 19:00:00,,precipprob,0.0,0.0,,,100.0,
2024-06-28 01:00:00,,precipprob,0.0,0.0,,,100.0,
2024-06-29 13:00:00,,precipprob,0.0,0.0,,,100.0,
2024-06-30 00:00:00,,precipprob,0.0,0.0,,,100.0,
2024-06-30 08:00:00,,precipprob,0.0,0.0,,,100.0,
2024-06-30 09:00:00,,precipprob,0.0,0.0,,,100.0,
2024-06-30 11:00:00,,precipprob,0.0,0.0,,,100.0,
2024-06-30 17:00:00,,precipprob,0.0,0.0,,,100.0,
2024-06-30 18:00:00,,precipprob,0.0,0.0,,,100.0,
2024-07-01 08:00:00,,precipprob,0.0,0.0,,,100.0,
2024-07-01 09:00:00,,precipprob,0.0,0.0,,,100.0,
2024-07-01 11:00:00,,precipprob,0.0,0.0,,,100.0,
2024-07-01 12:00:00,,precipprob,0.0,0.0,,,100.0,
2024-07-01 14:00:00,,precipprob,0.0,0.0,,,100.0,
2024-07-01 15:00:00,,precipprob,0.0,0.0,,,100.0,
2024-07-02 19:00:00,,precipprob,0.0,0.0,,,100.0,
2024-07-03 19:00:00,,precipprob,0.0,0.0,,,100.0,
2024-07-04 19:00:00,,precipprob,0.0,0.0,,,100.0,
2024-07-05 00:00:00,,precipprob,0.0,0.0,,,100.0,
2024-07-05 03:00:00,,precipprob,0.0,0.0,,,100.0,
2024-07-05 11:00:00,,precipprob,0.0,0.0,,,100.0,
2024-07-05 12:00:00,,precipprob,0.0,0.0,,,100.0,
2024-07-05 15:00:00,,precipprob,0.0,0.0,,,100.0,
2024-07-05 17:00:00,,precipprob,0.0,0.0,,,100.0,
2024-07-05 18:00:00,,precipprob,0.0,0.0,,,100.0,
2024-07-06 17:00:00,,precipprob,0.0,0.0,,,100.0,
2024-07-06 21:00:00,,precipprob,0.0,0.0,,,100.0,
2024-07-07 19:00:00,,precipprob,0.0,0.0,,,100.0,
2024-07-08 09:00:00,,precipprob,0.0,0.0,,,100.0,
2024-07-08 11:00:00,,precipprob,0.0,0.0,,,100.0,
2024-07-08 12:00:00,,precipprob,0.0,0.0,,,100.0,
2024-07-08 14:00:00,,precipprob,0.0,0.0,,,100.0,
2024-07-08 15:00:00,,precipprob,0.0,0.0,,,100.0,
2024-07-08 17:00:00,,precipprob,0.0,0.0,,,100.0,
2024-07-08 18:00:00,,precipprob,0.0,0.0,,,100.0,
2024-07-09 19:00:00,,precipprob,0.0,0.0,,,100.0,
2024-07-10 19:00:00,,precipprob,0.0,0.0,,,100.0,
2024-07-11 19:00:00,,precipprob,0.0,0.0,,,100.0,
2024-07-12 19:00:00,,precipprob,0.0,0.0,,,100.0,
2024-07-13 02:00:00,,precipprob,0.0,0.0,,,100.0,
2024-07-13 03:00:00,,precipprob,0.0,0.0,,,100.0,
2024-07-13 04:00:00,,precipprob,0.0,0.0,,,100.0,
2024-07-13 05:00:00,,precipprob,0.0,0.0,,,100.0,
2024-07-13 06:00:00,,precipprob,0.0,0.0,,,100.0,
2024-07-13 08:00:00,,precipprob,0.0,0.0,,,100.0,
2024-07-13 09:00:00,,precipprob,0.0,0.0,,,100.0,
2024-07-13 11:00:00,,precipprob,0.0,0.0,,,100.0,
2024-07-13 12:00:00,,precipprob,0.0,0.0,,,100.0,
2024-07-13 14:00:00,,precipprob,0.0,0.0,,,100.0,
2024-07-13 15:00:00,,precipprob,0.0,0.0,,,100.0,
2024-07-13 16:00:00,,precipprob,0.0,0.0,,,100.0,
2024-07-13 17:00:00,,precipprob,0.0,0.0,,,100.0,
2024-07-13 18:00:00,,precipprob,0.0,0.0,,,100.0,
2024-07-13 20:00:00,,precipprob,0.0,0.0,,,100.0,
2024-07-14 19:00:00,,precipprob,0.0,0.0,,,100.0,
2024-07-15 19:00:00,,precipprob,0.0,0.0,,,100.0,
2024-07-16 19:00:00,,precipprob,0.0,0.0,,,100.0,
2024-07-17 19:00:00,,precipprob,0.0,0.0,,,100.0,
2024-07-18 19:00:00,,precipprob,0.0,0.0,,,100.0,
2024-07-19 19:00:00,,precipprob,0.0,0.0,,,100.0,
2024-07-20 19:00:00,,precipprob,0.0,0.0,,,100.0,
2024-07-21 00:00:00,,precipprob,0.0,0.0,,,100.0,
2024-07-21 02:00:00,,precipprob,0.0,0.0,,,100.0,
2024-07-21 03:00:00,,precipprob,0.0,0.0,,,100.0,
2024-07-21 05:00:00,,precipprob,0.0,0.0,,,100.0,
2024-07-21 06:00:00,,precipprob,0.0,0.0,,,100.0,
2024-07-21 08:00:00,,precipprob,0.0,0.0,,,100.0,
2024-07-21 09:00:00,,precipprob,0.0,0.0,,,100.0,
2024-07-21 11:00:00,,precipprob,0.0,0.0,,,100.0,
2024-07-21 12:00:00,,precipprob,0.0,0.0,,,100.0,
2024-07-21 14:00:00,,precipprob,0.0,0.0,,,100.0,
2024-07-21 15:00:00,,precipprob,0.0,0.0,,,100.0,
2024-07-21 17:00:00,,precipprob,0.0,0.0,,,100.0,
2024-07-21 18:00:00,,precipprob,0.0,0.0,,,100.0,
2024-07-21 20:00:00,,precipprob,0.0,0.0,,,100.0,
2024-07-21 21:00:00,,precipprob,0.0,0.0,,,100.0,
2024-07-21 23:00:00,,precipprob,0.0,0.0,,,100.0,
2024-07-22 19:00:00,,precipprob,0.0,0.0,,,100.0,
2024-07-23 02:00:00,,precipprob,0.0,0.0,,,100.0,
2024-07-23 05:00:00,,precipprob,0.0,0.0,,,100.0,
2024-07-23 09:00:00,,precipprob,0.0,0.0,,,100.0,
2024-07-23 14:00:00,,precipprob,0.0,0.0,,,100.0,
2024-07-24 11:00:00,,precipprob,0.0,0.0,,,100.0,
2024-07-24 12:00:00,,precipprob,0.0,0.0,,,100.0,
2024-07-24 15:00:00,,precipprob,0.0,0.0,,,100.0,
2024-07-25 19:00:00,,precipprob,0.0,0.0,,,100.0,
2024-07-26 19:00:00,,precipprob,0.0,0.0,,,100.0,
2024-07-27 03:00:00,,precipprob,0.0,0.0,,,100.0,
2024-07-27 05:00:00,,precipprob,0.0,0.0,,,100.0,
2024-07-27 06:00:00,,precipprob,0.0,0.0,,,100.0,
2024-07-27 08:00:00,,precipprob,0.0,0.0,,,100.0,
2024-07-27 09:00:00,,precipprob,0.0,0.0,,,100.0,
2024-07-27 11:00:00,,precipprob,0.0,0.0,,,100.0,
2024-07-27 12:00:00,,precipprob,0.0,0.0,,,100.0,
2024-07-27 14:00:00,,precipprob,0.0,0.0,,,100.0,
2024-07-27 15:00:00,,precipprob,0.0,0.0,,,100.0,
2024-07-27 17:00:00,,precipprob,0.0,0.0,,,100.0,
2024-07-27 18:00:00,,precipprob,0.0,0.0,,,100.0,
2024-07-27 20:00:00,,precipprob,0.0,0.0,,,100.0,
2024-07-27 21:00:00,,precipprob,0.0,0.0,,,100.0,
2024-07-27 23:00:00,,precipprob,0.0,0.0,,,100.0,
2024-07-28 00:00:00,,precipprob,0.0,0.0,,,100.0,
2024-07-28 02:00:00,,precipprob,0.0,0.0,,,100.0,
2024-07-28 03:00:00,,precipprob,0.0,0.0,,,100.0,
2024-07-28 11:00:00,,precipprob,0.0,0.0,,,100.0,
2024-07-28 12:00:00,,precipprob,0.0,0.0,,,100.0,
2024-07-28 14:00:00,,precipprob,0.0,0.0,,,100.0,
2024-07-28 15:00:00,,precipprob,0.0,0.0,,,100.0,
2024-07-28 17:00:00,,precipprob,0.0,0.0,,,100.0,
2024-07-28 23:00:00,,precipprob,0.0,0.0,,,100.0,
2024-07-29 00:00:00,,precipprob,0.0,0.0,,,100.0,
2024-07-29 09:00:00,,precipprob,0.0,0.0,,,100.0,
2024-07-29 11:00:00,,precipprob,0.0,0.0,,,100.0,
2024-07-29 12:00:00,,precipprob,0.0,0.0,,,100.0,
2024-07-29 14:00:00,,precipprob,0.0,0.0,,,100.0,
2024-07-29 15:00:00,,precipprob,0.0,0.0,,,100.0,
2024-07-29 17:00:00,,precipprob,0.0,0.0,,,100.0,
2024-07-29 18:00:00,,precipprob,0.0,0.0,,,100.0,
2024-07-29 20:00:00,,precipprob,0.0,0.0,,,100.0,
2024-07-29 21:00:00,,precipprob,0.0,0.0,,,100.0,
2024-07-30 19:00:00,,precipprob,0.0,0.0,,,100.0,
2024-07-31 19:00:00,,precipprob,0.0,0.0,,,100.0,
2024-08-01 19:00:00,,precipprob,0.0,0.0,,,100.0,
2024-08-02 19:00:00,,precipprob,0.0,0.0,,,100.0,
2024-08-03 19:00:00,,precipprob,0.0,0.0,,,100.0,
2024-08-04 19:00:00,,precipprob,0.0,0.0,,,100.0,
2024-08-05 08:00:00,,precipprob,0.0,0.0,,,100.0,
2024-08-05 09:00:00,,precipprob,0.0,0.0,,,100.0,
2024-08-05 11:00:00,,precipprob,0.0,0.0,,,100.0,
2024-08-05 12:00:00,,precipprob,0.0,0.0,,,100.0,
2024-08-05 14:00:00,,precipprob,0.0,0.0,,,100.0,
2024-08-05 15:00:00,,precipprob,0.0,0.0,,,100.0,
2024-08-05 17:00:00,,precipprob,0.0,0.0,,,100.0,
2024-08-05 18:00:00,,precipprob,0.0,0.0,,,100.0,
2024-08-06 19:00:00,,precipprob,0.0,0.0,,,100.0,
2024-08-07 09:00:00,,precipprob,0.0,0.0,,,100.0,
2024-08-07 11:00:00,,precipprob,0.0,0.0,,,100.0,
2024-08-07 12:00:00,,precipprob,0.0,0.0,,,100.0,
2024-08-07 14:00:00,,precipprob,0.0,0.0,,,100.0,
2024-08-07 15:00:00,,precipprob,0.0,0.0,,,100.0,
2024-08-07 17:00:00,,precipprob,0.0,0.0,,,100.0,
2024-08-07 18:00:00,,precipprob,0.0,0.0,,,100.0,
2024-08-08 14:00:00,,precipprob,0.0,0.0,,,100.0,
2024-08-08 15:00:00,,precipprob,0.0,0.0,,,100.0,
2024-08-08 17:00:00,,precipprob,0.0,0.0,,,100.0,
2024-08-08 18:00:00,,precipprob,0.0,0.0,,,100.0,
2024-08-08 20:00:00,,precipprob,0.0,0.0,,,100.0,
2024-08-08 21:00:00,,precipprob,0.0,0.0,,,100.0,
2024-08-09 19:00:00,,precipprob,0.0,0.0,,,100.0,
2024-08-10 07:00:00,,precipprob,0.0,0.0,,,100.0,
2024-08-11 09:00:00,,precipprob,0.0,0.0,,,100.0,
2024-08-11 10:00:00,,precipprob,0.0,0.0,,,100.0,
2024-08-11 15:00:00,,precipprob,0.0,0.0,,,100.0,
2024-08-11 16:00:00,,precipprob,0.0,0.0,,,100.0,
2024-08-11 17:00:00,,precipprob,0.0,0.0,,,100.0,
2024-08-12 19:00:00,,precipprob,0.0,0.0,,,100.0,
2024-08-13 19:00:00,,precipprob,0.0,0.0,,,100.0,
2024-08-14 19:00:00,,precipprob,0.0,0.0,,,100.0,
2024-08-15 09:00:00,,precipprob,0.0,0.0,,,100.0,
2024-08-15 15:00:00,,precipprob,0.0,0.0,,,100.0,
2024-08-15 17:00:00,,precipprob,0.0,0.0,,,100.0,
2024-08-15 18:00:00,,precipprob,0.0,0.0,,,100.0,
2024-08-16 11:00:00,,precipprob,0.0,0.0,,,100.0,
2024-08-16 12:00:00,,precipprob,0.0,0.0,,,100.0,
2024-08-16 15:00:00,,precipprob,0.0,0.0,,,100.0,
2024-08-16 17:00:00,,precipprob,0.0,0.0,,,100.0,
2024-08-17 11:00:00,,precipprob,0.0,0.0,,,100.0,
2024-08-17 12:00:00,,precipprob,0.0,0.0,,,100.0,
2024-08-17 15:00:00,,precipprob,0.0,0.0,,,100.0,
2024-08-19 09:00:00,,precipprob,0.0,0.0,,,100.0,
2024-08-19 10:00:00,,precipprob,0.0,0.0,,,100.0,
2024-08-19 11:00:00,,precipprob,0.0,0.0,,,100.0,
2024-08-20 09:00:00,,precipprob,0.0,0.0,,,100.0,
2024-08-20 12:00:00,,precipprob,0.0,0.0,,,100.0,
2024-08-21 08:00:00,,precipprob,0.0,0.0,,,100.0,
2024-08-21 09:00:00,,precipprob,0.0,0.0,,,100.0,
2024-08-21 11:00:00,,precipprob,0.0,0.0,,,100.0,
2024-08-21 15:00:00,,precipprob,0.0,0.0,,,100.0,
2024-08-21 17:00:00,,precipprob,0.0,0.0,,,100.0,
2024-08-21 18:00:00,,precipprob,0.0,0.0,,,100.0,
2024-08-22 02:00:00,,precipprob,0.0,0.0,,,100.0,
2024-08-22 09:00:00,,precipprob,0.0,0.0,,,100.0,
2024-08-22 11:00:00,,precipprob,0.0,0.0,,,100.0,
2024-08-22 12:00:00,,precipprob,0.0,0.0,,,100.0,
2024-08-23 19:00:00,,precipprob,0.0,0.0,,,100.0,
2024-08-24 19:00:00,,precipprob,0.0,0.0,,,100.0,
2024-08-25 01:00:00,,precipprob,0.0,0.0,,,100.0,
2024-08-25 19:00:00,,precipprob,0.0,0.0,,,100.0,
2024-08-26 01:00:00,,precipprob,0.0,0.0,,,100.0,
2024-08-27 01:00:00,,precipprob,0.0,0.0,,,100.0,
2024-08-27 19:00:00,,precipprob,0.0,0.0,,,100.0,
2024-08-28 01:00:00,,precipprob,0.0,0.0,,,100.0,
2024-08-28 13:00:00,,precipprob,0.0,0.0,,,100.0,
2024-08-28 19:00:00,,precipprob,0.0,0.0,,,100.0,
2024-08-29 01:00:00,,precipprob,0.0,0.0,,,100.0,
2024-08-30 00:00:00,,precipprob,0.0,0.0,,,100.0,
2024-08-30 11:00:00,,precipprob,0.0,0.0,,,100.0,
2024-08-30 12:00:00,,precipprob,0.0,0.0,,,100.0,
2024-08-30 14:00:00,,precipprob,0.0,0.0,,,100.0,
2024-08-30 15:00:00,,precipprob,0.0,0.0,,,100.0,
2024-08-30 17:00:00,,precipprob,0.0,0.0,,,100.0,
2024-08-30 18:00:00,,precipprob,0.0,0.0,,,100.0,
2024-08-30 20:00:00,,precipprob,0.0,0.0,,,100.0,
2024-08-30 21:00:00,,precipprob,0.0,0.0,,,100.0,
2024-08-31 01:00:00,,precipprob,0.0,0.0,,,100.0,
2024-08-31 19:00:00,,precipprob,0.0,0.0,,,100.0,
2024-09-01 01:00:00,,precipprob,0.0,0.0,,,100.0,
2024-09-01 19:00:00,,precipprob,0.0,0.0,,,100.0,
2024-09-02 01:00:00,,precipprob,0.0,0.0,,,100.0,
2024-09-02 13:00:00,,precipprob,0.0,0.0,,,100.0,
2024-09-03 01:00:00,,precipprob,0.0,0.0,,,100.0,
2024-09-03 13:00:00,,precipprob,0.0,0.0,,,100.0,
2024-09-04 13:00:00,,precipprob,0.0,0.0,,,100.0,
2024-09-04 19:00:00,,precipprob,0.0,0.0,,,100.0,
2024-09-05 01:00:00,,precipprob,0.0,0.0,,,100.0,
2024-09-05 19:00:00,,precipprob,0.0,0.0,,,100.0,
2024-09-06 01:00:00,,precipprob,0.0,0.0,,,100.0,
2024-09-07 07:00:00,,precipprob,0.0,0.0,,,100.0,
2024-09-08 09:00:00,,precipprob,0.0,0.0,,,100.0,
2024-09-08 11:00:00,,precipprob,0.0,0.0,,,100.0,
2024-09-08 12:00:00,,precipprob,0.0,0.0,,,100.0,
2024-09-08 14:00:00,,precipprob,0.0,0.0,,,100.0,
2024-09-08 15:00:00,,precipprob,0.0,0.0,,,100.0,
2024-09-09 02:00:00,,precipprob,0.0,0.0,,,100.0,
2024-09-09 09:00:00,,precipprob,0.0,0.0,,,100.0,
2024-09-09 11:00:00,,precipprob,0.0,0.0,,,100.0,
2024-09-09 12:00:00,,precipprob,0.0,0.0,,,100.0,
2024-09-09 14:00:00,,precipprob,0.0,0.0,,,100.0,
2024-09-09 17:00:00,,precipprob,0.0,0.0,,,100.0,
2024-09-09 18:00:00,,precipprob,0.0,0.0,,,100.0,
2024-09-10 19:00:00,,precipprob,0.0,0.0,,,100.0,
2024-09-11 01:00:00,,precipprob,0.0,0.0,,,100.0,
2024-09-11 19:00:00,,precipprob,0.0,0.0,,,100.0,
2024-09-12 19:00:00,,precipprob,0.0,0.0,,,100.0,
2024-09-13 01:00:00,,precipprob,0.0,0.0,,,100.0,
2024-09-14 07:00:00,,precipprob,0.0,0.0,,,100.0,
2024-09-14 19:00:00,,precipprob,0.0,0.0,,,100.0,
2024-09-15 00:00:00,,precipprob,0.0,0.0,,,100.0,
2024-09-15 02:00:00,,precipprob,0.0,0.0,,,100.0,
2024-09-15 03:00:00,,precipprob,0.0,0.0,,,100.0,
2024-09-15 05:00:00,,precipprob,0.0,0.0,,,100.0,
2024-09-15 06:00:00,,precipprob,0.0,0.0,,,100.0,
2024-09-15 11:00:00,,precipprob,0.0,0.0,,,100.0,
2024-09-15 12:00:00,,precipprob,0.0,0.0,,,100.0,
2024-09-15 14:00:00,,precipprob,0.0,0.0,,,100.0,
2024-09-15 15:00:00,,precipprob,0.0,0.0,,,100.0,
2024-09-15 17:00:00,,precipprob,0.0,0.0,,,100.0,
2024-09-15 18:00:00,,precipprob,0.0,0.0,,,100.0,
2024-09-15 20:00:00,,precipprob,0.0,0.0,,,100.0,
2024-09-15 21:00:00,,precipprob,0.0,0.0,,,100.0,
2024-09-16 02:00:00,,precipprob,0.0,0.0,,,100.0,
2024-09-16 03:00:00,,precipprob,0.0,0.0,,,100.0,
2024-09-16 05:00:00,,precipprob,0.0,0.0,,,100.0,
2024-09-16 08:00:00,,precipprob,0.0,0.0,,,100.0,
2024-09-16 09:00:00,,precipprob,0.0,0.0,,,100.0,
2024-09-16 11:00:00,,precipprob,0.0,0.0,,,100.0,
2024-09-16 12:00:00,,precipprob,0.0,0.0,,,100.0,
2024-09-16 14:00:00,,precipprob,0.0,0.0,,,100.0,
2024-09-16 15:00:00,,precipprob,0.0,0.0,,,100.0,
2024-09-16 17:00:00,,precipprob,0.0,0.0,,,100.0,
2024-09-16 18:00:00,,precipprob,0.0,0.0,,,100.0,
2024-09-16 20:00:00,,precipprob,0.0,0.0,,,100.0,
2024-09-16 21:00:00,,precipprob,0.0,0.0,,,100.0,
2024-09-16 23:00:00,,precipprob,0.0,0.0,,,100.0,
2024-09-17 19:00:00,,precipprob,0.0,0.0,,,100.0,
2024-09-18 19:00:00,,precipprob,0.0,0.0,,,100.0,
2024-09-19 19:00:00,,precipprob,0.0,0.0,,,100.0,
2024-09-20 19:00:00,,precipprob,0.0,0.0,,,100.0,
2024-09-21 19:00:00,,precipprob,0.0,0.0,,,100.0,
2024-09-22 19:00:00,,precipprob,0.0,0.0,,,100.0,
2024-09-23 19:00:00,,precipprob,0.0,0.0,,,100.0,
2024-09-24 11:00:00,,precipprob,0.0,0.0,,,100.0,
2024-09-24 12:00:00,,precipprob,0.0,0.0,,,100.0,
2024-09-24 14:00:00,,precipprob,0.0,0.0,,,100.0,
2024-09-24 15:00:00,,precipprob,0.0,0.0,,,100.0,
2024-09-24 18:00:00,,precipprob,0.0,0.0,,,100.0,
2024-09-24 20:00:00,,precipprob,0.0,0.0,,,100.0,
2024-09-25 19:00:00,,precipprob,0.0,0.0,,,100.0,
2024-09-26 08:00:00,,precipprob,0.0,0.0,,,100.0,
2024-09-26 09:00:00,,precipprob,0.0,0.0,,,100.0,
2024-09-26 11:00:00,,precipprob,0.0,0.0,,,100.0,
2024-09-26 14:00:00,,precipprob,0.0,0.0,,,100.0,
2024-09-26 15:00:00,,precipprob,0.0,0.0,,,100.0,
2024-09-26 17:00:00,,precipprob,0.0,0.0,,,100.0,
2024-09-26 18:00:00,,precipprob,0.0,0.0,,,100.0,
2024-09-27 03:00:00,,precipprob,0.0,0.0,,,100.0,
2024-09-27 05:00:00,,precipprob,0.0,0.0,,,100.0,
2024-09-27 06:00:00,,precipprob,0.0,0.0,,,100.0,
2024-09-27 08:00:00,,precipprob,0.0,0.0,,,100.0,
2024-09-27 11:00:00,,precipprob,0.0,0.0,,,100.0,
2024-09-27 14:00:00,,precipprob,0.0,0.0,,,100.0,
2024-09-27 15:00:00,,precipprob,0.0,0.0,,,100.0,
2024-09-27 17:00:00,,precipprob,0.0,0.0,,,100.0,
2024-09-28 08:00:00,,precipprob,0.0,0.0,,,100.0,
2024-09-28 09:00:00,,precipprob,0.0,0.0,,,100.0,
2024-09-28 11:00:00,,precipprob,0.0,0.0,,,100.0,
2024-09-28 12:00:00,,precipprob,0.0,0.0,,,100.0,
2024-09-28 14:00:00,,precipprob,0.0,0.0,,,100.0,
2024-09-28 15:00:00,,precipprob,0.0,0.0,,,100.0,
2024-09-28 17:00:00,,precipprob,0.0,0.0,,,100.0,
2024-09-29 08:00:00,,precipprob,0.0,0.0,,,100.0,
2024-09-29 09:00:00,,precipprob,0.0,0.0,,,100.0,
2024-09-29 11:00:00,,precipprob,0.0,0.0,,,100.0,
2024-09-29 12:00:00,,precipprob,0.0,0.0,,,100.0,
2024-09-29 14:00:00,,precipprob,0.0,0.0,,,100.0,
2024-09-29 15:00:00,,precipprob,0.0,0.0,,,100.0,
2024-09-29 17:00:00,,precipprob,0.0,0.0,,,100.0,
2024-09-30 12:00:00,,precipprob,0.0,0.0,,,100.0,
2024-09-30 14:00:00,,precipprob,0.0,0.0,,,100.0,
2024-09-30 16:00:00,,precipprob,0.0,0.0,,,100.0,
2024-09-30 17:00:00,,precipprob,0.0,0.0,,,100.0,
2024-09-30 18:00:00,,precipprob,0.0,0.0,,,100.0,
2024-09-30 21:00:00,,precipprob,0.0,0.0,,,100.0,
2024-10-01 19:00:00,,precipprob,0.0,0.0,,,100.0,
2024-10-02 11:00:00,,precipprob,0.0,0.0,,,100.0,
2024-10-02 12:00:00,,precipprob,0.0,0.0,,,100.0,
2024-10-02 15:00:00,,precipprob,0.0,0.0,,,100.0,
2024-10-02 17:00:00,,precipprob,0.0,0.0,,,100.0,
2024-10-02 18:00:00,,precipprob,0.0,0.0,,,100.0,
2024-10-02 21:00:00,,precipprob,0.0,0.0,,,100.0,
2024-10-02 23:00:00,,precipprob,0.0,0.0,,,100.0,
2024-10-03 19:00:00,,precipprob,0.0,0.0,,,100.0,
2024-10-04 19:00:00,,precipprob,0.0,0.0,,,100.0,
2024-10-05 19:00:00,,precipprob,0.0,0.0,,,100.0,
2024-10-06 19:00:00,,precipprob,0.0,0.0,,,100.0,
2024-10-07 19:00:00,,precipprob,0.0,0.0,,,100.0,
2024-10-08 19:00:00,,precipprob,0.0,0.0,,,100.0,
2024-10-09 19:00:00,,precipprob,0.0,0.0,,,100.0,
2024-10-10 03:00:00,,precipprob,0.0,0.0,,,100.0,
2024-10-10 09:00:00,,precipprob,0.0,0.0,,,100.0,
2024-10-10 11:00:00,,precipprob,0.0,0.0,,,100.0,
2024-10-10 12:00:00,,precipprob,0.0,0.0,,,100.0,
2024-10-10 15:00:00,,precipprob,0.0,0.0,,,100.0,
2024-10-10 17:00:00,,precipprob,0.0,0.0,,,100.0,
2024-10-10 18:00:00,,precipprob,0.0,0.0,,,100.0,
2024-10-11 19:00:00,,precipprob,0.0,0.0,,,100.0,
2024-10-12 19:00:00,,precipprob,0.0,0.0,,,100.0,
2024-10-13 19:00:00,,precipprob,0.0,0.0,,,100.0,
2024-10-14 19:00:00,,precipprob,0.0,0.0,,,100.0,
2024-10-15 00:00:00,,precipprob,0.0,0.0,,,100.0,
2024-10-15 02:00:00,,precipprob,0.0,0.0,,,100.0,
2024-10-15 11:00:00,,precipprob,0.0,0.0,,,100.0,
2024-10-15 12:00:00,,precipprob,0.0,0.0,,,100.0,
2024-10-15 14:00:00,,precipprob,0.0,0.0,,,100.0,
2024-10-15 15:00:00,,precipprob,0.0,0.0,,,100.0,
2024-10-15 17:00:00,,precipprob,0.0,0.0,,,100.0,
2024-10-15 18:00:00,,precipprob,0.0,0.0,,,100.0,
2024-10-15 20:00:00,,precipprob,0.0,0.0,,,100.0,
2024-10-15 21:00:00,,precipprob,0.0,0.0,,,100.0,
2024-10-15 23:00:00,,precipprob,0.0,0.0,,,100.0,
2024-10-16 19:00:00,,precipprob,0.0,0.0,,,100.0,
2024-10-17 19:00:00,,precipprob,0.0,0.0,,,100.0,
2024-10-18 02:00:00,,precipprob,0.0,0.0,,,100.0,
2024-10-18 03:00:00,,precipprob,0.0,0.0,,,100.0,
2024-10-18 05:00:00,,precipprob,0.0,0.0,,,100.0,
2024-10-18 06:00:00,,precipprob,0.0,0.0,,,100.0,
2024-10-18 08:00:00,,precipprob,0.0,0.0,,,100.0,
2024-10-18 09:00:00,,precipprob,0.0,0.0,,,100.0,
2024-10-18 11:00:00,,precipprob,0.0,0.0,,,100.0,
2024-10-18 12:00:00,,precipprob,0.0,0.0,,,100.0,
2024-10-18 14:00:00,,precipprob,0.0,0.0,,,100.0,
2024-10-18 15:00:00,,precipprob,0.0,0.0,,,100.0,
2024-10-18 17:00:00,,precipprob,0.0,0.0,,,100.0,
2024-10-18 18:00:00,,precipprob,0.0,0.0,,,100.0,
2024-10-18 20:00:00,,precipprob,0.0,0.0,,,100.0,
2024-10-18 21:00:00,,precipprob,0.0,0.0,,,100.0,
2024-10-19 19:00:00,,precipprob,0.0,0.0,,,100.0,
2024-10-20 19:00:00,,precipprob,0.0,0.0,,,100.0,
2024-10-21 19:00:00,,precipprob,0.0,0.0,,,100.0,
2024-10-22 19:00:00,,precipprob,0.0,0.0,,,100.0,
2024-10-23 19:00:00,,precipprob,0.0,0.0,,,100.0,
2024-10-24 23:00:00,,precipprob,0.0,0.0,,,100.0,
2024-10-25 19:00:00,,precipprob,0.0,0.0,,,100.0,
2024-10-27 19:00:00,,precipprob,0.0,0.0,,,100.0,
2024-10-28 19:00:00,,precipprob,0.0,0.0,,,100.0,
2024-10-29 19:00:00,,precipprob,0.0,0.0,,,100.0,
2024-10-30 11:00:00,,precipprob,0.0,0.0,,,100.0,
2024-10-30 12:00:00,,precipprob,0.0,0.0,,,100.0,
2024-10-30 14:00:00,,precipprob,0.0,0.0,,,100.0,
2024-10-30 17:00:00,,precipprob,0.0,0.0,,,100.0,
2024-10-31 12:00:00,,precipprob,0.0,0.0,,,100.0,
2024-10-31 17:00:00,,precipprob,0.0,0.0,,,100.0,
2024-11-01 11:00:00,,precipprob,0.0,0.0,,,100.0,
2024-11-01 12:00:00,,precipprob,0.0,0.0,,,100.0,
2024-11-01 17:00:00,,precipprob,0.0,0.0,,,100.0,
2024-11-01 18:00:00,,precipprob,0.0,0.0,,,100.0,
2024-11-01 20:00:00,,precipprob,0.0,0.0,,,100.0,
2024-11-01 21:00:00,,precipprob,0.0,0.0,,,100.0,
2024-11-02 19:00:00,,precipprob,0.0,0.0,,,100.0,
2024-11-03 19:00:00,,precipprob,0.0,0.0,,,100.0,
2024-11-04 02:00:00,,precipprob,0.0,0.0,,,100.0,
2024-11-04 03:00:00,,precipprob,0.0,0.0,,,100.0,
2024-11-04 05:00:00,,precipprob,0.0,0.0,,,100.0,
2024-11-04 06:00:00,,precipprob,0.0,0.0,,,100.0,
2024-11-04 11:00:00,,precipprob,0.0,0.0,,,100.0,
2024-11-04 12:00:00,,precipprob,0.0,0.0,,,100.0,
2024-11-04 14:00:00,,precipprob,0.0,0.0,,,100.0,
2024-11-04 15:00:00,,precipprob,0.0,0.0,,,100.0,
2024-11-04 17:00:00,,precipprob,0.0,0.0,,,100.0,
2024-11-04 23:00:00,,precipprob,0.0,0.0,,,100.0,
2024-11-05 19:00:00,,precipprob,0.0,0.0,,,100.0,
2024-11-06 11:00:00,,precipprob,0.0,0.0,,,100.0,
2024-11-06 14:00:00,,precipprob,0.0,0.0,,,100.0,
2024-11-06 15:00:00,,precipprob,0.0,0.0,,,100.0,
2024-11-06 17:00:00,,precipprob,0.0,0.0,,,100.0,
2024-11-06 18:00:00,,precipprob,0.0,0.0,,,100.0,
2024-11-06 19:00:00,,precipprob,0.0,0.0,,,100.0,
2024-11-06 21:00:00,,precipprob,0.0,0.0,,,100.0,
2024-11-06 22:00:00,,precipprob,0.0,0.0,,,100.0,
2024-11-07 07:00:00,,precipprob,0.0,0.0,,,100.0,
2024-11-08 19:00:00,,precipprob,0.0,0.0,,,100.0,
2024-11-09 14:00:00,,precipprob,0.0,0.0,,,100.0,
2024-11-09 15:00:00,,precipprob,0.0,0.0,,,100.0,
2024-11-09 17:00:00,,precipprob,0.0,0.0,,,100.0,
2024-11-09 18:00:00,,precipprob,0.0,0.0,,,100.0,
2024-11-10 00:00:00,,precipprob,0.0,0.0,,,100.0,
2024-11-10 11:00:00,,precipprob,0.0,0.0,,,100.0,
2024-11-10 12:00:00,,precipprob,0.0,0.0,,,100.0,
2024-11-10 14:00:00,,precipprob,0.0,0.0,,,100.0,
2024-11-10 15:00:00,,precipprob,0.0,0.0,,,100.0,
2024-11-11 19:00:00,,precipprob,0.0,0.0,,,100.0,
2024-11-12 08:00:00,,precipprob,0.0,0.0,,,100.0,
2024-11-12 09:00:00,,precipprob,0.0,0.0,,,100.0,
2024-11-12 11:00:00,,precipprob,0.0,0.0,,,100.0,
2024-11-12 12:00:00,,precipprob,0.0,0.0,,,100.0,
2024-11-12 14:00:00,,precipprob,0.0,0.0,,,100.0,
2024-11-12 15:00:00,,precipprob,0.0,0.0,,,100.0,
2024-11-12 17:00:00,,precipprob,0.0,0.0,,,100.0,
2024-11-12 18:00:00,,precipprob,0.0,0.0,,,100.0,
2024-11-13 19:00:00,,precipprob,0.0,0.0,,,100.0,
2024-11-14 00:00:00,,precipprob,0.0,0.0,,,100.0,
2024-11-15 09:00:00,,precipprob,0.0,0.0,,,100.0,
2024-11-15 11:00:00,,precipprob,0.0,0.0,,,100.0,
2024-11-15 12:00:00,,precipprob,0.0,0.0,,,100.0,
2024-11-15 14:00:00,,precipprob,0.0,0.0,,,100.0,
2024-11-15 15:00:00,,precipprob,0.0,0.0,,,100.0,
2024-11-15 17:00:00,,precipprob,0.0,0.0,,,100.0,
2024-11-16 11:00:00,,precipprob,0.0,0.0,,,100.0,
2024-11-17 12:00:00,,precipprob,0.0,0.0,,,100.0,
2024-11-19 09:00:00,,precipprob,0.0,0.0,,,100.0,
2024-11-19 10:00:00,,precipprob,0.0,0.0,,,100.0,
2024-11-19 11:00:00,,precipprob,0.0,0.0,,,100.0,
2024-11-19 12:00:00,,precipprob,0.0,0.0,,,100.0,
2024-11-19 17:00:00,,precipprob,0.0,0.0,,,100.0,
2024-11-20 16:00:00,,precipprob,0.0,0.0,,,100.0,
2024-11-20 17:00:00,,precipprob,0.0,0.0,,,100.0,
2024-11-20 18:00:00,,precipprob,0.0,0.0,,,100.0,
2024-11-20 19:00:00,,precipprob,0.0,0.0,,,100.0,
2024-11-20 20:00:00,,precipprob,0.0,0.0,,,100.0,
2024-11-20 21:00:00,,precipprob,0.0,0.0,,,100.0,
2024-11-20 22:00:00,,precipprob,0.0,0.0,,,100.0,
2024-11-21 06:00:00,,precipprob,0.0,0.0,,,100.0,
2024-11-21 07:00:00,,precipprob,0.0,0.0,,,100.0,
2024-11-21 08:00:00,,precipprob,0.0,0.0,,,100.0,
2024-11-21 09:00:00,,precipprob,0.0,0.0,,,100.0,
2024-11-21 16:00:00,,precipprob,0.0,0.0,,,100.0,
2024-11-21 17:00:00,,precipprob,0.0,0.0,,,100.0,
2024-11-21 18:00:00,,precipprob,0.0,0.0,,,100.0,
2024-11-21 19:00:00,,precipprob,0.0,0.0,,,100.0,
2024-11-22 17:00:00,,precipprob,0.0,0.0,,,100.0,
2024-11-22 21:00:00,,precipprob,0.0,0.0,,,100.0,
2024-11-23 17:00:00,,precipprob,0.0,0.0,,,100.0,
2024-11-23 18:00:00,,precipprob,0.0,0.0,,,100.0,
2024-11-24 19:00:00,,precipprob,0.0,0.0,,,100.0,
2024-11-27 17:00:00,,precipprob,0.0,0.0,,,100.0,
2024-11-28 11:00:00,,precipprob,0.0,0.0,,,100.0,
2024-11-28 12:00:00,,precipprob,0.0,0.0,,,100.0,
2024-11-28 14:00:00,,precipprob,0.0,0.0,,,100.0,
2024-11-30 02:00:00,,precipprob,0.0,0.0,,,100.0,
2024-11-30 03:00:00,,precipprob,0.0,0.0,,,100.0,
2024-11-30 05:00:00,,precipprob,0.0,0.0,,,100.0,
2024-11-30 06:00:00,,precipprob,0.0,0.0,,,100.0,
2024-11-30 08:00:00,,precipprob,0.0,0.0,,,100.0,
2024-12-01 11:00:00,,precipprob,0.0,0.0,,,100.0,
2024-12-01 12:00:00,,precipprob,0.0,0.0,,,100.0,
2024-12-01 13:00:00,,precipprob,0.0,0.0,,,100.0,
2024-12-02 02:00:00,,precipprob,0.0,0.0,,,100.0,
2024-12-02 03:00:00,,precipprob,0.0,0.0,,,100.0,
2024-12-02 04:00:00,,precipprob,0.0,0.0,,,100.0,
2024-12-02 11:00:00,,precipprob,0.0,0.0,,,100.0,
2024-12-02 12:00:00,,precipprob,0.0,0.0,,,100.0,
2024-12-02 14:00:00,,precipprob,0.0,0.0,,,100.0,
2024-12-02 18:00:00,,precipprob,0.0,0.0,,,100.0,
2024-12-02 20:00:00,,precipprob,0.0,0.0,,,100.0,
2024-12-02 21:00:00,,precipprob,0.0,0.0,,,100.0,
2024-12-03 13:00:00,,precipprob,0.0,0.0,,,100.0,
2024-12-04 19:00:00,,precipprob,0.0,0.0,,,100.0,
2024-12-05 07:00:00,,precipprob,0.0,0.0,,,100.0,
2024-12-06 11:00:00,,precipprob,0.0,0.0,,,100.0,
2024-12-06 12:00:00,,precipprob,0.0,0.0,,,100.0,
2024-12-06 14:00:00,,precipprob,0.0,0.0,,,100.0,
2024-12-06 15:00:00,,precipprob,0.0,0.0,,,100.0,
2024-12-06 17:00:00,,precipprob,0.0,0.0,,,100.0,
2024-12-06 18:00:00,,precipprob,0.0,0.0,,,100.0,
2024-12-06 20:00:00,,precipprob,0.0,0.0,,,100.0,
2024-12-06 23:00:00,,precipprob,0.0,0.0,,,100.0,
2024-12-07 07:00:00,,precipprob,0.0,0.0,,,100.0,
2024-12-08 15:00:00,,precipprob,0.0,0.0,,,100.0,
2024-12-11 19:00:00,,precipprob,0.0,0.0,,,100.0,
2024-12-12 19:00:00,,precipprob,0.0,0.0,,,100.0,
2024-12-13 13:00:00,,precipprob,0.0,0.0,,,100.0,
2024-12-13 19:00:00,,precipprob,0.0,0.0,,,100.0,
2024-12-14 01:00:00,,precipprob,0.0,0.0,,,100.0,
2024-12-14 13:00:00,,precipprob,0.0,0.0,,,100.0,
2024-12-15 01:00:00,,precipprob,0.0,0.0,,,100.0,
2024-12-15 13:00:00,,precipprob,0.0,0.0,,,100.0,
2024-12-16 00:00:00,,precipprob,0.0,0.0,,,100.0,
2024-12-16 02:00:00,,precipprob,0.0,0.0,,,100.0,
2024-12-16 03:00:00,,precipprob,0.0,0.0,,,100.0,
2024-12-16 05:00:00,,precipprob,0.0,0.0,,,100.0,
2024-12-16 06:00:00,,precipprob,0.0,0.0,,,100.0,
2024-12-16 08:00:00,,precipprob,0.0,0.0,,,100.0,
2024-12-16 09:00:00,,precipprob,0.0,0.0,,,100.0,
2024-12-16 11:00:00,,precipprob,0.0,0.0,,,100.0,
2024-12-16 12:00:00,,precipprob,0.0,0.0,,,100.0,
2024-12-18 16:00:00,,precipprob,0.0,0.0,,,100.0,
2024-12-25 08:00:00,,precipprob,0.0,0.0,,,100.0,
2024-12-25 09:00:00,,precipprob,0.0,0.0,,,100.0,
2024-12-25 11:00:00,,precipprob,0.0,0.0,,,100.0,
2024-12-25 12:00:00,,precipprob,0.0,0.0,,,100.0,
2024-12-25 23:00:00,,precipprob,0.0,0.0,,,100.0,
2024-12-26 12:00:00,,precipprob,0.0,0.0,,,100.0,
2024-12-26 15:00:00,,precipprob,0.0,0.0,,,100.0,
2024-12-27 19:00:00,,precipprob,0.0,0.0,,,100.0,
2024-12-28 00:00:00,,precipprob,0.0,0.0,,,100.0,
2024-12-28 11:00:00,,precipprob,0.0,0.0,,,100.0,
2024-12-28 12:00:00,,precipprob,0.0,0.0,,,100.0,
2024-12-28 14:00:00,,precipprob,0.0,0.0,,,100.0,
2024-12-28 15:00:00,,precipprob,0.0,0.0,,,100.0,
2024-12-28 17:00:00,,precipprob,0.0,0.0,,,100.0,
2024-12-28 18:00:00,,precipprob,0.0,0.0,,,100.0,
2024-12-28 20:00:00,,precipprob,0.0,0.0,,,100.0,
2024-12-29 01:00:00,,precipprob,0.0,0.0,,,100.0,
2025-01-02 07:00:00,,precipprob,0.0,0.0,,,100.0,
2025-01-02 19:00:00,,precipprob,0.0,0.0,,,100.0,
2025-01-03 14:00:00,,precipprob,0.0,0.0,,,100.0,
2025-01-04 14:00:00,,precipprob,0.0,0.0,,,100.0,
2025-01-04 18:00:00,,precipprob,0.0,0.0,,,100.0,
2025-01-04 20:00:00,,precipprob,0.0,0.0,,,100.0,
2025-01-06 11:00:00,,precipprob,0.0,0.0,,,100.0,
2025-01-06 12:00:00,,precipprob,0.0,0.0,,,100.0,
2025-01-14 19:00:00,,precipprob,0.0,0.0,,,100.0,
2025-01-15 19:00:00,,precipprob,0.0,0.0,,,100.0,
2025-01-16 11:00:00,,precipprob,0.0,0.0,,,100.0,
2025-01-16 12:00:00,,precipprob,0.0,0.0,,,100.0,
2025-01-26 11:00:00,,precipprob,0.0,0.0,,,100.0,
2025-01-26 12:00:00,,precipprob,0.0,0.0,,,100.0,
2025-01-26 17:00:00,,precipprob,0.0,0.0,,,100.0,
2025-02-10 19:00:00,,precipprob,0.0,0.0,,,100.0,
2025-02-11 14:00:00,,precipprob,0.0,0.0,,,100.0,
2025-02-11 15:00:00,,precipprob,0.0,0.0,,,100.0,
2025-02-12 19:00:00,,precipprob,0.0,0.0,,,100.0,
2025-02-13 19:00:00,,precipprob,0.0,0.0,,,100.0,
2025-02-14 00:00:00,,precipprob,0.0,0.0,,,100.0,
2025-02-14 02:00:00,,precipprob,0.0,0.0,,,100.0,
2025-02-14 03:00:00,,precipprob,0.0,0.0,,,100.0,
2025-02-14 11:00:00,,precipprob,0.0,0.0,,,100.0,
2025-02-14 12:00:00,,precipprob,0.0,0.0,,,100.0,
2025-02-14 17:00:00,,precipprob,0.0,0.0,,,100.0,
2025-02-14 18:00:00,,precipprob,0.0,0.0,,,100.0,
2025-02-14 23:00:00,,precipprob,0.0,0.0,,,100.0,
2025-02-15 00:00:00,,precipprob,0.0,0.0,,,100.0,
2025-02-15 02:00:00,,precipprob,0.0,0.0,,,100.0,
2025-02-15 11:00:00,,precipprob,0.0,0.0,,,100.0,
2025-02-15 12:00:00,,precipprob,0.0,0.0,,,100.0,
2025-02-15 14:00:00,,precipprob,0.0,0.0,,,100.0,
2025-02-15 15:00:00,,precipprob,0.0,0.0,,,100.0,
2025-02-15 17:00:00,,precipprob,0.0,0.0,,,100.0,
2025-02-16 12:00:00,,precipprob,0.0,0.0,,,100.0,
2025-02-16 13:00:00,,precipprob,0.0,0.0,,,100.0,
2025-02-16 17:00:00,,precipprob,0.0,0.0,,,100.0,
2025-02-17 12:00:00,,precipprob,0.0,0.0,,,100.0,
2025-02-18 11:00:00,,precipprob,0.0,0.0,,,100.0,
2025-02-18 12:00:00,,precipprob,0.0,0.0,,,100.0,
2025-02-18 14:00:00,,precipprob,0.0,0.0,,,100.0,
2025-02-19 15:00:00,,precipprob,0.0,0.0,,,100.0,
2025-02-19 17:00:00,,precipprob,0.0,0.0,,,100.0,
2025-02-20 00:00:00,,precipprob,0.0,0.0,,,100.0,
2025-02-20 12:00:00,,precipprob,0.0,0.0,,,100.0,
2025-02-21 19:00:00,,precipprob,0.0,0.0,,,100.0,
2025-02-22 15:00:00,,precipprob,0.0,0.0,,,100.0,
2025-02-22 17:00:00,,precipprob,0.0,0.0,,,100.0,
2025-02-22 18:00:00,,precipprob,0.0,0.0,,,100.0,
2025-02-23 19:00:00,,precipprob,0.0,0.0,,,100.0,
2025-02-25 12:00:00,,precipprob,0.0,0.0,,,100.0,
2025-02-26 03:00:00,,precipprob,0.0,0.0,,,100.0,
2025-02-26 17:00:00,,precipprob,0.0,0.0,,,100.0,
2025-03-07 11:00:00,,precipprob,0.0,0.0,,,100.0,
2025-03-08 02:00:00,,precipprob,0.0,0.0,,,100.0,
2025-03-08 11:00:00,,precipprob,0.0,0.0,,,100.0,
2025-03-08 17:00:00,,precipprob,0.0,0.0,,,100.0,
2025-03-08 18:00:00,,precipprob,0.0,0.0,,,100.0,
2025-03-09 23:00:00,,precipprob,0.0,0.0,,,100.0,
2025-03-10 01:00:00,,precipprob,0.0,0.0,,,100.0,
2025-03-12 14:00:00,,precipprob,0.0,0.0,,,100.0,
2025-03-12 15:00:00,,precipprob,0.0,0.0,,,100.0,
2025-03-16 11:00:00,,precipprob,0.0,0.0,,,100.0,
2025-03-16 12:00:00,,precipprob,0.0,0.0,,,100.0,
2025-03-16 14:00:00,,precipprob,0.0,0.0,,,100.0,
2025-03-16 15:00:00,,precipprob,0.0,0.0,,,100.0,
2025-03-16 17:00:00,,precipprob,0.0,0.0,,,100.0,
2025-03-16 18:00:00,,precipprob,0.0,0.0,,,100.0,
2025-03-16 21:00:00,,precipprob,0.0,0.0,,,100.0,
2025-03-17 00:00:00,,precipprob,0.0,0.0,,,100.0,
2025-03-17 02:00:00,,precipprob,0.0,0.0,,,100.0,
2025-03-17 03:00:00,,precipprob,0.0,0.0,,,100.0,
2025-03-17 11:00:00,,precipprob,0.0,0.0,,,100.0,
2025-03-17 12:00:00,,precipprob,0.0,0.0,,,100.0,
2025-03-17 14:00:00,,precipprob,0.0,0.0,,,100.0,
2025-03-17 17:00:00,,precipprob,0.0,0.0,,,100.0,
2025-03-17 18:00:00,,precipprob,0.0,0.0,,,100.0,
2025-03-17 20:00:00,,precipprob,0.0,0.0,,,100.0,
2025-03-17 21:00:00,,precipprob,0.0,0.0,,,100.0,
2025-03-18 11:00:00,,precipprob,0.0,0.0,,,100.0,
2025-03-18 12:00:00,,precipprob,0.0,0.0,,,100.0,
2025-03-18 14:00:00,,precipprob,0.0,0.0,,,100.0,
2025-03-18 17:00:00,,precipprob,0.0,0.0,,,100.0,
2025-03-28 08:00:00,,precipprob,0.0,0.0,,,100.0,
2025-03-29 15:00:00,,precipprob,0.0,0.0,,,100.0,
2025-03-30 19:00:00,,precipprob,0.0,0.0,,,100.0,
2025-03-31 00:00:00,,precipprob,0.0,0.0,,,100.0,
2025-03-31 14:00:00,,precipprob,0.0,0.0,,,100.0,
2025-03-31 15:00:00,,precipprob,0.0,0.0,,,100.0,
2025-03-31 17:00:00,,precipprob,0.0,0.0,,,100.0,
2025-03-31 18:00:00,,precipprob,0.0,0.0,,,100.0,
2025-03-31 20:00:00,,precipprob,0.0,0.0,,,100.0,
2025-03-31 21:00:00,,precipprob,0.0,0.0,,,100.0,
2025-03-31 23:00:00,,precipprob,0.0,0.0,,,100.0,
2025-04-01 13:00:00,,precipprob,0.0,0.0,,,100.0,
2025-04-01 19:00:00,,precipprob,0.0,0.0,,,100.0,
2025-04-02 01:00:00,,precipprob,0.0,0.0,,,100.0,
2025-04-09 15:00:00,,precipprob,0.0,0.0,,,100.0,
2025-04-09 16:00:00,,precipprob,0.0,0.0,,,100.0,
2025-04-10 06:00:00,,precipprob,0.0,0.0,,,100.0,
2025-04-10 09:00:00,,precipprob,0.0,0.0,,,100.0,
2025-04-10 11:00:00,,precipprob,0.0,0.0,,,100.0,
2025-04-10 14:00:00,,precipprob,0.0,0.0,,,100.0,
2025-04-10 17:00:00,,precipprob,0.0,0.0,,,100.0,
2025-04-10 18:00:00,,precipprob,0.0,0.0,,,100.0,
2025-04-10 21:00:00,,precipprob,0.0,0.0,,,100.0,
2025-04-11 19:00:00,,precipprob,0.0,0.0,,,100.0,
2025-04-12 12:00:00,,precipprob,0.0,0.0,,,100.0,
2025-04-13 09:00:00,,precipprob,0.0,0.0,,,100.0,
2025-04-13 15:00:00,,precipprob,0.0,0.0,,,100.0,
2025-04-14 12:00:00,,precipprob,0.0,0.0,,,100.0,
2025-04-14 14:00:00,,precipprob,0.0,0.0,,,100.0,
2025-04-14 17:00:00,,precipprob,0.0,0.0,,,100.0,
2025-04-15 09:00:00,,precipprob,0.0,0.0,,,100.0,
2025-04-15 11:00:00,,precipprob,0.0,0.0,,,100.0,
2025-04-15 15:00:00,,precipprob,0.0,0.0,,,100.0,
2025-04-15 17:00:00,,precipprob,0.0,0.0,,,100.0,
2025-04-15 20:00:00,,precipprob,0.0,0.0,,,100.0,
2025-04-16 11:00:00,,precipprob,0.0,0.0,,,100.0,
2025-04-16 12:00:00,,precipprob,0.0,0.0,,,100.0,
2025-04-16 15:00:00,,precipprob,0.0,0.0,,,100.0,
2025-04-17 09:00:00,,precipprob,0.0,0.0,,,100.0,
2025-04-17 11:00:00,,precipprob,0.0,0.0,,,100.0,
2025-04-17 12:00:00,,precipprob,0.0,0.0,,,100.0,
2025-04-17 14:00:00,,precipprob,0.0,0.0,,,100.0,
2025-04-17 15:00:00,,precipprob,0.0,0.0,,,100.0,
2025-04-17 17:00:00,,precipprob,0.0,0.0,,,100.0,
2025-04-17 18:00:00,,precipprob,0.0,0.0,,,100.0,
2025-04-18 02:00:00,,precipprob,0.0,0.0,,,100.0,
2025-04-18 03:00:00,,precipprob,0.0,0.0,,,100.0,
2025-04-18 10:00:00,,precipprob,0.0,0.0,,,100.0,
2025-04-18 11:00:00,,precipprob,0.0,0.0,,,100.0,
2025-04-18 12:00:00,,precipprob,0.0,0.0,,,100.0,
2025-04-18 14:00:00,,precipprob,0.0,0.0,,,100.0,
2025-04-19 00:00:00,,precipprob,0.0,0.0,,,100.0,
2025-04-19 02:00:00,,precipprob,0.0,0.0,,,100.0,
2025-04-21 08:00:00,,precipprob,0.0,0.0,,,100.0,
2025-04-21 11:00:00,,precipprob,0.0,0.0,,,100.0,
2025-04-21 12:00:00,,precipprob,0.0,0.0,,,100.0,
2025-04-21 14:00:00,,precipprob,0.0,0.0,,,100.0,
2025-04-21 15:00:00,,precipprob,0.0,0.0,,,100.0,
2025-04-22 12:00:00,,precipprob,0.0,0.0,,,100.0,
2025-04-22 14:00:00,,precipprob,0.0,0.0,,,100.0,
2025-04-23 11:00:00,,precipprob,0.0,0.0,,,100.0,
2025-04-23 12:00:00,,precipprob,0.0,0.0,,,100.0,
2025-04-23 15:00:00,,precipprob,0.0,0.0,,,100.0,
2025-04-23 17:00:00,,precipprob,0.0,0.0,,,100.0,
2025-04-24 15:00:00,,precipprob,0.0,0.0,,,100.0,
2025-04-24 17:00:00,,precipprob,0.0,0.0,,,100.0,
2025-04-24 18:00:00,,precipprob,0.0,0.0,,,100.0,
2025-04-25 15:00:00,,precipprob,0.0,0.0,,,100.0,
2025-04-26 08:00:00,,precipprob,0.0,0.0,,,100.0,
2025-04-26 09:00:00,,precipprob,0.0,0.0,,,100.0,
2025-04-26 11:00:00,,precipprob,0.0,0.0,,,100.0,
2025-04-26 12:00:00,,precipprob,0.0,0.0,,,100.0,
2025-04-26 14:00:00,,precipprob,0.0,0.0,,,100.0,
2025-04-26 15:00:00,,precipprob,0.0,0.0,,,100.0,
2025-04-26 17:00:00,,precipprob,0.0,0.0,,,100.0,
2025-04-27 19:00:00,,precipprob,0.0,0.0,,,100.0,
2025-04-29 19:00:00,,precipprob,0.0,0.0,,,100.0,
2025-04-30 09:00:00,,precipprob,0.0,0.0,,,100.0,
2025-05-01 14:00:00,,precipprob,0.0,0.0,,,100.0,
2025-05-01 15:00:00,,precipprob,0.0,0.0,,,100.0,
2025-05-01 17:00:00,,precipprob,0.0,0.0,,,100.0,
2025-05-01 18:00:00,,precipprob,0.0,0.0,,,100.0,
2025-05-01 20:00:00,,precipprob,0.0,0.0,,,100.0,
2025-05-01 21:00:00,,precipprob,0.0,0.0,,,100.0,
2025-05-01 23:00:00,,precipprob,0.0,0.0,,,100.0,
2025-05-02 00:00:00,,precipprob,0.0,0.0,,,100.0,
2025-05-02 02:00:00,,precipprob,0.0,0.0,,,100.0,
2025-05-02 03:00:00,,precipprob,0.0,0.0,,,100.0,
2025-05-02 09:00:00,,precipprob,0.0,0.0,,,100.0,
2025-05-02 11:00:00,,precipprob,0.0,0.0,,,100.0,
2025-05-02 12:00:00,,precipprob,0.0,0.0,,,100.0,
2025-05-02 15:00:00,,precipprob,0.0,0.0,,,100.0,
2025-05-03 19:00:00,,precipprob,0.0,0.0,,,100.0,
2025-05-04 08:00:00,,precipprob,0.0,0.0,,,100.0,
2025-05-04 09:00:00,,precipprob,0.0,0.0,,,100.0,
2025-05-04 12:00:00,,precipprob,0.0,0.0,,,100.0,
2025-05-04 15:00:00,,precipprob,0.0,0.0,,,100.0,
2025-05-04 17:00:00,,precipprob,0.0,0.0,,,100.0,
2025-05-05 11:00:00,,precipprob,0.0,0.0,,,100.0,
2025-05-05 17:00:00,,precipprob,0.0,0.0,,,100.0,
2025-05-05 20:00:00,,precipprob,0.0,0.0,,,100.0,
2025-05-06 08:00:00,,precipprob,0.0,0.0,,,100.0,
2025-05-06 09:00:00,,precipprob,0.0,0.0,,,100.0,
2025-05-06 12:00:00,,precipprob,0.0,0.0,,,100.0,
2025-05-06 14:00:00,,precipprob,0.0,0.0,,,100.0,
2025-05-06 15:00:00,,precipprob,0.0,0.0,,,100.0,
2025-05-06 17:00:00,,precipprob,0.0,0.0,,,100.0,
2025-05-06 18:00:00,,precipprob,0.0,0.0,,,100.0,
2025-05-08 17:00:00,,precipprob,0.0,0.0,,,100.0,
2025-05-09 09:00:00,,precipprob,0.0,0.0,,,100.0,
2025-05-09 17:00:00,,precipprob,0.0,0.0,,,100.0,
2025-05-10 19:00:00,,precipprob,0.0,0.0,,,100.0,
2025-05-11 00:00:00,,precipprob,0.0,0.0,,,100.0,
2025-05-11 14:00:00,,precipprob,0.0,0.0,,,100.0,
2025-05-11 15:00:00,,precipprob,0.0,0.0,,,100.0,
2025-05-11 17:00:00,,precipprob,0.0,0.0,,,100.0,
2025-05-11 18:00:00,,precipprob,0.0,0.0,,,100.0,
2025-05-11 20:00:00,,precipprob,0.0,0.0,,,100.0,
2025-05-11 21:00:00,,precipprob,0.0,0.0,,,100.0,
2025-05-11 23:00:00,,precipprob,0.0,0.0,,,100.0,
2025-05-12 00:00:00,,precipprob,0.0,0.0,,,100.0,
2025-05-12 02:00:00,,precipprob,0.0,0.0,,,100.0,
2025-05-12 03:00:00,,precipprob,0.0,0.0,,,100.0,
2025-05-12 05:00:00,,precipprob,0.0,0.0,,,100.0,
2025-05-12 12:00:00,,precipprob,0.0,0.0,,,100.0,
2025-05-12 14:00:00,,precipprob,0.0,0.0,,,100.0,
2025-05-12 15:00:00,,precipprob,0.0,0.0,,,100.0,
2025-05-12 17:00:00,,precipprob,0.0,0.0,,,100.0,
2025-05-12 18:00:00,,precipprob,0.0,0.0,,,100.0,
2025-05-12 20:00:00,,precipprob,0.0,0.0,,,100.0,
2025-05-12 21:00:00,,precipprob,0.0,0.0,,,100.0,
2025-05-13 01:00:00,,precipprob,0.0,0.0,,,100.0,
2025-05-13 08:00:00,,precipprob,0.0,0.0,,,100.0,
2025-05-13 14:00:00,,precipprob,0.0,0.0,,,100.0,
2025-05-13 15:00:00,,precipprob,0.0,0.0,,,100.0,
2025-05-13 17:00:00,,precipprob,0.0,0.0,,,100.0,
2025-05-13 18:00:00,,precipprob,0.0,0.0,,,100.0,
2025-05-13 20:00:00,,precipprob,0.0,0.0,,,100.0,
2025-05-13 21:00:00,,precipprob,0.0,0.0,,,100.0,
2025-05-13 23:00:00,,precipprob,0.0,0.0,,,100.0,
2025-05-14 19:00:00,,precipprob,0.0,0.0,,,100.0,
2025-05-15 19:00:00,,precipprob,0.0,0.0,,,100.0,
2025-05-16 05:00:00,,precipprob,0.0,0.0,,,100.0,
2025-05-16 06:00:00,,precipprob,0.0,0.0,,,100.0,
2025-05-16 09:00:00,,precipprob,0.0,0.0,,,100.0,
2025-05-16 11:00:00,,precipprob,0.0,0.0,,,100.0,
2025-05-16 12:00:00,,precipprob,0.0,0.0,,,100.0,
2025-05-16 15:00:00,,precipprob,0.0,0.0,,,100.0,
2025-05-16 18:00:00,,precipprob,0.0,0.0,,,100.0,
2025-05-17 19:00:00,,precipprob,0.0,0.0,,,100.0,
2025-05-18 08:00:00,,precipprob,0.0,0.0,,,100.0,
2025-05-18 09:00:00,,precipprob,0.0,0.0,,,100.0,
2025-05-18 12:00:00,,precipprob,0.0,0.0,,,100.0,
2025-05-18 14:00:00,,precipprob,0.0,0.0,,,100.0,
2025-05-18 15:00:00,,precipprob,0.0,0.0,,,100.0,
2025-05-18 17:00:00,,precipprob,0.0,0.0,,,100.0,
2025-05-19 11:00:00,,precipprob,0.0,0.0,,,100.0,
2025-05-19 12:00:00,,precipprob,0.0,0.0,,,100.0,
2025-05-19 14:00:00,,precipprob,0.0,0.0,,,100.0,
2025-05-19 17:00:00,,precipprob,0.0,0.0,,,100.0,
2025-05-20 08:00:00,,precipprob,0.0,0.0,,,100.0,
2025-05-20 09:00:00,,precipprob,0.0,0.0,,,100.0,
2025-05-20 11:00:00,,precipprob,0.0,0.0,,,100.0,
2025-05-20 12:00:00,,precipprob,0.0,0.0,,,100.0,
2025-05-20 20:00:00,,precipprob,0.0,0.0,,,100.0,
2025-05-21 19:00:00,,precipprob,0.0,0.0,,,100.0,
2025-05-22 01:00:00,,precipprob,0.0,0.0,,,100.0,
2025-05-22 19:00:00,,precipprob,0.0,0.0,,,100.0,
2025-05-23 01:00:00,,precipprob,0.0,0.0,,,100.0,
2025-05-23 07:00:00,,precipprob,0.0,0.0,,,100.0,
2025-05-23 13:00:00,,precipprob,0.0,0.0,,,100.0,
2025-05-23 19:00:00,,precipprob,0.0,0.0,,,100.0,
2025-05-24 19:00:00,,precipprob,0.0,0.0,,,100.0,
2025-05-25 02:00:00,,precipprob,0.0,0.0,,,100.0,
2025-05-25 03:00:00,,precipprob,0.0,0.0,,,100.0,
2025-05-25 05:00:00,,precipprob,0.0,0.0,,,100.0,
2025-05-25 06:00:00,,precipprob,0.0,0.0,,,100.0,
2025-05-25 09:00:00,,precipprob,0.0,0.0,,,100.0,
2025-05-25 11:00:00,,precipprob,0.0,0.0,,,100.0,
2025-05-25 12:00:00,,precipprob,0.0,0.0,,,100.0,
2025-05-25 14:00:00,,precipprob,0.0,0.0,,,100.0,
2025-05-25 15:00:00,,precipprob,0.0,0.0,,,100.0,
2025-05-25 17:00:00,,precipprob,0.0,0.0,,,100.0,
2025-05-25 18:00:00,,precipprob,0.0,0.0,,,100.0,
2025-05-25 20:00:00,,precipprob,0.0,0.0,,,100.0,
2025-05-25 21:00:00,,precipprob,0.0,0.0,,,100.0,
2025-05-25 23:00:00,,precipprob,0.0,0.0,,,100.0,
2025-05-26 00:00:00,,precipprob,0.0,0.0,,,100.0,
2025-05-26 11:00:00,,precipprob,0.0,0.0,,,100.0,
2025-05-26 12:00:00,,precipprob,0.0,0.0,,,100.0,
2025-05-26 14:00:00,,precipprob,0.0,0.0,,,100.0,
2025-05-26 15:00:00,,precipprob,0.0,0.0,,,100.0,
2025-05-26 17:00:00,,precipprob,0.0,0.0,,,100.0,
2025-05-26 18:00:00,,precipprob,0.0,0.0,,,100.0,
2025-05-27 08:00:00,,precipprob,0.0,0.0,,,100.0,
2025-05-27 09:00:00,,precipprob,0.0,0.0,,,100.0,
2025-05-27 11:00:00,,precipprob,0.0,0.0,,,100.0,
2025-05-27 12:00:00,,precipprob,0.0,0.0,,,100.0,
2025-05-27 14:00:00,,precipprob,0.0,0.0,,,100.0,
2025-05-27 15:00:00,,precipprob,0.0,0.0,,,100.0,
2025-05-27 17:00:00,,precipprob,0.0,0.0,,,100.0,
2025-05-27 18:00:00,,precipprob,0.0,0.0,,,100.0,
2025-05-27 20:00:00,,precipprob,0.0,0.0,,,100.0,
2025-05-27 21:00:00,,precipprob,0.0,0.0,,,100.0,
2025-05-28 00:00:00,,precipprob,0.0,0.0,,,100.0,
2025-05-28 05:00:00,,precipprob,0.0,0.0,,,100.0,
2025-05-28 08:00:00,,precipprob,0.0,0.0,,,100.0,
2025-05-28 09:00:00,,precipprob,0.0,0.0,,,100.0,
2025-05-28 11:00:00,,precipprob,0.0,0.0,,,100.0,
2025-05-28 12:00:00,,precipprob,0.0,0.0,,,100.0,
2025-05-28 14:00:00,,precipprob,0.0,0.0,,,100.0,
2025-05-28 15:00:00,,precipprob,0.0,0.0,,,100.0,
2025-05-28 17:00:00,,precipprob,0.0,0.0,,,100.0,
2025-05-28 18:00:00,,precipprob,0.0,0.0,,,100.0,
2025-05-28 20:00:00,,precipprob,0.0,0.0,,,100.0,
2025-05-28 21:00:00,,precipprob,0.0,0.0,,,100.0,
2025-05-28 23:00:00,,precipprob,0.0,0.0,,,100.0,
2025-05-29 19:00:00,,precipprob,0.0,0.0,,,100.0,
2025-05-30 19:00:00,,precipprob,0.0,0.0,,,100.0,
2025-05-31 19:00:00,,precipprob,0.0,0.0,,,100.0,
2025-06-01 19:00:00,,precipprob,0.0,0.0,,,100.0,
2025-06-02 19:00:00,,precipprob,0.0,0.0,,,100.0,
2025-06-03 19:00:00,,precipprob,0.0,0.0,,,100.0,
2025-06-04 19:00:00,,precipprob,0.0,0.0,,,100.0,
2025-06-05 06:00:00,,precipprob,0.0,0.0,,,100.0,
2025-06-05 08:00:00,,precipprob,0.0,0.0,,,100.0,
2025-06-05 09:00:00,,precipprob,0.0,0.0,,,100.0,
2025-06-05 12:00:00,,precipprob,0.0,0.0,,,100.0,
2025-06-05 14:00:00,,precipprob,0.0,0.0,,,100.0,
2025-06-05 15:00:00,,precipprob,0.0,0.0,,,100.0,
2025-06-06 06:00:00,,precipprob,0.0,0.0,,,100.0,
2025-06-06 08:00:00,,precipprob,0.0,0.0,,,100.0,
2025-06-06 09:00:00,,precipprob,0.0,0.0,,,100.0,
2025-06-06 11:00:00,,precipprob,0.0,0.0,,,100.0,
2025-06-06 12:00:00,,precipprob,0.0,0.0,,,100.0,
2025-06-06 14:00:00,,precipprob,0.0,0.0,,,100.0,
2025-06-06 15:00:00,,precipprob,0.0,0.0,,,100.0,
2025-06-06 21:00:00,,precipprob,0.0,0.0,,,100.0,
2025-06-06 23:00:00,,precipprob,0.0,0.0,,,100.0,
2025-06-07 19:00:00,,precipprob,0.0,0.0,,,100.0,
2025-06-08 19:00:00,,precipprob,0.0,0.0,,,100.0,
2025-06-09 19:00:00,,precipprob,0.0,0.0,,,100.0,
2025-06-10 19:00:00,,precipprob,0.0,0.0,,,100.0,
2025-06-11 19:00:00,,precipprob,0.0,0.0,,,100.0,
2025-06-12 04:00:00,,precipprob,0.0,0.0,,,100.0,
2025-06-12 05:00:00,,precipprob,0.0,0.0,,,100.0,
2025-06-12 06:00:00,,precipprob,0.0,0.0,,,100.0,
2025-06-12 08:00:00,,precipprob,0.0,0.0,,,100.0,
2025-06-12 09:00:00,,precipprob,0.0,0.0,,,100.0,
2025-06-12 11:00:00,,precipprob,0.0,0.0,,,100.0,
2025-06-12 12:00:00,,precipprob,0.0,0.0,,,100.0,
2025-06-12 14:00:00,,precipprob,0.0,0.0,,,100.0,
2025-06-12 15:00:00,,precipprob,0.0,0.0,,,100.0,
2025-06-12 17:00:00,,precipprob,0.0,0.0,,,100.0,
2025-06-12 18:00:00,,precipprob,0.0,0.0,,,100.0,
2025-06-12 20:00:00,,precipprob,0.0,0.0,,,100.0,
2025-06-13 19:00:00,,precipprob,0.0,0.0,,,100.0,
2025-06-14 19:00:00,,precipprob,0.0,0.0,,,100.0,
2025-06-15 02:00:00,,precipprob,0.0,0.0,,,100.0,
2025-06-15 03:00:00,,precipprob,0.0,0.0,,,100.0,
2025-06-15 05:00:00,,precipprob,0.0,0.0,,,100.0,
2025-06-15 15:00:00,,precipprob,0.0,0.0,,,100.0,
2025-06-15 17:00:00,,precipprob,0.0,0.0,,,100.0,
2025-06-16 11:00:00,,precipprob,0.0,0.0,,,100.0,
2025-06-16 12:00:00,,precipprob,0.0,0.0,,,100.0,
2025-06-16 14:00:00,,precipprob,0.0,0.0,,,100.0,
2025-06-16 15:00:00,,precipprob,0.0,0.0,,,100.0,
2025-06-16 17:00:00,,precipprob,0.0,0.0,,,100.0,
2025-06-16 18:00:00,,precipprob,0.0,0.0,,,100.0,
2025-06-16 20:00:00,,precipprob,0.0,0.0,,,100.0,
2025-06-16 21:00:00,,precipprob,0.0,0.0,,,100.0,
2025-06-16 23:00:00,,precipprob,0.0,0.0,,,100.0,
2025-06-17 01:00:00,,precipprob,0.0,0.0,,,100.0,
2025-06-18 00:00:00,,precipprob,0.0,0.0,,,100.0,
2025-06-18 06:00:00,,precipprob,0.0,0.0,,,100.0,
2025-06-18 08:00:00,,precipprob,0.0,0.0,,,100.0,
2025-06-18 09:00:00,,precipprob,0.0,0.0,,,100.0,
2025-06-18 11:00:00,,precipprob,0.0,0.0,,,100.0,
2025-06-18 12:00:00,,precipprob,0.0,0.0,,,100.0,
2025-06-18 14:00:00,,precipprob,0.0,0.0,,,100.0,
2025-06-18 15:00:00,,precipprob,0.0,0.0,,,100.0,
2025-06-18 17:00:00,,precipprob,0.0,0.0,,,100.0,
2025-06-18 20:00:00,,precipprob,0.0,0.0,,,100.0,
2025-06-19 19:00:00,,precipprob,0.0,0.0,,,100.0,
2025-06-20 01:00:00,,precipprob,0.0,0.0,,,100.0,
2025-06-20 07:00:00,,precipprob,0.0,0.0,,,100.0,
2025-06-20 13:00:00,,precipprob,0.0,0.0,,,100.0,
2025-06-20 19:00:00,,precipprob,0.0,0.0,,,100.0,
2025-06-21 08:00:00,,precipprob,0.0,0.0,,,100.0,
2025-06-21 09:00:00,,precipprob,0.0,0.0,,,100.0,
2025-06-21 11:00:00,,precipprob,0.0,0.0,,,100.0,
2025-06-21 12:00:00,,precipprob,0.0,0.0,,,100.0,
2025-06-21 14:00:00,,precipprob,0.0,0.0,,,100.0,
2025-06-21 15:00:00,,precipprob,0.0,0.0,,,100.0,
2025-06-21 17:00:00,,precipprob,0.0,0.0,,,100.0,
2025-06-22 02:00:00,,precipprob,0.0,0.0,,,100.0,
2025-06-22 03:00:00,,precipprob,0.0,0.0,,,100.0,
2025-06-22 04:00:00,,precipprob,0.0,0.0,,,100.0,
2025-06-22 05:00:00,,precipprob,0.0,0.0,,,100.0,
2025-06-22 06:00:00,,precipprob,0.0,0.0,,,100.0,
2025-06-22 08:00:00,,precipprob,0.0,0.0,,,100.0,
2025-06-22 09:00:00,,precipprob,0.0,0.0,,,100.0,
2025-06-22 11:00:00,,precipprob,0.0,0.0,,,100.0,
2025-06-22 12:00:00,,precipprob,0.0,0.0,,,100.0,
2025-06-22 14:00:00,,precipprob,0.0,0.0,,,100.0,
2025-06-22 15:00:00,,precipprob,0.0,0.0,,,100.0,
2025-06-22 17:00:00,,precipprob,0.0,0.0,,,100.0,
2025-06-22 18:00:00,,precipprob,0.0,0.0,,,100.0,
2025-06-23 02:00:00,,precipprob,0.0,0.0,,,100.0,
2025-06-23 03:00:00,,precipprob,0.0,0.0,,,100.0,
2025-06-23 05:00:00,,precipprob,0.0,0.0,,,100.0,
2025-06-23 06:00:00,,precipprob,0.0,0.0,,,100.0,
2025-06-23 11:00:00,,precipprob,0.0,0.0,,,100.0,
2025-06-23 12:00:00,,precipprob,0.0,0.0,,,100.0,
2025-06-23 14:00:00,,precipprob,0.0,0.0,,,100.0,
2025-06-23 15:00:00,,precipprob,0.0,0.0,,,100.0,
2025-06-23 17:00:00,,precipprob,0.0,0.0,,,100.0,
2025-06-24 09:00:00,,precipprob,0.0,0.0,,,100.0,
2025-06-24 11:00:00,,precipprob,0.0,0.0,,,100.0,
2025-06-24 12:00:00,,precipprob,0.0,0.0,,,100.0,
2025-06-25 13:00:00,,precipprob,0.0,0.0,,,100.0,
2025-06-26 07:00:00,,precipprob,0.0,0.0,,,100.0,
2025-06-26 13:00:00,,precipprob,0.0,0.0,,,100.0,
2025-06-26 19:00:00,,precipprob,0.0,0.0,,,100.0,
2025-06-27 01:00:00,,precipprob,0.0,0.0,,,100.0,
2025-06-27 13:00:00,,precipprob,0.0,0.0,,,100.0,
2025-06-28 19:00:00,,precipprob,0.0,0.0,,,100.0,
2025-06-29 19:00:00,,precipprob,0.0,0.0,,,100.0,
2025-06-30 15:00:00,,precipprob,0.0,0.0,,,100.0,
2025-06-30 17:00:00,,precipprob,0.0,0.0,,,100.0,
2025-06-30 18:00:00,,precipprob,0.0,0.0,,,100.0,
2025-07-01 08:00:00,,precipprob,0.0,0.0,,,100.0,
2025-07-01 09:00:00,,precipprob,0.0,0.0,,,100.0,
2025-07-01 11:00:00,,precipprob,0.0,0.0,,,100.0,
2025-07-01 12:00:00,,precipprob,0.0,0.0,,,100.0,
2025-07-01 14:00:00,,precipprob,0.0,0.0,,,100.0,
2025-07-01 15:00:00,,precipprob,0.0,0.0,,,100.0,
2025-07-01 17:00:00,,precipprob,0.0,0.0,,,100.0,
2025-07-01 18:00:00,,precipprob,0.0,0.0,,,100.0,
2025-07-01 20:00:00,,precipprob,0.0,0.0,,,100.0,
2025-07-01 21:00:00,,precipprob,0.0,0.0,,,100.0,
2025-07-02 02:00:00,,precipprob,0.0,0.0,,,100.0,
2025-07-02 03:00:00,,precipprob,0.0,0.0,,,100.0,
2025-07-02 08:00:00,,precipprob,0.0,0.0,,,100.0,
2025-07-02 09:00:00,,precipprob,0.0,0.0,,,100.0,
2025-07-02 11:00:00,,precipprob,0.0,0.0,,,100.0,
2025-07-02 12:00:00,,precipprob,0.0,0.0,,,100.0,
2025-07-02 14:00:00,,precipprob,0.0,0.0,,,100.0,
2025-07-02 15:00:00,,precipprob,0.0,0.0,,,100.0,
2025-07-02 17:00:00,,precipprob,0.0,0.0,,,100.0,
2025-07-02 18:00:00,,precipprob,0.0,0.0,,,100.0,
2025-07-02 20:00:00,,precipprob,0.0,0.0,,,100.0,
2025-07-03 19:00:00,,precipprob,0.0,0.0,,,100.0,
2025-07-04 19:00:00,,precipprob,0.0,0.0,,,100.0,
2025-07-05 08:00:00,,precipprob,0.0,0.0,,,100.0,
2025-07-05 11:00:00,,precipprob,0.0,0.0,,,100.0,
2025-07-05 12:00:00,,precipprob,0.0,0.0,,,100.0,
2025-07-05 14:00:00,,precipprob,0.0,0.0,,,100.0,
2025-07-05 15:00:00,,precipprob,0.0,0.0,,,100.0,
2025-07-05 17:00:00,,precipprob,0.0,0.0,,,100.0,
2025-07-05 18:00:00,,precipprob,0.0,0.0,,,100.0,
2025-07-06 19:00:00,,precipprob,0.0,0.0,,,100.0,
2025-07-07 13:00:00,,precipprob,0.0,0.0,,,100.0,
2025-07-08 02:00:00,,precipprob,0.0,0.0,,,100.0,
2025-07-08 06:00:00,,precipprob,0.0,0.0,,,100.0,
2025-07-08 08:00:00,,precipprob,0.0,0.0,,,100.0,
2025-07-08 09:00:00,,precipprob,0.0,0.0,,,100.0,
2025-07-08 11:00:00,,precipprob,0.0,0.0,,,100.0,
2025-07-08 12:00:00,,precipprob,0.0,0.0,,,100.0,
2025-07-09 09:00:00,,precipprob,0.0,0.0,,,100.0,
2025-07-09 11:00:00,,precipprob,0.0,0.0,,,100.0,
2025-07-09 12:00:00,,precipprob,0.0,0.0,,,100.0,
2025-07-09 14:00:00,,precipprob,0.0,0.0,,,100.0,
2025-07-09 15:00:00,,precipprob,0.0,0.0,,,100.0,
2025-07-09 17:00:00,,precipprob,0.0,0.0,,,100.0,
2025-07-10 11:00:00,,precipprob,0.0,0.0,,,100.0,
2025-07-10 12:00:00,,precipprob,0.0,0.0,,,100.0,
2025-07-10 14:00:00,,precipprob,0.0,0.0,,,100.0,
2025-07-10 15:00:00,,precipprob,0.0,0.0,,,100.0,
2025-07-11 19:00:00,,precipprob,0.0,0.0,,,100.0,
2025-07-12 19:00:00,,precipprob,0.0,0.0,,,100.0,
2025-07-13 19:00:00,,precipprob,0.0,0.0,,,100.0,
2025-07-14 19:00:00,,precipprob,0.0,0.0,,,100.0,
2025-07-15 19:00:00,,precipprob,0.0,0.0,,,100.0,
2025-07-16 19:00:00,,precipprob,0.0,0.0,,,100.0,
2025-07-17 19:00:00,,precipprob,0.0,0.0,,,100.0,
2025-07-18 19:00:00,,precipprob,0.0,0.0,,,100.0,
2025-07-19 19:00:00,,precipprob,0.0,0.0,,,100.0,
2025-07-20 19:00:00,,precipprob,0.0,0.0,,,100.0,
2025-07-21 19:00:00,,precipprob,0.0,0.0,,,100.0,
2025-07-22 19:00:00,,precipprob,0.0,0.0,,,100.0,
2025-07-23 08:00:00,,precipprob,0.0,0.0,,,100.0,
2025-07-23 09:00:00,,precipprob,0.0,0.0,,,100.0,
2025-07-23 11:00:00,,precipprob,0.0,0.0,,,100.0,
2025-07-23 12:00:00,,precipprob,0.0,0.0,,,100.0,
2025-07-23 17:00:00,,precipprob,0.0,0.0,,,100.0,
2025-07-24 15:00:00,,precipprob,0.0,0.0,,,100.0,
2025-07-25 11:00:00,,precipprob,0.0,0.0,,,100.0,
2025-07-25 12:00:00,,precipprob,0.0,0.0,,,100.0,
2025-07-26 19:00:00,,precipprob,0.0,0.0,,,100.0,
2025-07-27 19:00:00,,precipprob,0.0,0.0,,,100.0,
2025-07-28 19:00:00,,precipprob,0.0,0.0,,,100.0,
2025-07-29 19:00:00,,precipprob,0.0,0.0,,,100.0,
2025-07-30 09:00:00,,precipprob,0.0,0.0,,,100.0,
2025-07-30 11:00:00,,precipprob,0.0,0.0,,,100.0,
2025-07-30 12:00:00,,precipprob,0.0,0.0,,,100.0,
2025-07-30 14:00:00,,precipprob,0.0,0.0,,,100.0,
2025-07-30 15:00:00,,precipprob,0.0,0.0,,,100.0,
2025-07-30 17:00:00,,precipprob,0.0,0.0,,,100.0,
2025-07-31 19:00:00,,precipprob,0.0,0.0,,,100.0,
2025-08-01 09:00:00,,precipprob,0.0,0.0,,,100.0,
2025-08-01 11:00:00,,precipprob,0.0,0.0,,,100.0,
2025-08-01 14:00:00,,precipprob,0.0,0.0,,,100.0,
2025-08-01 17:00:00,,precipprob,0.0,0.0,,,100.0,
2025-08-02 11:00:00,,precipprob,0.0,0.0,,,100.0,
2025-08-02 12:00:00,,precipprob,0.0,0.0,,,100.0,
2025-08-02 14:00:00,,precipprob,0.0,0.0,,,100.0,
2025-08-02 15:00:00,,precipprob,0.0,0.0,,,100.0,
2025-08-02 17:00:00,,precipprob,0.0,0.0,,,100.0,
2025-08-03 19:00:00,,precipprob,0.0,0.0,,,100.0,
2025-08-04 19:00:00,,precipprob,0.0,0.0,,,100.0,
2025-08-05 09:00:00,,precipprob,0.0,0.0,,,100.0,
2025-08-05 11:00:00,,precipprob,0.0,0.0,,,100.0,
2025-08-05 12:00:00,,precipprob,0.0,0.0,,,100.0,
2025-08-05 14:00:00,,precipprob,0.0,0.0,,,100.0,
2025-08-05 17:00:00,,precipprob,0.0,0.0,,,100.0,
2025-08-06 02:00:00,,precipprob,0.0,0.0,,,100.0,
2025-08-06 09:00:00,,precipprob,0.0,0.0,,,100.0,
2025-08-06 11:00:00,,precipprob,0.0,0.0,,,100.0,
2025-08-06 12:00:00,,precipprob,0.0,0.0,,,100.0,
2025-08-06 13:00:00,,precipprob,0.0,0.0,,,100.0,
2025-08-06 15:00:00,,precipprob,0.0,0.0,,,100.0,
2025-08-06 16:00:00,,precipprob,0.0,0.0,,,100.0,
2025-08-06 17:00:00,,precipprob,0.0,0.0,,,100.0,
2025-08-06 18:00:00,,precipprob,0.0,0.0,,,100.0,
2025-08-07 11:00:00,,precipprob,0.0,0.0,,,100.0,
2025-08-07 17:00:00,,precipprob,0.0,0.0,,,100.0,
2025-08-07 18:00:00,,precipprob,0.0,0.0,,,100.0,
2025-08-08 09:00:00,,precipprob,0.0,0.0,,,100.0,
2025-08-08 11:00:00,,precipprob,0.0,0.0,,,100.0,
2025-08-08 12:00:00,,precipprob,0.0,0.0,,,100.0,
2025-08-08 14:00:00,,precipprob,0.0,0.0,,,100.0,
2025-08-08 15:00:00,,precipprob,0.0,0.0,,,100.0,
2025-08-08 17:00:00,,precipprob,0.0,0.0,,,100.0,
2025-08-08 18:00:00,,precipprob,0.0,0.0,,,100.0,
2025-08-09 19:00:00,,precipprob,0.0,0.0,,,100.0,
2025-08-10 11:00:00,,precipprob,0.0,0.0,,,100.0,
2025-08-10 12:00:00,,precipprob,0.0,0.0,,,100.0,
2025-08-10 14:00:00,,precipprob,0.0,0.0,,,100.0,
2025-08-10 15:00:00,,precipprob,0.0,0.0,,,100.0,
2025-08-10 17:00:00,,precipprob,0.0,0.0,,,100.0,
2025-08-10 18:00:00,,precipprob,0.0,0.0,,,100.0,
2025-08-10 20:00:00,,precipprob,0.0,0.0,,,100.0,
2025-08-11 19:00:00,,precipprob,0.0,0.0,,,100.0,
2025-08-12 19:00:00,,precipprob,0.0,0.0,,,100.0,
2025-08-13 08:00:00,,precipprob,0.0,0.0,,,100.0,
2025-08-13 09:00:00,,precipprob,0.0,0.0,,,100.0,
2025-08-13 11:00:00,,precipprob,0.0,0.0,,,100.0,
2025-08-13 12:00:00,,precipprob,0.0,0.0,,,100.0,
2025-08-13 14:00:00,,precipprob,0.0,0.0,,,100.0,
2025-08-13 15:00:00,,precipprob,0.0,0.0,,,100.0,
2025-08-13 17:00:00,,precipprob,0.0,0.0,,,100.0,
2025-08-13 18:00:00,,precipprob,0.0,0.0,,,100.0,
2025-08-14 19:00:00,,precipprob,0.0,0.0,,,100.0,
2025-08-15 19:00:00,,precipprob,0.0,0.0,,,100.0,
2025-08-16 19:00:00,,precipprob,0.0,0.0,,,100.0,
2025-08-17 00:00:00,,precipprob,0.0,0.0,,,100.0,
2025-08-17 02:00:00,,precipprob,0.0,0.0,,,100.0,
2025-08-17 03:00:00,,precipprob,0.0,0.0,,,100.0,
2025-08-17 05:00:00,,precipprob,0.0,0.0,,,100.0,
2025-08-17 06:00:00,,precipprob,0.0,0.0,,,100.0,
2025-08-17 08:00:00,,precipprob,0.0,0.0,,,100.0,
2025-08-17 14:00:00,,precipprob,0.0,0.0,,,100.0,
2025-08-17 15:00:00,,precipprob,0.0,0.0,,,100.0,
2025-08-17 17:00:00,,precipprob,0.0,0.0,,,100.0,
2025-08-17 18:00:00,,precipprob,0.0,0.0,,,100.0,
2025-08-17 20:00:00,,precipprob,0.0,0.0,,,100.0,
2025-08-17 21:00:00,,precipprob,0.0,0.0,,,100.0,
2025-08-18 19:00:00,,precipprob,0.0,0.0,,,100.0,
2025-08-19 11:00:00,,precipprob,0.0,0.0,,,100.0,
2025-08-19 12:00:00,,precipprob,0.0,0.0,,,100.0,
2025-08-19 17:00:00,,precipprob,0.0,0.0,,,100.0,
2025-08-19 18:00:00,,precipprob,0.0,0.0,,,100.0,
2025-08-19 20:00:00,,precipprob,0.0,0.0,,,100.0,
2025-08-20 00:00:00,,precipprob,0.0,0.0,,,100.0,
2025-08-20 11:00:00,,precipprob,0.0,0.0,,,100.0,
2025-08-20 12:00:00,,precipprob,0.0,0.0,,,100.0,
2025-08-20 14:00:00,,precipprob,0.0,0.0,,,100.0,
2025-08-20 15:00:00,,precipprob,0.0,0.0,,,100.0,
2025-08-20 17:00:00,,precipprob,0.0,0.0,,,100.0,
2025-08-20 18:00:00,,precipprob,0.0,0.0,,,100.0,
2025-08-20 23:00:00,,precipprob,0.0,0.0,,,100.0,
2025-08-21 19:00:00,,precipprob,0.0,0.0,,,100.0,
2025-08-22 19:00:00,,precipprob,0.0,0.0,,,100.0,
2025-08-23 19:00:00,,precipprob,0.0,0.0,,,100.0,
2025-08-24 19:00:00,,precipprob,0.0,0.0,,,100.0,
2025-08-25 06:00:00,,precipprob,0.0,0.0,,,100.0,
2025-08-25 07:00:00,,precipprob,0.0,0.0,,,100.0,
2025-08-25 08:00:00,,precipprob,0.0,0.0,,,100.0,
2025-08-25 09:00:00,,precipprob,0.0,0.0,,,100.0,
2025-08-25 10:00:00,,precipprob,0.0,0.0,,,100.0,
2025-08-25 11:00:00,,precipprob,0.0,0.0,,,100.0,
2025-08-25 12:00:00,,precipprob,0.0,0.0,,,100.0,
2025-08-25 13:00:00,,precipprob,0.0,0.0,,,100.0,
2025-08-25 14:00:00,,precipprob,0.0,0.0,,,100.0,
2025-08-25 15:00:00,,precipprob,0.0,0.0,,,100.0,
2025-08-25 16:00:00,,precipprob,0.0,0.0,,,100.0,
2025-08-25 17:00:00,,precipprob,0.0,0.0,,,100.0,
2025-08-25 18:00:00,,precipprob,0.0,0.0,,,100.0,
2025-08-26 01:00:00,,precipprob,0.0,0.0,,,100.0,
2025-08-26 02:00:00,,precipprob,0.0,0.0,,,100.0,
2025-08-26 03:00:00,,precipprob,0.0,0.0,,,100.0,
2025-08-26 04:00:00,,precipprob,0.0,0.0,,,100.0,
2025-08-26 05:00:00,,precipprob,0.0,0.0,,,100.0,
2025-08-26 06:00:00,,precipprob,0.0,0.0,,,100.0,
2025-08-26 07:00:00,,precipprob,0.0,0.0,,,100.0,
2025-08-26 08:00:00,,precipprob,0.0,0.0,,,100.0,
2025-08-26 09:00:00,,precipprob,0.0,0.0,,,100.0,
2025-08-26 10:00:00,,precipprob,0.0,0.0,,,100.0,
2025-08-26 11:00:00,,precipprob,0.0,0.0,,,100.0,
2025-08-26 12:00:00,,precipprob,0.0,0.0,,,100.0,
2025-08-26 13:00:00,,precipprob,0.0,0.0,,,100.0,
2025-08-26 14:00:00,,precipprob,0.0,0.0,,,100.0,
2025-08-26 15:00:00,,precipprob,0.0,0.0,,,100.0,
2025-08-26 16:00:00,,precipprob,0.0,0.0,,,100.0,
2025-08-26 17:00:00,,precipprob,0.0,0.0,,,100.0,
2025-08-26 18:00:00,,precipprob,0.0,0.0,,,100.0,
2025-08-26 19:00:00,,precipprob,0.0,0.0,,,100.0,
2025-08-26 20:00:00,,precipprob,0.0,0.0,,,100.0,
2025-08-26 21:00:00,,precipprob,0.0,0.0,,,100.0,
2025-08-26 22:00:00,,precipprob,0.0,0.0,,,100.0,
2025-08-26 23:00:00,,precipprob,0.0,0.0,,,100.0,
2025-08-27 00:00:00,,precipprob,0.0,0.0,,,100.0,
2025-08-27 01:00:00,,precipprob,0.0,0.0,,,100.0,
2025-08-27 06:00:00,,precipprob,0.0,0.0,,,100.0,
2025-08-27 09:00:00,,precipprob,0.0,0.0,,,100.0,
2025-08-27 10:00:00,,precipprob,0.0,0.0,,,100.0,
2025-08-27 11:00:00,,precipprob,0.0,0.0,,,100.0,
2025-08-27 12:00:00,,precipprob,0.0,0.0,,,100.0,
2025-08-27 13:00:00,,precipprob,0.0,0.0,,,100.0,
2025-08-27 14:00:00,,precipprob,0.0,0.0,,,100.0,
2025-08-27 15:00:00,,precipprob,0.0,0.0,,,100.0,
2025-08-27 17:00:00,,precipprob,0.0,0.0,,,100.0,
2025-08-27 18:00:00,,precipprob,0.0,0.0,,,100.0,
2025-08-27 19:00:00,,precipprob,0.0,0.0,,,100.0,
2025-08-27 20:00:00,,precipprob,0.0,0.0,,,100.0,
2025-08-27 21:00:00,,precipprob,0.0,0.0,,,100.0,
2025-08-28 02:00:00,,precipprob,0.0,0.0,,,100.0,
2025-08-28 03:00:00,,precipprob,0.0,0.0,,,100.0,
2025-08-28 04:00:00,,precipprob,0.0,0.0,,,100.0,
2025-08-28 05:00:00,,precipprob,0.0,0.0,,,100.0,
2025-08-28 06:00:00,,precipprob,0.0,0.0,,,100.0,
2025-08-28 07:00:00,,precipprob,0.0,0.0,,,100.0,
2025-08-28 08:00:00,,precipprob,0.0,0.0,,,100.0,
2025-08-28 09:00:00,,precipprob,0.0,0.0,,,100.0,
2025-08-28 10:00:00,,precipprob,0.0,0.0,,,100.0,
2025-08-28 14:00:00,,precipprob,0.0,0.0,,,100.0,
2025-08-28 15:00:00,,precipprob,0.0,0.0,,,100.0,
2025-08-28 16:00:00,,precipprob,0.0,0.0,,,100.0,
2025-08-28 17:00:00,,precipprob,0.0,0.0,,,100.0,
2025-08-28 18:00:00,,precipprob,0.0,0.0,,,100.0,
2025-08-28 19:00:00,,precipprob,0.0,0.0,,,100.0,
2025-08-28 20:00:00,,precipprob,0.0,0.0,,,100.0,
2025-08-29 02:00:00,,precipprob,0.0,0.0,,,100.0,
2025-08-29 03:00:00,,precipprob,0.0,0.0,,,100.0,
2025-08-29 04:00:00,,precipprob,0.0,0.0,,,100.0,
2025-08-29 05:00:00,,precipprob,0.0,0.0,,,100.0,
2025-08-29 06:00:00,,precipprob,0.0,0.0,,,100.0,
2025-08-29 07:00:00,,precipprob,0.0,0.0,,,100.0,
2025-08-29 11:00:00,,precipprob,0.0,0.0,,,100.0,
2025-08-29 12:00:00,,precipprob,0.0,0.0,,,100.0,
2025-08-29 13:00:00,,precipprob,0.0,0.0,,,100.0,
2025-08-29 14:00:00,,precipprob,0.0,0.0,,,100.0,
2025-08-29 15:00:00,,precipprob,0.0,0.0,,,100.0,
2025-08-29 16:00:00,,precipprob,0.0,0.0,,,100.0,
2025-08-29 17:00:00,,precipprob,0.0,0.0,,,100.0,
2025-08-29 18:00:00,,precipprob,0.0,0.0,,,100.0,
2025-08-29 19:00:00,,precipprob,0.0,0.0,,,100.0,
2025-08-29 20:00:00,,precipprob,0.0,0.0,,,100.0,
2025-08-29 21:00:00,,precipprob,0.0,0.0,,,100.0,
2025-08-30 02:00:00,,precipprob,0.0,0.0,,,100.0,
2025-08-30 03:00:00,,precipprob,0.0,0.0,,,100.0,
2025-08-30 04:00:00,,precipprob,0.0,0.0,,,100.0,
2025-08-30 09:00:00,,precipprob,0.0,0.0,,,100.0,
2025-08-30 10:00:00,,precipprob,0.0,0.0,,,100.0,
2025-08-30 11:00:00,,precipprob,0.0,0.0,,,100.0,
2025-08-30 13:00:00,,precipprob,0.0,0.0,,,100.0,
2025-08-30 14:00:00,,precipprob,0.0,0.0,,,100.0,
2025-08-30 15:00:00,,precipprob,0.0,0.0,,,100.0,
2025-08-30 16:00:00,,precipprob,0.0,0.0,,,100.0,
2025-08-30 17:00:00,,precipprob,0.0,0.0,,,100.0,
2025-08-30 18:00:00,,precipprob,0.0,0.0,,,100.0,
2025-08-31 08:00:00,,precipprob,0.0,0.0,,,100.0,
2025-08-31 09:00:00,,precipprob,0.0,0.0,,,100.0,
2025-08-31 10:00:00,,precipprob,0.0,0.0,,,100.0,
2025-08-31 12:00:00,,precipprob,0.0,0.0,,,100.0,
2025-08-31 13:00:00,,precipprob,0.0,0.0,,,100.0,
2025-08-31 14:00:00,,precipprob,0.0,0.0,,,100.0,
2025-08-31 15:00:00,,precipprob,0.0,0.0,,,100.0,
2025-08-31 16:00:00,,precipprob,0.0,0.0,,,100.0,
2025-08-31 17:00:00,,precipprob,0.0,0.0,,,100.0,
2025-08-31 18:00:00,,precipprob,0.0,0.0,,,100.0,
2025-08-31 19:00:00,,precipprob,0.0,0.0,,,100.0,
2025-08-31 20:00:00,,precipprob,0.0,0.0,,,100.0,
2025-08-31 21:00:00,,precipprob,0.0,0.0,,,100.0,
2025-08-31 22:00:00,,precipprob,0.0,0.0,,,100.0,
2025-08-31 23:00:00,,precipprob,0.0,0.0,,,100.0,
2025-09-01 00:00:00,,precipprob,0.0,0.0,,,100.0,
2025-09-01 01:00:00,,precipprob,0.0,0.0,,,100.0,
2025-09-01 03:00:00,,precipprob,0.0,0.0,,,100.0,
2025-09-01 04:00:00,,precipprob,0.0,0.0,,,100.0,
2025-09-01 05:00:00,,precipprob,0.0,0.0,,,100.0,
2025-09-01 06:00:00,,precipprob,0.0,0.0,,,100.0,
2025-09-01 07:00:00,,precipprob,0.0,0.0,,,100.0,
2025-09-01 08:00:00,,precipprob,0.0,0.0,,,100.0,
2025-09-01 09:00:00,,precipprob,0.0,0.0,,,100.0,
2025-09-01 10:00:00,,precipprob,0.0,0.0,,,100.0,
2025-09-01 11:00:00,,precipprob,0.0,0.0,,,100.0,
2025-09-01 12:00:00,,precipprob,0.0,0.0,,,100.0,
2025-09-01 13:00:00,,precipprob,0.0,0.0,,,100.0,
2025-09-01 14:00:00,,precipprob,0.0,0.0,,,100.0,
2025-09-01 15:00:00,,precipprob,0.0,0.0,,,100.0,
2025-09-01 16:00:00,,precipprob,0.0,0.0,,,100.0,
2025-09-01 17:00:00,,precipprob,0.0,0.0,,,100.0,
2025-09-01 18:00:00,,precipprob,0.0,0.0,,,100.0,
2025-09-01 19:00:00,,precipprob,0.0,0.0,,,100.0,
2025-09-01 20:00:00,,precipprob,0.0,0.0,,,100.0,
2025-09-02 02:00:00,,precipprob,0.0,0.0,,,100.0,
2025-09-02 09:00:00,,precipprob,0.0,0.0,,,100.0,
2025-09-02 10:00:00,,precipprob,0.0,0.0,,,100.0,
2025-09-02 11:00:00,,precipprob,0.0,0.0,,,100.0,
2025-09-02 12:00:00,,precipprob,0.0,0.0,,,100.0,
2025-09-02 13:00:00,,precipprob,0.0,0.0,,,100.0,
2025-09-02 14:00:00,,precipprob,0.0,0.0,,,100.0,
2025-09-02 15:00:00,,precipprob,0.0,0.0,,,100.0,
2025-09-02 16:00:00,,precipprob,0.0,0.0,,,100.0,
2025-09-02 17:00:00,,precipprob,0.0,0.0,,,100.0,
2025-09-02 18:00:00,,precipprob,0.0,0.0,,,100.0,
2025-09-02 19:00:00,,precipprob,0.0,0.0,,,100.0,
2025-09-02 20:00:00,,precipprob,0.0,0.0,,,100.0,
2025-09-02 21:00:00,,precipprob,0.0,0.0,,,100.0,
2025-09-03 07:00:00,,precipprob,0.0,0.0,,,100.0,
2025-09-03 08:00:00,,precipprob,0.0,0.0,,,100.0,
2025-09-03 09:00:00,,precipprob,0.0,0.0,,,100.0,
2025-09-03 10:00:00,,precipprob,0.0,0.0,,,100.0,
2025-09-03 11:00:00,,precipprob,0.0,0.0,,,100.0,
2025-09-03 12:00:00,,precipprob,0.0,0.0,,,100.0,
2025-09-03 13:00:00,,precipprob,0.0,0.0,,,100.0,
2025-09-03 14:00:00,,precipprob,0.0,0.0,,,100.0,
2025-09-03 15:00:00,,precipprob,0.0,0.0,,,100.0,
2025-09-03 16:00:00,,precipprob,0.0,0.0,,,100.0,
2025-09-03 17:00:00,,precipprob,0.0,0.0,,,100.0,
2025-09-03 18:00:00,,precipprob,0.0,0.0,,,100.0,
2025-09-03 19:00:00,,precipprob,0.0,0.0,,,100.0,
2025-09-03 20:00:00,,precipprob,0.0,0.0,,,100.0,
2025-09-03 21:00:00,,precipprob,0.0,0.0,,,100.0,
2025-09-04 02:00:00,,precipprob,0.0,0.0,,,100.0,
2025-09-04 03:00:00,,precipprob,0.0,0.0,,,100.0,
2025-09-04 04:00:00,,precipprob,0.0,0.0,,,100.0,
2025-09-04 05:00:00,,precipprob,0.0,0.0,,,100.0,
2025-09-04 06:00:00,,precipprob,0.0,0.0,,,100.0,
2025-09-04 07:00:00,,precipprob,0.0,0.0,,,100.0,
2025-09-04 10:00:00,,precipprob,0.0,0.0,,,100.0,
2025-09-04 11:00:00,,precipprob,0.0,0.0,,,100.0,
2025-09-04 12:00:00,,precipprob,0.0,0.0,,,100.0,
2025-09-04 13:00:00,,precipprob,0.0,0.0,,,100.0,
2025-09-04 14:00:00,,precipprob,0.0,0.0,,,100.0,
2025-09-04 15:00:00,,precipprob,0.0,0.0,,,100.0,
2025-09-04 16:00:00,,precipprob,0.0,0.0,,,100.0,
2025-09-04 17:00:00,,precipprob,0.0,0.0,,,100.0,
2025-09-04 18:00:00,,precipprob,0.0,0.0,,,100.0,
2025-09-04 19:00:00,,precipprob,0.0,0.0,,,100.0,
2025-09-04 20:00:00,,precipprob,0.0,0.0,,,100.0,
2025-09-04 21:00:00,,precipprob,0.0,0.0,,,100.0,
2025-09-04 22:00:00,,precipprob,0.0,0.0,,,100.0,
2025-09-04 23:00:00,,precipprob,0.0,0.0,,,100.0,
2025-09-05 00:00:00,,precipprob,0.0,0.0,,,100.0,
2025-09-05 01:00:00,,precipprob,0.0,0.0,,,100.0,
2025-09-05 03:00:00,,precipprob,0.0,0.0,,,100.0,
2025-09-05 04:00:00,,precipprob,0.0,0.0,,,100.0,
2025-09-05 05:00:00,,precipprob,0.0,0.0,,,100.0,
2025-09-05 07:00:00,,precipprob,0.0,0.0,,,100.0,
2025-09-05 08:00:00,,precipprob,0.0,0.0,,,100.0,
2025-09-05 09:00:00,,precipprob,0.0,0.0,,,100.0,
2025-09-05 10:00:00,,precipprob,0.0,0.0,,,100.0,
2025-09-05 11:00:00,,precipprob,0.0,0.0,,,100.0,
2025-09-05 12:00:00,,precipprob,0.0,0.0,,,100.0,
2025-09-05 13:00:00,,precipprob,0.0,0.0,,,100.0,
2025-09-05 14:00:00,,precipprob,0.0,0.0,,,100.0,
2025-09-05 15:00:00,,precipprob,0.0,0.0,,,100.0,
2025-09-05 16:00:00,,precipprob,0.0,0.0,,,100.0,
2025-09-05 17:00:00,,precipprob,0.0,0.0,,,100.0,
2025-09-06 09:00:00,,precipprob,0.0,0.0,,,100.0,
2025-09-06 10:00:00,,precipprob,0.0,0.0,,,100.0,
2025-09-06 11:00:00,,precipprob,0.0,0.0,,,100.0,
2025-09-06 12:00:00,,precipprob,0.0,0.0,,,100.0,
2025-09-06 13:00:00,,precipprob,0.0,0.0,,,100.0,
2025-09-06 15:00:00,,precipprob,0.0,0.0,,,100.0,
2025-09-06 16:00:00,,precipprob,0.0,0.0,,,100.0,
2025-09-06 17:00:00,,precipprob,0.0,0.0,,,100.0,
2025-09-07 01:00:00,,precipprob,0.0,0.0,,,100.0,
2025-09-07 10:00:00,,precipprob,0.0,0.0,,,100.0,
2025-09-07 11:00:00,,precipprob,0.0,0.0,,,100.0,
2025-09-07 12:00:00,,precipprob,0.0,0.0,,,100.0,
2025-09-07 13:00:00,,precipprob,0.0,0.0,,,100.0,
2025-09-07 14:00:00,,precipprob,0.0,0.0,,,100.0,
2025-09-07 15:00:00,,precipprob,0.0,0.0,,,100.0,
2025-09-07 16:00:00,,precipprob,0.0,0.0,,,100.0,
2025-09-07 17:00:00,,precipprob,0.0,0.0,,,100.0,
2025-09-07 18:00:00,,precipprob,0.0,0.0,,,100.0,
2025-09-07 19:00:00,,precipprob,0.0,0.0,,,100.0,
2025-09-07 20:00:00,,precipprob,0.0,0.0,,,100.0,
2025-09-07 21:00:00,,precipprob,0.0,0.0,,,100.0,
2025-09-07 22:00:00,,precipprob,0.0,0.0,,,100.0,
2025-09-07 23:00:00,,precipprob,0.0,0.0,,,100.0,
2025-09-08 00:00:00,,precipprob,0.0,0.0,,,100.0,
2025-09-08 01:00:00,,precipprob,0.0,0.0,,,100.0,
2025-09-08 02:00:00,,precipprob,0.0,0.0,,,100.0,
2025-09-08 03:00:00,,precipprob,0.0,0.0,,,100.0,
2025-09-08 04:00:00,,precipprob,0.0,0.0,,,100.0,
2025-09-08 09:00:00,,precipprob,0.0,0.0,,,100.0,
2025-09-08 10:00:00,,precipprob,0.0,0.0,,,100.0,
2025-09-08 11:00:00,,precipprob,0.0,0.0,,,100.0,
2025-09-08 12:00:00,,precipprob,0.0,0.0,,,100.0,
2025-09-08 13:00:00,,precipprob,0.0,0.0,,,100.0,
2025-09-08 14:00:00,,precipprob,0.0,0.0,,,100.0,
2025-09-08 15:00:00,,precipprob,0.0,0.0,,,100.0,
2025-09-08 16:00:00,,precipprob,0.0,0.0,,,100.0,
2025-09-08 17:00:00,,precipprob,0.0,0.0,,,100.0,
2025-09-08 18:00:00,,precipprob,0.0,0.0,,,100.0,
2025-09-08 19:00:00,,precipprob,0.0,0.0,,,100.0,
2025-09-08 20:00:00,,precipprob,0.0,0.0,,,100.0,
2025-09-08 21:00:00,,precipprob,0.0,0.0,,,100.0,
2025-09-08 22:00:00,,precipprob,0.0,0.0,,,100.0,
2025-09-08 23:00:00,,precipprob,0.0,0.0,,,100.0,
2025-09-09 02:00:00,,precipprob,0.0,0.0,,,100.0,
2025-09-09 03:00:00,,precipprob,0.0,0.0,,,100.0,
2025-09-09 04:00:00,,precipprob,0.0,0.0,,,100.0,
2025-09-09 05:00:00,,precipprob,0.0,0.0,,,100.0,
2025-09-09 06:00:00,,precipprob,0.0,0.0,,,100.0,
2025-09-09 11:00:00,,precipprob,0.0,0.0,,,100.0,
2025-09-09 12:00:00,,precipprob,0.0,0.0,,,100.0,
2025-09-09 13:00:00,,precipprob,0.0,0.0,,,100.0,
2025-09-09 14:00:00,,precipprob,0.0,0.0,,,100.0,
2025-09-09 16:00:00,,precipprob,0.0,0.0,,,100.0,
2025-09-09 17:00:00,,precipprob,0.0,0.0,,,100.0,
2025-09-09 18:00:00,,precipprob,0.0,0.0,,,100.0,
2025-09-09 19:00:00,,precipprob,0.0,0.0,,,100.0,
2025-09-10 04:00:00,,precipprob,0.0,0.0,,,100.0,
2025-09-10 05:00:00,,precipprob,0.0,0.0,,,100.0,
2025-09-10 06:00:00,,precipprob,0.0,0.0,,,100.0,
2025-09-10 07:00:00,,precipprob,0.0,0.0,,,100.0,
2025-09-10 08:00:00,,precipprob,0.0,0.0,,,100.0,
2025-09-10 13:00:00,,precipprob,0.0,0.0,,,100.0,
2025-09-10 16:00:00,,precipprob,0.0,0.0,,,100.0,
2025-09-10 17:00:00,,precipprob,0.0,0.0,,,100.0,
2025-09-10 18:00:00,,precipprob,0.0,0.0,,,100.0,
2025-09-10 20:00:00,,precipprob,0.0,0.0,,,100.0,
2025-09-11 09:00:00,,precipprob,0.0,0.0,,,100.0,
2025-09-11 10:00:00,,precipprob,0.0,0.0,,,100.0,
2025-09-11 11:00:00,,precipprob,0.0,0.0,,,100.0,
2025-09-11 12:00:00,,precipprob,0.0,0.0,,,100.0,
2025-09-11 13:00:00,,precipprob,0.0,0.0,,,100.0,
2025-09-11 14:00:00,,precipprob,0.0,0.0,,,100.0,
2025-09-11 16:00:00,,precipprob,0.0,0.0,,,100.0,
2025-09-11 17:00:00,,precipprob,0.0,0.0,,,100.0,
2025-09-11 19:00:00,,precipprob,0.0,0.0,,,100.0,
2025-09-11 20:00:00,,precipprob,0.0,0.0,,,100.0,
2025-09-11 21:00:00,,precipprob,0.0,0.0,,,100.0,
2025-09-12 04:00:00,,precipprob,0.0,0.0,,,100.0,
2025-09-12 09:00:00,,precipprob,0.0,0.0,,,100.0,
2025-09-12 12:00:00,,precipprob,0.0,0.0,,,100.0,
2025-09-12 13:00:00,,precipprob,0.0,0.0,,,100.0,
2025-09-12 15:00:00,,precipprob,0.0,0.0,,,100.0,
2025-09-12 16:00:00,,precipprob,0.0,0.0,,,100.0,
2025-09-12 17:00:00,,precipprob,0.0,0.0,,,100.0,
2025-09-12 18:00:00,,precipprob,0.0,0.0,,,100.0,
2025-09-12 20:00:00,,precipprob,0.0,0.0,,,100.0,
2025-09-12 21:00:00,,precipprob,0.0,0.0,,,100.0,
2025-09-12 23:00:00,,precipprob,0.0,0.0,,,100.0,
2025-09-13 00:00:00,,precipprob,0.0,0.0,,,100.0,
2025-09-13 01:00:00,,precipprob,0.0,0.0,,,100.0,
2025-09-13 02:00:00,,precipprob,0.0,0.0,,,100.0,
2025-09-13 03:00:00,,precipprob,0.0,0.0,,,100.0,
2025-09-13 04:00:00,,precipprob,0.0,0.0,,,100.0,
2025-09-13 05:00:00,,precipprob,0.0,0.0,,,100.0,
2025-09-13 07:00:00,,precipprob,0.0,0.0,,,100.0,
2025-09-13 08:00:00,,precipprob,0.0,0.0,,,100.0,
2025-09-13 09:00:00,,precipprob,0.0,0.0,,,100.0,
2025-09-13 10:00:00,,precipprob,0.0,0.0,,,100.0,
2025-09-13 11:00:00,,precipprob,0.0,0.0,,,100.0,
2025-09-13 12:00:00,,precipprob,0.0,0.0,,,100.0,
2025-09-13 13:00:00,,precipprob,0.0,0.0,,,100.0,
2025-09-13 14:00:00,,precipprob,0.0,0.0,,,100.0,
2025-09-13 15:00:00,,precipprob,0.0,0.0,,,100.0,
2025-09-13 16:00:00,,precipprob,0.0,0.0,,,100.0,
2025-09-13 17:00:00,,precipprob,0.0,0.0,,,100.0,
2025-09-13 18:00:00,,precipprob,0.0,0.0,,,100.0,
2025-09-13 19:00:00,,precipprob,0.0,0.0,,,100.0,
2025-09-13 21:00:00,,precipprob,0.0,0.0,,,100.0,
2025-09-13 22:00:00,,precipprob,0.0,0.0,,,100.0,
2025-09-14 04:00:00,,precipprob,0.0,0.0,,,100.0,
2025-09-14 05:00:00,,precipprob,0.0,0.0,,,100.0,
2025-09-14 06:00:00,,precipprob,0.0,0.0,,,100.0,
2025-09-14 07:00:00,,precipprob,0.0,0.0,,,100.0,
2025-09-14 08:00:00,,precipprob,0.0,0.0,,,100.0,
2025-09-14 09:00:00,,precipprob,0.0,0.0,,,100.0,
2025-09-14 10:00:00,,precipprob,0.0,0.0,,,100.0,
2025-09-14 11:00:00,,precipprob,0.0,0.0,,,100.0,
2025-09-14 12:00:00,,precipprob,0.0,0.0,,,100.0,
2025-09-14 13:00:00,,precipprob,0.0,0.0,,,100.0,
2025-09-14 14:00:00,,precipprob,0.0,0.0,,,100.0,
2025-09-14 15:00:00,,precipprob,0.0,0.0,,,100.0,
2025-09-14 16:00:00,,precipprob,0.0,0.0,,,100.0,
2025-09-14 17:00:00,,precipprob,0.0,0.0,,,100.0,
2025-09-14 18:00:00,,precipprob,0.0,0.0,,,100.0,
2025-09-15 16:00:00,,precipprob,0.0,0.0,,,100.0,
2025-09-15 17:00:00,,precipprob,0.0,0.0,,,100.0,
2025-09-15 18:00:00,,precipprob,0.0,0.0,,,100.0,
2025-09-15 19:00:00,,precipprob,0.0,0.0,,,100.0,
2025-09-15 20:00:00,,precipprob,0.0,0.0,,,100.0,
2025-09-15 21:00:00,,precipprob,0.0,0.0,,,100.0,
2025-09-15 22:00:00,,precipprob,0.0,0.0,,,100.0,
2025-09-15 23:00:00,,precipprob,0.0,0.0,,,100.0,
2025-09-16 00:00:00,,precipprob,0.0,0.0,,,100.0,
2025-09-16 01:00:00,,precipprob,0.0,0.0,,,100.0,
2025-09-16 10:00:00,,precipprob,0.0,0.0,,,100.0,
2025-09-16 11:00:00,,precipprob,0.0,0.0,,,100.0,
2025-09-16 12:00:00,,precipprob,0.0,0.0,,,100.0,
2025-09-16 14:00:00,,precipprob,0.0,0.0,,,100.0,
2025-09-16 15:00:00,,precipprob,0.0,0.0,,,100.0,
2025-09-16 16:00:00,,precipprob,0.0,0.0,,,100.0,
2025-09-16 20:00:00,,precipprob,0.0,0.0,,,100.0,
2025-09-17 00:00:00,,precipprob,0.0,0.0,,,100.0,
2025-09-17 01:00:00,,precipprob,0.0,0.0,,,100.0,
2025-09-17 02:00:00,,precipprob,0.0,0.0,,,100.0,
2025-09-17 03:00:00,,precipprob,0.0,0.0,,,100.0,
2025-09-17 04:00:00,,precipprob,0.0,0.0,,,100.0,
2025-09-17 05:00:00,,precipprob,0.0,0.0,,,100.0,
2025-09-17 06:00:00,,precipprob,0.0,0.0,,,100.0,
2025-09-17 09:00:00,,precipprob,0.0,0.0,,,100.0,
2025-09-17 10:00:00,,precipprob,0.0,0.0,,,100.0,
2025-09-17 11:00:00,,precipprob,0.0,0.0,,,100.0,
2025-09-17 13:00:00,,precipprob,0.0,0.0,,,100.0,
2025-09-17 14:00:00,,precipprob,0.0,0.0,,,100.0,
2025-09-17 15:00:00,,precipprob,0.0,0.0,,,100.0,
2025-09-17 16:00:00,,precipprob,0.0,0.0,,,100.0,
2025-09-17 18:00:00,,precipprob,0.0,0.0,,,100.0,
2025-09-17 19:00:00,,precipprob,0.0,0.0,,,100.0,
2025-09-17 20:00:00,,precipprob,0.0,0.0,,,100.0,
2025-09-17 21:00:00,,precipprob,0.0,0.0,,,100.0,
2025-09-17 22:00:00,,precipprob,0.0,0.0,,,100.0,
2025-09-18 15:00:00,,precipprob,0.0,0.0,,,100.0,
2025-09-18 16:00:00,,precipprob,0.0,0.0,,,100.0,
2025-09-18 17:00:00,,precipprob,0.0,0.0,,,100.0,
2025-09-18 18:00:00,,precipprob,0.0,0.0,,,100.0,
2025-09-18 20:00:00,,precipprob,0.0,0.0,,,100.0,
2025-09-18 21:00:00,,precipprob,0.0,0.0,,,100.0,
2025-09-18 22:00:00,,precipprob,0.0,0.0,,,100.0,
2025-09-19 02:00:00,,precipprob,0.0,0.0,,,100.0,
2025-09-19 03:00:00,,precipprob,0.0,0.0,,,100.0,
2025-09-19 04:00:00,,precipprob,0.0,0.0,,,100.0,
2025-09-19 05:00:00,,precipprob,0.0,0.0,,,100.0,
2025-09-19 06:00:00,,precipprob,0.0,0.0,,,100.0,
2025-09-19 07:00:00,,precipprob,0.0,0.0,,,100.0,
2025-09-19 08:00:00,,precipprob,0.0,0.0,,,100.0,
2025-09-19 09:00:00,,precipprob,0.0,0.0,,,100.0,
2025-09-19 10:00:00,,precipprob,0.0,0.0,,,100.0,
2025-09-19 11:00:00,,precipprob,0.0,0.0,,,100.0,
2025-09-19 12:00:00,,precipprob,0.0,0.0,,,100.0,
2025-09-19 13:00:00,,precipprob,0.0,0.0,,,100.0,
2025-09-19 14:00:00,,precipprob,0.0,0.0,,,100.0,
2025-09-20 10:00:00,,precipprob,0.0,0.0,,,100.0,
2025-09-20 11:00:00,,precipprob,0.0,0.0,,,100.0,
2025-09-20 12:00:00,,precipprob,0.0,0.0,,,100.0,
2025-09-20 13:00:00,,precipprob,0.0,0.0,,,100.0,
2025-09-20 15:00:00,,precipprob,0.0,0.0,,,100.0,
2025-09-20 16:00:00,,precipprob,0.0,0.0,,,100.0,
2025-09-21 09:00:00,,precipprob,0.0,0.0,,,100.0,
2025-09-21 10:00:00,,precipprob,0.0,0.0,,,100.0,
2025-09-21 11:00:00,,precipprob,0.0,0.0,,,100.0,
2025-09-21 12:00:00,,precipprob,0.0,0.0,,,100.0,
2025-09-21 14:00:00,,precipprob,0.0,0.0,,,100.0,
2025-09-21 15:00:00,,precipprob,0.0,0.0,,,100.0,
2025-09-21 16:00:00,,precipprob,0.0,0.0,,,100.0,
2025-09-21 17:00:00,,precipprob,0.0,0.0,,,100.0,
2025-09-21 18:00:00,,precipprob,0.0,0.0,,,100.0,
2025-09-21 19:00:00,,precipprob,0.0,0.0,,,100.0,
2025-09-22 00:00:00,,precipprob,0.0,0.0,,,100.0,
2025-09-22 01:00:00,,precipprob,0.0,0.0,,,100.0,
2025-09-22 02:00:00,,precipprob,0.0,0.0,,,100.0,
2025-09-22 03:00:00,,precipprob,0.0,0.0,,,100.0,
2025-09-22 04:00:00,,precipprob,0.0,0.0,,,100.0,
2025-09-22 05:00:00,,precipprob,0.0,0.0,,,100.0,
2025-09-22 06:00:00,,precipprob,0.0,0.0,,,100.0,
2025-09-22 07:00:00,,precipprob,0.0,0.0,,,100.0,
2025-09-22 08:00:00,,precipprob,0.0,0.0,,,100.0,
2025-09-22 09:00:00,,precipprob,0.0,0.0,,,100.0,
2025-09-22 10:00:00,,precipprob,0.0,0.0,,,100.0,
2025-09-22 11:00:00,,precipprob,0.0,0.0,,,100.0,
2025-09-22 12:00:00,,precipprob,0.0,0.0,,,100.0,
2025-09-22 13:00:00,,precipprob,0.0,0.0,,,100.0,
2025-09-22 14:00:00,,precipprob,0.0,0.0,,,100.0,
2025-09-22 15:00:00,,precipprob,0.0,0.0,,,100.0,
2025-09-22 16:00:00,,precipprob,0.0,0.0,,,100.0,
2025-09-22 17:00:00,,precipprob,0.0,0.0,,,100.0,
2025-09-22 18:00:00,,precipprob,0.0,0.0,,,100.0,
2025-09-22 19:00:00,,precipprob,0.0,0.0,,,100.0,
2025-09-22 20:00:00,,precipprob,0.0,0.0,,,100.0,
2025-09-22 21:00:00,,precipprob,0.0,0.0,,,100.0,
2025-09-22 22:00:00,,precipprob,0.0,0.0,,,100.0,
2025-09-22 23:00:00,,precipprob,0.0,0.0,,,100.0,
2025-09-23 00:00:00,,precipprob,0.0,0.0,,,100.0,
2025-09-23 01:00:00,,precipprob,0.0,0.0,,,100.0,
2025-09-23 02:00:00,,precipprob,0.0,0.0,,,100.0,
2025-09-23 03:00:00,,precipprob,0.0,0.0,,,100.0,
2025-09-23 09:00:00,,precipprob,0.0,0.0,,,100.0,
2025-09-23 10:00:00,,precipprob,0.0,0.0,,,100.0,
2025-09-23 11:00:00,,precipprob,0.0,0.0,,,100.0,
2025-09-23 12:00:00,,precipprob,0.0,0.0,,,100.0,
2025-09-23 13:00:00,,precipprob,0.0,0.0,,,100.0,
2025-09-23 14:00:00,,precipprob,0.0,0.0,,,100.0,
2025-09-23 15:00:00,,precipprob,0.0,0.0,,,100.0,
2025-09-23 16:00:00,,precipprob,0.0,0.0,,,100.0,
2025-09-23 17:00:00,,precipprob,0.0,0.0,,,100.0,
2025-09-24 02:00:00,,precipprob,0.0,0.0,,,100.0,
2025-09-24 03:00:00,,precipprob,0.0,0.0,,,100.0,
2025-09-24 04:00:00,,precipprob,0.0,0.0,,,100.0,
2025-09-24 05:00:00,,precipprob,0.0,0.0,,,100.0,
2025-09-24 06:00:00,,precipprob,0.0,0.0,,,100.0,
2025-09-24 07:00:00,,precipprob,0.0,0.0,,,100.0,
2025-09-24 08:00:00,,precipprob,0.0,0.0,,,100.0,
2025-09-24 12:00:00,,precipprob,0.0,0.0,,,100.0,
2025-09-24 13:00:00,,precipprob,0.0,0.0,,,100.0,
2025-09-24 14:00:00,,precipprob,0.0,0.0,,,100.0,
2025-09-24 15:00:00,,precipprob,0.0,0.0,,,100.0,
2025-09-24 16:00:00,,precipprob,0.0,0.0,,,100.0,
2025-09-24 18:00:00,,precipprob,0.0,0.0,,,100.0,
2025-09-24 19:00:00,,precipprob,0.0,0.0,,,100.0,
2025-09-24 20:00:00,,precipprob,0.0,0.0,,,100.0,
2025-09-25 09:00:00,,precipprob,0.0,0.0,,,100.0,
2025-09-25 10:00:00,,precipprob,0.0,0.0,,,100.0,
2025-09-25 11:00:00,,precipprob,0.0,0.0,,,100.0,
2025-09-25 14:00:00,,precipprob,0.0,0.0,,,100.0,
2025-09-25 15:00:00,,precipprob,0.0,0.0,,,100.0,
2025-09-25 16:00:00,,precipprob,0.0,0.0,,,100.0,
2025-09-25 17:00:00,,precipprob,0.0,0.0,,,100.0,
2025-09-25 18:00:00,,precipprob,0.0,0.0,,,100.0,
2025-09-25 19:00:00,,precipprob,0.0,0.0,,,100.0,
2025-09-25 21:00:00,,precipprob,0.0,0.0,,,100.0,
2025-09-26 00:00:00,,precipprob,0.0,0.0,,,100.0,
2025-09-26 01:00:00,,precipprob,0.0,0.0,,,100.0,
2025-09-26 08:00:00,,precipprob,0.0,0.0,,,100.0,
2025-09-26 09:00:00,,precipprob,0.0,0.0,,,100.0,
2025-09-26 10:00:00,,precipprob,0.0,0.0,,,100.0,
2025-09-26 11:00:00,,precipprob,0.0,0.0,,,100.0,
2025-09-26 12:00:00,,precipprob,0.0,0.0,,,100.0,
2025-09-26 13:00:00,,precipprob,0.0,0.0,,,100.0,
2025-09-26 14:00:00,,precipprob,0.0,0.0,,,100.0,
2025-09-26 15:00:00,,precipprob,0.0,0.0,,,100.0,
2025-09-26 16:00:00,,precipprob,0.0,0.0,,,100.0,
2025-09-26 17:00:00,,precipprob,0.0,0.0,,,100.0,
2025-09-26 18:00:00,,precipprob,0.0,0.0,,,100.0,
2025-09-26 19:00:00,,precipprob,0.0,0.0,,,100.0,
2025-09-26 20:00:00,,precipprob,0.0,0.0,,,100.0,
2025-09-26 21:00:00,,precipprob,0.0,0.0,,,100.0,
2025-09-26 22:00:00,,precipprob,0.0,0.0,,,100.0,
2025-09-26 23:00:00,,precipprob,0.0,0.0,,,100.0,
2025-09-27 00:00:00,,precipprob,0.0,0.0,,,100.0,
2025-09-27 01:00:00,,precipprob,0.0,0.0,,,100.0,
2025-09-27 02:00:00,,precipprob,0.0,0.0,,,100.0,
2025-09-27 03:00:00,,precipprob,0.0,0.0,,,100.0,
2025-09-27 04:00:00,,precipprob,0.0,0.0,,,100.0,
2025-09-27 05:00:00,,precipprob,0.0,0.0,,,100.0,
2025-09-27 06:00:00,,precipprob,0.0,0.0,,,100.0,
2025-09-27 07:00:00,,precipprob,0.0,0.0,,,100.0,
2025-09-27 08:00:00,,precipprob,0.0,0.0,,,100.0,
2025-09-27 09:00:00,,precipprob,0.0,0.0,,,100.0,
2025-09-27 10:00:00,,precipprob,0.0,0.0,,,100.0,
2025-09-27 11:00:00,,precipprob,0.0,0.0,,,100.0,
2025-09-27 12:00:00,,precipprob,0.0,0.0,,,100.0,
2025-09-27 13:00:00,,precipprob,0.0,0.0,,,100.0,
2025-09-27 14:00:00,,precipprob,0.0,0.0,,,100.0,
2025-09-27 15:00:00,,precipprob,0.0,0.0,,,100.0,
2025-09-27 16:00:00,,precipprob,0.0,0.0,,,100.0,
2025-09-27 17:00:00,,precipprob,0.0,0.0,,,100.0,
2025-09-27 18:00:00,,precipprob,0.0,0.0,,,100.0,
2025-09-27 19:00:00,,precipprob,0.0,0.0,,,100.0,
2025-09-27 20:00:00,,precipprob,0.0,0.0,,,100.0,
2025-09-27 21:00:00,,precipprob,0.0,0.0,,,100.0,
2025-09-27 22:00:00,,precipprob,0.0,0.0,,,100.0,
2025-09-27 23:00:00,,precipprob,0.0,0.0,,,100.0,
2025-09-28 00:00:00,,precipprob,0.0,0.0,,,100.0,
2025-09-28 01:00:00,,precipprob,0.0,0.0,,,100.0,
2025-09-28 02:00:00,,precipprob,0.0,0.0,,,100.0,
2025-09-28 03:00:00,,precipprob,0.0,0.0,,,100.0,
2025-09-28 04:00:00,,precipprob,0.0,0.0,,,100.0,
2025-09-28 05:00:00,,precipprob,0.0,0.0,,,100.0,
2025-09-28 06:00:00,,precipprob,0.0,0.0,,,100.0,
2025-09-28 07:00:00,,precipprob,0.0,0.0,,,100.0,
2025-09-28 08:00:00,,precipprob,0.0,0.0,,,100.0,
2025-09-28 09:00:00,,precipprob,0.0,0.0,,,100.0,
2025-09-28 10:00:00,,precipprob,0.0,0.0,,,100.0,
2025-09-28 11:00:00,,precipprob,0.0,0.0,,,100.0,
2025-09-28 12:00:00,,precipprob,0.0,0.0,,,100.0,
2025-09-28 13:00:00,,precipprob,0.0,0.0,,,100.0,
2025-09-28 14:00:00,,precipprob,0.0,0.0,,,100.0,
2025-09-28 15:00:00,,precipprob,0.0,0.0,,,100.0,
2025-09-28 16:00:00,,precipprob,0.0,0.0,,,100.0,
2025-09-28 17:00:00,,precipprob,0.0,0.0,,,100.0,
2025-09-29 03:00:00,,precipprob,0.0,0.0,,,100.0,
2025-09-29 04:00:00,,precipprob,0.0,0.0,,,100.0,
2025-09-29 05:00:00,,precipprob,0.0,0.0,,,100.0,
2025-09-29 08:00:00,,precipprob,0.0,0.0,,,100.0,
2025-09-29 09:00:00,,precipprob,0.0,0.0,,,100.0,
2025-09-29 11:00:00,,precipprob,0.0,0.0,,,100.0,
2025-09-29 12:00:00,,precipprob,0.0,0.0,,,100.0,
2025-09-29 13:00:00,,precipprob,0.0,0.0,,,100.0,
2025-09-29 14:00:00,,precipprob,0.0,0.0,,,100.0,
2025-09-29 15:00:00,,precipprob,0.0,0.0,,,100.0,
2025-09-29 16:00:00,,precipprob,0.0,0.0,,,100.0,
2025-09-29 17:00:00,,precipprob,0.0,0.0,,,100.0,
2025-09-29 18:00:00,,precipprob,0.0,0.0,,,100.0,
2025-09-29 19:00:00,,precipprob,0.0,0.0,,,100.0,
2025-09-30 00:00:00,,precipprob,0.0,0.0,,,100.0,
2025-09-30 01:00:00,,precipprob,0.0,0.0,,,100.0,
2025-09-30 02:00:00,,precipprob,0.0,0.0,,,100.0,
2025-09-30 04:00:00,,precipprob,0.0,0.0,,,100.0,
2025-09-30 08:00:00,,precipprob,0.0,0.0,,,100.0,
2025-09-30 09:00:00,,precipprob,0.0,0.0,,,100.0,
2025-09-30 10:00:00,,precipprob,0.0,0.0,,,100.0,
2025-09-30 11:00:00,,precipprob,0.0,0.0,,,100.0,
2025-09-30 12:00:00,,precipprob,0.0,0.0,,,100.0,
2025-09-30 13:00:00,,precipprob,0.0,0.0,,,100.0,
2025-09-30 14:00:00,,precipprob,0.0,0.0,,,100.0,
2025-09-30 15:00:00,,precipprob,0.0,0.0,,,100.0,
2025-09-30 18:00:00,,precipprob,0.0,0.0,,,100.0,
2025-10-01 10:00:00,,precipprob,0.0,0.0,,,100.0,
2025-10-01 11:00:00,,precipprob,0.0,0.0,,,100.0,
2025-10-01 12:00:00,,precipprob,0.0,0.0,,,100.0,
2025-10-01 13:00:00,,precipprob,0.0,0.0,,,100.0,
2025-10-01 14:00:00,,precipprob,0.0,0.0,,,100.0,
2025-10-01 15:00:00,,precipprob,0.0,0.0,,,100.0,
2025-10-01 16:00:00,,precipprob,0.0,0.0,,,100.0,
2025-10-01 17:00:00,,precipprob,0.0,0.0,,,100.0,
2025-10-01 18:00:00,,precipprob,0.0,0.0,,,100.0,
2025-10-01 19:00:00,,precipprob,0.0,0.0,,,100.0,
2025-10-01 20:00:00,,precipprob,0.0,0.0,,,100.0,
2025-10-01 21:00:00,,precipprob,0.0,0.0,,,100.0,
2025-10-02 10:00:00,,precipprob,0.0,0.0,,,100.0,
2025-10-02 11:00:00,,precipprob,0.0,0.0,,,100.0,
2025-10-02 13:00:00,,precipprob,0.0,0.0,,,100.0,
2025-10-02 14:00:00,,precipprob,0.0,0.0,,,100.0,
2025-10-02 16:00:00,,precipprob,0.0,0.0,,,100.0,
2025-10-02 17:00:00,,precipprob,0.0,0.0,,,100.0,
2025-10-02 19:00:00,,precipprob,0.0,0.0,,,100.0,
2025-10-03 00:00:00,,precipprob,0.0,0.0,,,100.0,
2025-10-03 03:00:00,,precipprob,0.0,0.0,,,100.0,
2025-10-03 04:00:00,,precipprob,0.0,0.0,,,100.0,
2025-10-03 05:00:00,,precipprob,0.0,0.0,,,100.0,
2025-10-03 10:00:00,,precipprob,0.0,0.0,,,100.0,
2025-10-03 11:00:00,,precipprob,0.0,0.0,,,100.0,
2025-10-03 13:00:00,,precipprob,0.0,0.0,,,100.0,
2025-10-03 15:00:00,,precipprob,0.0,0.0,,,100.0,
2025-10-03 16:00:00,,precipprob,0.0,0.0,,,100.0,
2025-10-03 17:00:00,,precipprob,0.0,0.0,,,100.0,
2025-10-04 14:00:00,,precipprob,0.0,0.0,,,100.0,
2025-10-04 15:00:00,,precipprob,0.0,0.0,,,100.0,
2025-10-04 16:00:00,,precipprob,0.0,0.0,,,100.0,
2025-10-04 17:00:00,,precipprob,0.0,0.0,,,100.0,
2025-10-05 12:00:00,,precipprob,0.0,0.0,,,100.0,
2025-10-06 10:00:00,,precipprob,0.0,0.0,,,100.0,
2025-10-06 11:00:00,,precipprob,0.0,0.0,,,100.0,
2025-10-06 12:00:00,,precipprob,0.0,0.0,,,100.0,
2025-10-06 13:00:00,,precipprob,0.0,0.0,,,100.0,
2025-10-06 14:00:00,,precipprob,0.0,0.0,,,100.0,
2025-10-06 15:00:00,,precipprob,0.0,0.0,,,100.0,
2025-10-06 16:00:00,,precipprob,0.0,0.0,,,100.0,
2025-10-06 17:00:00,,precipprob,0.0,0.0,,,100.0,
2025-10-06 18:00:00,,precipprob,0.0,0.0,,,100.0,
2025-10-07 14:00:00,,precipprob,0.0,0.0,,,100.0,
2025-10-07 15:00:00,,precipprob,0.0,0.0,,,100.0,
2025-10-07 19:00:00,,precipprob,0.0,0.0,,,100.0,
2025-10-08 09:00:00,,precipprob,0.0,0.0,,,100.0,
2025-10-08 10:00:00,,precipprob,0.0,0.0,,,100.0,
2025-10-08 11:00:00,,precipprob,0.0,0.0,,,100.0,
2025-10-08 12:00:00,,precipprob,0.0,0.0,,,100.0,
2025-10-08 13:00:00,,precipprob,0.0,0.0,,,100.0,
2025-10-08 14:00:00,,precipprob,0.0,0.0,,,100.0,
2025-10-08 15:00:00,,precipprob,0.0,0.0,,,100.0,
2025-10-08 16:00:00,,precipprob,0.0,0.0,,,100.0,
2025-10-08 18:00:00,,precipprob,0.0,0.0,,,100.0,
2025-10-08 19:00:00,,precipprob,0.0,0.0,,,100.0,
2025-10-08 20:00:00,,precipprob,0.0,0.0,,,100.0,
2025-10-08 21:00:00,,precipprob,0.0,0.0,,,100.0,
2025-10-08 22:00:00,,precipprob,0.0,0.0,,,100.0,
2025-10-08 23:00:00,,precipprob,0.0,0.0,,,100.0,
2025-10-09 00:00:00,,precipprob,0.0,0.0,,,100.0,
2025-10-09 12:00:00,,precipprob,0.0,0.0,,,100.0,
2025-10-09 14:00:00,,precipprob,0.0,0.0,,,100.0,
2025-10-09 15:00:00,,precipprob,0.0,0.0,,,100.0,
2025-10-09 16:00:00,,precipprob,0.0,0.0,,,100.0,
2025-10-09 17:00:00,,precipprob,0.0,0.0,,,100.0,
2025-10-09 18:00:00,,precipprob,0.0,0.0,,,100.0,
2025-10-09 19:00:00,,precipprob,0.0,0.0,,,100.0,
2025-10-09 20:00:00,,precipprob,0.0,0.0,,,100.0,
2025-10-10 08:00:00,,precipprob,0.0,0.0,,,100.0,
2025-10-10 09:00:00,,precipprob,0.0,0.0,,,100.0,
2025-10-10 10:00:00,,precipprob,0.0,0.0,,,100.0,
2025-10-10 11:00:00,,precipprob,0.0,0.0,,,100.0,
2025-10-10 12:00:00,,precipprob,0.0,0.0,,,100.0,
2025-10-10 13:00:00,,precipprob,0.0,0.0,,,100.0,
2025-10-10 14:00:00,,precipprob,0.0,0.0,,,100.0,
2025-10-10 15:00:00,,precipprob,0.0,0.0,,,100.0,
2025-10-10 16:00:00,,precipprob,0.0,0.0,,,100.0,
2025-10-10 17:00:00,,precipprob,0.0,0.0,,,100.0,
2025-10-10 18:00:00,,precipprob,0.0,0.0,,,100.0,
2025-10-10 19:00:00,,precipprob,0.0,0.0,,,100.0,
2025-10-10 20:00:00,,precipprob,0.0,0.0,,,100.0,
2025-10-10 21:00:00,,precipprob,0.0,0.0,,,100.0,
2025-10-10 22:00:00,,precipprob,0.0,0.0,,,100.0,
2025-10-10 23:00:00,,precipprob,0.0,0.0,,,100.0,
2025-10-11 00:00:00,,precipprob,0.0,0.0,,,100.0,
2025-10-11 02:00:00,,precipprob,0.0,0.0,,,100.0,
2025-10-11 03:00:00,,precipprob,0.0,0.0,,,100.0,
2025-10-11 04:00:00,,precipprob,0.0,0.0,,,100.0,
2025-10-11 06:00:00,,precipprob,0.0,0.0,,,100.0,
2025-10-11 07:00:00,,precipprob,0.0,0.0,,,100.0,
2025-10-11 08:00:00,,precipprob,0.0,0.0,,,100.0,
2025-10-11 09:00:00,,precipprob,0.0,0.0,,,100.0,
2025-10-11 10:00:00,,precipprob,0.0,0.0,,,100.0,
2025-10-11 11:00:00,,precipprob,0.0,0.0,,,100.0,
2025-10-11 12:00:00,,precipprob,0.0,0.0,,,100.0,
2025-10-11 13:00:00,,precipprob,0.0,0.0,,,100.0,
2025-10-11 14:00:00,,precipprob,0.0,0.0,,,100.0,
2025-10-11 15:00:00,,precipprob,0.0,0.0,,,100.0,
2025-10-11 16:00:00,,precipprob,0.0,0.0,,,100.0,
2025-10-11 17:00:00,,precipprob,0.0,0.0,,,100.0,
2025-10-11 18:00:00,,precipprob,0.0,0.0,,,100.0,
2025-10-11 19:00:00,,precipprob,0.0,0.0,,,100.0,
2025-10-11 20:00:00,,precipprob,0.0,0.0,,,100.0,
2025-10-11 21:00:00,,precipprob,0.0,0.0,,,100.0,
2025-10-11 22:00:00,,precipprob,0.0,0.0,,,100.0,
2025-10-11 23:00:00,,precipprob,0.0,0.0,,,100.0,
2025-10-12 00:00:00,,precipprob,0.0,0.0,,,100.0,
2025-10-12 01:00:00,,precipprob,0.0,0.0,,,100.0,
2025-10-12 02:00:00,,precipprob,0.0,0.0,,,100.0,
2025-10-12 03:00:00,,precipprob,0.0,0.0,,,100.0,
2025-10-12 10:00:00,,precipprob,0.0,0.0,,,100.0,
2025-10-12 11:00:00,,precipprob,0.0,0.0,,,100.0,
2025-10-12 12:00:00,,precipprob,0.0,0.0,,,100.0,
2025-10-12 13:00:00,,precipprob,0.0,0.0,,,100.0,
2025-10-12 14:00:00,,precipprob,0.0,0.0,,,100.0,
2025-10-12 15:00:00,,precipprob,0.0,0.0,,,100.0,
2025-10-12 16:00:00,,precipprob,0.0,0.0,,,100.0,
2025-10-12 17:00:00,,precipprob,0.0,0.0,,,100.0,
2025-10-12 18:00:00,,precipprob,0.0,0.0,,,100.0,
2025-10-13 00:00:00,,precipprob,0.0,0.0,,,100.0,
2025-10-13 01:00:00,,precipprob,0.0,0.0,,,100.0,
2025-10-13 08:00:00,,precipprob,0.0,0.0,,,100.0,
2025-10-13 09:00:00,,precipprob,0.0,0.0,,,100.0,
2025-10-13 10:00:00,,precipprob,0.0,0.0,,,100.0,
2025-10-13 11:00:00,,precipprob,0.0,0.0,,,100.0,
2025-10-13 12:00:00,,precipprob,0.0,0.0,,,100.0,
2025-10-13 13:00:00,,precipprob,0.0,0.0,,,100.0,
2025-10-13 14:00:00,,precipprob,0.0,0.0,,,100.0,
2025-10-13 15:00:00,,precipprob,0.0,0.0,,,100.0,
2025-10-13 16:00:00,,precipprob,0.0,0.0,,,100.0,
2025-10-13 17:00:00,,precipprob,0.0,0.0,,,100.0,
2025-10-13 18:00:00,,precipprob,0.0,0.0,,,100.0,
2025-10-13 19:00:00,,precipprob,0.0,0.0,,,100.0,
2025-10-14 02:00:00,,precipprob,0.0,0.0,,,100.0,
2025-10-14 03:00:00,,precipprob,0.0,0.0,,,100.0,
2025-10-14 09:00:00,,precipprob,0.0,0.0,,,100.0,
2025-10-14 10:00:00,,precipprob,0.0,0.0,,,100.0,
2025-10-14 11:00:00,,precipprob,0.0,0.0,,,100.0,
2025-10-14 12:00:00,,precipprob,0.0,0.0,,,100.0,
2025-10-14 13:00:00,,precipprob,0.0,0.0,,,100.0,
2025-10-14 14:00:00,,precipprob,0.0,0.0,,,100.0,
2025-10-14 15:00:00,,precipprob,0.0,0.0,,,100.0,
2025-10-14 16:00:00,,precipprob,0.0,0.0,,,100.0,
2025-10-14 17:00:00,,precipprob,0.0,0.0,,,100.0,
2025-10-15 10:00:00,,precipprob,0.0,0.0,,,100.0,
2025-10-15 13:00:00,,precipprob,0.0,0.0,,,100.0,
2025-10-15 15:00:00,,precipprob,0.0,0.0,,,100.0,
2025-10-15 16:00:00,,precipprob,0.0,0.0,,,100.0,
2025-10-15 17:00:00,,precipprob,0.0,0.0,,,100.0,
2025-10-16 10:00:00,,precipprob,0.0,0.0,,,100.0,
2025-10-16 14:00:00,,precipprob,0.0,0.0,,,100.0,
2025-10-17 10:00:00,,precipprob,0.0,0.0,,,100.0,
2025-10-17 11:00:00,,precipprob,0.0,0.0,,,100.0,
2025-10-17 12:00:00,,precipprob,0.0,0.0,,,100.0,
2025-10-17 13:00:00,,precipprob,0.0,0.0,,,100.0,
2025-10-17 15:00:00,,precipprob,0.0,0.0,,,100.0,
2025-10-17 16:00:00,,precipprob,0.0,0.0,,,100.0,
2025-10-17 17:00:00,,precipprob,0.0,0.0,,,100.0,
2025-10-17 18:00:00,,precipprob,0.0,0.0,,,100.0,
2025-10-17 19:00:00,,precipprob,0.0,0.0,,,100.0,
2025-10-18 10:00:00,,precipprob,0.0,0.0,,,100.0,
2025-10-18 11:00:00,,precipprob,0.0,0.0,,,100.0,
2025-10-18 12:00:00,,precipprob,0.0,0.0,,,100.0,
2025-10-18 13:00:00,,precipprob,0.0,0.0,,,100.0,
2025-10-18 14:00:00,,precipprob,0.0,0.0,,,100.0,
2025-10-18 15:00:00,,precipprob,0.0,0.0,,,100.0,
2025-10-18 16:00:00,,precipprob,0.0,0.0,,,100.0,
2025-10-18 17:00:00,,precipprob,0.0,0.0,,,100.0,
2025-10-18 18:00:00,,precipprob,0.0,0.0,,,100.0,
2025-10-19 11:00:00,,precipprob,0.0,0.0,,,100.0,
2025-10-19 19:00:00,,precipprob,0.0,0.0,,,100.0,
2025-10-19 20:00:00,,precipprob,0.0,0.0,,,100.0,
2025-10-20 01:00:00,,precipprob,0.0,0.0,,,100.0,
2025-10-20 02:00:00,,precipprob,0.0,0.0,,,100.0,
2025-10-20 03:00:00,,precipprob,0.0,0.0,,,100.0,
2025-10-20 04:00:00,,precipprob,0.0,0.0,,,100.0,
2025-10-20 11:00:00,,precipprob,0.0,0.0,,,100.0,
2025-10-20 12:00:00,,precipprob,0.0,0.0,,,100.0,
2025-10-20 14:00:00,,precipprob,0.0,0.0,,,100.0,
2025-10-20 15:00:00,,precipprob,0.0,0.0,,,100.0,
2025-10-20 21:00:00,,precipprob,0.0,0.0,,,100.0,
2025-10-20 22:00:00,,precipprob,0.0,0.0,,,100.0,
2025-10-21 03:00:00,,precipprob,0.0,0.0,,,100.0,
2025-10-21 04:00:00,,precipprob,0.0,0.0,,,100.0,
2025-10-21 10:00:00,,precipprob,0.0,0.0,,,100.0,
2025-10-21 11:00:00,,precipprob,0.0,0.0,,,100.0,
2025-10-21 12:00:00,,precipprob,0.0,0.0,,,100.0,
2025-10-21 13:00:00,,precipprob,0.0,0.0,,,100.0,
2025-10-21 14:00:00,,precipprob,0.0,0.0,,,100.0,
2025-10-21 15:00:00,,precipprob,0.0,0.0,,,100.0,
2025-10-21 16:00:00,,precipprob,0.0,0.0,,,100.0,
2025-10-21 17:00:00,,precipprob,0.0,0.0,,,100.0,
2025-10-21 18:00:00,,precipprob,0.0,0.0,,,100.0,
2025-10-21 19:00:00,,precipprob,0.0,0.0,,,100.0,
2025-10-22 01:00:00,,precipprob,0.0,0.0,,,100.0,
2025-10-22 03:00:00,,precipprob,0.0,0.0,,,100.0,
2025-10-22 04:00:00,,precipprob,0.0,0.0,,,100.0,
2025-10-22 05:00:00,,precipprob,0.0,0.0,,,100.0,
2025-10-22 06:00:00,,precipprob,0.0,0.0,,,100.0,
2025-10-22 07:00:00,,precipprob,0.0,0.0,,,100.0,
2025-10-22 09:00:00,,precipprob,0.0,0.0,,,100.0,
2025-10-22 10:00:00,,precipprob,0.0,0.0,,,100.0,
2025-10-22 11:00:00,,precipprob,0.0,0.0,,,100.0,
2025-10-22 12:00:00,,precipprob,0.0,0.0,,,100.0,
2025-10-22 14:00:00,,precipprob,0.0,0.0,,,100.0,
2025-10-22 15:00:00,,precipprob,0.0,0.0,,,100.0,
2025-10-22 16:00:00,,precipprob,0.0,0.0,,,100.0,
2025-10-22 17:00:00,,precipprob,0.0,0.0,,,100.0,
2025-10-22 18:00:00,,precipprob,0.0,0.0,,,100.0,
2025-10-23 02:00:00,,precipprob,0.0,0.0,,,100.0,
2025-10-23 03:00:00,,precipprob,0.0,0.0,,,100.0,
2025-10-23 04:00:00,,precipprob,0.0,0.0,,,100.0,
2025-10-23 05:00:00,,precipprob,0.0,0.0,,,100.0,
2025-10-23 06:00:00,,precipprob,0.0,0.0,,,100.0,
2025-10-23 07:00:00,,precipprob,0.0,0.0,,,100.0,
2025-10-23 10:00:00,,precipprob,0.0,0.0,,,100.0,
2025-10-23 11:00:00,,precipprob,0.0,0.0,,,100.0,
2025-10-23 12:00:00,,precipprob,0.0,0.0,,,100.0,
2025-10-23 13:00:00,,precipprob,0.0,0.0,,,100.0,
2025-10-23 14:00:00,,precipprob,0.0,0.0,,,100.0,
2025-10-23 15:00:00,,precipprob,0.0,0.0,,,100.0,
2025-10-23 16:00:00,,precipprob,0.0,0.0,,,100.0,
2025-10-23 17:00:00,,precipprob,0.0,0.0,,,100.0,
2025-10-23 18:00:00,,precipprob,0.0,0.0,,,100.0,
2025-10-23 19:00:00,,precipprob,0.0,0.0,,,100.0,
2025-10-23 20:00:00,,precipprob,0.0,0.0,,,100.0,
2025-10-23 21:00:00,,precipprob,0.0,0.0,,,100.0,
2025-10-23 22:00:00,,precipprob,0.0,0.0,,,100.0,
2025-10-23 23:00:00,,precipprob,0.0,0.0,,,100.0,
2025-10-24 10:00:00,,precipprob,0.0,0.0,,,100.0,
2025-10-24 11:00:00,,precipprob,0.0,0.0,,,100.0,
2025-10-24 12:00:00,,precipprob,0.0,0.0,,,100.0,
2025-10-24 13:00:00,,precipprob,0.0,0.0,,,100.0,
2025-10-24 14:00:00,,precipprob,0.0,0.0,,,100.0,
2025-10-24 15:00:00,,precipprob,0.0,0.0,,,100.0,
2025-10-24 16:00:00,,precipprob,0.0,0.0,,,100.0,
2025-10-24 17:00:00,,precipprob,0.0,0.0,,,100.0,
2025-10-24 18:00:00,,precipprob,0.0,0.0,,,100.0,
2025-10-24 19:00:00,,precipprob,0.0,0.0,,,100.0,
2025-10-24 20:00:00,,precipprob,0.0,0.0,,,100.0,
2025-10-24 21:00:00,,precipprob,0.0,0.0,,,100.0,
2025-10-24 22:00:00,,precipprob,0.0,0.0,,,100.0,
2025-10-24 23:00:00,,precipprob,0.0,0.0,,,100.0,
2025-10-25 00:00:00,,precipprob,0.0,0.0,,,100.0,
2025-10-25 01:00:00,,precipprob,0.0,0.0,,,100.0,
2025-10-25 02:00:00,,precipprob,0.0,0.0,,,100.0,
2025-10-25 03:00:00,,precipprob,0.0,0.0,,,100.0,
2025-10-25 10:00:00,,precipprob,0.0,0.0,,,100.0,
2025-10-25 11:00:00,,precipprob,0.0,0.0,,,100.0,
2025-10-25 12:00:00,,precipprob,0.0,0.0,,,100.0,
2025-10-25 13:00:00,,precipprob,0.0,0.0,,,100.0,
2025-10-25 14:00:00,,precipprob,0.0,0.0,,,100.0,
2025-10-25 15:00:00,,precipprob,0.0,0.0,,,100.0,
2025-10-25 16:00:00,,precipprob,0.0,0.0,,,100.0,
2025-10-25 17:00:00,,precipprob,0.0,0.0,,,100.0,
2025-10-25 18:00:00,,precipprob,0.0,0.0,,,100.0,
2025-10-25 19:00:00,,precipprob,0.0,0.0,,,100.0,
2025-10-25 20:00:00,,precipprob,0.0,0.0,,,100.0,
2025-10-25 21:00:00,,precipprob,0.0,0.0,,,100.0,
2025-10-25 22:00:00,,precipprob,0.0,0.0,,,100.0,
2025-10-25 23:00:00,,precipprob,0.0,0.0,,,100.0,
2025-10-26 00:00:00,,precipprob,0.0,0.0,,,100.0,
2025-10-26 01:00:00,,precipprob,0.0,0.0,,,100.0,
2025-10-26 14:00:00,,precipprob,0.0,0.0,,,100.0,
2025-10-26 15:00:00,,precipprob,0.0,0.0,,,100.0,
2025-10-26 16:00:00,,precipprob,0.0,0.0,,,100.0,
2025-10-26 17:00:00,,precipprob,0.0,0.0,,,100.0,
2025-10-26 18:00:00,,precipprob,0.0,0.0,,,100.0,
2025-10-26 19:00:00,,precipprob,0.0,0.0,,,100.0,
2025-10-26 20:00:00,,precipprob,0.0,0.0,,,100.0,
2025-10-27 01:00:00,,precipprob,0.0,0.0,,,100.0,
2025-10-27 02:00:00,,precipprob,0.0,0.0,,,100.0,
2025-10-27 03:00:00,,precipprob,0.0,0.0,,,100.0,
2025-10-27 04:00:00,,precipprob,0.0,0.0,,,100.0,
2025-10-27 05:00:00,,precipprob,0.0,0.0,,,100.0,
2025-10-27 09:00:00,,precipprob,0.0,0.0,,,100.0,
2025-10-27 10:00:00,,precipprob,0.0,0.0,,,100.0,
2025-10-27 11:00:00,,precipprob,0.0,0.0,,,100.0,
2025-10-27 12:00:00,,precipprob,0.0,0.0,,,100.0,
2025-10-27 13:00:00,,precipprob,0.0,0.0,,,100.0,
2025-10-27 14:00:00,,precipprob,0.0,0.0,,,100.0,
2025-10-27 15:00:00,,precipprob,0.0,0.0,,,100.0,
2025-10-27 16:00:00,,precipprob,0.0,0.0,,,100.0,
2025-10-27 17:00:00,,precipprob,0.0,0.0,,,100.0,
2025-10-27 18:00:00,,precipprob,0.0,0.0,,,100.0,
2025-10-27 19:00:00,,precipprob,0.0,0.0,,,100.0,
2025-10-28 02:00:00,,precipprob,0.0,0.0,,,100.0,
2025-10-28 03:00:00,,precipprob,0.0,0.0,,,100.0,
2025-10-28 04:00:00,,precipprob,0.0,0.0,,,100.0,
2025-10-28 05:00:00,,precipprob,0.0,0.0,,,100.0,
2025-10-28 06:00:00,,precipprob,0.0,0.0,,,100.0,
2025-10-28 07:00:00,,precipprob,0.0,0.0,,,100.0,
2025-10-28 08:00:00,,precipprob,0.0,0.0,,,100.0,
2025-10-28 09:00:00,,precipprob,0.0,0.0,,,100.0,
2025-10-28 10:00:00,,precipprob,0.0,0.0,,,100.0,
2025-10-28 11:00:00,,precipprob,0.0,0.0,,,100.0,
2025-10-28 12:00:00,,precipprob,0.0,0.0,,,100.0,
2025-10-28 14:00:00,,precipprob,0.0,0.0,,,100.0,
2025-10-28 15:00:00,,precipprob,0.0,0.0,,,100.0,
2025-10-28 16:00:00,,precipprob,0.0,0.0,,,100.0,
2025-10-28 17:00:00,,precipprob,0.0,0.0,,,100.0,
2025-10-28 18:00:00,,precipprob,0.0,0.0,,,100.0,
2025-10-28 19:00:00,,precipprob,0.0,0.0,,,100.0,
2025-10-28 20:00:00,,precipprob,0.0,0.0,,,100.0,
2025-10-28 21:00:00,,precipprob,0.0,0.0,,,100.0,
2025-10-28 22:00:00,,precipprob,0.0,0.0,,,100.0,
2025-10-28 23:00:00,,precipprob,0.0,0.0,,,100.0,
2025-10-29 00:00:00,,precipprob,0.0,0.0,,,100.0,
2025-10-29 01:00:00,,precipprob,0.0,0.0,,,100.0,
2025-10-29 02:00:00,,precipprob,0.0,0.0,,,100.0,
2025-10-29 03:00:00,,precipprob,0.0,0.0,,,100.0,
2025-10-29 04:00:00,,precipprob,0.0,0.0,,,100.0,
2025-10-29 05:00:00,,precipprob,0.0,0.0,,,100.0,
2025-10-29 06:00:00,,precipprob,0.0,0.0,,,100.0,
2025-10-29 07:00:00,,precipprob,0.0,0.0,,,100.0,
2025-10-29 08:00:00,,precipprob,0.0,0.0,,,100.0,
2025-10-29 09:00:00,,precipprob,0.0,0.0,,,100.0,
2025-10-29 10:00:00,,precipprob,0.0,0.0,,,100.0,
2025-10-29 11:00:00,,precipprob,0.0,0.0,,,100.0,
2025-10-29 12:00:00,,precipprob,0.0,0.0,,,100.0,
2025-10-29 13:00:00,,precipprob,0.0,0.0,,,100.0,
2025-10-29 14:00:00,,precipprob,0.0,0.0,,,100.0,
2025-10-29 15:00:00,,precipprob,0.0,0.0,,,100.0,
2025-10-29 16:00:00,,precipprob,0.0,0.0,,,100.0,
2025-10-29 17:00:00,,precipprob,0.0,0.0,,,100.0,
2025-10-29 18:00:00,,precipprob,0.0,0.0,,,100.0,
2025-10-29 19:00:00,,precipprob,0.0,0.0,,,100.0,
2025-10-29 20:00:00,,precipprob,0.0,0.0,,,100.0,
2025-10-29 21:00:00,,precipprob,0.0,0.0,,,100.0,
2025-10-29 22:00:00,,precipprob,0.0,0.0,,,100.0,
2025-10-29 23:00:00,,precipprob,0.0,0.0,,,100.0,
2025-10-30 03:00:00,,precipprob,0.0,0.0,,,100.0,
2025-10-30 04:00:00,,precipprob,0.0,0.0,,,100.0,
2025-10-30 05:00:00,,precipprob,0.0,0.0,,,100.0,
2025-10-30 08:00:00,,precipprob,0.0,0.0,,,100.0,
2025-10-30 09:00:00,,precipprob,0.0,0.0,,,100.0,
2025-10-30 10:00:00,,precipprob,0.0,0.0,,,100.0,
2025-10-30 11:00:00,,precipprob,0.0,0.0,,,100.0,
2025-10-30 12:00:00,,precipprob,0.0,0.0,,,100.0,
2025-10-30 13:00:00,,precipprob,0.0,0.0,,,100.0,
2025-10-30 14:00:00,,precipprob,0.0,0.0,,,100.0,
2025-10-30 15:00:00,,precipprob,0.0,0.0,,,100.0,
2025-10-30 16:00:00,,precipprob,0.0,0.0,,,100.0,
2025-10-30 17:00:00,,precipprob,0.0,0.0,,,100.0,
2025-10-30 18:00:00,,precipprob,0.0,0.0,,,100.0,
2025-10-30 19:00:00,,precipprob,0.0,0.0,,,100.0,
2025-10-31 08:00:00,,precipprob,0.0,0.0,,,100.0,
2025-10-31 10:00:00,,precipprob,0.0,0.0,,,100.0,
2025-10-31 11:00:00,,precipprob,0.0,0.0,,,100.0,
2025-10-31 12:00:00,,precipprob,0.0,0.0,,,100.0,
2025-10-31 13:00:00,,precipprob,0.0,0.0,,,100.0,
2025-10-31 14:00:00,,precipprob,0.0,0.0,,,100.0,
2025-10-31 15:00:00,,precipprob,0.0,0.0,,,100.0,
2025-10-31 17:00:00,,precipprob,0.0,0.0,,,100.0,
2025-11-01 12:00:00,,precipprob,0.0,0.0,,,100.0,
2025-11-01 14:00:00,,precipprob,0.0,0.0,,,100.0,
2025-11-01 15:00:00,,precipprob,0.0,0.0,,,100.0,
2025-11-01 16:00:00,,precipprob,0.0,0.0,,,100.0,
2025-11-01 17:00:00,,precipprob,0.0,0.0,,,100.0,
2025-11-01 18:00:00,,precipprob,0.0,0.0,,,100.0,
2025-11-01 19:00:00,,precipprob,0.0,0.0,,,100.0,
2025-11-01 20:00:00,,precipprob,0.0,0.0,,,100.0,
2025-11-01 21:00:00,,precipprob,0.0,0.0,,,100.0,
2025-11-02 00:00:00,,precipprob,0.0,0.0,,,100.0,
2025-11-02 01:00:00,,precipprob,0.0,0.0,,,100.0,
2025-11-02 02:00:00,,precipprob,0.0,0.0,,,100.0,
2025-11-02 03:00:00,,precipprob,0.0,0.0,,,100.0,
2025-11-02 04:00:00,,precipprob,0.0,0.0,,,100.0,
2025-11-02 05:00:00,,precipprob,0.0,0.0,,,100.0,
2025-11-02 06:00:00,,precipprob,0.0,0.0,,,100.0,
2025-11-02 07:00:00,,precipprob,0.0,0.0,,,100.0,
2025-11-02 08:00:00,,precipprob,0.0,0.0,,,100.0,
2025-11-02 09:00:00,,precipprob,0.0,0.0,,,100.0,
2025-11-02 10:00:00,,precipprob,0.0,0.0,,,100.0,
2025-11-02 11:00:00,,precipprob,0.0,0.0,,,100.0,
2025-11-02 12:00:00,,precipprob,0.0,0.0,,,100.0,
2025-11-02 13:00:00,,precipprob,0.0,0.0,,,100.0,
2025-11-02 14:00:00,,precipprob,0.0,0.0,,,100.0,
2025-11-02 15:00:00,,precipprob,0.0,0.0,,,100.0,
2025-11-02 16:00:00,,precipprob,0.0,0.0,,,100.0,
2025-11-02 17:00:00,,precipprob,0.0,0.0,,,100.0,
2025-11-02 18:00:00,,precipprob,0.0,0.0,,,100.0,
2025-11-03 05:00:00,,precipprob,0.0,0.0,,,100.0,
2025-11-03 06:00:00,,precipprob,0.0,0.0,,,100.0,
2025-11-03 10:00:00,,precipprob,0.0,0.0,,,100.0,
2025-11-03 11:00:00,,precipprob,0.0,0.0,,,100.0,
2025-11-03 12:00:00,,precipprob,0.0,0.0,,,100.0,
2025-11-03 13:00:00,,precipprob,0.0,0.0,,,100.0,
2025-11-03 14:00:00,,precipprob,0.0,0.0,,,100.0,
2025-11-03 15:00:00,,precipprob,0.0,0.0,,,100.0,
2025-11-04 10:00:00,,precipprob,0.0,0.0,,,100.0,
2025-11-04 11:00:00,,precipprob,0.0,0.0,,,100.0,
2025-11-04 12:00:00,,precipprob,0.0,0.0,,,100.0,
2025-11-04 13:00:00,,precipprob,0.0,0.0,,,100.0,
2025-11-04 14:00:00,,precipprob,0.0,0.0,,,100.0,
2025-11-04 15:00:00,,precipprob,0.0,0.0,,,100.0,
2025-11-04 16:00:00,,precipprob,0.0,0.0,,,100.0,
2025-11-04 17:00:00,,precipprob,0.0,0.0,,,100.0,
2025-11-04 18:00:00,,precipprob,0.0,0.0,,,100.0,
2025-11-04 19:00:00,,precipprob,0.0,0.0,,,100.0,
2025-11-04 20:00:00,,precipprob,0.0,0.0,,,100.0,
2025-11-04 21:00:00,,precipprob,0.0,0.0,,,100.0,
2025-11-04 22:00:00,,precipprob,0.0,0.0,,,100.0,
2025-11-05 00:00:00,,precipprob,0.0,0.0,,,100.0,
2025-11-05 01:00:00,,precipprob,0.0,0.0,,,100.0,
2025-11-05 02:00:00,,precipprob,0.0,0.0,,,100.0,
2025-11-05 03:00:00,,precipprob,0.0,0.0,,,100.0,
2025-11-05 04:00:00,,precipprob,0.0,0.0,,,100.0,
2025-11-05 05:00:00,,precipprob,0.0,0.0,,,100.0,
2025-11-05 06:00:00,,precipprob,0.0,0.0,,,100.0,
2025-11-05 07:00:00,,precipprob,0.0,0.0,,,100.0,
2025-11-05 08:00:00,,precipprob,0.0,0.0,,,100.0,
2025-11-05 10:00:00,,precipprob,0.0,0.0,,,100.0,
2025-11-05 11:00:00,,precipprob,0.0,0.0,,,100.0,
2025-11-05 12:00:00,,precipprob,0.0,0.0,,,100.0,
2025-11-05 13:00:00,,precipprob,0.0,0.0,,,100.0,
2025-11-05 14:00:00,,precipprob,0.0,0.0,,,100.0,
2025-11-05 15:00:00,,precipprob,0.0,0.0,,,100.0,
2025-11-05 16:00:00,,precipprob,0.0,0.0,,,100.0,
2025-11-05 17:00:00,,precipprob,0.0,0.0,,,100.0,
2025-11-05 18:00:00,,precipprob,0.0,0.0,,,100.0,
2025-11-05 19:00:00,,precipprob,0.0,0.0,,,100.0,
2025-11-06 02:00:00,,precipprob,0.0,0.0,,,100.0,
2025-11-06 03:00:00,,precipprob,0.0,0.0,,,100.0,
2025-11-06 14:00:00,,precipprob,0.0,0.0,,,100.0,
2025-11-06 15:00:00,,precipprob,0.0,0.0,,,100.0,
2025-11-06 16:00:00,,precipprob,0.0,0.0,,,100.0,
2025-11-06 17:00:00,,precipprob,0.0,0.0,,,100.0,
2025-11-06 18:00:00,,precipprob,0.0,0.0,,,100.0,
2025-11-06 19:00:00,,precipprob,0.0,0.0,,,100.0,
2025-11-06 20:00:00,,precipprob,0.0,0.0,,,100.0,
2025-11-06 21:00:00,,precipprob,0.0,0.0,,,100.0,
2025-11-06 22:00:00,,precipprob,0.0,0.0,,,100.0,
2025-11-06 23:00:00,,precipprob,0.0,0.0,,,100.0,
2025-11-07 00:00:00,,precipprob,0.0,0.0,,,100.0,
2025-11-07 11:00:00,,precipprob,0.0,0.0,,,100.0,
2025-11-07 12:00:00,,precipprob,0.0,0.0,,,100.0,
2025-11-07 14:00:00,,precipprob,0.0,0.0,,,100.0,
2025-11-07 15:00:00,,precipprob,0.0,0.0,,,100.0,
2025-11-07 16:00:00,,precipprob,0.0,0.0,,,100.0,
2025-11-07 18:00:00,,precipprob,0.0,0.0,,,100.0,
2025-11-08 02:00:00,,precipprob,0.0,0.0,,,100.0,
2025-11-08 09:00:00,,precipprob,0.0,0.0,,,100.0,
2025-11-08 10:00:00,,precipprob,0.0,0.0,,,100.0,
2025-11-08 11:00:00,,precipprob,0.0,0.0,,,100.0,
2025-11-08 12:00:00,,precipprob,0.0,0.0,,,100.0,
2025-11-08 13:00:00,,precipprob,0.0,0.0,,,100.0,
2025-11-08 16:00:00,,precipprob,0.0,0.0,,,100.0,
2025-11-08 17:00:00,,precipprob,0.0,0.0,,,100.0,
2025-11-08 18:00:00,,precipprob,0.0,0.0,,,100.0,
2025-11-08 19:00:00,,precipprob,0.0,0.0,,,100.0,
2025-11-09 02:00:00,,precipprob,0.0,0.0,,,100.0,
2025-11-09 03:00:00,,precipprob,0.0,0.0,,,100.0,
2025-11-09 04:00:00,,precipprob,0.0,0.0,,,100.0,
2025-11-09 05:00:00,,precipprob,0.0,0.0,,,100.0,
2025-11-09 08:00:00,,precipprob,0.0,0.0,,,100.0,
2025-11-09 09:00:00,,precipprob,0.0,0.0,,,100.0,
2025-11-09 10:00:00,,precipprob,0.0,0.0,,,100.0,
2025-11-09 11:00:00,,precipprob,0.0,0.0,,,100.0,
2025-11-09 12:00:00,,precipprob,0.0,0.0,,,100.0,
2025-11-09 13:00:00,,precipprob,0.0,0.0,,,100.0,
2025-11-09 14:00:00,,precipprob,0.0,0.0,,,100.0,
2025-11-09 16:00:00,,precipprob,0.0,0.0,,,100.0,
2025-11-09 17:00:00,,precipprob,0.0,0.0,,,100.0,
2025-11-09 18:00:00,,precipprob,0.0,0.0,,,100.0,
2025-11-10 03:00:00,,precipprob,0.0,0.0,,,100.0,
2025-11-10 04:00:00,,precipprob,0.0,0.0,,,100.0,
2025-11-10 10:00:00,,precipprob,0.0,0.0,,,100.0,
2025-11-10 11:00:00,,precipprob,0.0,0.0,,,100.0,
2025-11-10 12:00:00,,precipprob,0.0,0.0,,,100.0,
2025-11-10 14:00:00,,precipprob,0.0,0.0,,,100.0,
2025-11-10 15:00:00,,precipprob,0.0,0.0,,,100.0,
2025-11-10 16:00:00,,precipprob,0.0,0.0,,,100.0,
2025-11-10 22:00:00,,precipprob,0.0,0.0,,,100.0,
2025-11-10 23:00:00,,precipprob,0.0,0.0,,,100.0,
2025-11-11 00:00:00,,precipprob,0.0,0.0,,,100.0,
2025-11-11 01:00:00,,precipprob,0.0,0.0,,,100.0,
2025-11-11 02:00:00,,precipprob,0.0,0.0,,,100.0,
2025-11-11 13:00:00,,precipprob,0.0,0.0,,,100.0,
2025-11-11 14:00:00,,precipprob,0.0,0.0,,,100.0,
2025-11-11 15:00:00,,precipprob,0.0,0.0,,,100.0,
2025-11-11 16:00:00,,precipprob,0.0,0.0,,,100.0,
2025-11-11 17:00:00,,precipprob,0.0,0.0,,,100.0,
2025-11-12 02:00:00,,precipprob,0.0,0.0,,,100.0,
2025-11-12 09:00:00,,precipprob,0.0,0.0,,,100.0,
2025-11-12 10:00:00,,precipprob,0.0,0.0,,,100.0,
2025-11-12 11:00:00,,precipprob,0.0,0.0,,,100.0,
2025-11-12 12:00:00,,precipprob,0.0,0.0,,,100.0,
2025-11-12 13:00:00,,precipprob,0.0,0.0,,,100.0,
2025-11-12 14:00:00,,precipprob,0.0,0.0,,,100.0,
2025-11-12 15:00:00,,precipprob,0.0,0.0,,,100.0,
2025-11-12 16:00:00,,precipprob,0.0,0.0,,,100.0,
2025-11-12 17:00:00,,precipprob,0.0,0.0,,,100.0,
2025-11-12 18:00:00,,precipprob,0.0,0.0,,,100.0,
2025-11-13 14:00:00,,precipprob,0.0,0.0,,,100.0,
2025-11-13 15:00:00,,precipprob,0.0,0.0,,,100.0,
2025-11-13 16:00:00,,precipprob,0.0,0.0,,,100.0,
2025-11-13 17:00:00,,precipprob,0.0,0.0,,,100.0,
2025-11-13 18:00:00,,precipprob,0.0,0.0,,,100.0,
2025-11-13 19:00:00,,precipprob,0.0,0.0,,,100.0,
2025-11-13 23:00:00,,precipprob,0.0,0.0,,,100.0,
2025-11-14 00:00:00,,precipprob,0.0,0.0,,,100.0,
2025-11-14 01:00:00,,precipprob,0.0,0.0,,,100.0,
2025-11-16 02:00:00,,precipprob,0.0,0.0,,,100.0,
2025-11-16 03:00:00,,precipprob,0.0,0.0,,,100.0,
2025-11-16 04:00:00,,precipprob,0.0,0.0,,,100.0,
2025-11-16 05:00:00,,precipprob,0.0,0.0,,,100.0,
2025-11-16 06:00:00,,precipprob,0.0,0.0,,,100.0,
2025-11-16 07:00:00,,precipprob,0.0,0.0,,,100.0,
2025-11-16 08:00:00,,precipprob,0.0,0.0,,,100.0,
2025-11-16 12:00:00,,precipprob,0.0,0.0,,,100.0,
2025-11-16 13:00:00,,precipprob,0.0,0.0,,,100.0,
2025-11-16 14:00:00,,precipprob,0.0,0.0,,,100.0,
2025-11-16 15:00:00,,precipprob,0.0,0.0,,,100.0,
2025-11-16 16:00:00,,precipprob,0.0,0.0,,,100.0,
2025-11-16 17:00:00,,precipprob,0.0,0.0,,,100.0,
2025-11-16 18:00:00,,precipprob,0.0,0.0,,,100.0,
2025-11-16 19:00:00,,precipprob,0.0,0.0,,,100.0,
2025-11-16 20:00:00,,precipprob,0.0,0.0,,,100.0,
2025-11-16 21:00:00,,precipprob,0.0,0.0,,,100.0,
2025-11-16 22:00:00,,precipprob,0.0,0.0,,,100.0,
2025-11-17 02:00:00,,precipprob,0.0,0.0,,,100.0,
2025-11-17 03:00:00,,precipprob,0.0,0.0,,,100.0,
2025-11-17 04:00:00,,precipprob,0.0,0.0,,,100.0,
2025-11-17 05:00:00,,precipprob,0.0,0.0,,,100.0,
2025-11-17 06:00:00,,precipprob,0.0,0.0,,,100.0,
2025-11-17 07:00:00,,precipprob,0.0,0.0,,,100.0,
2025-11-17 08:00:00,,precipprob,0.0,0.0,,,100.0,
2025-11-17 09:00:00,,precipprob,0.0,0.0,,,100.0,
2025-11-17 10:00:00,,precipprob,0.0,0.0,,,100.0,
2025-11-17 11:00:00,,precipprob,0.0,0.0,,,100.0,
2025-11-17 12:00:00,,precipprob,0.0,0.0,,,100.0,
2025-11-17 13:00:00,,precipprob,0.0,0.0,,,100.0,
2025-11-17 14:00:00,,precipprob,0.0,0.0,,,100.0,
2025-11-17 15:00:00,,precipprob,0.0,0.0,,,100.0,
2025-11-17 16:00:00,,precipprob,0.0,0.0,,,100.0,
2025-11-17 17:00:00,,precipprob,0.0,0.0,,,100.0,
2025-11-17 18:00:00,,precipprob,0.0,0.0,,,100.0,
2025-11-17 19:00:00,,precipprob,0.0,0.0,,,100.0,
2025-11-17 20:00:00,,precipprob,0.0,0.0,,,100.0,
2025-11-17 21:00:00,,precipprob,0.0,0.0,,,100.0,
2025-11-17 22:00:00,,precipprob,0.0,0.0,,,100.0,
2025-11-18 00:00:00,,precipprob,0.0,0.0,,,100.0,
2025-11-18 01:00:00,,precipprob,0.0,0.0,,,100.0,
2025-11-18 12:00:00,,precipprob,0.0,0.0,,,100.0,
2025-11-18 13:00:00,,precipprob,0.0,0.0,,,100.0,
2025-11-18 14:00:00,,precipprob,0.0,0.0,,,100.0,
2025-11-18 15:00:00,,precipprob,0.0,0.0,,,100.0,
2025-11-18 16:00:00,,precipprob,0.0,0.0,,,100.0,
2025-11-18 17:00:00,,precipprob,0.0,0.0,,,100.0,
2025-11-18 18:00:00,,precipprob,0.0,0.0,,,100.0,
2025-11-18 19:00:00,,precipprob,0.0,0.0,,,100.0,
2025-11-19 11:00:00,,precipprob,0.0,0.0,,,100.0,
2025-11-19 12:00:00,,precipprob,0.0,0.0,,,100.0,
2025-11-19 13:00:00,,precipprob,0.0,0.0,,,100.0,
2025-11-19 14:00:00,,precipprob,0.0,0.0,,,100.0,
2025-11-19 15:00:00,,precipprob,0.0,0.0,,,100.0,
2025-11-19 16:00:00,,precipprob,0.0,0.0,,,100.0,
2025-11-19 17:00:00,,precipprob,0.0,0.0,,,100.0,
2025-11-19 18:00:00,,precipprob,0.0,0.0,,,100.0,
2025-11-19 19:00:00,,precipprob,0.0,0.0,,,100.0,
2025-11-19 20:00:00,,precipprob,0.0,0.0,,,100.0,
2025-11-19 21:00:00,,precipprob,0.0,0.0,,,100.0,
2025-11-19 22:00:00,,precipprob,0.0,0.0,,,100.0,
2025-11-19 23:00:00,,precipprob,0.0,0.0,,,100.0,
2025-11-20 00:00:00,,precipprob,0.0,0.0,,,100.0,
2025-11-20 01:00:00,,precipprob,0.0,0.0,,,100.0,
2025-11-20 02:00:00,,precipprob,0.0,0.0,,,100.0,
2025-11-20 03:00:00,,precipprob,0.0,0.0,,,100.0,
2025-11-20 04:00:00,,precipprob,0.0,0.0,,,100.0,
2025-11-20 06:00:00,,precipprob,0.0,0.0,,,100.0,
2025-11-20 07:00:00,,precipprob,0.0,0.0,,,100.0,
2025-11-20 08:00:00,,precipprob,0.0,0.0,,,100.0,
2025-11-20 09:00:00,,precipprob,0.0,0.0,,,100.0,
2025-11-20 10:00:00,,precipprob,0.0,0.0,,,100.0,
2025-11-20 11:00:00,,precipprob,0.0,0.0,,,100.0,
2025-11-20 12:00:00,,precipprob,0.0,0.0,,,100.0,
2025-11-20 14:00:00,,precipprob,0.0,0.0,,,100.0,
2025-11-20 15:00:00,,precipprob,0.0,0.0,,,100.0,
2025-11-20 16:00:00,,precipprob,0.0,0.0,,,100.0,
2025-11-20 17:00:00,,precipprob,0.0,0.0,,,100.0,
2025-11-20 18:00:00,,precipprob,0.0,0.0,,,100.0,
2025-11-20 19:00:00,,precipprob,0.0,0.0,,,100.0,
2025-11-21 01:00:00,,precipprob,0.0,0.0,,,100.0,
2025-11-21 14:00:00,,precipprob,0.0,0.0,,,100.0,
2025-11-21 15:00:00,,precipprob,0.0,0.0,,,100.0,
2025-11-21 16:00:00,,precipprob,0.0,0.0,,,100.0,
2025-11-21 17:00:00,,precipprob,0.0,0.0,,,100.0,
2025-11-21 18:00:00,,precipprob,0.0,0.0,,,100.0,
2025-11-21 19:00:00,,precipprob,0.0,0.0,,,100.0,
2025-11-22 02:00:00,,precipprob,0.0,0.0,,,100.0,
2025-11-22 06:00:00,,precipprob,0.0,0.0,,,100.0,
2025-11-22 07:00:00,,precipprob,0.0,0.0,,,100.0,
2025-11-22 08:00:00,,precipprob,0.0,0.0,,,100.0,
2025-11-22 09:00:00,,precipprob,0.0,0.0,,,100.0,
2025-11-22 10:00:00,,precipprob,0.0,0.0,,,100.0,
2025-11-22 11:00:00,,precipprob,0.0,0.0,,,100.0,
2025-11-22 12:00:00,,precipprob,0.0,0.0,,,100.0,
2025-11-22 13:00:00,,precipprob,0.0,0.0,,,100.0,
2025-11-22 14:00:00,,precipprob,0.0,0.0,,,100.0,
2025-11-22 20:00:00,,precipprob,0.0,0.0,,,100.0,
2025-11-22 21:00:00,,precipprob,0.0,0.0,,,100.0,
2025-11-22 23:00:00,,precipprob,0.0,0.0,,,100.0,
2025-11-23 00:00:00,,precipprob,0.0,0.0,,,100.0,
2025-11-23 01:00:00,,precipprob,0.0,0.0,,,100.0,
2025-11-23 02:00:00,,precipprob,0.0,0.0,,,100.0,
2025-11-23 03:00:00,,precipprob,0.0,0.0,,,100.0,
2025-11-23 04:00:00,,precipprob,0.0,0.0,,,100.0,
2025-11-23 05:00:00,,precipprob,0.0,0.0,,,100.0,
2025-11-23 06:00:00,,precipprob,0.0,0.0,,,100.0,
2025-11-23 07:00:00,,precipprob,0.0,0.0,,,100.0,
2025-11-23 08:00:00,,precipprob,0.0,0.0,,,100.0,
2025-11-23 09:00:00,,precipprob,0.0,0.0,,,100.0,
2025-11-23 16:00:00,,precipprob,0.0,0.0,,,100.0,
2025-11-23 17:00:00,,precipprob,0.0,0.0,,,100.0,
2025-11-23 18:00:00,,precipprob,0.0,0.0,,,100.0,
2025-11-24 12:00:00,,precipprob,0.0,0.0,,,100.0,
2025-11-24 15:00:00,,precipprob,0.0,0.0,,,100.0,
2025-11-24 17:00:00,,precipprob,0.0,0.0,,,100.0,
2025-11-24 18:00:00,,precipprob,0.0,0.0,,,100.0,
2025-11-24 19:00:00,,precipprob,0.0,0.0,,,100.0,
2025-11-24 20:00:00,,precipprob,0.0,0.0,,,100.0,
2025-11-25 12:00:00,,precipprob,0.0,0.0,,,100.0,
2025-11-25 13:00:00,,precipprob,0.0,0.0,,,100.0,
2025-12-02 17:00:00,,precipprob,0.0,0.0,,,100.0,
2025-12-02 18:00:00,,precipprob,0.0,0.0,,,100.0,
2025-12-02 20:00:00,,precipprob,0.0,0.0,,,100.0,
2025-12-03 02:00:00,,precipprob,0.0,0.0,,,100.0,
2025-12-03 08:00:00,,precipprob,0.0,0.0,,,100.0,
2025-12-03 11:00:00,,precipprob,0.0,0.0,,,100.0,
2025-12-03 12:00:00,,precipprob,0.0,0.0,,,100.0,
2025-12-03 13:00:00,,precipprob,0.0,0.0,,,100.0,
2025-12-03 14:00:00,,precipprob,0.0,0.0,,,100.0,
2025-12-03 15:00:00,,precipprob,0.0,0.0,,,100.0,
2025-12-03 16:00:00,,precipprob,0.0,0.0,,,100.0,
2025-12-03 17:00:00,,precipprob,0.0,0.0,,,100.0,
2025-12-03 18:00:00,,precipprob,0.0,0.0,,,100.0,
2025-12-03 19:00:00,,precipprob,0.0,0.0,,,100.0,
2025-12-03 20:00:00,,precipprob,0.0,0.0,,,100.0,
2025-12-03 21:00:00,,precipprob,0.0,0.0,,,100.0,
2025-12-03 22:00:00,,precipprob,0.0,0.0,,,100.0,
2025-12-03 23:00:00,,precipprob,0.0,0.0,,,100.0,
2025-12-04 01:00:00,,precipprob,0.0,0.0,,,100.0,
2025-12-04 03:00:00,,precipprob,0.0,0.0,,,100.0,
2025-12-04 04:00:00,,precipprob,0.0,0.0,,,100.0,
2025-12-04 05:00:00,,precipprob,0.0,0.0,,,100.0,
2025-12-04 09:00:00,,precipprob,0.0,0.0,,,100.0,
2025-12-04 10:00:00,,precipprob,0.0,0.0,,,100.0,
2025-12-04 13:00:00,,precipprob,0.0,0.0,,,100.0,
2025-12-04 15:00:00,,precipprob,0.0,0.0,,,100.0,
2025-12-04 16:00:00,,precipprob,0.0,0.0,,,100.0,
2025-12-04 19:00:00,,precipprob,0.0,0.0,,,100.0,
2025-12-05 13:00:00,,precipprob,0.0,0.0,,,100.0,
2025-12-06 00:00:00,,precipprob,0.0,0.0,,,100.0,
2025-12-06 11:00:00,,precipprob,0.0,0.0,,,100.0,
2025-12-06 12:00:00,,precipprob,0.0,0.0,,,100.0,
2025-12-06 13:00:00,,precipprob,0.0,0.0,,,100.0,
2025-12-07 02:00:00,,precipprob,0.0,0.0,,,100.0,
2025-12-10 02:00:00,,precipprob,0.0,0.0,,,100.0,
2025-12-10 03:00:00,,precipprob,0.0,0.0,,,100.0,
2025-12-10 04:00:00,,precipprob,0.0,0.0,,,100.0,
2025-12-10 05:00:00,,precipprob,0.0,0.0,,,100.0,
2025-12-10 06:00:00,,precipprob,0.0,0.0,,,100.0,
2025-12-10 08:00:00,,precipprob,0.0,0.0,,,100.0,
2025-12-10 09:00:00,,precipprob,0.0,0.0,,,100.0,
2025-12-10 10:00:00,,precipprob,0.0,0.0,,,100.0,
2025-12-10 13:00:00,,precipprob,0.0,0.0,,,100.0,
2025-12-10 14:00:00,,precipprob,0.0,0.0,,,100.0,
2025-12-10 15:00:00,,precipprob,0.0,0.0,,,100.0,
2025-12-10 16:00:00,,precipprob,0.0,0.0,,,100.0,
2025-12-10 17:00:00,,precipprob,0.0,0.0,,,100.0,
2025-12-10 18:00:00,,precipprob,0.0,0.0,,,100.0,
2025-12-10 19:00:00,,precipprob,0.0,0.0,,,100.0,
2025-12-10 20:00:00,,precipprob,0.0,0.0,,,100.0,
2025-12-11 00:00:00,,precipprob,0.0,0.0,,,100.0,
2025-12-12 10:00:00,,precipprob,0.0,0.0,,,100.0,
2025-12-13 17:00:00,,precipprob,0.0,0.0,,,100.0,
2025-12-13 18:00:00,,precipprob,0.0,0.0,,,100.0,
2025-12-13 21:00:00,,precipprob,0.0,0.0,,,100.0,
2025-12-13 22:00:00,,precipprob,0.0,0.0,,,100.0,
2025-12-14 16:00:00,,precipprob,0.0,0.0,,,100.0,
2025-12-16 14:00:00,,precipprob,0.0,0.0,,,100.0,
2025-12-16 17:00:00,,precipprob,0.0,0.0,,,100.0,
2025-12-17 16:00:00,,precipprob,0.0,0.0,,,100.0,
2025-12-17 17:00:00,,precipprob,0.0,0.0,,,100.0,
2025-12-17 18:00:00,,precipprob,0.0,0.0,,,100.0,
2025-12-20 12:00:00,,precipprob,0.0,0.0,,,100.0,
2025-12-21 15:00:00,,precipprob,0.0,0.0,,,100.0,
2025-12-21 17:00:00,,precipprob,0.0,0.0,,,100.0,
2025-12-21 18:00:00,,precipprob,0.0,0.0,,,100.0,
2025-12-22 05:00:00,,precipprob,0.0,0.0,,,100.0,
2025-12-22 11:00:00,,precipprob,0.0,0.0,,,100.0,
2025-12-22 17:00:00,,precipprob,0.0,0.0,,,100.0,
2025-12-23 06:00:00,,precipprob,0.0,0.0,,,100.0,
2025-12-23 14:00:00,,precipprob,0.0,0.0,,,100.0,
2025-12-23 15:00:00,,precipprob,0.0,0.0,,,100.0,
2025-12-23 16:00:00,,precipprob,0.0,0.0,,,100.0,
2025-12-23 17:00:00,,precipprob,0.0,0.0,,,100.0,
2025-12-23 18:00:00,,precipprob,0.0,0.0,,,100.0,
2025-12-24 13:00:00,,precipprob,0.0,0.0,,,100.0,
2025-12-24 15:00:00,,precipprob,0.0,0.0,,,100.0,
2025-12-24 16:00:00,,precipprob,0.0,0.0,,,100.0,
2025-12-24 17:00:00,,precipprob,0.0,0.0,,,100.0,
2025-12-24 18:00:00,,precipprob,0.0,0.0,,,100.0,
2025-12-24 19:00:00,,precipprob,0.0,0.0,,,100.0,
2025-12-24 20:00:00,,precipprob,0.0,0.0,,,100.0,
2025-12-25 08:00:00,,precipprob,0.0,0.0,,,100.0,
2025-12-25 09:00:00,,precipprob,0.0,0.0,,,100.0,
2025-12-25 10:00:00,,precipprob,0.0,0.0,,,100.0,
2025-12-25 11:00:00,,precipprob,0.0,0.0,,,100.0,
2025-12-25 12:00:00,,precipprob,0.0,0.0,,,100.0,
2025-12-25 13:00:00,,precipprob,0.0,0.0,,,100.0,
2025-12-25 14:00:00,,precipprob,0.0,0.0,,,100.0,
2025-12-25 15:00:00,,precipprob,0.0,0.0,,,100.0,
2025-12-25 16:00:00,,precipprob,0.0,0.0,,,100.0,
2025-12-25 17:00:00,,precipprob,0.0,0.0,,,100.0,
2025-12-25 18:00:00,,precipprob,0.0,0.0,,,100.0,
2025-12-25 19:00:00,,precipprob,0.0,0.0,,,100.0,
2025-12-25 20:00:00,,precipprob,0.0,0.0,,,100.0,
2025-12-25 21:00:00,,precipprob,0.0,0.0,,,100.0,
2025-12-26 11:00:00,,precipprob,0.0,0.0,,,100.0,
2025-12-26 12:00:00,,precipprob,0.0,0.0,,,100.0,
2025-12-26 17:00:00,,precipprob,0.0,0.0,,,100.0,
2025-12-26 18:00:00,,precipprob,0.0,0.0,,,100.0,
2025-12-27 13:00:00,,precipprob,0.0,0.0,,,100.0,
2025-12-27 14:00:00,,precipprob,0.0,0.0,,,100.0,
2025-12-27 15:00:00,,precipprob,0.0,0.0,,,100.0,
2025-12-27 16:00:00,,precipprob,0.0,0.0,,,100.0,
2025-12-27 17:00:00,,precipprob,0.0,0.0,,,100.0,
2025-12-28 15:00:00,,precipprob,0.0,0.0,,,100.0,
2025-12-28 16:00:00,,precipprob,0.0,0.0,,,100.0,
2026-01-05 16:00:00,,precipprob,0.0,0.0,,,100.0,
2026-01-05 17:00:00,,precipprob,0.0,0.0,,,100.0,
2026-01-05 18:00:00,,precipprob,0.0,0.0,,,100.0,
2026-01-05 19:00:00,,precipprob,0.0,0.0,,,100.0,
2026-01-06 02:00:00,,precipprob,0.0,0.0,,,100.0,
2026-01-06 12:00:00,,precipprob,0.0,0.0,,,100.0,
2026-01-06 13:00:00,,precipprob,0.0,0.0,,,100.0,
2026-01-06 14:00:00,,precipprob,0.0,0.0,,,100.0,
2026-01-06 15:00:00,,precipprob,0.0,0.0,,,100.0,
2026-01-06 16:00:00,,precipprob,0.0,0.0,,,100.0,
2026-01-06 17:00:00,,precipprob,0.0,0.0,,,100.0,
2026-01-06 18:00:00,,precipprob,0.0,0.0,,,100.0,
2026-01-07 08:00:00,,precipprob,0.0,0.0,,,100.0,
2026-01-13 15:00:00,,precipprob,0.0,0.0,,,100.0,
2026-01-16 10:00:00,,precipprob,0.0,0.0,,,100.0,
2026-01-16 11:00:00,,precipprob,0.0,0.0,,,100.0,
2026-01-18 11:00:00,,precipprob,0.0,0.0,,,100.0,
2026-01-19 10:00:00,,precipprob,0.0,0.0,,,100.0,
2026-01-19 11:00:00,,precipprob,0.0,0.0,,,100.0,
2026-01-19 12:00:00,,precipprob,0.0,0.0,,,100.0,
2026-01-19 13:00:00,,precipprob,0.0,0.0,,,100.0,
2026-01-19 16:00:00,,precipprob,0.0,0.0,,,100.0,
2026-01-20 10:00:00,,precipprob,0.0,0.0,,,100.0,
2026-01-20 11:00:00,,precipprob,0.0,0.0,,,100.0,
2026-02-06 11:00:00,,precipprob,0.0,0.0,,,100.0,
2026-02-06 12:00:00,,precipprob,0.0,0.0,,,100.0,
2026-02-06 13:00:00,,precipprob,0.0,0.0,,,100.0,
2026-02-06 14:00:00,,precipprob,0.0,0.0,,,100.0,
2026-02-06 15:00:00,,precipprob,0.0,0.0,,,100.0,
2026-02-06 16:00:00,,precipprob,0.0,0.0,,,100.0,
2026-02-11 12:00:00,,precipprob,0.0,0.0,,,100.0,
2026-02-11 13:00:00,,precipprob,0.0,0.0,,,100.0,
2026-02-11 14:00:00,,precipprob,0.0,0.0,,,100.0,
2026-02-11 15:00:00,,precipprob,0.0,0.0,,,100.0,
2026-02-11 16:00:00,,precipprob,0.0,0.0,,,100.0,
2026-02-11 17:00:00,,precipprob,0.0,0.0,,,100.0,
2026-02-12 12:00:00,,precipprob,0.0,0.0,,,100.0,
2026-02-12 13:00:00,,precipprob,0.0,0.0,,,100.0,
2026-02-14 12:00:00,,precipprob,0.0,0.0,,,100.0,
2026-02-14 16:00:00,,precipprob,0.0,0.0,,,100.0,
2026-02-14 17:00:00,,precipprob,0.0,0.0,,,100.0,
2026-02-15 14:00:00,,precipprob,0.0,0.0,,,100.0,
2026-02-25 22:00:00,,precipprob,0.0,0.0,,,100.0,
2026-02-26 00:00:00,,precipprob,0.0,0.0,,,100.0,
2026-02-26 01:00:00,,precipprob,0.0,0.0,,,100.0,
2026-02-26 02:00:00,,precipprob,0.0,0.0,,,100.0,
2026-02-26 03:00:00,,precipprob,0.0,0.0,,,100.0,
2026-02-26 04:00:00,,precipprob,0.0,0.0,,,100.0,
2026-02-26 05:00:00,,precipprob,0.0,0.0,,,100.0,
2026-02-26 06:00:00,,precipprob,0.0,0.0,,,100.0,
2026-02-26 07:00:00,,precipprob,0.0,0.0,,,100.0,
2026-02-26 08:00:00,,precipprob,0.0,0.0,,,100.0,
2026-02-26 09:00:00,,precipprob,0.0,0.0,,,100.0,
2026-02-26 10:00:00,,precipprob,0.0,0.0,,,100.0,
2026-02-26 11:00:00,,precipprob,0.0,0.0,,,100.0,
2026-02-26 12:00:00,,precipprob,0.0,0.0,,,100.0,
2026-02-26 13:00:00,,precipprob,0.0,0.0,,,100.0,
2026-02-26 14:00:00,,precipprob,0.0,0.0,,,100.0,
2026-02-26 15:00:00,,precipprob,0.0,0.0,,,100.0,
2026-02-26 16:00:00,,precipprob,0.0,0.0,,,100.0,
2026-02-26 17:00:00,,precipprob,0.0,0.0,,,100.0,
2026-02-26 18:00:00,,precipprob,0.0,0.0,,,100.0,
2026-02-26 19:00:00,,precipprob,0.0,0.0,,,100.0,
2026-02-26 20:00:00,,precipprob,0.0,0.0,,,100.0,
2026-02-26 21:00:00,,precipprob,0.0,0.0,,,100.0,
2026-02-26 22:00:00,,precipprob,0.0,0.0,,,100.0,
2026-02-27 02:00:00,,precipprob,0.0,0.0,,,100.0,
2026-02-27 03:00:00,,precipprob,0.0,0.0,,,100.0,
2026-02-27 04:00:00,,precipprob,0.0,0.0,,,100.0,
2026-02-27 05:00:00,,precipprob,0.0,0.0,,,100.0,
2026-02-27 06:00:00,,precipprob,0.0,0.0,,,100.0,
2026-02-27 07:00:00,,precipprob,0.0,0.0,,,100.0,
2026-02-27 08:00:00,,precipprob,0.0,0.0,,,100.0,
2026-02-27 09:00:00,,precipprob,0.0,0.0,,,100.0,
2026-02-27 10:00:00,,precipprob,0.0,0.0,,,100.0,
2026-02-27 11:00:00,,precipprob,0.0,0.0,,,100.0,
2026-02-27 12:00:00,,precipprob,0.0,0.0,,,100.0,
2026-02-27 13:00:00,,precipprob,0.0,0.0,,,100.0,
2026-02-27 14:00:00,,precipprob,0.0,0.0,,,100.0,
2026-02-27 15:00:00,,precipprob,0.0,0.0,,,100.0,
2026-02-27 16:00:00,,precipprob,0.0,0.0,,,100.0,
2026-02-27 17:00:00,,precipprob,0.0,0.0,,,100.0,
2026-02-27 18:00:00,,precipprob,0.0,0.0,,,100.0,
2026-02-27 19:00:00,,precipprob,0.0,0.0,,,100.0,
2026-02-28 13:00:00,,precipprob,0.0,0.0,,,100.0,
2026-02-28 14:00:00,,precipprob,0.0,0.0,,,100.0,
2026-03-03 11:00:00,,precipprob,0.0,0.0,,,100.0,
2026-03-03 12:00:00,,precipprob,0.0,0.0,,,100.0,
2026-03-04 10:00:00,,precipprob,0.0,0.0,,,100.0,
2026-03-04 11:00:00,,precipprob,0.0,0.0,,,100.0,
2026-03-04 12:00:00,,precipprob,0.0,0.0,,,100.0,
2026-03-04 15:00:00,,precipprob,0.0,0.0,,,100.0,
2026-03-04 16:00:00,,precipprob,0.0,0.0,,,100.0,
2026-03-04 17:00:00,,precipprob,0.0,0.0,,,100.0,
2026-03-04 23:00:00,,precipprob,0.0,0.0,,,100.0,
2026-03-05 01:00:00,,precipprob,0.0,0.0,,,100.0,
2026-03-05 16:00:00,,precipprob,0.0,0.0,,,100.0,
2026-03-05 17:00:00,,precipprob,0.0,0.0,,,100.0,
2026-03-05 20:00:00,,precipprob,0.0,0.0,,,100.0,
2026-03-05 21:00:00,,precipprob,0.0,0.0,,,100.0,
2026-03-05 22:00:00,,precipprob,0.0,0.0,,,100.0,
2026-03-06 02:00:00,,precipprob,0.0,0.0,,,100.0,
2026-03-06 03:00:00,,precipprob,0.0,0.0,,,100.0,
2026-03-06 04:00:00,,precipprob,0.0,0.0,,,100.0,
2026-03-06 13:00:00,,precipprob,0.0,0.0,,,100.0,
2026-03-06 14:00:00,,precipprob,0.0,0.0,,,100.0,
2026-03-06 15:00:00,,precipprob,0.0,0.0,,,100.0,
2026-03-06 16:00:00,,precipprob,0.0,0.0,,,100.0,
2026-03-06 17:00:00,,precipprob,0.0,0.0,,,100.0,
2026-03-06 18:00:00,,precipprob,0.0,0.0,,,100.0,
2026-03-06 19:00:00,,precipprob,0.0,0.0,,,100.0,
2026-03-07 14:00:00,,precipprob,0.0,0.0,,,100.0,
2026-03-07 15:00:00,,precipprob,0.0,0.0,,,100.0,
2026-03-07 16:00:00,,precipprob,0.0,0.0,,,100.0,
2026-03-07 17:00:00,,precipprob,0.0,0.0,,,100.0,
2026-03-07 18:00:00,,precipprob,0.0,0.0,,,100.0,
2026-03-07 19:00:00,,precipprob,0.0,0.0,,,100.0,
2026-03-07 21:00:00,,precipprob,0.0,0.0,,,100.0,
2026-03-09 18:00:00,,precipprob,0.0,0.0,,,100.0,
2026-03-09 19:00:00,,precipprob,0.0,0.0,,,100.0,
2026-03-10 14:00:00,,precipprob,0.0,0.0,,,100.0,
2026-03-10 15:00:00,,precipprob,0.0,0.0,,,100.0,
2026-03-10 16:00:00,,precipprob,0.0,0.0,,,100.0,
2026-03-10 18:00:00,,precipprob,0.0,0.0,,,100.0,
2026-03-10 19:00:00,,precipprob,0.0,0.0,,,100.0,
2026-03-10 21:00:00,,precipprob,0.0,0.0,,,100.0,
2026-03-10 22:00:00,,precipprob,0.0,0.0,,,100.0,
2023-05-12 16:00:00,,windspeed,-5.450000000000001,26.150000000000002,,,,27.7
2023-05-16 16:00:00,,windspeed,-5.450000000000001,26.150000000000002,,,,37.7
2023-05-20 19:00:00,,windspeed,-5.450000000000001,26.150000000000002,,,,41.3
2023-05-30 14:00:00,,windspeed,-5.450000000000001,26.150000000000002,,,,29.5
2023-06-04 18:00:00,,windspeed,-5.450000000000001,26.150000000000002,,,,29.5
2023-06-06 16:00:00,,windspeed,-5.450000000000001,26.150000000000002,,,,31.6
2023-06-10 12:00:00,,windspeed,-5.450000000000001,26.150000000000002,,,,27.7
2023-06-11 13:00:00,,windspeed,-5.450000000000001,26.150000000000002,,,,26.4
2023-06-11 14:00:00,,windspeed,-5.450000000000001,26.150000000000002,,,,27.7
2023-06-11 15:00:00,,windspeed,-5.450000000000001,26.150000000000002,,,,27.7
2023-06-22 22:00:00,,windspeed,-5.450000000000001,26.150000000000002,,,,28.4
2023-06-30 16:00:00,,windspeed,-5.450000000000001,26.150000000000002,,,,37.4
2023-07-17 11:00:00,,windspeed,-5.450000000000001,26.150000000000002,,,,31.7
2023-07-17 13:00:00,,windspeed,-5.450000000000001,26.150000000000002,,,,27.7
2023-07-17 15:00:00,,windspeed,-5.450000000000001,26.150000000000002,,,,29.5
2023-07-17 16:00:00,,windspeed,-5.450000000000001,26.150000000000002,,,,28.6
2023-07-18 12:00:00,,windspeed,-5.450000000000001,26.150000000000002,,,,31.7
2023-07-18 13:00:00,,windspeed,-5.450000000000001,26.150000000000002,,,,34.5
2023-07-18 14:00:00,,windspeed,-5.450000000000001,26.150000000000002,,,,27.7
2023-07-18 15:00:00,,windspeed,-5.450000000000001,26.150000000000002,,,,37.1
2023-07-18 16:00:00,,windspeed,-5.450000000000001,26.150000000000002,,,,32.9
2023-07-18 18:00:00,,windspeed,-5.450000000000001,26.150000000000002,,,,27.7
2023-07-19 16:00:00,,windspeed,-5.450000000000001,26.150000000000002,,,,26.4
2023-07-24 11:00:00,,windspeed,-5.450000000000001,26.150000000000002,,,,38.9
2023-07-26 11:00:00,,windspeed,-5.450000000000001,26.150000000000002,,,,27.7
2023-07-26 14:00:00,,windspeed,-5.450000000000001,26.150000000000002,,,,29.5
2023-07-27 10:00:00,,windspeed,-5.450000000000001,26.150000000000002,,,,30.0
2023-07-28 12:00:00,,windspeed,-5.450000000000001,26.150000000000002,,,,27.7
2023-07-28 14:00:00,,windspeed,-5.450000000000001,26.150000000000002,,,,27.7
2023-07-28 15:00:00,,windspeed,-5.450000000000001,26.150000000000002,,,,27.7
2023-07-28 17:00:00,,windspeed,-5.450000000000001,26.150000000000002,,,,29.5
2023-07-28 18:00:00,,windspeed,-5.450000000000001,26.150000000000002,,,,37.1
2023-07-29 12:00:00,,windspeed,-5.450000000000001,26.150000000000002,,,,31.7
2023-07-29 14:00:00,,windspeed,-5.450000000000001,26.150000000000002,,,,35.3
2023-07-29 16:00:00,,windspeed,-5.450000000000001,26.150000000000002,,,,26.4
2023-07-30 09:00:00,,windspeed,-5.450000000000001,26.150000000000002,,,,29.5
2023-07-30 11:00:00,,windspeed,-5.450000000000001,26.150000000000002,,,,29.5
2023-08-02 14:00:00,,windspeed,-5.450000000000001,26.150000000000002,,,,27.7
2023-08-03 13:00:00,,windspeed,-5.450000000000001,26.150000000000002,,,,29.3
2023-08-04 14:00:00,,windspeed,-5.450000000000001,26.150000000000002,,,,27.7
2023-08-05 16:00:00,,windspeed,-5.450000000000001,26.150000000000002,,,,26.4
2023-08-06 12:00:00,,windspeed,-5.450000000000001,26.150000000000002,,,,31.7
2023-08-09 16:00:00,,windspeed,-5.450000000000001,26.150000000000002,,,,27.7
2023-08-12 15:00:00,,windspeed,-5.450000000000001,26.150000000000002,,,,29.5
2023-08-12 16:00:00,,windspeed,-5.450000000000001,26.150000000000002,,,,26.8
2023-08-13 15:00:00,,windspeed,-5.450000000000001,26.150000000000002,,,,27.7
2023-08-15 16:00:00,,windspeed,-5.450000000000001,26.150000000000002,,,,27.7
2023-08-15 17:00:00,,windspeed,-5.450000000000001,26.150000000000002,,,,29.5
2023-08-16 15:00:00,,windspeed,-5.450000000000001,26.150000000000002,,,,31.7
2023-08-20 14:00:00,,windspeed,-5.450000000000001,26.150000000000002,,,,33.5
2023-08-22 17:00:00,,windspeed,-5.450000000000001,26.150000000000002,,,,29.5
2023-08-28 15:00:00,,windspeed,-5.450000000000001,26.150000000000002,,,,29.2
2023-08-29 19:00:00,,windspeed,-5.450000000000001,26.150000000000002,,,,26.3
2023-08-31 13:00:00,,windspeed,-5.450000000000001,26.150000000000002,,,,34.8
2023-09-01 14:00:00,,windspeed,-5.450000000000001,26.150000000000002,,,,27.1
2023-09-02 11:00:00,,windspeed,-5.450000000000001,26.150000000000002,,,,27.7
2023-09-02 12:00:00,,windspeed,-5.450000000000001,26.150000000000002,,,,31.5
2023-09-02 13:00:00,,windspeed,-5.450000000000001,26.150000000000002,,,,33.5
2023-09-02 14:00:00,,windspeed,-5.450000000000001,26.150000000000002,,,,32.4
2023-09-02 15:00:00,,windspeed,-5.450000000000001,26.150000000000002,,,,30.4
2023-09-04 11:00:00,,windspeed,-5.450000000000001,26.150000000000002,,,,32.4
2023-09-04 12:00:00,,windspeed,-5.450000000000001,26.150000000000002,,,,31.9
2023-09-04 13:00:00,,windspeed,-5.450000000000001,26.150000000000002,,,,28.0
2023-09-04 14:00:00,,windspeed,-5.450000000000001,26.150000000000002,,,,28.0
2023-09-04 15:00:00,,windspeed,-5.450000000000001,26.150000000000002,,,,29.3
2023-09-04 16:00:00,,windspeed,-5.450000000000001,26.150000000000002,,,,27.9
2023-09-05 14:00:00,,windspeed,-5.450000000000001,26.150000000000002,,,,26.2
2023-09-08 17:00:00,,windspeed,-5.450000000000001,26.150000000000002,,,,35.0
2023-09-13 15:00:00,,windspeed,-5.450000000000001,26.150000000000002,,,,27.0
2023-09-26 12:00:00,,windspeed,-5.450000000000001,26.150000000000002,,,,29.3
2023-09-27 11:00:00,,windspeed,-5.450000000000001,26.150000000000002,,,,27.3
2023-12-22 12:00:00,,windspeed,-5.450000000000001,26.150000000000002,,,,26.3
2024-05-05 13:00:00,,windspeed,-5.450000000000001,26.150000000000002,,,,27.7
2024-05-16 14:00:00,,windspeed,-5.450000000000001,26.150000000000002,,,,40.7
2024-05-26 15:00:00,,windspeed,-5.450000000000001,26.150000000000002,,,,29.5
2024-05-31 14:00:00,,windspeed,-5.450000000000001,26.150000000000002,,,,35.3
2024-06-09 10:00:00,,windspeed,-5.450000000000001,26.150000000000002,,,,26.4
2024-06-09 11:00:00,,windspeed,-5.450000000000001,26.150000000000002,,,,27.7
2024-06-10 11:00:00,,windspeed,-5.450000000000001,26.150000000000002,,,,33.5
2024-06-14 16:00:00,,windspeed,-5.450000000000001,26.150000000000002,,,,27.3
2024-06-15 21:00:00,,windspeed,-5.450000000000001,26.150000000000002,,,,31.7
2024-06-22 14:00:00,,windspeed,-5.450000000000001,26.150000000000002,,,,33.5
2024-06-22 15:00:00,,windspeed,-5.450000000000001,26.150000000000002,,,,31.7
2024-06-22 16:00:00,,windspeed,-5.450000000000001,26.150000000000002,,,,29.6
2024-06-23 00:00:00,,windspeed,-5.450000000000001,26.150000000000002,,,,37.1
2024-06-23 09:00:00,,windspeed,-5.450000000000001,26.150000000000002,,,,29.5
2024-06-23 10:00:00,,windspeed,-5.450000000000001,26.150000000000002,,,,31.2
2024-06-23 11:00:00,,windspeed,-5.450000000000001,26.150000000000002,,,,27.7
2024-06-23 12:00:00,,windspeed,-5.450000000000001,26.150000000000002,,,,27.7
2024-06-23 14:00:00,,windspeed,-5.450000000000001,26.150000000000002,,,,27.7
2024-06-24 13:00:00,,windspeed,-5.450000000000001,26.150000000000002,,,,30.0
2024-06-24 14:00:00,,windspeed,-5.450000000000001,26.150000000000002,,,,27.7
2024-06-24 15:00:00,,windspeed,-5.450000000000001,26.150000000000002,,,,27.7
2024-07-01 12:00:00,,windspeed,-5.450000000000001,26.150000000000002,,,,29.3
2024-07-01 13:00:00,,windspeed,-5.450000000000001,26.150000000000002,,,,26.7
2024-07-11 11:00:00,,windspeed,-5.450000000000001,26.150000000000002,,,,34.0
2024-07-11 19:00:00,,windspeed,-5.450000000000001,26.150000000000002,,,,28.8
2024-07-12 15:00:00,,windspeed,-5.450000000000001,26.150000000000002,,,,29.3
2024-07-12 17:00:00,,windspeed,-5.450000000000001,26.150000000000002,,,,27.4
2024-07-14 09:00:00,,windspeed,-5.450000000000001,26.150000000000002,,,,26.3
2024-07-14 10:00:00,,windspeed,-5.450000000000001,26.150000000000002,,,,32.6
2024-07-14 11:00:00,,windspeed,-5.450000000000001,26.150000000000002,,,,26.3
2024-07-14 12:00:00,,windspeed,-5.450000000000001,26.150000000000002,,,,27.0
2024-07-14 13:00:00,,windspeed,-5.450000000000001,26.150000000000002,,,,28.8
2024-07-14 14:00:00,,windspeed,-5.450000000000001,26.150000000000002,,,,30.8
2024-07-14 15:00:00,,windspeed,-5.450000000000001,26.150000000000002,,,,27.7
2024-07-14 16:00:00,,windspeed,-5.450000000000001,26.150000000000002,,,,30.2
2024-07-17 12:00:00,,windspeed,-5.450000000000001,26.150000000000002,,,,27.0
2024-07-17 13:00:00,,windspeed,-5.450000000000001,26.150000000000002,,,,28.5
2024-07-17 14:00:00,,windspeed,-5.450000000000001,26.150000000000002,,,,33.6
2024-07-17 15:00:00,,windspeed,-5.450000000000001,26.150000000000002,,,,27.3
2024-07-17 16:00:00,,windspeed,-5.450000000000001,26.150000000000002,,,,26.7
2024-07-18 10:00:00,,windspeed,-5.450000000000001,26.150000000000002,,,,28.4
2024-07-18 11:00:00,,windspeed,-5.450000000000001,26.150000000000002,,,,29.3
2024-07-22 12:00:00,,windspeed,-5.450000000000001,26.150000000000002,,,,31.1
2024-07-23 13:00:00,,windspeed,-5.450000000000001,26.150000000000002,,,,30.3
2024-07-23 14:00:00,,windspeed,-5.450000000000001,26.150000000000002,,,,30.8
2024-07-24 11:00:00,,windspeed,-5.450000000000001,26.150000000000002,,,,29.4
2024-07-24 12:00:00,,windspeed,-5.450000000000001,26.150000000000002,,,,32.2
2024-07-24 13:00:00,,windspeed,-5.450000000000001,26.150000000000002,,,,28.5
2024-07-24 14:00:00,,windspeed,-5.450000000000001,26.150000000000002,,,,29.3
2024-07-24 15:00:00,,windspeed,-5.450000000000001,26.150000000000002,,,,29.2
2024-07-25 13:00:00,,windspeed,-5.450000000000001,26.150000000000002,,,,27.5
2024-07-25 14:00:00,,windspeed,-5.450000000000001,26.150000000000002,,,,31.7
2024-07-26 12:00:00,,windspeed,-5.450000000000001,26.150000000000002,,,,27.0
2024-07-26 15:00:00,,windspeed,-5.450000000000001,26.150000000000002,,,,27.0
2024-08-04 16:00:00,,windspeed,-5.450000000000001,26.150000000000002,,,,26.5
2024-08-06 17:00:00,,windspeed,-5.450000000000001,26.150000000000002,,,,27.3
2024-08-12 13:00:00,,windspeed,-5.450000000000001,26.150000000000002,,,,28.4
2024-08-16 17:00:00,,windspeed,-5.450000000000001,26.150000000000002,,,,28.0
2024-08-27 12:00:00,,windspeed,-5.450000000000001,26.150000000000002,,,,27.7
2024-08-28 14:00:00,,windspeed,-5.450000000000001,26.150000000000002,,,,32.4
2024-08-29 17:00:00,,windspeed,-5.450000000000001,26.150000000000002,,,,26.2
2024-08-30 20:00:00,,windspeed,-5.450000000000001,26.150000000000002,,,,29.2
2024-09-01 16:00:00,,windspeed,-5.450000000000001,26.150000000000002,,,,31.9
2024-09-06 09:00:00,,windspeed,-5.450000000000001,26.150000000000002,,,,28.0
2024-09-06 11:00:00,,windspeed,-5.450000000000001,26.150000000000002,,,,26.3
2024-09-06 12:00:00,,windspeed,-5.450000000000001,26.150000000000002,,,,34.9
2024-09-06 13:00:00,,windspeed,-5.450000000000001,26.150000000000002,,,,26.4
2024-09-06 15:00:00,,windspeed,-5.450000000000001,26.150000000000002,,,,29.3
2024-09-06 16:00:00,,windspeed,-5.450000000000001,26.150000000000002,,,,26.4
2024-09-07 09:00:00,,windspeed,-5.450000000000001,26.150000000000002,,,,28.0
2024-09-07 11:00:00,,windspeed,-5.450000000000001,26.150000000000002,,,,27.7
2024-09-07 12:00:00,,windspeed,-5.450000000000001,26.150000000000002,,,,28.0
2024-09-07 14:00:00,,windspeed,-5.450000000000001,26.150000000000002,,,,28.0
2024-09-11 16:00:00,,windspeed,-5.450000000000001,26.150000000000002,,,,27.0
2024-09-13 14:00:00,,windspeed,-5.450000000000001,26.150000000000002,,,,26.2
2024-09-19 14:00:00,,windspeed,-5.450000000000001,26.150000000000002,,,,27.7
2024-09-19 15:00:00,,windspeed,-5.450000000000001,26.150000000000002,,,,30.4
2024-09-25 14:00:00,,windspeed,-5.450000000000001,26.150000000000002,,,,26.6
2024-10-13 16:00:00,,windspeed,-5.450000000000001,26.150000000000002,,,,26.3
2024-10-20 18:00:00,,windspeed,-5.450000000000001,26.150000000000002,,,,26.3
2025-02-24 17:00:00,,windspeed,-5.450000000000001,26.150000000000002,,,,27.7
2025-04-02 14:00:00,,windspeed,-5.450000000000001,26.150000000000002,,,,29.5
2025-04-22 15:00:00,,windspeed,-5.450000000000001,26.150000000000002,,,,27.7
2025-05-15 15:00:00,,windspeed,-5.450000000000001,26.150000000000002,,,,29.5
2025-05-31 14:00:00,,windspeed,-5.450000000000001,26.150000000000002,,,,29.5
2025-06-01 19:00:00,,windspeed,-5.450000000000001,26.150000000000002,,,,34.6
2025-06-02 13:00:00,,windspeed,-5.450000000000001,26.150000000000002,,,,27.0
2025-06-03 09:00:00,,windspeed,-5.450000000000001,26.150000000000002,,,,31.7
2025-06-09 14:00:00,,windspeed,-5.450000000000001,26.150000000000002,,,,35.3
2025-06-11 10:00:00,,windspeed,-5.450000000000001,26.150000000000002,,,,26.4
2025-06-11 11:00:00,,windspeed,-5.450000000000001,26.150000000000002,,,,31.7
2025-06-11 12:00:00,,windspeed,-5.450000000000001,26.150000000000002,,,,29.5
2025-06-11 13:00:00,,windspeed,-5.450000000000001,26.150000000000002,,,,34.3
2025-06-11 16:00:00,,windspeed,-5.450000000000001,26.150000000000002,,,,27.0
2025-06-12 10:00:00,,windspeed,-5.450000000000001,26.150000000000002,,,,33.0
2025-06-12 11:00:00,,windspeed,-5.450000000000001,26.150000000000002,,,,31.7
2025-06-12 14:00:00,,windspeed,-5.450000000000001,26.150000000000002,,,,37.1
2025-06-12 15:00:00,,windspeed,-5.450000000000001,26.150000000000002,,,,29.5
2025-06-13 00:00:00,,windspeed,-5.450000000000001,26.150000000000002,,,,27.7
2025-06-13 14:00:00,,windspeed,-5.450000000000001,26.150000000000002,,,,31.7
2025-06-14 16:00:00,,windspeed,-5.450000000000001,26.150000000000002,,,,30.4
2025-06-21 17:00:00,,windspeed,-5.450000000000001,26.150000000000002,,,,33.5
2025-06-21 18:00:00,,windspeed,-5.450000000000001,26.150000000000002,,,,31.7
2025-06-22 14:00:00,,windspeed,-5.450000000000001,26.150000000000002,,,,27.7
2025-06-22 15:00:00,,windspeed,-5.450000000000001,26.150000000000002,,,,27.7
2025-06-22 17:00:00,,windspeed,-5.450000000000001,26.150000000000002,,,,27.7
2025-06-25 12:00:00,,windspeed,-5.450000000000001,26.150000000000002,,,,27.7
2025-06-26 16:00:00,,windspeed,-5.450000000000001,26.150000000000002,,,,38.1
2025-06-27 12:00:00,,windspeed,-5.450000000000001,26.150000000000002,,,,44.6
2025-06-28 13:00:00,,windspeed,-5.450000000000001,26.150000000000002,,,,28.9
2025-06-28 14:00:00,,windspeed,-5.450000000000001,26.150000000000002,,,,40.7
2025-06-28 15:00:00,,windspeed,-5.450000000000001,26.150000000000002,,,,27.7
2025-06-28 17:00:00,,windspeed,-5.450000000000001,26.150000000000002,,,,27.7
2025-06-29 14:00:00,,windspeed,-5.450000000000001,26.150000000000002,,,,27.7
2025-06-29 15:00:00,,windspeed,-5.450000000000001,26.150000000000002,,,,44.6
2025-07-04 18:00:00,,windspeed,-5.450000000000001,26.150000000000002,,,,37.1
2025-07-06 13:00:00,,windspeed,-5.450000000000001,26.150000000000002,,,,28.9
2025-07-09 11:00:00,,windspeed,-5.450000000000001,26.150000000000002,,,,29.5
2025-07-09 14:00:00,,windspeed,-5.450000000000001,26.150000000000002,,,,31.7
2025-07-09 15:00:00,,windspeed,-5.450000000000001,26.150000000000002,,,,37.1
2025-07-09 16:00:00,,windspeed,-5.450000000000001,26.150000000000002,,,,28.0
2025-07-11 08:00:00,,windspeed,-5.450000000000001,26.150000000000002,,,,27.7
2025-07-11 09:00:00,,windspeed,-5.450000000000001,26.150000000000002,,,,29.5
2025-07-11 10:00:00,,windspeed,-5.450000000000001,26.150000000000002,,,,28.0
2025-07-11 11:00:00,,windspeed,-5.450000000000001,26.150000000000002,,,,33.5
2025-07-11 13:00:00,,windspeed,-5.450000000000001,26.150000000000002,,,,30.9
2025-07-14 14:00:00,,windspeed,-5.450000000000001,26.150000000000002,,,,29.5
2025-07-15 14:00:00,,windspeed,-5.450000000000001,26.150000000000002,,,,35.3
2025-07-15 16:00:00,,windspeed,-5.450000000000001,26.150000000000002,,,,28.4
2025-07-16 12:00:00,,windspeed,-5.450000000000001,26.150000000000002,,,,33.5
2025-07-16 13:00:00,,windspeed,-5.450000000000001,26.150000000000002,,,,27.5
2025-07-17 12:00:00,,windspeed,-5.450000000000001,26.150000000000002,,,,27.7
2025-07-18 15:00:00,,windspeed,-5.450000000000001,26.150000000000002,,,,29.5
2025-07-19 09:00:00,,windspeed,-5.450000000000001,26.150000000000002,,,,27.7
2025-07-19 14:00:00,,windspeed,-5.450000000000001,26.150000000000002,,,,27.7
2025-07-19 15:00:00,,windspeed,-5.450000000000001,26.150000000000002,,,,27.7
2025-07-19 16:00:00,,windspeed,-5.450000000000001,26.150000000000002,,,,30.0
2025-07-20 11:00:00,,windspeed,-5.450000000000001,26.150000000000002,,,,29.5
2025-07-21 10:00:00,,windspeed,-5.450000000000001,26.150000000000002,,,,27.0
2025-07-21 14:00:00,,windspeed,-5.450000000000001,26.150000000000002,,,,27.7
2025-07-21 15:00:00,,windspeed,-5.450000000000001,26.150000000000002,,,,27.7
2025-07-21 19:00:00,,windspeed,-5.450000000000001,26.150000000000002,,,,30.7
2025-07-22 10:00:00,,windspeed,-5.450000000000001,26.150000000000002,,,,28.9
2025-07-22 11:00:00,,windspeed,-5.450000000000001,26.150000000000002,,,,27.7
2025-07-22 12:00:00,,windspeed,-5.450000000000001,26.150000000000002,,,,35.3
2025-07-22 13:00:00,,windspeed,-5.450000000000001,26.150000000000002,,,,37.2
2025-07-22 14:00:00,,windspeed,-5.450000000000001,26.150000000000002,,,,31.7
2025-07-22 15:00:00,,windspeed,-5.450000000000001,26.150000000000002,,,,38.9
2025-07-22 16:00:00,,windspeed,-5.450000000000001,26.150000000000002,,,,29.4
2025-07-22 17:00:00,,windspeed,-5.450000000000001,26.150000000000002,,,,33.5
2025-07-22 18:00:00,,windspeed,-5.450000000000001,26.150000000000002,,,,27.7
2025-07-23 10:00:00,,windspeed,-5.450000000000001,26.150000000000002,,,,28.4
2025-07-23 11:00:00,,windspeed,-5.450000000000001,26.150000000000002,,,,27.7
2025-07-23 12:00:00,,windspeed,-5.450000000000001,26.150000000000002,,,,29.5
2025-07-23 13:00:00,,windspeed,-5.450000000000001,26.150000000000002,,,,28.9
2025-07-23 14:00:00,,windspeed,-5.450000000000001,26.150000000000002,,,,29.5
2025-07-23 15:00:00,,windspeed,-5.450000000000001,26.150000000000002,,,,29.5
2025-07-23 16:00:00,,windspeed,-5.450000000000001,26.150000000000002,,,,32.0
2025-07-23 17:00:00,,windspeed,-5.450000000000001,26.150000000000002,,,,31.7
2025-07-23 18:00:00,,windspeed,-5.450000000000001,26.150000000000002,,,,27.7
2025-07-26 17:00:00,,windspeed,-5.450000000000001,26.150000000000002,,,,29.5
2025-07-26 18:00:00,,windspeed,-5.450000000000001,26.150000000000002,,,,27.7
2025-07-27 11:00:00,,windspeed,-5.450000000000001,26.150000000000002,,,,31.7
2025-07-27 12:00:00,,windspeed,-5.450000000000001,26.150000000000002,,,,29.5
2025-07-28 12:00:00,,windspeed,-5.450000000000001,26.150000000000002,,,,35.3
2025-07-28 13:00:00,,windspeed,-5.450000000000001,26.150000000000002,,,,27.0
2025-07-28 14:00:00,,windspeed,-5.450000000000001,26.150000000000002,,,,29.5
2025-07-29 11:00:00,,windspeed,-5.450000000000001,26.150000000000002,,,,29.5
2025-07-29 12:00:00,,windspeed,-5.450000000000001,26.150000000000002,,,,27.7
2025-07-29 13:00:00,,windspeed,-5.450000000000001,26.150000000000002,,,,29.4
2025-07-29 14:00:00,,windspeed,-5.450000000000001,26.150000000000002,,,,29.5
2025-07-29 15:00:00,,windspeed,-5.450000000000001,26.150000000000002,,,,35.3
2025-07-29 16:00:00,,windspeed,-5.450000000000001,26.150000000000002,,,,31.5
2025-07-30 11:00:00,,windspeed,-5.450000000000001,26.150000000000002,,,,31.7
2025-07-30 12:00:00,,windspeed,-5.450000000000001,26.150000000000002,,,,29.5
2025-07-30 14:00:00,,windspeed,-5.450000000000001,26.150000000000002,,,,35.3
2025-07-30 16:00:00,,windspeed,-5.450000000000001,26.150000000000002,,,,30.4
2025-07-30 17:00:00,,windspeed,-5.450000000000001,26.150000000000002,,,,29.5
2025-07-30 18:00:00,,windspeed,-5.450000000000001,26.150000000000002,,,,27.7
2025-07-31 12:00:00,,windspeed,-5.450000000000001,26.150000000000002,,,,29.5
2025-07-31 15:00:00,,windspeed,-5.450000000000001,26.150000000000002,,,,29.5
2025-07-31 16:00:00,,windspeed,-5.450000000000001,26.150000000000002,,,,28.4
2025-08-01 14:00:00,,windspeed,-5.450000000000001,26.150000000000002,,,,27.7
2025-08-01 17:00:00,,windspeed,-5.450000000000001,26.150000000000002,,,,27.7
2025-08-06 18:00:00,,windspeed,-5.450000000000001,26.150000000000002,,,,33.5
2025-08-13 14:00:00,,windspeed,-5.450000000000001,26.150000000000002,,,,29.5
2025-08-13 15:00:00,,windspeed,-5.450000000000001,26.150000000000002,,,,27.7
2025-08-16 12:00:00,,windspeed,-5.450000000000001,26.150000000000002,,,,27.7
2025-08-17 21:00:00,,windspeed,-5.450000000000001,26.150000000000002,,,,40.7
2025-08-23 14:00:00,,windspeed,-5.450000000000001,26.150000000000002,,,,27.7
2025-08-25 15:00:00,,windspeed,-5.450000000000001,26.150000000000002,,,,27.7
2025-08-25 16:00:00,,windspeed,-5.450000000000001,26.150000000000002,,,,31.6
2025-08-28 19:00:00,,windspeed,-5.450000000000001,26.150000000000002,,,,27.1
2025-08-29 18:00:00,,windspeed,-5.450000000000001,26.150000000000002,,,,42.5
2025-08-31 15:00:00,,windspeed,-5.450000000000001,26.150000000000002,,,,35.3
2025-09-01 17:00:00,,windspeed,-5.450000000000001,26.150000000000002,,,,29.5
2025-09-01 18:00:00,,windspeed,-5.450000000000001,26.150000000000002,,,,27.7
2025-09-07 13:00:00,,windspeed,-5.450000000000001,26.150000000000002,,,,29.3
2025-09-19 14:00:00,,windspeed,-5.450000000000001,26.150000000000002,,,,27.7
2025-09-19 15:00:00,,windspeed,-5.450000000000001,26.150000000000002,,,,27.7
2025-09-25 10:00:00,,windspeed,-5.450000000000001,26.150000000000002,,,,27.7
2025-09-25 12:00:00,,windspeed,-5.450000000000001,26.150000000000002,,,,27.7
2025-09-25 14:00:00,,windspeed,-5.450000000000001,26.150000000000002,,,,29.5
2025-09-25 19:00:00,,windspeed,-5.450000000000001,26.150000000000002,,,,28.6
2025-10-01 14:00:00,,windspeed,-5.450000000000001,26.150000000000002,,,,29.5
2025-10-01 19:00:00,,windspeed,-5.450000000000001,26.150000000000002,,,,26.4
2025-10-15 17:00:00,,windspeed,-5.450000000000001,26.150000000000002,,,,27.7
2025-10-24 15:00:00,,windspeed,-5.450000000000001,26.150000000000002,,,,29.5
